lcns_no,addr
18990105005,"서울특별시 강남구 봉은사로 524(1층 삼성동, 인터컨티넨탈 서울 코엑스)"
18990105015,서울특별시 강남구 봉은사로 524(웨스틴 서울 파르나스 1층 삼성동)
19650141003,"부산광역시 해운대구 해운대해변로 333(1,2층 중동)"
19680378002,경기도 양평군 양평읍 양근로 204-1
19690152002,부산광역시 수영구 수영로384번길 6(1층 남천동)
19710147006,"부산광역시 금정구 하정로 66(선동, 외 6필지)"
19710158027,대구광역시 중구 중앙대로81길 7(동일동)
19720086039,"서울특별시 영등포구 영등포로42길 6(영등포동3가,1층)"
19720208001,"인천광역시 서해구 도요지로 37(경서동, 외120필지 국제골프장내)"
19720512002,전남광주통합특별시 나주시 금성관길 2(1층 중앙동)
19730029075,서울특별시 중구 소공로 106(소공동)
19750025039,서울특별시 중구 서애로1길 11(상가 101호 충무로5가)
19750029003,서울특별시 중구 마른내로 108(오장동)
19750345001,"경기도 광주시 남한산성면 엄미길 93-4(지1층,1~2층)"
19760029025,"서울특별시 중구 소공로 106(소공동, 1층)"
19760029055,서울특별시 중구 소공로 106(소공동)
19760029061,서울특별시 중구 소공로 106(소공동)
19760166036,대구광역시 남구 대명로 208(1층 대명동)
19760560002,경상북도 경산시 진량읍 경부고속도로 105
19760571025,"경상북도 예천군 예천읍 맛고을길 32(,222-258)"
19770158042,대구광역시 중구 동덕로36길 9-5(1층 동인동1가)
19770353001,경기도 용인시 수지구 경부고속도로 400(죽전동)
19780348002,경기도 용인시 처인구 포곡읍 에버랜드로 199
19780474011,충청남도 예산군 덕산면 수덕사안길 33-5
19790029023,서울특별시 중구 퇴계로76길 33(무학동)
19790129005,부산광역시 동구 정공단로 49(범일동)
19790141012,"부산광역시 해운대구 좌동순환로468번가길 20(중동, 1층일부)"
19790158027,대구광역시 중구 동덕로36길 9-9(동인동1가)
19790392004,강원특별자치도 속초시 설악산로 998(설악동)
19790392005,강원특별자치도 속초시 설악산로 998(설악동)
19790490001,전북특별자치도 정읍시 북면 정신로 135-61
19800290038,경기도 안양시 만안구 안양로329번길 17(안양동)
19800513010,전남광주통합특별시 광양시 진월면 신답길 24-14(2층중1층일부)
19800513011,전남광주통합특별시 광양시 진월면 섬진강매화로 141
19810029036,서울특별시 중구 퇴계로36길 10(필동2가)
19810128053,부산광역시 서구 구덕로274번길 5(동대신동1가)
19820025079,서울특별시 종로구 종로31길 38(연지동)
19820105087,서울특별시 강남구 강남대로 506(논현동)
19820478009,전북특별자치도 전주시 완산구 홍산1길 6(효자동2가)
19830076136,서울특별시 강서구 방화대로 94(메이필드호텔 1층 외발산동)
19830120060,서울특별시 강동구 천호대로155길 12(천호동)
19830192010,인천광역시 제물포구 샛골로 160(송림동)
19830368021,경기도 광주시 중앙로 184(송정동)
19830392015,강원특별자치도 속초시 미시령로2983번길 111(장사동)
19830463023,충청남도 서산시 대산읍 구진로 31
19830527020,전남광주통합특별시 영광군 영광읍 물무로 106-4
19830631004,제주특별자치도 서귀포시 안덕면 사계남로 167
19830631014,제주특별자치도 서귀포시 중문관광로72번길 29-29(색달동)
19840033134,"서울특별시 용산구 후암로 101(동자동,지상1층)"
19840046096,서울특별시 중랑구 용마산로 494(상아빌딩 1층 109호 망우동)
19840053010,서울특별시 강북구 한천로 1023(1층 번동)
19840056054,서울특별시 도봉구 삼양로 542(쌍문동)
19840086312,"서울특별시 영등포구 국회대로34길 13(당산동3가, 1층)"
19840094242,서울특별시 관악구 신사로 94(1층 신림동)
19840130009,부산광역시 영도구 태종로 364(청학동)
19840144001,부산광역시 사하구 괴정로 42(하단동)
19840192020,인천광역시 제물포구 샛골로 140(송림동)
19840208013,인천광역시 서해구 가정로 187(석남동)
19840397014,강원특별자치도 평창군 대관령면 대관령로 98
19840554032,"경상북도 영주시 번영로173번길 10(영주동,외1필지)"
19840611016,경상남도 밀양시 수월3길 2(삼문동)
19850025449,서울특별시 종로구 인사동길 51(2층 관훈동)
19850029151,"서울특별시 중구 세종대로 124(태평로1가, 19층)"
19850029153,서울특별시 중구 세종대로 124(20층 태평로1가)
19850086214,"서울특별시 영등포구 63로 50(여의도동,63빌딩 지상58층)"
19850086215,서울특별시 영등포구 63로 50(63한화생명빌딩 59층 여의도동)
19850086222,서울특별시 영등포구 63로 50(63한화생명빌딩 57층 여의도동)
19850105408,서울특별시 강남구 봉은사로 150(역삼동)
19850114117,서울특별시 송파구 양재대로 932(가락동 농수산물도매시장 가락몰4관 1층 가락동)
19850129119,부산광역시 동구 진성로9번길 11-1(수정동)
19850131085,부산광역시 부산진구 동평로265번길 69(1층 연지동)
19850141034,부산광역시 해운대구 달맞이길62번길 67(중동)
19850245049,울산광역시 중구 염포로 70(1층 반구동)
19850252020,울산광역시 동구 방어진순환도로 875(전하동)
19850271026,경기도 수원시 장안구 정조로934번길 16(1층 영화동)
19850397003,강원특별자치도 평창군 대관령면 올림픽로 715(드래곤밸리호텔 1층)
19850397006,강원특별자치도 평창군 대관령면 올림픽로 715(드래곤밸리호텔 1층)
19850399007,강원특별자치도 철원군 서면 자등로 575
19850441008,충청북도 영동군 상촌면 민주지산로 3006-1
19850538042,경상북도 경주시 보문로 544(A-11동 천군동)
19850571011,경상북도 예천군 예천읍 충효로 284
19850627098,제주특별자치도 제주시 삼무로 67(2층 연동)
19850627099,제주특별자치도 제주시 삼무로 67(연동)
19860029275,서울특별시 중구 마른내로2길 24-3(1층 초동)
19860029392,서울특별시 종로구 세종대로 178(KT 광화문 빌딩 West 15층 세종로)
19860105186,서울특별시 강남구 테헤란로 124(역삼동)
19860137085,부산광역시 남구 유엔로 126-1(대연동)
19860216003,전남광주통합특별시 서구 상일로54번길 8-1(1층 쌍촌동)
19860348021,경기도 용인시 처인구 남사읍 봉무로153번길 79(한화리조트 클럽하우스동 2층)
19860447012,충청북도 단양군 단양읍 도전7길 35
19860506018,전남광주통합특별시 여수시 교동남1길 5-9(교동)
19860526006,전남광주통합특별시 함평군 함평읍 시장길 32
19860569021,경상북도 성주군 성주읍 시장길 10-10
19860570011,경상북도 칠곡군 왜관읍 경부고속도로 158
19860570015,경상북도 칠곡군 왜관읍 경부고속도로 159
19860571008,경상북도 예천군 예천읍 맛고을길 50-3
19860627021,제주특별자치도 제주시 삼무로 48(1층 연동)
19860631014,제주특별자치도 서귀포시 칠십리로 129(서귀동)
19870050155,"서울특별시 성북구 아리랑로 6-1(동선동4가, 13번지포함)"
19870066257,"서울특별시 서대문구 연희로 353(홍은동,지하1층)"
19870066276,서울특별시 서대문구 연희로 353(스위스그랜드호텔 홍은동)
19870086281,"서울특별시 영등포구 여의대로 128(여의도동,엘지트윈빌딩동관4층)"
19870098265,서울특별시 서초구 강남대로97길 10(잠원동)
19870105272,서울특별시 강남구 언주로133길 18(지상2층 논현동)
19870129051,부산광역시 동구 고관로 133-1(수정동)
19870141031,"부산광역시 해운대구 해운대해변로 296(중동, 지상3층)"
19870141033,"부산광역시 해운대구 해운대해변로 296(중동, 3층)"
19870141036,"부산광역시 해운대구 해운대해변로 296(중동, 1층)"
19870147016,부산광역시 금정구 금정로233번길 39(구서동)
19870150089,부산광역시 연제구 과정로 210(연산동)
19870154068,부산광역시 사상구 낙동대로 1564(삼락동)
19870255014,울산광역시 울주군 삼남면 중평로 33
19870297073,"경기도 부천시 원미구 부천로9번길 29(심곡동,지상2층)"
19870358025,경기도 이천시 설봉로55번길 8(1층 관고동)
19870417010,충청북도 청주시 상당구 상당로1번길 36(1층 석교동)
19870445022,충청북도 음성군 삼성면 중부고속도로 52
19870445023,충청북도 음성군 삼성면 중부고속도로 51
19870538007,경상북도 경주시 진현로2길 54(진현동)
19870571020,경상북도 예천군 예천읍 군청길 42-4
19880025118,서울특별시 종로구 삼일대로15길 26(1층 관철동)
19880029011,서울특별시 중구 퇴계로 103(충무로1가)
19880029507,"서울특별시 중구 소공로 119(태평로2가,2층)"
19880073139,서울특별시 양천구 목동중앙남로11길 4(1층 목동)
19880086407,"서울특별시 영등포구 여의대로 128(여의도동,LG트윈빌딩 동관4층)"
19880086414,서울특별시 영등포구 국회대로72길 17(KCC파크타운 301~311호 여의도동)
19880105272,서울특별시 강남구 선릉로127길 12(지상1층 논현동)
19880105421,서울특별시 강남구 언주로 833(가동 지상1층 신사동)
19880105625,"서울특별시 강남구 테헤란로 521(지상1층 삼성동, 인터콘티넨탈)"
19880105638,서울특별시 강남구 테헤란로 521(지상1층 삼성동)
19880271031,"경기도 수원시 장안구 송원로 2(2,3층 송죽동)"
19880277055,경기도 성남시 수정구 수정북로 80(2층 태평동)
19880513031,전남광주통합특별시 광양시 광양읍 서북2길 104
19880517002,전남광주통합특별시 구례군 마산면 화엄사로 381
19890025267,"서울특별시 종로구 세종대로 161(세종로,지상2층)"
19890025312,서울특별시 종로구 세종대로 161(세종로)
19890025405,서울특별시 종로구 수표로 106(낙원동)
19890033349,서울특별시 용산구 회나무로44길 10(이태원동)
19890066281,"서울특별시 서대문구 연세로9길 8(창천동, 2층)"
19890105631,서울특별시 강남구 언주로 640(1층 논현동)
19890114145,서울특별시 송파구 양재대로 932(가락동 농수산물도매시장 가락몰4관 2층 001-1호 가락동)
19890137003,부산광역시 남구 못골로 40-5(대연동)
19890188027,대구광역시 달성군 현풍읍 현풍중앙로14길 10-1(1층)
19890273002,경기도 수원시 권선구 세지로 65(세류동)
19890285024,경기도 의정부시 둔야로 45(의정부동)
19890397028,강원특별자치도 평창군 대관령면 올림픽로 715(타워콘도 2층)
19890589055,경상남도 창원시 의창구 북면 천주로 585(2층)
19890592117,"경상남도 창원시 성산구 중앙대로 69(중앙동,3층)"
19890595084,경상남도 창원시 마산합포구 산호북21길 11(산호동)
19890601209,"경상남도 진주시 촉석로190번길 9(대안동,번지2층)"
19890617030,경상남도 함안군 칠원읍 구성길 47
19890631044,제주특별자치도 서귀포시 중문관광로72번길 29-29(색달동)
19900029373,서울특별시 중구 퇴계로2길 1(남창동)
19900080295,서울특별시 구로구 개봉로20길 54(개봉동)
19900084162,서울특별시 금천구 독산로 70-1(지상1층 시흥동)
19900098377,서울특별시 서초구 서초중앙로5길 10-24(서초동)
19900105724,서울특별시 강남구 언주로172길 54(신사동)
19900114622,"서울특별시 송파구 중대로 314-1(오금동,1층)"
19900129064,부산광역시 동구 중앙대로221번길 7(초량동)
19900129133,부산광역시 동구 중앙대로180번길 12-10(초량동)
19900150128,"부산광역시 연제구 반송로 32-15(연산동,연산1동)"
19900202208,인천광역시 부평구 세월천로 45(청천동)
19900304090,경기도 광명시 시청로 122-1(철산동)
19900332078,경기도 남양주시 화도읍 경춘로창벌2길 34-24(청일빌딩 1층)
19900348027,경기도 용인시 처인구 남사면 전나무골길2번길 94(클럽하우스 3층)
19900417001,충청북도 청주시 상당구 상당로121번길 44(북문로2가)
19900459033,충청남도 보령시 해수욕장4길 142(신흑동)
19900492052,전북특별자치도 남원시 소리길 66(어현동)
19900516005,전남광주통합특별시 곡성군 옥과면 대학로 114
19900516012,전남광주통합특별시 곡성군 겸면 호남고속도로 50
19900571058,경상북도 예천군 용궁면 용궁로 84
19900571067,경상북도 예천군 예천읍 충효로 512-5
19900597004,경상남도 창원시 마산회원구 석전동6길 37(석전동)
19900625033,경상남도 합천군 야로면 시장길 6-11
19910029201,서울특별시 중구 세종대로 124(20층 태평로1가)
19910029707,서울특별시 중구 난계로 201(황학동 원할머니보쌈 사옥 2층 황학동)
19910066091,서울특별시 서대문구 홍은중앙로 103(홍은동)
19910086152,"서울특별시 영등포구 경인로 846(영등포동, 롯데백화점 지상10층)"
19910105119,서울특별시 강남구 봉은사로 478(삼성동)
19910105308,서울특별시 강남구 영동대로 221(지하1층 대치동)
19910114212,서울특별시 송파구 백제고분로 490(거보산업주 1층 방이동)
19910120092,서울특별시 강동구 풍성로 213(성내동)
19910152051,부산광역시 수영구 광안해변로 181(1~2층 광안동)
19910202097,인천광역시 부평구 마장로324번길 7(산곡동)
19910279064,경기도 성남시 중원구 산성대로372번길 5-3(1층 금광동)
19910292060,경기도 안양시 동안구 흥안대로 145(1층 호계동)
19910313118,경기도 안산시 상록구 정재로 22(부곡쇼핑1층 108~110호 부곡동)
19910348088,경기도 용인시 처인구 포곡읍 에버랜드로 199
19910350081,"경기도 용인시 기흥구 공세로 173(공세동,외18필지)"
19910368085,경기도 광주시 오포로 113(1층 능평동)
19910375039,경기도 여주시 가남읍 솔모로그린길 171
19910403039,강원특별자치도 고성군 토성면 미시령옛길 1153
19910441057,충청북도 영동군 상촌면 민주지산로 3008
19910513091,전남광주통합특별시 광양시 광양읍 서북로 23(2층중1층전부)
19910525004,전남광주통합특별시 무안군 무안읍 불무로 20(1층)
19910536011,경상북도 포항시 북구 중앙상가2길 16-1(1층 남빈동)
19910536032,경상북도 포항시 북구 죽도로40번길 32(죽도동)
19910554083,경상북도 영주시 번영로 81(휴천동)
19910627408,제주특별자치도 제주시 중앙로14길 11(1층 제1호 삼도이동)
19920029298,서울특별시 중구 남대문시장4길 28-4(남창동)
19920029836,"서울특별시 중구 다산로42나길 46(신당동, 신당동파라다이스아파트 상가 106호, 113호)"
19920029988,서울특별시 중구 수표로2길 7(1층 충무로3가)
19920066139,"서울특별시 서대문구 경기대로 84(냉천동, 101호)"
19920066593,서울특별시 서대문구 증가로10길 46(남가좌동)
19920084369,서울특별시 금천구 시흥대로52길 49(지상1층 시흥동)
19920086399,서울특별시 영등포구 63로 50(63한화생명빌딩 58층 여의도동)
19920086446,서울특별시 영등포구 국제금융로 20(율촌빌딩 지하1층 여의도동)
19920099051,"서울특별시 서초구 방배로 254(1층 106호, 107호 방배동)"
19920114462,"서울특별시 송파구 올림픽로43길 88(지상1층 풍납동, 영안실동)"
19920141140,부산광역시 해운대구 아랫반송로21번길 106(반송동)
19920214053,전남광주통합특별시 동구 의재로 48(학동)
19920227093,전남광주통합특별시 광산구 사암로 331(월곡동)
19920252023,울산광역시 동구 대송로 19(일산동)
19920267078,경기도 수원시 팔달구 효원로291번길 14-5(인계동)
19920285098,경기도 의정부시 범골로 111(의정부동)
19920304004,경기도 광명시 기아로 20(대신빌딩 1층 일부호 소하동)
19920313113,"경기도 안산시 상록구 예술광장로 19(현대쇼핑1층 1,2,8,9,10,11,14,15,16,17호 월피동)"
19920342059,"경기도 군포시 군포로 364(안양골프장 클럽하우스 지하1층일부, 2층 부곡동)"
19920348033,경기도 용인시 처인구 포곡읍 에버랜드로 199
19920375029,경기도 여주시 가남읍 금강그린길 84
19920389030,강원특별자치도 동해시 한섬로 113(1층 천곡동)
19920397027,강원특별자치도 평창군 평창읍 백오로 73
19920417213,충청북도 청주시 상당구 영운로 43(영운동)
19920471053,충청남도 서천군 장항읍 장항로 176
19920526027,전남광주통합특별시 함평군 함평읍 시장길 42
19920538187,경상북도 경주시 보문로 338(신평동)
19920563021,경상북도 의성군 봉양면 경북대로 4942
19920569052,경상북도 성주군 성주읍 성주읍1길 7
19920595165,"경상남도 창원시 마산합포구 월영동로 7(해운동,킴즈타운 104호)"
19930025484,"서울특별시 종로구 통일로12길 10-18(행촌동,지상1층)"
19930025490,서울특별시 종로구 통일로12길 10-18(지상1층 행촌동)
19930025892,서울특별시 종로구 율곡로17길 7-38(1층 이화동)
19930029911,서울특별시 중구 정동길 2-1(정동)
19930091527,서울특별시 동작구 상도로 306(1층 상도동)
19930094193,서울특별시 관악구 신림로65길 37(신림동)
19930105760,서울특별시 강남구 테헤란로84길 25(대치동)
19930106341,서울특별시 강남구 테헤란로21길 8(지상2층 역삼동)
19930106490,서울특별시 강남구 봉은사로 130(역삼동)
19930106590,"서울특별시 강남구 학동로28길 5(논현동,지상1,2층)"
19930106783,서울특별시 강남구 테헤란로84길 25(대치동)
19930115391,"서울특별시 송파구 올림픽로12길 8(지상1,2층 잠실동)"
19930126026,부산광역시 중구 복병산길 6(대청동1가)
19930129313,부산광역시 동구 진성로 10-5(수정동)
19930156057,부산광역시 기장군 기장읍 차성동로154번길 28(B상가동 전원그린맨션)
19930158035,대구광역시 중구 교동길 27-8(3층 교동)
19930168018,대구광역시 북구 원대로 91(노원동1가)
19930202058,"인천광역시 부평구 부평대로 114(1층 부평동, 105, 106호)"
19930281023,"경기도 성남시 분당구 내정로113번길 4(정자동,판교시장 107호)"
19930304222,경기도 광명시 양지로 19(어반브릭스 B동 163호 일직동)
19930316383,경기도 안산시 단원구 당곡로 33(프라움시티 216호 고잔동)
19930338130,"경기도 시흥시 정왕천로 407-1(지하1층, 1층 정왕동)"
19930348112,"경기도 용인시 처인구 원삼면 보개원삼로1534번길 40(1,2층)"
19930355096,경기도 파주시 문산읍 사임당로 113
19930370068,경기도 양주시 평화로 1481(덕계동)
19930375050,경기도 여주시 세종로79번길 6-17
19930394047,강원특별자치도 홍천군 홍천읍 남산강변로 32
19930396016,강원특별자치도 영월군 영월읍 중앙로 93-1(1층)
19930396035,강원특별자치도 영월군 영월읍 단종로16번길 40
19930429072,충청북도 청주시 청원구 주성로 173-19(청주성모병원장례식장 주중동)
19930429086,충청북도 청주시 청원구 사뜸로 34(율량동)
19930452083,충청남도 천안시 서북구 직산읍 봉주로 38
19930524034,전남광주통합특별시 영암군 영암읍 중앙로 39-1
19930538388,경상북도 경주시 봉황로 79(서부동)
19930568015,경상북도 고령군 성산면 성산로 946-5
19930597278,경상남도 창원시 마산회원구 내서읍 호계안길 91(마동 1층 2호 서광2차아파트)
19930601008,경상남도 진주시 문산읍 남해고속도로 195
19930601282,경상남도 진주시 금산면 금산로 121(외2필지1층일부)
19930621091,경상남도 하동군 하동읍 경서대로 106
19940025003,"서울특별시 종로구 삼봉로 100(공평동,지상2층)"
19940025792,"서울특별시 종로구 대학로11길 32(명륜4가,지상1층)"
19940025845,서울특별시 종로구 인사동길 14(인사동)
19940029264,서울특별시 중구 소공로 106(소공동)
19940029568,"서울특별시 중구 서소문로 115(서소문동, 한산빌딩 지하아케이드2호)"
19940033458,"서울특별시 용산구 한강대로 92(한강로2가,지하1층)"
19940059359,"서울특별시 노원구 동일로218길 25(상계동, 석창빌딩)"
19940076683,서울특별시 강서구 강서로5나길 16(1층 화곡동)
19940107033,서울특별시 강남구 논현로85길 52(역삼 푸르지오 시티 지하1층 B104호 역삼동)
19940115755,서울특별시 송파구 올림픽로43길 88(풍납동)
19940115759,"서울특별시 송파구 올림픽로43길 88(풍납동,신관 지하1층)"
19940141124,"부산광역시 해운대구 재반로 188(반여동, 지상1층)"
19940181017,대구광역시 달서구 월배로83길 8(송현동)
19940199475,인천광역시 남동구 용천로168번길 5(1층 간석동)
19940216035,"전남광주통합특별시 서구 상무대로 1104-26(농성동,외 1필지649번지 6호 나동)"
19940221166,"전남광주통합특별시 북구 용전마을길 28(용전동,1층)"
19940252079,울산광역시 동구 방어진순환도로 875(전하동)
19940292312,경기도 안양시 동안구 귀인로190번길 152(평촌동)
19940348238,경기도 용인시 처인구 주북로 66-16(고림동)
19940348239,경기도 용인시 처인구 주북로94번길 30-1(고림동)
19940360029,"경기도 안성시 양성면 만세로 859(다동 2,3층)"
19940360118,경기도 안성시 원곡면 경부고속도로 365
19940391002,강원특별자치도 태백시 연지로 24(1층 황지동)
19940394112,강원특별자치도 홍천군 서면 한치골길 지하 262
19940441061,충청북도 영동군 영동읍 계산로1길 10
19940467072,충청남도 금산군 금산읍 인삼약초로 33
19940531049,전남광주통합특별시 신안군 도초면 서남문로 1511
19940534313,경상북도 포항시 남구 해동로84번길 5(해도동)
19940538783,"경상북도 경주시 황성로1번길 27-1(107, 110호 황성동)"
19940548059,"경상북도 구미시 신시로16길 49(송정동, 1층)"
19940566022,경상북도 영덕군 영해면 예주2길 41-4
19940571037,경상북도 예천군 보문면 산단길 6-9
19940589298,경상남도 창원시 의창구 원이대로261번길 16-20(봉곡동)
19940592188,"경상남도 창원시 성산구 중앙대로 69(중앙동,1층)"
19940612330,"경상남도 거제시 장평로6길 25(상가동 107호 장평동, 대한아파트)"
19940623040,경상남도 함양군 함양읍 용평3길 25-1
19940631181,제주특별자치도 서귀포시 성산읍 일출로 264-6
19950033280,"서울특별시 용산구 이촌로 210(이촌동,지상2층)"
19950039185,서울특별시 광진구 면목로 1(1층 군자동)
19950056675,서울특별시 도봉구 방학로 204(방학동)
19950066018,서울특별시 서대문구 연세로 50(연세대학교 동문회관 3층 신촌동)
19950069699,"서울특별시 마포구 연희로 3(동교동,1층)"
19950076061,서울특별시 강서구 양천로59길 42(태성빌딩 1층 가양동)
19950106003,서울특별시 강남구 일원로9길 8(일원동)
19950106799,서울특별시 강남구 언주로 640(논현동)
19950106891,서울특별시 강남구 테헤란로 508(대치동)
19950115250,"서울특별시 송파구 올림픽로 240(지하1층 잠실동,  롯데월드 5-39)"
19950131587,인천광역시 미추홀구 연남로 35(롯데백화점 6층 관교동)
19950131591,부산광역시 부산진구 가야대로 772(지하2층 부전동)
19950134523,부산광역시 동래구 충렬사로 81(국제파크상가동 106호 명장동)
19950139061,부산광역시 북구 효열로 69(금곡동)
19950144301,부산광역시 사하구 괴정로 95-1(당리동)
19950150329,부산광역시 연제구 안연로8번길 11(1층 연산동)
19950160019,대구광역시 동구 아양로9길 5(신암동)
19950181090,대구광역시 달서구 상화북로43길 74(상인동)
19950181163,대구광역시 달서구 와룡로 79(2층 본리동)
19950188240,"대구광역시 달성군 현풍읍 테크노중앙대로 243(타임스퀘어 124,125호)"
19950197116,인천광역시 연수구 인권로 26(옥련동)
19950202334,인천광역시 부평구 신트리로 44(부평동)
19950216153,"전남광주통합특별시 서구 무진대로 932(지하1층 광천동, 신세계백화점)"
19950216155,"전남광주통합특별시 서구 무진대로 932(지하1층 광천동, 신세계백화점)"
19950236334,대전광역시 서구 도산로 235(1층 일부호 내동)
19950247024,울산광역시 남구 번영로 36(1층 101호 야음동)
19950252045,울산광역시 동구 대송로 71-1(일산동)
19950254122,울산광역시 북구 호계로 313(상가동 113호 신천동)
19950304126,경기도 광명시 하안로287번길 17(영보빌딩 하안동)
19950313319,경기도 안산시 상록구 반석로 9(신안아2단지상가 114호 본오동)
19950332186,경기도 남양주시 진접읍 봉현로 32-1(외1필지)
19950348112,"경기도 용인시 처인구 포곡읍 에버랜드로 199(외20필지C01동,E04동)"
19950355166,"경기도 파주시 문화로 105(금촌동,1층)"
19950362172,경기도 김포시 월곶면 김포대로2801번길 219
19950376094,경기도 연천군 전곡읍 전곡로144번길 5(1층)
19950383777,강원특별자치도 원주시 문막읍 원문로 1234(문막하휴게소가동)
19950394159,강원특별자치도 홍천군 서면 한치골길 262(오크동1층MARKET LOCUS)
19950402017,강원특별자치도 인제군 인제읍 인제로206번길 8
19950425067,충청북도 청주시 흥덕구 성봉로 293(1층 복대동)
19950467025,충청남도 금산군 금산읍 금산로 1500
19950472030,충청남도 청양군 대치면 한티고개길 11
19950484045,"전북특별자치도 군산시 대학로 316(나운동, 외4필지 시민프라자 112.113호)"
19950490087,"전북특별자치도 정읍시 천변로 308(상가동 102,103호 시기동)"
19950506024,전남광주통합특별시 여수시 문수로 94(문수동)
19950506241,전남광주통합특별시 여수시 쌍봉로 361(둔덕동)
19950520107,전남광주통합특별시 화순군 도곡면 천태로 1000-151
19950534304,경상북도 포항시 남구 오천읍 충무로 47
19950536170,경상북도 포항시 북구 흥해읍 남미질로 7-1(1층)
19950538452,경상북도 경주시 엑스포로 45(신평동)
19950548331,경상북도 구미시 상사서로 92(1층 상모동)
19950554181,경상북도 영주시 장수면 갈미로 62
19950556070,경상북도 상주시 상산로 347-2(무양동)
19950567025,경상북도 청도군 청도읍 고수동1길 8-5
19950573004,경상북도 울진군 북면 덕구온천로 924
19950573013,경상북도 울진군 온정면 백암온천로 1281
19960029072,서울특별시 중구 명동9길 43(을지로2가)
19960029886,서울특별시 중구 명동3길 36(3층 을지로2가)
19960033266,경기도 포천시 삼육사로 2220(가동 1층 선단동)
19960050373,서울특별시 성북구 돌곶이로 191(1층 장위동)
19960066690,서울특별시 서대문구 연세로7안길 35(창천동)
19960069464,"서울특별시 마포구 월드컵북로44길 76-10(상암동,101호)"
19960080645,서울특별시 구로구 시흥대로 563(구로동)
19960094533,"서울특별시 관악구 신림로 313(2,3층 신림동)"
19960098519,서울특별시 서초구 반포대로 22(서초동)
19960098813,"서울특별시 서초구 반포대로7길 31(서초동,지상1층)"
19960098864,서울특별시 서초구 강남대로16길 14-2(양재동)
19960105432,서울특별시 강남구 도곡로 447(대치동)
19960105809,서울특별시 강남구 봉은사로37길 5(태양빌딩 지하1층 논현동)
19960106077,"서울특별시 강남구 영동대로85길 17-5(지하1,지상1~3층 대치동)"
19960114744,서울특별시 송파구 올림픽로 505(유원빌딩 1층 풍납동)
19960129029,부산광역시 동구 좌천남로 25(좌천동)
19960129214,부산광역시 동구 중앙대로 207-1(초량동)
19960154031,부산광역시 사상구 삼덕로46번길 108(삼락동)
19960154061,부산광역시 사상구 백양대로 937(모라동)
19960197016,"인천광역시 연수구 앵고개로264번길 10-3(동춘동, 동서빌딩 101,102호)"
19960202087,인천광역시 부평구 열우물로49번길 28(십정동)
19960202159,인천광역시 부평구 부평문화로80번길 39(부평동)
19960219020,"전남광주통합특별시 남구 봉선로52번길 20(1,2층 주월동)"
19960236137,대전광역시 서구 탄방로7번길 86(1층 탄방동)
19960242048,대전광역시 대덕구 한남로 35(오정동)
19960247020,"울산광역시 남구 문수로321번길 1(옥동,번지지상 1층)"
19960273117,경기도 수원시 권선구 권중로76번길 16(권선동)
19960281180,"경기도 성남시 분당구 분당로53번길 15(서현동,산호트윈프라자 207,208호)"
19960297792,"경기도 부천시 원미구 조마루로297번길 61(1층 101, 102호 중동)"
19960306280,경기도 평택시 세교상가2길 23(1층 세교동)
19960342162,경기도 군포시 수리산로203번안길 10(산본동)
19960348070,경기도 용인시 처인구 포곡읍 에버랜드로 199
19960348094,경기도 용인시 처인구 포곡읍 에버랜드로 199
19960348137,경기도 용인시 처인구 포곡읍 에버랜드로 199
19960348139,"경기도 용인시 처인구 포곡읍 에버랜드로 199(에버랜드 본관동 3,5층 일부)"
19960348141,경기도 용인시 처인구 포곡읍 에버랜드로 199
19960348206,"경기도 용인시 처인구 이동읍 화산로 239(외458필지, 클럽하우스동)"
19960348296,경기도 용인시 처인구 포곡읍 에버랜드로 199
19960362200,"경기도 김포시 중봉1로 54(1층 북변동, 전체)"
19960364311,경기도 화성시 만세구 팔탄면 서해안고속도로 301-1
19960364312,경기도 화성시 만세구 팔탄면 서해안고속도로 302
19960370245,경기도 양주시 백석읍 양주산성로 561
19960372126,경기도 포천시 일동면 기산서길 3-1
19960372317,경기도 포천시 영북면 산정호수로 402
19960372318,경기도 포천시 영북면 산정호수로 402
19960383019,강원특별자치도 원주시 신림면 다리실2길 32(본건물)
19960383140,강원특별자치도 원주시 천사로 39(1층 단계동)
19960394001,강원특별자치도 홍천군 북방면 도사곡길 223
19960396005,강원특별자치도 영월군 영월읍 하송안길 65(영월동강한우)
19960399099,강원특별자치도 철원군 서면 와수로 170
19960433032,"충청북도 충주시 호암수청1로 55(1층 107호,108호 호암동)"
19960433106,충청북도 충주시 대가미15길 6(1층 교현동)
19960445186,충청북도 음성군 금왕읍 무극로 200
19960481025,전북특별자치도 전주시 덕진구 송천중앙로 33(덕진동2가)
19960481295,전북특별자치도 전주시 덕진구 명륜3길 20(덕진동1가)
19960509749,전남광주통합특별시 순천시 서면 호남고속도로 3(1층)
19960516047,전남광주통합특별시 곡성군 겸면 호남고속도로 49
19960536266,경상북도 포항시 북구 삼흥로 20(장성동)
19960554124,경상북도 영주시 풍기읍 인삼로 15
19960560299,경상북도 경산시 진량읍 선항5길 26
19960566125,경상북도 영덕군 병곡면 동해대로 7765
19960571091,경상북도 예천군 예천읍 시장로 61
19960592116,"경상남도 창원시 성산구 대암로 247(1층 C108,C109호 성주동, 더스퀘어)"
19960592160,"경상남도 창원시 성산구 동산로 156(2층 12,13호 사파동, 삼익쇼핑)"
19960601218,"경상남도 진주시 진양호로 299(신안동, 1층일부)"
19960601273,"경상남도 진주시 진주대로920번길 11-6(칠암동,번지2층)"
19960612369,경상남도 거제시 일운면 거제대로 2461
19960618123,경상남도 창녕군 영산면 장척호수길 56-110
19960627873,제주특별자치도 제주시 광양13길 18(1층 이도이동)
19960628091,제주특별자치도 제주시 삼무로 67(연동)
19970046226,"서울특별시 중랑구 망우로 202(상봉동, 2층)"
19970066644,서울특별시 서대문구 신촌로 83(현대백화점신촌점 10층 창천동)
19970076143,서울특별시 강서구 공항대로 165(2층 일부호 마곡동)
19970076261,서울특별시 강서구 마곡중앙6로 16(마곡지엠지타워 3층 301호 마곡동)
19970098712,서울특별시 서초구 반포대로 222(서울성모병원 근조부 1층 반포동)
19970106544,서울특별시 강남구 도곡로69길 8(지상1층 대치동)
19970115683,서울특별시 송파구 올림픽로 240(지상1층 잠실동)
19970131040,"부산광역시 부산진구 가야대로 772(지상41층 부전동, 부산롯데호텔)"
19970131042,"부산광역시 부산진구 가야대로 772(5층 부전동, 부산롯데호텔)"
19970131061,"부산광역시 부산진구 가야대로 772(지상41층 부전동, 부산롯데호텔)"
19970131088,부산광역시 부산진구 동평로 98(1층 당감동)
19970131517,"부산광역시 부산진구 양지로11번길 5(양정동,1층)"
19970134350,부산광역시 동래구 명장로20번길 32(명장동)
19970160228,대구광역시 동구 파계로 95(1층 지묘동)
19970166017,대구광역시 남구 두류공원로 91(대명동)
19970181181,대구광역시 달서구 두류공원로 253(두류동)
19970192176,"인천광역시 제물포구 방축로 105(송림동,산업용품유통센타 편익 C동 지하 21호)"
19970197292,"인천광역시 연수구 샘말로44번길 10(연수동,지상1층)"
19970199190,"인천광역시 남동구 호구포로 914(간석동,호구포로 914 금옥빌딩 101호)"
19970199432,"인천광역시 남동구 성리로35번길 20-1(구월동, 1층 2호 일부)"
19970202452,인천광역시 부평구 부평대로17번길 21(부평동)
19970205102,"인천광역시 계양구 용종로 2(1층 계산동, 계산프라자118,119,120호)"
19970216311,"전남광주통합특별시 서구 염화로83번길 4-25(화정동,일층)"
19970233336,대전광역시 중구 평촌로 110-1(유천동)
19970254107,"울산광역시 북구 동산길 22(상안동, 지상1층)"
19970257106,세종특별자치시 조치원읍 죽림로 36(1층 101호)
19970269074,경기도 수원시 영통구 아주로 26(원천동)
19970285134,"경기도 의정부시 평화로 324(호원동,지상1층)"
19970292038,"경기도 안양시 동안구 관평로305번길 40(관양동, 지상1층)"
19970292184,"경기도 안양시 동안구 인덕원로24번길 19(관양동, 1층)"
19970297701,경기도 부천시 원미구 소향로 248(금강5차프라자 1층 102호 중동)
19970316122,"경기도 안산시 단원구 고잔1길 40(고잔동, 540-1  동원빌딩 206.207호)"
19970316530,"경기도 안산시 단원구 보화로 24(고잔동, 615)"
19970323385,경기도 고양시 덕양구 충경로 29(행신동)
19970327104,"경기도 고양시 일산서구 일산로 682(2~3층전체, 4층일부호 대화동)"
19970350027,"경기도 용인시 기흥구 공세로 173(공세동,외18필지)"
19970360147,경기도 안성시 대학로 63(당왕동)
19970372190,경기도 포천시 호국로964번길 12(선단동)
19970380431,강원특별자치도 춘천시 우석로67번길 17(석사동)
19970386483,강원특별자치도 강릉시 하평1길 8(포남동)
19970394169,강원특별자치도 홍천군 홍천읍 연봉서로2길 3
19970397005,강원특별자치도 평창군 진부면 진고개로 231
19970397007,강원특별자치도 평창군 진부면 진고개로 231(켄싱턴플로라호텔 1층)
19970397008,강원특별자치도 평창군 진부면 진고개로 231
19970397009,강원특별자치도 평창군 진부면 진고개로 231
19970429056,충청북도 청주시 청원구 주성로 109(1층 사천동)
19970440007,충청북도 옥천군 옥천읍 옥천동이로 242-34(옥천상휴게소)
19970441034,충청북도 영동군 황간면 회포1길 65(황간휴게소)
19970441037,충청북도 영동군 황간면 회포길 102(황간휴게소)
19970447125,충청북도 단양군 단양읍 삼봉로 298
19970452244,충청남도 천안시 서북구 미라8길 15(쌍용동)
19970458141,충청남도 공주시 번영2로 77(신관동)
19970481162,전북특별자치도 전주시 덕진구 명륜2길 16-5(덕진동1가)
19970481245,전북특별자치도 전주시 덕진구 조경단로 104(금암동)
19970506018,전남광주통합특별시 여수시 동문로 101-1(공화동)
19970513099,전남광주통합특별시 광양시 광장1길 17(4층중1층전부 중동)
19970515018,전남광주통합특별시 담양군 담양읍 지침6길 22
19970520024,전남광주통합특별시 화순군 화순읍 진각로 154
19970520116,전남광주통합특별시 화순군 백아면 옥리길 14-21(1층 금호리조트)
19970524042,전남광주통합특별시 영암군 학산면 독천로 171-1
19970536063,경상북도 포항시 북구 용흥로 70-1(B동 1층 29호 용흥동)
19970538501,경상북도 경주시 엑스포로 45(신평동)
19970538629,경상북도 경주시 승삼1길 24(용강동)
19970541139,경상북도 김천시 거문들길 62(삼락동)
19970569116,경상북도 성주군 성주읍 성주읍2길 16(1층)
19970571018,경상북도 예천군 예천읍 맛고을길 57
19970571072,경상북도 예천군 예천읍 군청길 44
19970595430,경상남도 창원시 마산합포구 합포로 120(산호동)
19970601531,"경상남도 진주시 망경남길 50(망경동,1층)"
19970606313,경상남도 사천시 벌리9길 27(벌리동)
19970614335,"경상남도 양산시 매곡외산로 282(매곡동,.102)"
19970617001,경상남도 함안군 칠서면 계룡로 122-1
19970627598,제주특별자치도 제주시 흥운길 91(용담이동)
19970631015,제주특별자치도 서귀포시 표선면 표선백사로 111
19980025247,서울특별시 종로구 대학로11길 38-10(명륜4가)
19980029200,서울특별시 중구 무교로 16(무교동)
19980029376,서울특별시 중구 퇴계로 42(남창동)
19980036568,서울특별시 성동구 무학봉길 53-1(1층 하왕십리동)
19980084175,서울특별시 금천구 시흥대로 277(지상1층 시흥동)
19980086241,서울특별시 영등포구 여의대방로47길 30(신길동)
19980094744,"서울특별시 관악구 신림로 327(1,2층 신림동)"
19980098139,서울특별시 강남구 테헤란로4길 38-5(지상1층 역삼동)
19980107061,"서울특별시 강남구 테헤란로4길 45(역삼동,외2필지)"
19980115214,서울특별시 송파구 오금로11길 8(외교빌딩 2층 방이동)
19980120279,서울특별시 강동구 천호대로 1102(성내동)
19980126161,"부산광역시 중구 비프광장로 21(1,2층 부평동1가)"
19980131052,"부산광역시 부산진구 가야대로 772(지하2층 부전동, 롯데백화점)"
19980134642,부산광역시 동래구 충렬대로 211(명륜동)
19980137326,부산광역시 남구 동명로 144(용호동)
19980141338,"부산광역시 해운대구 해운대해변로 296(중동, 외6 지상1층)"
19980147204,부산광역시 금정구 구서로 2(구서동)
19980152029,부산광역시 수영구 수영로464번길 21(1층 남천동)
19980156088,부산광역시 기장군 기장읍 차성동로 110(1층)
19980160226,대구광역시 동구 아양로 77(1층 신암동)
19980166311,대구광역시 남구 성당로34길 10(1층 대명동)
19980188071,대구광역시 달성군 구지면 창리중앙길 97(423-5)
19980188168,대구광역시 달성군 화원읍 사문진로 433(1층)
19980197007,"인천광역시 연수구 청명로3번길 11(청학동, 지상1층)"
19980202317,인천광역시 부평구 열우물로 56(십정동)
19980202407,인천광역시 부평구 주부토로145번길 17(갈산동)
19980202582,인천광역시 부평구 열우물로 22(십정동)
19980221061,전남광주통합특별시 북구 대천로 124-11(문흥동)
19980236194,대전광역시 서구 둔산로 238(1층 둔산동)
19980247599,울산광역시 남구 삼산로67번길 29(달동)
19980254004,울산광역시 북구 산업로 1103(송정동)
19980267212,경기도 수원시 팔달구 향교로 15(매산로1가)
19980277267,경기도 성남시 수정구 시민로142번길 11(1~2층 신흥동)
19980292042,"경기도 안양시 동안구 관평로 327(관양동, 1층)"
19980316035,"경기도 안산시 단원구 당곡3로 23(고잔동, 670-1  마상가 102호)"
19980332356,경기도 남양주시 화도읍 경춘로 2186
19980360206,경기도 안성시 대덕면 대학3길 29
19980360207,경기도 안성시 금광면 삼흥로 660(2층 본관동)
19980360209,경기도 안성시 금광면 삼흥로 660(휴게소1)
19980375144,경기도 여주시 북내면 운촌길 254
19980375210,경기도 여주시 가남읍 금강그린길 84
19980389001,"강원특별자치도 동해시 대학로 16(106호 천곡동, 골든타워)"
19980389097,강원특별자치도 동해시 한섬로 121(1층 103호 천곡동)
19980389156,"강원특별자치도 동해시 해안로 368(1층,2층,3층 평릉동)"
19980397045,강원특별자치도 평창군 진부면 진고개로 231
19980397086,강원특별자치도 평창군 용평면 탑거리길 63
19980397090,강원특별자치도 평창군 대관령면 올림픽로 715(드래곤캐슬 1층)
19980399089,강원특별자치도 철원군 갈말읍 삼부연로7번길 8
19980400013,강원특별자치도 화천군 사내면 사내로 25-1
19980404024,강원특별자치도 양양군 현북면 하조대1길 54
19980429239,충청북도 청주시 청원구 내덕로7번길 48(내덕동)
19980459128,충청남도 보령시 해수욕장3길 11-10(신흑동)
19980459130,충청남도 보령시 해수욕장3길 11-10(신흑동)
19980461012,충청남도 아산시 송악면 외암로 970
19980474107,충청남도 예산군 예산읍 역전로 150-1
19980487375,전북특별자치도 익산시 고봉로 254(1층 영등동)
19980503478,전남광주통합특별시 목포시 자유로 127(1층 산정동)
19980526035,전남광주통합특별시 함평군 해보면 해삼로 367
19980536355,경상북도 포항시 북구 중앙상가1길 6(대흥동)
19980538367,경상북도 경주시 진현로1길 48(진현동)
19980548331,경상북도 구미시 송동로 66(1층 도량동)
19980548799,경상북도 구미시 원남로 69(1층 원평동)
19980558082,경상북도 문경시 문경읍 새재로 922
19980560158,경상북도 경산시 대학로61길 12-3(다동 조영동)
19980560231,경상북도 경산시 대학로16길 51(정평동)
19980592186,경상남도 창원시 성산구 중앙대로 69(지하1층 중앙동)
19980597485,경상남도 창원시 마산회원구 내서읍 삼풍로 86(삼계현대아파트 상가 지하1층 4호)
19980607202,경상남도 김해시 호계로472번길 39-9(부원동)
19980607403,경상남도 김해시 분성로 520(어방동)
19980618006,부산광역시 남구 천제등로 43(1층 대연동)
19980620002,경상남도 남해군 남해읍 화전로 58-2
19980622069,경상남도 산청군 단성면 통영대전고속도로 76
19980622070,경상남도 산청군 단성면 통영대전고속도로 77
19980627484,제주특별자치도 제주시 삼무로 67(2층 연동)
19980627880,제주특별자치도 제주시 고마로 129(일도이동)
19980631050,제주특별자치도 서귀포시 표선면 표선중앙로 87
19980631099,제주특별자치도 서귀포시 이어도로 684(강정동)
19990026237,서울특별시 종로구 필운대로 59(옥인동)
19990029159,"서울특별시 중구 명동8가길 6(충무로2가,지상2층)"
19990030434,서울특별시 중구 서애로1길 11(충무로 헤센스마트 B125호 충무로5가)
19990036813,서울특별시 성동구 행당로 119(행당동)
19990039046,서울특별시 광진구 아차산로 235(화양동)
19990053390,"서울특별시 강북구 오현로32길 28(번동,중번리길 14금영빌딩 103호)"
19990073123,서울특별시 양천구 월정로 147(1층 신월동)
19990073886,"서울특별시 양천구 목동동로 180(신정동, 신정동 아이파크 상가동 106호)"
19990084639,"서울특별시 금천구 가산디지털1로 165(206호 가산동, 지상2층)"
19990091479,"서울특별시 동작구 보라매로5가길 16(2층 204호 신대방동, 보라매아카데미타워)"
19990098517,서울특별시 서초구 반포대로 287(래미안퍼스티지 중심상가 1층 108호 반포동)
19990099049,서울특별시 서초구 방배중앙로 58(1층 방배동)
19990105862,서울특별시 강남구 강남대로94길 23(역삼동)
19990107283,서울특별시 강남구 봉은사로 130(역삼동)
19990107572,서울특별시 강남구 논현로 508(지하1층 역삼동)
19990107596,"서울특별시 강남구 논현로 508(역삼동,외1필지)"
19990108379,서울특별시 강남구 삼성로86길 26(드림 빌딩 2층 대치동)
19990108528,서울특별시 강남구 봉은사로 524(2층 삼성동)
19990115093,서울특별시 송파구 올림픽로43길 88(풍납동)
19990115390,서울특별시 송파구 강동대로3길 22(1층 풍납동)
19990129186,부산광역시 동구 중앙대로214번길 3-12(초량동)
19990131559,부산광역시 부산진구 범양로 111-2(양정동)
19990131688,"부산광역시 부산진구 가야대로 772(지상4층 부전동, 롯데호텔)"
19990144198,부산광역시 사하구 하신번영로 209(하단동)
19990147336,부산광역시 금정구 부곡로 94-1(부곡동)
19990147711,부산광역시 금정구 중앙대로1945번길 12(구서동)
19990150425,부산광역시 연제구 쌍미천로151번길 37(연산동)
19990152106,부산광역시 수영구 광안로 50(광안동)
19990152441,부산광역시 수영구 광남로 196-1(1층 민락동)
19990154237,부산광역시 사상구 사상로223번길 40(A동 1층 괘법동)
19990158157,대구광역시 중구 남산로17길 10(1층 남산동)
19990160272,대구광역시 동구 팔공로34길 2(불로동)
19990163044,대구광역시 서구 달서로 140-2(비산동)
19990181728,대구광역시 달서구 서당로7길 38(신당동)
19990181782,대구광역시 달서구 월배로 227(1층 상인동)
19990197348,"인천광역시 연수구 청량로 61(동춘동, 지하1층, 지상1층)"
19990202138,인천광역시 부평구 부평대로20번길 21(부평동)
19990202743,인천광역시 부평구 경원대로1403번길 15(601호 일부 부평동)
19990205393,"인천광역시 계양구 계양문화로59번길 1(계산동,,62층)"
19990214402,전남광주통합특별시 동구 장동로 9(장동)
19990216341,전남광주통합특별시 서구 금화로85번길 16-7(1층 금호동)
19990216615,전남광주통합특별시 서구 죽봉대로 68(2층 농성동)
19990219355,전남광주통합특별시 남구 봉선중앙로 82(1층 봉선동)
19990233179,대전광역시 중구 목중로26번길 53(1층 중촌동)
19990236182,대전광역시 서구 청사서로 16(1층 월평동)
19990236388,"대전광역시 서구 만년로67번길 34-26(만년스퀘어 1동 1층 106호,107호 만년동)"
19990245009,울산광역시 중구 먹자거리 29(지상1층 성남동)
19990252119,울산광역시 동구 명덕3길 13(서부동)
19990254048,"울산광역시 북구 상방로 86(화봉동,1층)"
19990267170,경기도 수원시 팔달구 동말로25번길 96(화서동)
19990271012,경기도 수원시 장안구 파장로 83(정자동)
19990281375,경기도 성남시 분당구 분당로53번길 12(서현나산플라자 1층 105호 서현동)
19990292478,경기도 안양시 동안구 관악대로 419-1(지상1층 관양동)
19990292741,경기도 안양시 동안구 흥안대로492번길 59(1층 관양동)
19990303288,경기도 부천시 오정구 역곡로 448(고강동)
19990304092,경기도 광명시 시청로 57(1층 102호 철산동)
19990323420,"경기도 고양시 덕양구 화신로272번길 58(화정동,영프라자204호)"
19990329078,경기도 과천시 별양로 58-1(동화나라유치원 1층 6호 별양동)
19990348055,"경기도 용인시 처인구 중부대로1299번길 14(역북동, 1층일부)"
19990348283,"경기도 용인시 처인구 포곡읍 에버랜드로562번길 69(A동지하1~1층 일부,B동1층)"
19990348356,경기도 용인시 처인구 모현읍 초부로 100
19990370145,경기도 양주시 평화로 1452(덕계동)
19990386422,강원특별자치도 강릉시 하평길 30(포남동)
19990386610,강원특별자치도 강릉시 성덕포남로 169(포남동)
19990391100,강원특별자치도 태백시 고원로 55(황지동)
19990396022,강원특별자치도 영월군 영월읍 하송안길 70-3
19990397052,강원특별자치도 평창군 용평면 경강로 2159-58(평창하행휴게소)
19990435287,충청북도 제천시 의림대로33길 37(1층 청전동)
19990443215,충청북도 진천군 진천읍 중앙북1길 3
19990452242,"충청남도 천안시 서북구 쌍용4길 7(쌍용동,1층)"
19990452363,충청남도 천안시 서북구 미라8길 33(1층 쌍용동)
19990478088,전북특별자치도 전주시 완산구 거마산로 20-5(삼천동1가)
19990478599,"전북특별자치도 전주시 완산구 천잠로 337(1,2,3층 효자동3가)"
19990478718,전북특별자치도 전주시 완산구 아중로 101(중노송동)
19990487402,"전북특별자치도 익산시 고봉로 270-14(영등동,1층)"
19990493078,전북특별자치도 김제시 동서로 214(요촌동)
19990498004,전북특별자치도 임실군 임실읍 봉황11길 66(4호)
19990503690,"전남광주통합특별시 목포시 백년대로337번길 18(상동,1층)"
19990509169,전남광주통합특별시 순천시 주암면 호남고속도로 23(1층)
19990513220,전남광주통합특별시 광양시 중마용소6길 7-6(중동)
19990515159,전남광주통합특별시 담양군 대전면 대치5길 131
19990522089,전남광주통합특별시 강진군 강진읍 보은로1길 29
19990536220,경상북도 포항시 남구 대이로 169-2(1층 이동)
19990536484,경상북도 포항시 북구 중앙상가길 2(1층 대흥동)
19990538239,"경상북도 경주시 황성로 42(황성동,외 1필지)"
19990549005,"경상북도 구미시 상사서로 11(901동 105호 상모동, 신세계타운2단지)"
19990554129,경상북도 영주시 풍기읍 기주로 12
19990554151,경상북도 영주시 대학로240번길 16-2(가흥동)
19990558249,경상북도 문경시 문경읍 새재로 898
19990560152,경상북도 경산시 경산로42길 21(옥산동)
19990560370,경상북도 경산시 백자로20길 12(사동)
19990567143,경상북도 청도군 화양읍 고수구길 6-1
19990570073,경상북도 칠곡군 왜관읍 구상길 190
19990597338,경상남도 창원시 마산회원구 합성시장길 2-31(합성동)
19990601228,경상남도 진주시 동진로 130(1층 상대동)
19990601579,경상남도 진주시 진양호로123번길 6(평거동)
19990607489,"경상남도 김해시 활천로178번길 1(어방동,.14)"
19990607568,경상남도 김해시 가락로16번길 4(부원동)
19990612155,"경상남도 거제시 거제중앙로 1804(고현동,1층)"
19990614011,경상남도 양산시 어실로 155(어곡동)
19990623005,경상남도 함양군 함양읍 한들로 101(함양시민연대)
20000025626,서울특별시 종로구 대학로7길 3(2층 연건동)
20000029778,서울특별시 중구 소파로 95(촛불 레스토랑 1층 예장동)
20000030139,"서울특별시 중구 다산로 32(신당동,남산타운5상가215호)"
20000033658,"서울특별시 용산구 남산공원길 126(용산동2가, 서울타워 전망1층)"
20000036222,서울특별시 성동구 상원1길 41(성수동1가)
20000053588,"서울특별시 강북구 솔매로50길 30(미아동,지상1층)"
20000063489,"서울특별시 은평구 갈현로 246(갈현동, 1층)"
20000073480,서울특별시 양천구 은행정로 17(1층 신정동)
20000087779,서울특별시 영등포구 국회대로76길 16(여의도동)
20000091768,서울특별시 동작구 만양로14길 24(노량진동)
20000094076,서울특별시 관악구 신림로11길 13(1층 신림동)
20000105173,"서울특별시 강남구 광평로56길 8-9(수서동,목화오피스텔102)"
20000105568,"서울특별시 강남구 도산대로15길 8(신사동,지상1층)"
20000106392,"서울특별시 강남구 도곡로 401(대치동,롯데백화점 지하1층)"
20000106942,"서울특별시 강남구 언주로133길 18(논현동,지하1층)"
20000107073,서울특별시 강남구 영동대로 513(코엑스몰 지하1층 H123호 삼성동)
20000107329,"서울특별시 강남구 영동대로 513(지하1층 J-107호 삼성동, 컨벤션센터 코엑스몰)"
20000107595,서울특별시 강남구 도산대로11길 5(2층 201호 신사동)
20000114449,서울특별시 송파구 가락로 212(1층 송파동)
20000126279,부산광역시 중구 남포길 14(1~2층 남포동3가)
20000126391,부산광역시 중구 광복로 38(2층 창선동2가)
20000130034,부산광역시 영도구 절영로 557(상가동 103호 동삼동)
20000130127,부산광역시 영도구 남항로 21-2(남항동1가)
20000131361,부산광역시 부산진구 동평로 73(1층 당감동)
20000131413,부산광역시 부산진구 서면문화로 9(부전동)
20000139455,부산광역시 북구 덕천2길 42-1(1층 덕천동)
20000141416,"부산광역시 해운대구 해운대해변로 296(중동, 신관 지상2층)"
20000141581,"부산광역시 해운대구 좌동로91번길 17(좌동, 지상2층)"
20000144043,부산광역시 사하구 윤공단로75번길 43(다대동)
20000144293,부산광역시 사하구 하신번영로171번길 31(신평동)
20000168078,대구광역시 북구 유통단지로8길 13-24(산격동)
20000168646,대구광역시 북구 고성로 194(1층 고성동2가)
20000174425,대구광역시 수성구 들안로 58(두산동)
20000174495,대구광역시 수성구 들안로32길 103(황금동)
20000175465,대구광역시 수성구 들안로 27(상동)
20000176622,대구광역시 수성구 지범로31길 12(지산동)
20000181863,대구광역시 달서구 두류공원로 200(두류동)
20000188306,대구광역시 달성군 논공읍 논공로5길 178
20000192107,경기도 시흥시 옥구상가2길 12(1층 일부호 정왕동)
20000197362,인천광역시 연수구 학나래로118번길 6(지상1층 선학동)
20000199887,"인천광역시 남동구 장승남로 38(만수동,반달프라자 104호)"
20000205116,"인천광역시 계양구 도두리로 33(계산동,상산프라자 205.206호)"
20000205186,인천광역시 계양구 계산로 112(1층 계산동)
20000205356,인천광역시 계양구 봉오대로691번길 30(C동 1층 일부호 작전동)
20000205385,"인천광역시 계양구 계양문화로 55(계산동,1층)"
20000205397,인천광역시 계양구 장제로 1013(104호 박촌동)
20000214244,"전남광주통합특별시 동구 중앙로160번길 15-3(황금동,2층)"
20000214344,전남광주통합특별시 동구 필문대로287번길 15-29(지산동)
20000214440,전남광주통합특별시 동구 천변좌로 614-12(소태동)
20000216533,전남광주통합특별시 서구 풍암신흥로 97(2층 풍암동)
20000221459,전남광주통합특별시 북구 양일로 331(1층 101호 일곡동)
20000221757,"전남광주통합특별시 북구 우치로231번길 17(오치동, 1층)"
20000222499,전남광주통합특별시 북구 호동로75번길 16(문흥동)
20000222674,전남광주통합특별시 북구 호동로43번길 38(용봉동)
20000231350,대전광역시 동구 백룡로6번길 104(1층 대동)
20000233521,대전광역시 중구 동서대로 1204(태평동)
20000233559,대전광역시 중구 대종로 373(베이스볼드림파크 1층 3루호 부사동)
20000242186,대전광역시 대덕구 동춘당로54번길 38(송촌동)
20000242324,대전광역시 대덕구 송촌북로12번길 41(송촌동)
20000242498,대전광역시 대덕구 송촌북로20번길 38(송촌동)
20000245247,"울산광역시 중구 화합로 459(301동 지1층 105,106호 복산동, 번영로 서한이다음 프레스티지)"
20000247624,"울산광역시 남구 왕생로 33(달동,지상1층)"
20000247754,울산광역시 남구 봉월로59번길 14-1(1층 신정동)
20000252203,울산광역시 동구 진성8길 123(1층 전하동)
20000252237,울산광역시 동구 방어진순환도로 899(서부동)
20000255059,울산광역시 울주군 온산읍 온덕1길 3
20000281001,"경기도 성남시 분당구 내정로 172(수내동,상제리제1층 107,107-1)"
20000292165,경기도 군포시 번영로610번길 49(2층 금정동)
20000297152,경기도 부천시 원미구 삼작로 298(도당동)
20000304409,경기도 광명시 시청로 39-1(1층 102호 철산동)
20000306329,경기도 평택시 평택5로 82(비전동)
20000313148,경기도 안산시 상록구 한양대학로 15(1층 사동)
20000313738,경기도 안산시 상록구 구룡로 35(1층 일동)
20000313790,경기도 안산시 상록구 항가울로 10-1(1층 사동)
20000313823,경기도 안산시 상록구 안산천동로4길 42(1층 월피동)
20000327131,경기도 고양시 일산서구 일현로 31(1층 일부호 탄현동)
20000336181,경기도 오산시 운천로 80-11(운암프라자2차 1층 104호 오산동)
20000348211,경기도 용인시 처인구 포곡읍 에버랜드로 199
20000355128,경기도 파주시 적성면 청송로 1027-8(1층)
20000355534,경기도 파주시 문산읍 문산역로 91
20000358123,경기도 이천시 설봉로6번길 28(중리동)
20000360029,경기도 안성시 공도읍 진건중길 45(110호 청룡프라자)
20000391201,강원특별자치도 태백시 먹거리길 31(황지동)
20000398050,강원특별자치도 정선군 고한읍 고한7길 399
20000421342,충청북도 청주시 서원구 1순환로 1142(주1동 1층 분평동)
20000425176,충청북도 청주시 흥덕구 사운로 244-1(1층 운천동)
20000425365,충청북도 청주시 흥덕구 서현북로 48(1층 일부호 가경동)
20000425475,충청북도 청주시 흥덕구 진재로 34(1층 102호 복대동)
20000450487,충청남도 천안시 동남구 수곡2길 4(신방동)
20000463291,충청남도 서산시 율지11로 16(1층 동문동)
20000470007,충청남도 부여군 부여읍 사비로108번길 4
20000481169,전북특별자치도 전주시 덕진구 상리로 48(1층 팔복동2가)
20000487863,전북특별자치도 익산시 하나로11길 32-10(영등동)
20000490170,전북특별자치도 정읍시 북면 정신로 135-61
20000490173,전북특별자치도 정읍시 북면 정신로 135-61
20000492018,전북특별자치도 남원시 용성로 204-20(도통동)
20000501131,전북특별자치도 부안군 부안읍 오리정로 160
20000503156,전남광주통합특별시 목포시 신흥로 67(1층 상동)
20000506084,전남광주통합특별시 여수시 여서1로 87(여서동)
20000518127,전남광주통합특별시 고흥군 고흥읍 흥양길 18(1층)
20000524016,전남광주통합특별시 영암군 영암읍 중앙로 22-1
20000524100,전남광주통합특별시 영암군 삼호읍 신항로 80
20000534241,"경상북도 포항시 남구 효성로 55(1층 107호 효자동, 풍림아이원상가1층)"
20000534265,경상북도 포항시 남구 상공로 132(대도동)
20000534339,경상북도 포항시 남구 연일읍 연일로199번길 28(시원한마음상가102호)
20000534371,경상북도 포항시 남구 상공로 156(대도동)
20000538146,경상북도 경주시 안강읍 구부랑3길 14-9(1층)
20000543291,경상북도 안동시 남후면 경북대로 7882
20000554194,"경상북도 영주시 구성로142번길 16(조암동,1187-49)"
20000556114,경상북도 상주시 중앙시장길 37(남성동)
20000558359,경상북도 문경시 당교3길 37(1층 모전동)
20000566166,경상북도 영덕군 영덕읍 읍사무소1길 8-15(1층)
20000567096,경상북도 청도군 청도읍 청화로 125-1
20000571067,경상북도 예천군 예천읍 대심1길 115
20000589256,경상남도 창원시 의창구 남산로 33(지상1층 팔용동)
20000595229,경상남도 창원시 마산합포구 문화의길 19(오동동)
20000597487,경상남도 창원시 마산회원구 양덕로 139-1(양덕동)
20000601274,"경상남도 진주시 가좌길 26-1(가좌동,1층일부)"
20000606135,경상남도 사천시 남일로 43-1(동금동)
20000606174,경상남도 사천시 벌리9길 35(벌리동)
20000606214,경상남도 사천시 곤양면 서삼로 619(외37필지)
20000606219,경상남도 사천시 곤양면 묵실길 31-11(외19필지)
20000607178,경상남도 김해시 분성로 513(어방동)
20000607605,경상남도 김해시 함박로 51(외동)
20000607784,경상남도 김해시 인제로170번길 9-25(어방동)
20000627135,제주특별자치도 제주시 건주로6길 2(1층 도련일동)
20000631249,제주특별자치도 서귀포시 효돈로 191(하효동)
20010025449,서울특별시 종로구 자하문로 9(체부동)
20010042440,서울특별시 동대문구 전농로 81(1층 답십리동)
20010050835,"서울특별시 성북구 동소문로 315(길음동,현대백화점)"
20010054023,서울특별시 강북구 삼양로 531(1층 101호 우이동)
20010056226,서울특별시 도봉구 도봉로145길 55(방학동)
20010059771,서울특별시 노원구 노해로 492(상계동)
20010069563,"서울특별시 마포구 대흥로30길 18-5(염리동, 1층)"
20010069670,서울특별시 마포구 어울마당로 42(1층 서교동)
20010086561,"서울특별시 영등포구 63로 10(여의도동,성모병원장례예식장)"
20010087424,"서울특별시 영등포구 경인로 846(영등포동, 롯데백화점 지상10층)"
20010095517,서울특별시 관악구 남부순환로 1881(1층 봉천동)
20010105153,서울특별시 강남구 테헤란로 517(현대백화점 지상10층 삼성동)
20010106138,"서울특별시 강남구 남부순환로 2806(도곡동,지하1층)"
20010106483,서울특별시 강남구 테헤란로87길 36(도심공항타워 B1층 13호 삼성동)
20010106563,서울특별시 강남구 개포로82길 13-17(2층 2호 개포동)
20010107315,"서울특별시 강남구 강남대로42길 17(도곡동,지상1,2층)"
20010120421,서울특별시 강동구 천호대로157길 31(2층 천호동)
20010121077,서울특별시 강동구 양재대로89가길 42(성내동)
20010128205,부산광역시 서구 대신공원로 14(동대신동3가)
20010137550,"부산광역시 남구 석포로 7(감만동,우암자유4차A 상가106)"
20010139476,부산광역시 북구 화명대로 108(유림아파트 상가동 1층 102호 화명동)
20010141729,"부산광역시 해운대구 해운대해변로298번길 29(중동, 해운대푸르지오씨디 210~216호)"
20010141738,"부산광역시 해운대구 마린시티3로 52(우동, 한화리조트2층)"
20010141739,"부산광역시 해운대구 마린시티3로 52(우동, 한화리조트2층)"
20010141745,"부산광역시 해운대구 마린시티3로 52(우동, 지상32층)"
20010144014,부산광역시 사하구 낙동대로 267(1층 101호 괴정동)
20010144812,부산광역시 사하구 낙동대로 389(당리동)
20010147831,부산광역시 금정구 서동로175번길 17(서동)
20010150496,부산광역시 연제구 중앙대로1150번길 36(연산동)
20010150502,부산광역시 연제구 중앙대로1150번길 26(1층 연산동)
20010154144,부산광역시 사상구 새벽로 218(괘법동)
20010154657,부산광역시 사상구 대동로 69(학장동)
20010154669,부산광역시 사상구 운산로 21(동양한신아파트 상가3동 320호 삼락동)
20010158075,대구광역시 중구 진골목길 12(종로2가)
20010158791,대구광역시 중구 공평로 26-11(삼덕동2가)
20010163349,대구광역시 서구 고성로 16(비산동)
20010166122,대구광역시 남구 안지랑로16길 67(1층 대명동)
20010168148,"대구광역시 북구 태평로 161(칠성동2가, 대구역구내)"
20010174780,대구광역시 수성구 들안로 61(상동)
20010175317,"대구광역시 수성구 동대구로 219(황금동,3,4)"
20010175447,대구광역시 수성구 수성로23길 20(1층 상동)
20010176171,대구광역시 수성구 파동로 193-2(파동)
20010176463,대구광역시 수성구 동대구로 240(범어동)
20010188165,대구광역시 달성군 논공읍 용호로1길 7
20010190123,인천광역시 영종구 공항로 272(인천공항 면세동 4층 운서동)
20010190132,"인천광역시 영종구 공항로 272(면세동 4층 운서동, 인천국제공항여객터미널)"
20010192162,인천광역시 제물포구 샛골로 126(1층 송림동)
20010194449,인천광역시 미추홀구 매소홀로 378(학익동)
20010197479,"인천광역시 연수구 청량로79번길 9(동춘동, 지상1,2층)"
20010197606,"인천광역시 연수구 청능대로 93(청학동,202지상2층청능로43)"
20010199493,"인천광역시 남동구 장승남로 44(2층 201호 만수동, 명진빌딩)"
20010199567,인천광역시 남동구 담방로48번길 7-5(1층 만수동)
20010202184,"인천광역시 부평구 안남로 261(산곡동,112호)"
20010205008,"인천광역시 계양구 도두리로 31(계산동,,6 나동)"
20010205464,"인천광역시 계양구 장제로756번길 5(계산동,한별프라자1층)"
20010205489,"인천광역시 계양구 오조산로57번길 15(계산동, 명동빌딩104호, 105호, 106호, 107호)"
20010205498,인천광역시 계양구 효서로 233(1층 103호 작전동)
20010205618,"인천광역시 계양구 오조산로57번길 11(계산동,삼성프라자 102.103.201,202호)"
20010205699,"인천광역시 계양구 계산새로87번길 6(용종동,레드몰2차 106호)"
20010214147,"전남광주통합특별시 동구 중앙로160번길 31-6(황금동,2층)"
20010221321,"전남광주통합특별시 북구 서강로 100(운암동,지상1층)"
20010222287,"전남광주통합특별시 북구 북문대로 158(운암동, 1층)"
20010222837,전남광주통합특별시 북구 황계로55번길 28(운암동)
20010223005,전남광주통합특별시 북구 동문대로 128(두암동)
20010236421,대전광역시 서구 청사서로 40(월평동)
20010236649,대전광역시 서구 둔산로137번길 27(1층 둔산동)
20010237020,"대전광역시 서구 도솔로388번길 8(1,2층 괴정동)"
20010242115,대전광역시 대덕구 한남로12번길 21(2층 오정동)
20010242478,대전광역시 대덕구 한남로12번길 23(1층 오정동)
20010242781,대전광역시 대덕구 계족산로81번길 11(2층 송촌동)
20010245682,울산광역시 중구 번영로 475(지상2층 복산동)
20010245683,울산광역시 중구 번영로 475(복산동)
20010247585,울산광역시 남구 대공원입구로9번길 24-17(옥동)
20010247867,"울산광역시 남구 삼산로254번길 5(달동, 지상 1. 2층)"
20010248070,"울산광역시 남구 삼산로 261(삼산동,번지지상 12층)"
20010248249,울산광역시 남구 삼산로 288(삼산동)
20010248652,"울산광역시 남구 돋질로 322(삼산동,번지지상1층)"
20010252497,울산광역시 동구 방어진순환도로 899(서부동)
20010254036,울산광역시 북구 염포로 477-2(1층 양정동)
20010267281,경기도 수원시 팔달구 장다리로 195(인계동)
20010267377,경기도 수원시 팔달구 향교로 7(매산로1가)
20010267443,경기도 수원시 팔달구 수성로157번길 43(화서동)
20010267732,경기도 수원시 팔달구 향교로 58(매산로3가)
20010277669,경기도 성남시 수정구 공원로339번길 26(1일부층 신흥동)
20010281086,"경기도 성남시 분당구 대왕판교로 102(금곡동, 외 5필지 1층)"
20010281254,경기도 성남시 분당구 성남대로 349(시그마타워 1층 일부호 정자동)
20010281549,"경기도 용인시 수지구 탄천상로 7(죽전동, 인현마을현대홈타운 상가2동 101호,102호)"
20010285213,경기도 의정부시 평화로 363(1층 호원동)
20010285769,"경기도 의정부시 발곡로 27(신곡동,지상1층)"
20010290648,"경기도 안양시 만안구 병목안로 122(안양동,지상1층)"
20010323268,"경기도 고양시 덕양구 화중로138번길 5-3(화정동,1층)"
20010327481,경기도 고양시 일산동구 무궁화로 237(이마트 풍산점 3층 일부호 중산동)
20010327585,경기도 고양시 일산서구 대산로226번길 8-2(1층 전체호 대화동)
20010336054,경기도 오산시 운암로 117(오산동)
20010336423,경기도 오산시 경기대로 254(1층 원동)
20010348191,"경기도 용인시 처인구 양지면 양지로 140(,7)"
20010353242,"경기도 용인시 수지구 정평로 102(풍덕천동, 1층일부)"
20010384018,강원특별자치도 원주시 행구로 32(개운동)
20010394151,강원특별자치도 홍천군 홍천읍 꽃뫼로 132
20010398101,강원특별자치도 정선군 북평면 북평7길 37
20010402075,강원특별자치도 인제군 인제읍 인제로188번길 2
20010421086,충청북도 청주시 서원구 청남로 1992(1층 분평동)
20010441142,충청북도 영동군 상촌면 민주지산로 3013
20010443155,충청북도 진천군 진천읍 남산8길 2-2
20010450085,충청남도 천안시 동남구 상명대길 27(안서동)
20010452186,충청남도 천안시 서북구 성정15길 18(성정동)
20010458058,"충청남도 공주시 무령로 225(산성동,,121-4)"
20010461031,충청남도 아산시 배방읍 모산로 138
20010463433,충청남도 서산시 해미면 서해안고속도로 242
20010464490,충청남도 논산시 시민로331번길 10(취암동)
20010474072,충청남도 예산군 예산읍 역전로140번길 9
20010475090,충청남도 태안군 안면읍 꽃지해안로 204(아일랜드리솜 1동 2층)
20010481718,전북특별자치도 전주시 덕진구 편운로 34(동산동)
20010484578,전북특별자치도 군산시 조촌안5길 71(조촌동)
20010485387,전북특별자치도 군산시 성산면 서해안고속도로 141
20010485389,전북특별자치도 군산시 성산면 서해안고속도로 141
20010485390,전북특별자치도 군산시 성산면 서해안고속도로 141
20010485391,전북특별자치도 군산시 성산면 서해안고속도로 141
20010485392,전북특별자치도 군산시 나포면 서해안고속도로 148
20010485393,전북특별자치도 군산시 나포면 서해안고속도로 148
20010485394,전북특별자치도 군산시 나포면 서해안고속도로 148
20010485395,전북특별자치도 군산시 나포면 서해안고속도로 148
20010488111,전북특별자치도 익산시 동천로7길 51(비사벌아파트 상가 동산동)
20010500216,전북특별자치도 고창군 신림면 서해안고속도로 81
20010500217,전북특별자치도 고창군 신림면 서해안고속도로 81
20010500218,전북특별자치도 고창군 신림면 서해안고속도로 81
20010500220,전북특별자치도 고창군 신림면 서해안고속도로 81
20010500241,전북특별자치도 고창군 고창읍 서해안고속도로 80
20010500243,전북특별자치도 고창군 고창읍 서해안고속도로 80
20010500246,전북특별자치도 고창군 고창읍 서해안고속도로 80
20010503002,전남광주통합특별시 목포시 복산길6번길 44(옥암동)
20010503812,"전남광주통합특별시 목포시 평화로107번길 9(상동,1층)"
20010506890,전남광주통합특별시 여수시 신월로 570(신월동)
20010507124,전남광주통합특별시 여수시 망마로 42(학동)
20010509851,전남광주통합특별시 순천시 연향상가6길 18(1층 연향동)
20010513251,전남광주통합특별시 광양시 공영로 76(중동)
20010513392,전남광주통합특별시 광양시 오류3길 5(2층중1층일부 중동)
20010520031,"전남광주통합특별시 화순군 화순읍 만연로 71(103, 104호)"
20010524061,전남광주통합특별시 영암군 영암읍 열무정로 29
20010529094,전남광주통합특별시 완도군 완도읍 장보고대로 253-10
20010534281,경상북도 포항시 남구 상대로 99(상도동)
20010541061,경상북도 김천시 시청로 40(현대아파트 상가동 110~111호 신음동)
20010543463,경상북도 안동시 풍산읍 풍산태사로 1913-40
20010543483,경상북도 안동시 풍산읍 풍산태사로 1903-27
20010543851,경상북도 안동시 경동로 638(천리동)
20010548727,경상북도 구미시 원남로 90(1층 원평동)
20010549127,"경상북도 구미시 여헌로 98-1(인의동,2층)"
20010549837,경상북도 구미시 인동19길 35-7(1층 인의동)
20010550418,경상북도 구미시 흥안로 18(1층 옥계동)
20010550460,경상북도 구미시 옥성면 중부내륙고속도로 129
20010550461,경상북도 구미시 옥성면 중부내륙고속도로 129(외6필지 선산휴게소하지점)
20010550462,경상북도 구미시 옥성면 중부내륙고속도로 129(외6필지 선산휴게소 하지점)
20010550463,경상북도 구미시 옥성면 중부내륙고속도로 129(외6필지 선산휴게소 하지점)
20010550473,경상북도 구미시 옥성면 중부내륙고속도로 128
20010550474,경상북도 구미시 옥성면 중부내륙고속도로 128(외5필지 선산휴게소 상지점)
20010550475,경상북도 구미시 옥성면 중부내륙고속도로 128(외5필지 선산휴게소 상지점)
20010550476,경상북도 구미시 옥성면 중부내륙고속도로 128(외5필지 선산휴게소 상지점)
20010554071,경상북도 영주시 선비로119번길 16(2층 휴천동)
20010554306,경상북도 영주시 대학로164번길 15-1(가흥동)
20010555210,경상북도 영천시 금호읍 덕성길 12(106동 105호 우방상가)
20010558130,경상북도 문경시 중앙8길 17(1층 점촌동)
20010593078,"경상남도 창원시 성산구 원이대로 678(상남동,101호)"
20010599326,경상남도 창원시 진해구 여좌로 6(여좌동)
20010601166,경상남도 진주시 북장대로 27(1층일부 인사동)
20010602030,"경상남도 진주시 진양호로 392(신안동, 1층일부)"
20010602178,"경상남도 진주시 촉석로 192-2(대안동,1층)"
20010604583,경상남도 통영시 중앙로 109-1(항남동)
20010607167,경상남도 김해시 평전로 181(내동)
20010608045,경상남도 김해시 가락로7번길 12-1(1층 부원동)
20010608260,"경상남도 김해시 내외로95번길 23(내동,풍림마이더스2 106호)"
20010608377,경상남도 김해시 인제로200번길 23(삼방동)
20010608561,"경상남도 김해시 능동로167번길 1(104호 부곡동, 장유 넥스코아)"
20010612573,경상남도 거제시 중곡로1길 19(1층 고현동)
20020025206,서울특별시 종로구 성균관로 12-3(1층 명륜2가)
20020025734,서울특별시 종로구 새문안로5길 10-1(당주동)
20020036585,"서울특별시 성동구 독서당로 434(응봉동, 대림종합상가 104,105,106호)"
20020046494,"서울특별시 중랑구 숙선옹주로 6-9(제1층 제128호 묵동, 묵동자이아파트1단지)"
20020046986,"서울특별시 중랑구 신내로14길 21(101호 신내동, 동성7차아파트)"
20020053122,서울특별시 강북구 한천로139길 25(1층 수유동)
20020053528,서울특별시 강북구 인수봉로 284-1(1층 수유동)
20020053859,서울특별시 강북구 노해로 32(1층 수유동)
20020053933,서울특별시 강북구 삼각산로 119(1층 수유동)
20020056757,"서울특별시 도봉구 도당로 32(성진파크뷰아파트상가 1층 8,9호 방학동)"
20020059838,서울특별시 노원구 덕릉로 721(102호 중계동)
20020063121,서울특별시 은평구 연서로25길 6-15(1층 갈현동)
20020063488,서울특별시 은평구 진흥로 68(1층 녹번동)
20020066637,서울특별시 서대문구 연세로12길 33(창천동)
20020073361,서울특별시 양천구 등촌로 206(한울팰리스 1층 103호 목동)
20020073929,"서울특별시 양천구 목동동로 257(6층 목동, 현대백화점)"
20020076037,서울특별시 강서구 금낭화로 146(오피앙 1층 105호 방화동)
20020076680,"서울특별시 강서구 곰달래로 66(1층 화곡동, 1동)"
20020076743,"서울특별시 강서구 등촌로 17(1층 화곡동, 4동)"
20020076913,서울특별시 강서구 방화대로 94(메이필드호텔 A동 1층 외발산동)
20020076920,서울특별시 강서구 방화대로 94(메이필드호텔 1층 외발산동)
20020077477,서울특별시 강서구 양천로 87(대일빌딩 1층 방화동)
20020099610,"서울특별시 서초구 사평대로 353(반포동,서일빌딩 1층 103-107호)"
20020105930,"서울특별시 강남구 삼성로 212(지하1층 A블럭 76호 대치동, 은마아파트)"
20020106544,"서울특별시 강남구 언주로172길 29(신사동,지상1층)"
20020106636,"서울특별시 강남구 봉은사로 641(삼성동,지상1층,지하1층)"
20020106784,서울특별시 강남구 테헤란로87길 36(도심공항타워 B1층 06호 삼성동)
20020106786,"서울특별시 강남구 테헤란로83길 51(삼성동,지상1층)"
20020106969,"서울특별시 강남구 봉은사로2길 10(역삼동,지상1층)"
20020107252,"서울특별시 강남구 개포로25길 6(개포동,지상1층)"
20020115119,서울특별시 송파구 석촌호수로18길 11(석촌동)
20020115378,서울특별시 송파구 거마로20길 1(지상1층 마천동)
20020120641,서울특별시 강동구 천호대로159길 22(천호동)
20020120724,서울특별시 강동구 구천면로 446(제에이동 1층 4호 명일동)
20020126070,부산광역시 중구 중앙대로93번길 3-1(중앙동4가)
20020126415,부산광역시 중구 보수대로36번길 10(1층 부평동3가)
20020130134,"부산광역시 영도구 중리로 46-16(동삼동,경진빌딩 101호)"
20020131685,"부산광역시 부산진구 동평로 299(연지동, 지상1층)"
20020131760,부산광역시 부산진구 동평로 77(당감동)
20020131992,부산광역시 부산진구 가야대로 467(개금동)
20020134568,부산광역시 동래구 아시아드대로 212-1(1층 온천동)
20020134672,부산광역시 동래구 충렬대로 149(온천동)
20020141877,"부산광역시 해운대구 좌동로 115(좌동, 지상1층 일부)"
20020144009,부산광역시 사하구 하단동 500-70 (에덴길 107)
20020144100,부산광역시 사하구 낙동대로563번안길 35-2(하단동)
20020144685,부산광역시 사하구 다대로 141-1(신평동)
20020150404,"부산광역시 연제구 법원남로15번길 10(거제동,101호)"
20020154504,부산광역시 사상구 엄궁북로 39(엄궁동)
20020158494,대구광역시 중구 달구벌대로 2232(1-3층 대봉동)
20020160639,대구광역시 동구 동부로30길 42(1층 신천동)
20020163158,대구광역시 서구 서대구로 70(평리동)
20020163187,대구광역시 서구 서대구로 46-1(내당동)
20020166062,대구광역시 남구 현충로 266(대명동)
20020168194,대구광역시 북구 구암로 139-1(동천동)
20020174499,대구광역시 수성구 지범로31길 3(지산동)
20020174946,대구광역시 수성구 달구벌대로 2614(1층 만촌동)
20020175566,대구광역시 수성구 들안로 47(상동)
20020175855,대구광역시 수성구 지범로46길 16-8(범물동)
20020176114,대구광역시 수성구 범안로 58(1층 범물동)
20020181408,대구광역시 달서구 달구벌대로344길 17(두류동)
20020181626,대구광역시 달서구 상화로 187(상인동)
20020181716,대구광역시 달서구 용산서로 4-18(용산동)
20020182277,대구광역시 달서구 달구벌대로251길 12(1층 이곡동)
20020182404,"대구광역시 달서구 두류공원로 200(두류동,지상1층)"
20020182440,"대구광역시 달서구 이곡서로 13(이곡동,지상1층)"
20020182472,대구광역시 달서구 용산로 210(1층 용산동)
20020182694,대구광역시 달서구 감삼북길 86(1층 감삼동)
20020182819,대구광역시 달서구 월배로74동길 33(지상1층 송현동)
20020182847,"대구광역시 달서구 달구벌대로 1545(골든뷰 메디타워 2층 201,202,203호 죽전동)"
20020183148,대구광역시 달서구 진천로 48(1층 진천동)
20020183631,대구광역시 달서구 송현동길 35(1층 송현동)
20020183728,대구광역시 달서구 장기로57길 25(장기동)
20020183748,"대구광역시 달서구 도원로 48(104호 도원동,별메마을복합상가동)"
20020188091,대구광역시 달성군 화원읍 화암로 65(109호)
20020199124,"인천광역시 남동구 만수서로21번길 4(만수동, 1층일부)"
20020199206,인천광역시 남동구 문화서로4번길 40(1층 일부호 구월동)
20020199480,"인천광역시 남동구 만수서로 87(만수동,3층)"
20020199608,"인천광역시 남동구 장도로 10(논현동,외 1필지 장도포대길 24 101호일부)"
20020199645,인천광역시 남동구 문화서로18번길 36(1층 구월동)
20020202634,인천광역시 부평구 길주남로 175(부개동)
20020203229,인천광역시 부평구 주부토로 231(갈산동)
20020205298,"인천광역시 계양구 도두리로 25(계산동,101,102호)"
20020205440,"인천광역시 계양구 계양산로 64(계산동,월드빌 1층102호)"
20020205456,"인천광역시 계양구 오조산로45번길 12(계산동,,5  유연프라자 201호)"
20020208114,"인천광역시 검단구 완정로 19(마전동, 무광프라자 203호)"
20020208841,"인천광역시 검단구 검단로 453(정풍빌딩 101,102호 왕길동)"
20020211113,"인천광역시 강화군 화도면 해안남로 1046(한자리한턱 2,3층, 저장고1층)"
20020216412,전남광주통합특별시 서구 금호운천길 102(1층 109호 쌍촌동)
20020216435,"전남광주통합특별시 서구 상무자유로 180(치평동, 1층)"
20020219624,전남광주통합특별시 남구 서문대로 789(1층 주월동)
20020221399,전남광주통합특별시 북구 북문대로 158(운암동)
20020222247,전남광주통합특별시 북구 동문대로 200(지하1층 두암동)
20020222259,"전남광주통합특별시 북구 동문대로 200(두암동, 지하1층A8호)"
20020231642,대전광역시 동구 계족로 467(용전동)
20020237401,대전광역시 서구 둔산로218번길 25(1층 일부호 둔산동)
20020240281,대전광역시 유성구 노은동로79번길 58(노은동)
20020242117,대전광역시 대덕구 한밭대로1149번길 35(1층 중리동)
20020245128,울산광역시 중구 계변로 89-1(1층 복산동)
20020245141,울산광역시 중구 병영로 17(남외동)
20020247023,울산광역시 남구 삼산로 282(삼산동)
20020252349,울산광역시 동구 꽃바위로 265(방어동)
20020254150,"울산광역시 북구 신천로 53-2(신천동, 지상1층)"
20020267549,경기도 수원시 팔달구 권광로 277(인계동)
20020267676,경기도 수원시 팔달구 화양로 24(화서동)
20020269218,경기도 수원시 영통구 영일로 16-8(1층 영통동)
20020271269,경기도 수원시 장안구 정자천로13번길 41-3(1층 천천동)
20020271457,경기도 수원시 장안구 정자로20번길 15(천천동)
20020273387,경기도 수원시 권선구 일월천로10번길 37(구운동)
20020273404,경기도 수원시 영통구 광교중앙로 140(수원컨벤션센터 1층 하동)
20020277260,경기도 성남시 수정구 탄리로131번길 8-2(1층 태평동)
20020279003,경기도 성남시 중원구 성남대로1140번길 3(성남동)
20020279358,"경기도 성남시 중원구 산성대로334번길 8-1(1층, 2층 중앙동)"
20020279404,경기도 성남시 중원구 희망로 318(1층 일부호 상대원동)
20020281334,"경기도 성남시 분당구 황새울로258번길 32(코리아나빌딩 2층 203,204호 수내동)"
20020281530,경기도 성남시 분당구 황새울로360번길 42(AK플라자 5층 일부호 서현동)
20020281573,"경기도 성남시 분당구 미금로22번길 8(구미동,무지개마을 분산상가 가동 1층103호)"
20020281627,경기도 성남시 분당구 서현로 373(1층 일부101호 서현동)
20020285466,"경기도 의정부시 능곡로26번길 28(상가동 지상2층 210호 신곡동, 건영아파트)"
20020292276,"경기도 안양시 동안구 평촌대로223번길 65(범계빌딩 206호,207호 호계동)"
20020297776,"경기도 부천시 원미구 길주로 81(상동, 모건시티 116호)"
20020297902,"경기도 부천시 원미구 조마루로97번길 33-13(상동, 1층일부)"
20020303134,경기도 부천시 오정구 소사로793번길 16(원종동)
20020308247,경기도 평택시 이충로 49-31(106호 이충동)
20020316121,"경기도 안산시 단원구 와동공원로 153(와동, 799-10  1층)"
20020316968,경기도 안산시 단원구 민속공원로 90(1층 고잔동)
20020316971,"경기도 안산시 단원구 광덕서로 78(고잔동, 707-3  대한법조1층 118호)"
20020323378,"경기도 고양시 덕양구 호국로779번길 15(주교동,1층)"
20020323543,"경기도 고양시 덕양구 중앙로558번길 7-4(행신동,1층)"
20020325488,"경기도 고양시 일산동구 강송로 115(107호 백석동, 중앙상가)"
20020329063,"경기도 과천시 경마공원대로 107(서비스팀동 주암동,한국마사회 럭키빌 2층 남단)"
20020329074,경기도 과천시 경마공원대로 107(럭키빌 2층 북단 주암동)
20020329075,경기도 과천시 경마공원대로 107(럭키빌 3층 남단 주암동)
20020330616,"경기도 구리시 이문안로136번길 22(토평동,1층)"
20020330647,"경기도 구리시 경춘로244번길 12(수택동, 1,2,3층)"
20020332380,"경기도 남양주시 경춘로1286번안길 22(주1동 1층 108,109,110호 평내동)"
20020332767,경기도 남양주시 진접읍 진건오남로 998
20020338104,경기도 시흥시 연성로29번길 19(하중동)
20020338875,경기도 시흥시 장곡로 19(장곡동)
20020342001,"경기도 군포시 곡란로98번길 1-1(102호, 103호 산본동)"
20020344221,경기도 의왕시 계원대학로 34(신우프라자 1층 104호 내손동)
20020348156,경기도 용인시 처인구 포곡읍 에버랜드로 199
20020350271,경기도 용인시 기흥구 구성로 19(마북동)
20020355642,경기도 파주시 가람로 47(1층 102호 와동동)
20020358292,"경기도 이천시 부발읍 경충대로 2096-5(201,202호)"
20020364311,경기도 화성시 병점구 병점중앙로 168(진안동)
20020377003,경기도 가평군 가평읍 가화로 490(1층)
20020380516,강원특별자치도 춘천시 퇴계로 140-1(퇴계동)
20020380659,강원특별자치도 춘천시 행촌로 29(대원빌딩 1층 퇴계동)
20020383675,강원특별자치도 원주시 장미공원길 40(단계동)
20020383892,강원특별자치도 원주시 무실로 117(원동)
20020386188,강원특별자치도 강릉시 성산면 영동고속도로 231
20020386735,강원특별자치도 강릉시 주문진읍 항구로 57
20020389378,강원특별자치도 동해시 청운로 73(1층 쇄운동)
20020392160,강원특별자치도 속초시 조양로 98-1(1층 조양동)
20020398046,강원특별자치도 정선군 신동읍 함백로 334
20020398098,강원특별자치도 정선군 사북읍 사북중앙로 58-1(1층)
20020417546,충청북도 청주시 상당구 수영로 236(금천동)
20020421204,"충청북도 청주시 서원구 서원남로 47-2(모충동,1층)"
20020421331,"충청북도 청주시 서원구 1순환로1107번길 21(분평동,조은주차빌딩107호)"
20020425424,충청북도 청주시 흥덕구 덕암로108번길 61(1층 일부호 봉명동)
20020425699,충청북도 청주시 흥덕구 1순환로 579(1층 봉명동)
20020433118,충청북도 충주시 번영대로 144(연수동)
20020433428,충청북도 충주시 남산로 93(용산동)
20020433515,충청북도 충주시 봉현로 322(1층 교현동)
20020433610,충청북도 충주시 중앙탑면 중부내륙고속도로 230-1
20020433613,충청북도 충주시 중앙탑면 중부내륙고속도로 230-1
20020433614,충청북도 충주시 중앙탑면 중부내륙고속도로 230-1
20020433615,충청북도 충주시 중앙탑면 중부내륙고속도로 231
20020433616,충청북도 충주시 중앙탑면 중부내륙고속도로 231
20020433620,충청북도 충주시 중앙탑면 중부내륙고속도로 231
20020433621,충청북도 충주시 중앙탑면 중부내륙고속도로 231
20020433622,충청북도 충주시 중앙탑면 중부내륙고속도로 231
20020435429,충청북도 제천시 하소로 68(하소동)
20020440034,충청북도 옥천군 옥천읍 향수5길 3
20020452458,충청남도 천안시 서북구 성환읍 성진로 57
20020452645,충청남도 천안시 서북구 봉정로 146(선영빌딩 1층 성정동)
20020458326,충청남도 공주시 정안면 논산천안고속도로 57(정안하행휴게소 1층)
20020458329,충청남도 공주시 이인면 논산천안고속도로 32
20020458336,충청남도 공주시 탄천면 논산천안고속도로 27(1층)
20020459074,충청남도 보령시 해수욕장3길 11-10(한화콘도 16층 신흑동)
20020459130,충청남도 보령시 주교면 서해안고속도로 200
20020459131,충청남도 보령시 주교면 서해안고속도로 200
20020459132,충청남도 보령시 주교면 서해안고속도로 200
20020459146,충청남도 보령시 주교면 서해안고속도로 199
20020459148,충청남도 보령시 주교면 서해안고속도로 199
20020459149,충청남도 보령시 주교면 서해안고속도로 199
20020474108,충청남도 예산군 예산읍 산성공원2길 19
20020481084,전북특별자치도 전주시 덕진구 권삼득로 307(금암동)
20020481520,전북특별자치도 전주시 덕진구 건산로 216(인후동1가)
20020484260,전북특별자치도 군산시 축동안길 41(수송동)
20020496020,전북특별자치도 무주군 무주읍 내도로 123
20020503751,전남광주통합특별시 목포시 삼향천로91번길 24(옥암동)
20020504106,"전남광주통합특별시 목포시 통일대로 48-1(상동,2층)"
20020506812,전남광주통합특별시 여수시 문수로 76(문수동)
20020507148,전남광주통합특별시 여수시 여서1로 87(여서동)
20020530028,전남광주통합특별시 진도군 진도읍 남문길 27
20020534092,경상북도 포항시 남구 연일읍 연일중앙로 71
20020534451,경상북도 포항시 남구 오천읍 문덕로43번길 6-4
20020543645,경상북도 안동시 강남6길 5(1층 정하동)
20020548111,경상북도 구미시 선산읍 선산중앙로8길 4(1층)
20020558105,경상북도 문경시 문경읍 온천3길 1
20020560156,"경상북도 경산시 삼성현로 185(2, 3층 사정동)"
20020560210,경상북도 경산시 원효로26길 7(계양동)
20020563076,경상북도 의성군 의성읍 군청길 41
20020571093,경상북도 예천군 은풍면 은풍로 110
20020589713,경상남도 창원시 의창구 동읍 의창대로 860(1층)
20020589763,"경상남도 창원시 성산구 두대로55번길 10(동우위너스코아 1층 102호 일부,103호 대원동)"
20020592166,"경상남도 창원시 성산구 중앙대로 124(상남동,롯데백화점6층)"
20020592167,"경상남도 창원시 성산구 중앙대로 124(상남동,롯데백화점 6층)"
20020592171,경상남도 창원시 성산구 중앙대로 124(6층 상남동)
20020592317,"경상남도 창원시 성산구 원이대로883번길 2(102호 가음동, 은정상가)"
20020601013,경상남도 진주시 진양호로 354(1층 일부 신안동)
20020601604,"경상남도 진주시 도동로202번길 22(하대동,번지1층 일부)"
20020602120,"경상남도 진주시 대신로207번길 21-2(상대동,1층일부)"
20020604499,경상남도 통영시 무전6길 46(지상2층 무전동)
20020612205,경상남도 거제시 장평로 16-13(장평동)
20020612247,"경상남도 거제시 옥포성안로 25(옥포동,1층)"
20020614673,경상남도 양산시 덕계로 52(덕계동)
20020619039,경상남도 고성군 고성읍 송학로 158
20020620010,경상남도 남해군 남해읍 화전로 56
20020623081,경상남도 함양군 지곡면 효산길 23-11
20020625067,경상남도 합천군 합천읍 동서로 59
20020628428,제주특별자치도 제주시 서해안로 498(지하1층 용담삼동)
20030025169,"서울특별시 종로구 종로16길 12(관철동,지상2층)"
20030029021,"서울특별시 중구 세종대로 124(태평로1가,18층)"
20030033446,서울특별시 용산구 이촌로75길 22(지상1층 103호 이촌동)
20030033452,"서울특별시 용산구 새창로 108(용문동,지상1층)"
20030033640,서울특별시 용산구 청파로 378(한국철도공사 2층 106호 동자동)
20030033663,서울특별시 용산구 한강대로 405(서울역 4층 301호 동자동)
20030039349,서울특별시 광진구 뚝섬로56길 25(자양동)
20030039645,서울특별시 광진구 천호대로110길 27(능동)
20030042353,서울특별시 동대문구 전농로 133(1층 전농동)
20030042367,서울특별시 동대문구 한천로 229(1층 전농동)
20030050776,"서울특별시 성북구 숭인로 70-1(길음동,485-9)"
20030053528,"서울특별시 강북구 삼양로24길 19(101동 104호 미아동, 현대성우아파트)"
20030059523,"서울특별시 노원구 한글비석로 89(하계1차청구아파트 201동 101,102호 하계동)"
20030063719,서울특별시 은평구 서오릉로 94(101동 101호 대조동)
20030066222,서울특별시 강남구 압구정로 343(갤러리아백화점 서관동 지하1층 압구정동)
20030069144,"서울특별시 마포구 포은로 140(망원동,1층)"
20030069800,"서울특별시 마포구 만리재로 74(1층 109호 신공덕동, 삼성래미안상가)"
20030073358,서울특별시 양천구 신정로 312(뉴프라자 1층 105호 신정동)
20030073990,"서울특별시 양천구 목동로 230(목동,현대아이파크아상가102호)"
20030076362,"서울특별시 강서구 강서로34길 18(1층 화곡동, 우장산동)"
20030080923,"서울특별시 구로구 경인로59길 7(상가동 110,111호 신도림동, 신도림6차e-편한세상)"
20030080978,서울특별시 구로구 경인로 189-1(오류동)
20030081158,"서울특별시 구로구 디지털로27길 127(가리봉동,1층)"
20030084327,서울특별시 금천구 금하로 753-1(지상1층 시흥동)
20030084689,서울특별시 금천구 금하로 639(지상1층 시흥동)
20030086229,"서울특별시 영등포구 국제금융로 78(여의도동,홍우빌딩 2층 213호)"
20030087004,서울특별시 영등포구 영등포로 363-2(1층 신길동)
20030087345,서울특별시 영등포구 영중로 119(리마크빌 영등포 B동 1층 108호 영등포동8가)
20030087454,"서울특별시 영등포구 국제금융로8길 6(여의도동,신영증권 빌딩 지하1층)"
20030099674,서울특별시 서초구 고무래로 18-4(1층 반포동)
20030105589,"서울특별시 강남구 광평로31길 27(수서동,삼성상가지상1층104호)"
20030107880,서울특별시 강남구 선릉로64길 15(지하1층 대치동)
20030107971,"서울특별시 강남구 영동대로 513(지하1층 M102호 삼성동, 코엑스몰)"
20030121281,서울특별시 강동구 천호대로158길 15(성내동)
20030128395,부산광역시 서구 구덕로321번길 10(서대신동3가)
20030129035,부산광역시 연제구 중앙대로1076번길 31(1층 연산동)
20030130113,부산광역시 영도구 태종로73번길 4(대교동1가)
20030131793,부산광역시 부산진구 엄광로 34(지상1층 개금동)
20030139573,부산광역시 북구 금곡대로 414(화명동)
20030141143,"부산광역시 해운대구 좌동순환로 252(좌동, 대원아파트상가 203호)"
20030141743,"부산광역시 해운대구 아랫반송로 36(반송동, 1층)"
20030141754,"부산광역시 해운대구 선수촌로 101(반여동,  지상1층)"
20030144282,"부산광역시 사하구 사하로141번길 20(1호동 괴정동,국제마마아파트상가)"
20030144610,부산광역시 사하구 다대로 483(101호 다대동)
20030147120,부산광역시 금정구 남산동 265-34
20030147174,부산광역시 금정구 금정로60번길 37(장전동)
20030147192,부산광역시 금정구 금정로 54(1층 장전동)
20030150094,"부산광역시 연제구 종합운동장로 7(거제동,홈플러스아시아드점내)"
20030154448,부산광역시 사상구 사상로 218(괘법동)
20030154563,부산광역시 사상구 광장로 7(괘법동)
20030154633,부산광역시 사상구 냉정로 111(주례동)
20030158418,대구광역시 중구 중앙대로 280-4(남산동)
20030160559,대구광역시 동구 아양로15길 35(신암동)
20030168129,대구광역시 북구 칠곡중앙대로65길 21(태전동)
20030174169,대구광역시 수성구 수성로 203-1(1층 중동)
20030174784,대구광역시 수성구 용학로 68(두산동)
20030174903,"대구광역시 수성구 달구벌대로496길 24(범어동,.4)"
20030181159,대구광역시 달서구 용산서로 74(1층 용산동)
20030181762,"대구광역시 달서구 와룡로 36(본동,지상1층)"
20030182207,"대구광역시 달서구 한실로 51(도원동,한실들마을복합상가 102호)"
20030182380,"대구광역시 달서구 성지로 84(용산동,지상1층)"
20030182541,"대구광역시 달서구 장기로 242-9(장기동,지상1층)"
20030190345,"인천광역시 영종구 영종해안남로321번길 208(지상1층,지하1층 운서동)"
20030193382,"인천광역시 미추홀구 구월로 23(코코스빌딩 1,2,3층 주안동)"
20030193974,인천광역시 미추홀구 인하로 404-2(관교동)
20030194030,인천광역시 미추홀구 토금남로 12(용현동)
20030194050,인천광역시 미추홀구 인하로430번길 32(1층 일부호 관교동)
20030199353,"인천광역시 남동구 복개서로89번길 40(구월동, 1층)"
20030199642,"인천광역시 남동구 성말로 16(101,102,103호 구월동, 신현파크프라자)"
20030202619,인천광역시 부평구 마장로 256(산곡동)
20030203183,인천광역시 부평구 백범로468번길 45(십정동)
20030203322,"인천광역시 부평구 원적로 434(혜성프라자 105호 일부,106호 산곡동)"
20030203361,인천광역시 부평구 장제로 206(부평동)
20030205658,"인천광역시 계양구 계양문화로 44(계산동,라이즈빌 103호의1/2)"
20030205707,인천광역시 계양구 장제로 672(1층 일부호 작전동)
20030208853,"인천광역시 서해구 승학로 479(검암동, 600-4)"
20030216703,"전남광주통합특별시 서구 상무연하로 41(2층, 3층 치평동)"
20030217180,"전남광주통합특별시 서구 내방로 231(쌍촌동,147외1필지일층)"
20030233604,대전광역시 중구 천근로 21(1층 문화동)
20030236355,대전광역시 서구 대덕대로 211(갤러리아타임월드백화점 11층 일부호 둔산동)
20030237133,"대전광역시 서구 갈마역로 22(둔산동,101호)"
20030237380,"대전광역시 서구 관저중로95번길 80(1층 관저동, 1층일부)"
20030237503,"대전광역시 서구 문정로 77(탄방동,321호)"
20030245532,울산광역시 중구 곽남길 2(남외동)
20030248446,울산광역시 남구 삼산로 282(롯데호텔 지하1층 삼산동)
20030255050,울산광역시 울주군 청량읍 삼정로 92-5(쌍용하나빌리지상가 가동 216호)
20030267609,경기도 수원시 팔달구 효원로291번길 53(1층 인계동)
20030269333,경기도 수원시 영통구 매영로 53(매탄동)
20030269341,경기도 수원시 영통구 중부대로 259(113호 원천동)
20030269453,"경기도 수원시 영통구 영통로 136(망포동,118호)"
20030273573,경기도 수원시 영통구 태장로54번길 60(1층 102호 망포동)
20030277171,경기도 성남시 수정구 수정로 273(수정빌딩 1층 일부호 신흥동)
20030279375,경기도 성남시 중원구 광명로361번길 22(지층 금광동)
20030281186,"경기도 성남시 분당구 장미로108번길 11(야탑동, 1층 일부)"
20030281392,경기도 용인시 수지구 포은대로 536(주신세계 사우스시티 7층 일부호 죽전동)
20030281806,"경기도 성남시 분당구 황새울로258번길 32(수내동, 코리아나빌딩 205호,206호일부)"
20030281828,"경기도 성남시 분당구 구미로9번길 25(구미동,분당대맥주차장빌딩 105-1)"
20030281916,"경기도 성남시 분당구 판교로 445(야탑동,미라보상가 1층 8호)"
20030285100,"경기도 의정부시 승지로 14(민락동,102호지상1층)"
20030285124,"경기도 의정부시 경의로 24(의정부동,지상2층)"
20030285287,경기도 의정부시 민락로 195(민락2지구 중흥에스-클래스 트와이스 지상 1층 140호 민락동)
20030285608,"경기도 의정부시 평화로 156(지상1층 101호 호원동, 신일골든 휴 아파트)"
20030290018,경기도 안양시 만안구 경수대로 1213(지상1층 석수동)
20030290197,경기도 안양시 만안구 예술공원로 73(1층 안양동)
20030290515,경기도 안양시 만안구 장내로 95(지상1층 안양동)
20030292567,"경기도 안양시 동안구 평촌대로223번길 31(호계동, 201호)"
20030297426,"경기도 부천시 원미구 길주로77번길 55-25(2층 201호 상동, 대야복합타워)"
20030298612,"경기도 부천시 원미구 길주로77번길 55-25(상동,,대야복합타워 106호)"
20030304241,"경기도 광명시 광명로 864(광명동,1층)"
20030306117,경기도 평택시 동부공원로 32(1층 비전동)
20030310211,"경기도 동두천시 동두천로 151(103호 지행동, 대방샤인힐 상가동)"
20030313656,"경기도 안산시 상록구 광덕1로 379(한남빌딩 110,111호 이동)"
20030316780,경기도 안산시 단원구 화정천동로1안길 26(1층일부 와동)
20030317046,"경기도 안산시 단원구 화정로1길 11(와동, 840-2  102호)"
20030317254,"경기도 안산시 단원구 당곡로 11(고잔동, 530-2  스카이팰리스 203호)"
20030327395,"경기도 고양시 일산서구 일산로 486(후곡마을13단지 상가동 101호,102호 일산동)"
20030336067,"경기도 오산시 오산로 199(1층 101,102호 오산동, 동양프라자)"
20030336372,경기도 오산시 발안로 1358(1층 누읍동)
20030338684,경기도 시흥시 중심상가로 324(1층 정왕동)
20030342106,경기도 군포시 번영로 380-1(한라1차아파트 상가 109호 산본동)
20030342368,"경기도 군포시 번영로28번길 37-20(덕원프라자 1층 101호, 102호 부곡동)"
20030342455,"경기도 군포시 고산로151번길 6(1층 당정동, RK프라자)"
20030344231,경기도 의왕시 경수대로 292(대덕하이베라스 116호 오전동)
20030348148,경기도 용인시 처인구 중부대로 1355(1층 김량장동)
20030350113,경기도 용인시 기흥구 구갈로72번길 18(1층 구갈동)
20030350382,"경기도 용인시 기흥구 금화로 3(상갈동, 주공프라자 109,110)"
20030355486,"경기도 파주시 금빛로 27(108,109호 금촌동)"
20030360158,경기도 안성시 비룡로 15(당왕동)
20030362348,경기도 김포시 중봉로 3(1층 감정동)
20030364404,"경기도 화성시 병점구 경기대로 1014(병점동, 병점프라자 109호, 110호)"
20030377142,경기도 가평군 조종면 현창로 41-1
20030380148,강원특별자치도 춘천시 후석로 270(후평동)
20030380367,강원특별자치도 춘천시 영서로 2767(1층 우두동)
20030383186,강원특별자치도 원주시 단구로 373(단구동)
20030383809,강원특별자치도 원주시 신림면 치악로 416
20030389028,강원특별자치도 동해시 배골길 10(1층 이도동)
20030389404,강원특별자치도 동해시 한섬로 115(천곡동)
20030392206,강원특별자치도 속초시 수복로 17-1(교동)
20030394208,강원특별자치도 홍천군 홍천읍 마지기로 11-2
20030396034,강원특별자치도 영월군 영월읍 분수대길 24
20030398023,"강원특별자치도 정선군 사북읍 하이원길 265(3,4층)"
20030398028,강원특별자치도 정선군 사북읍 하이원길 265(강원랜드 4층)
20030400047,강원특별자치도 화천군 화천읍 중앙로4길 8
20030403127,강원특별자치도 고성군 간성읍 간성로 66-1
20030425550,"충청북도 청주시 흥덕구 진재로15번길 10(복대동,1층)"
20030433428,충청북도 충주시 국원대로 79(교현동)
20030435351,충청북도 제천시 의병대로36길 29(1층 신백동)
20030440190,충청북도 옥천군 동이면 금강로 596(외6필지)
20030440191,충청북도 옥천군 동이면 금강로 596
20030441011,충청북도 영동군 영동읍 영산로 10
20030442065,충청북도 증평군 증평읍 두름로1길 44
20030445103,충청북도 음성군 삼성면 중부고속도로 51
20030445134,충청북도 음성군 삼성면 중부고속도로 52
20030450193,충청남도 천안시 동남구 청수11로 18(1층 108호 청당동)
20030450243,충청남도 천안시 동남구 신촌3길 16(1층 신방동)
20030450538,충청남도 천안시 동남구 차돌로 54(1층 다가동)
20030456051,충청남도 당진시 무수동로 196(1층 1호 읍내동)
20030458097,충청남도 공주시 번영1로 138(1층 101호 신관동)
20030461481,충청남도 아산시 배방읍 모산로139번길 7(1층)
20030463201,충청남도 서산시 호수공원9로 56(매화빌 1층 예천동)
20030466057,충청남도 계룡시 엄사면 번영로 16(102호)
20030466087,충청남도 계룡시 엄사면 번영로 66(1층)
20030470055,충청남도 부여군 부여읍 사비로 86(1층동 107호 우영플라자)
20030475152,충청남도 태안군 태안읍 중앙로 133-5
20030481029,전북특별자치도 전주시 덕진구 동부대로 797(호성동1가)
20030490273,전북특별자치도 정읍시 수성동 639-1
20030492036,전북특별자치도 남원시 큰들2길 22-34(도통동)
20030493012,전북특별자치도 김제시 금산면 우림로 82-12
20030503097,전남광주통합특별시 목포시 연산로 153(1층 산정동)
20030503341,"전남광주통합특별시 목포시 자유로 87(1층 107호 산정동, 근화삼학베아채아파트)"
20030506013,전남광주통합특별시 여수시 문수북6길 15(문수동)
20030506526,전남광주통합특별시 여수시 문수로 68(1층 문수동)
20030506970,전남광주통합특별시 여수시 도원로 182(1층 안산동)
20030509604,"전남광주통합특별시 순천시 봉화2길 36(조례동,1층)"
20030512114,전남광주통합특별시 나주시 동신대길 85(대정1관 2층 일부 대호동)
20030522068,전남광주통합특별시 강진군 성전면 별뫼로 373(102호)
20030526025,전남광주통합특별시 함평군 손불면 서해안고속도로 38(서해안고속도로함평천지 휴게소 상행)
20030526030,전남광주통합특별시 함평군 함평읍 서해안고속도로 31(외7)
20030536097,"경상북도 포항시 북구 학잠동 21-1 대림힐상가 110,111호"
20030538119,경상북도 경주시 용담로116번길 7(황성동)
20030538647,경상북도 경주시 건천읍 단석로 1995-1
20030538693,경상북도 경주시 보문로 544(천군동)
20030543234,경상북도 안동시 공단로 106(수상동)
20030543269,경상북도 안동시 옥동4길 17(옥동)
20030543399,경상북도 안동시 서동문로 100(101호 광석동)
20030543447,경상북도 안동시 광명로 178(옥동빌딩 1층 105호 옥동)
20030548695,경상북도 구미시 고아읍 문장로22길 5-9
20030554168,경상북도 영주시 구성로 389(영주동)
20030558017,경상북도 문경시 상신로 77(모전동)
20030560137,경상북도 경산시 경안로 244(1층 중방동)
20030560242,경상북도 경산시 대학로59길 11-14(대동)
20030570233,경상북도 칠곡군 북삼읍 금오대로 269
20030571083,경상북도 예천군 용궁면 용궁로 131
20030589088,"경상남도 창원시 의창구 도계로18번길 16(도계동,1층 103호)"
20030589483,경상남도 창원시 의창구 의창대로 51-7(청기와빌딩 3층 소계동)
20030592777,"경상남도 창원시 성산구 마디미로64번길 1(상남동,미광빌딩9층901호)"
20030592818,경상남도 창원시 성산구 마디미로43번길 1(그랜드빌딩 2층 201호 상남동)
20030595481,경상남도 창원시 마산합포구 월영북로 18(대내동)
20030601348,경상남도 진주시 금산면 금산로 114(2층)
20030604303,경상남도 통영시 안개로 15-8(104호 무전동)
20030606068,경상남도 사천시 정동면 동계길 5
20030607591,"경상남도 김해시 능동로155번길 2(102호 부곡동, 장유월드피아)"
20030607973,경상남도 김해시 삼계중앙로6번길 4(삼계동)
20030612101,"경상남도 거제시 거제중앙로 1793(주1동 1층 고현동, 하람빌딩)"
20030612636,경상남도 거제시 장평로 21(1층 장평동)
20030614101,경상남도 양산시 중앙로 312(1층 북정동)
20030614358,"경상남도 양산시 동면 석산3길 12(종정헌 1,2층)"
20030617018,경상남도 함안군 가야읍 가야로 81(1층)
20030623019,경상남도 함양군 지곡면 효산길 23-31
20030623020,경상남도 함양군 지곡면 효산길 23-31
20030627014,제주특별자치도 제주시 서천길 24(2층 용담이동)
20030627256,제주특별자치도 제주시 서해안로 498-6(101호 용담삼동)
20030627598,제주특별자치도 제주시 삼무로 50(1층 연동)
20030628091,제주특별자치도 제주시 명림로 575-107(회천동)
20030631047,제주특별자치도 서귀포시 표선면 민속해안로 537
20030631051,제주특별자치도 서귀포시 표선면 민속해안로 537
20040025807,서울특별시 종로구 돈화문로11나길 30(익선동)
20040030032,"서울특별시 중구 세종대로 28(남대문로5가, 1층)"
20040030358,서울특별시 중구 다산로46길 17(청계천 두산위브더제니스 119호 흥인동)
20040042050,서울특별시 동대문구 장한로2길 7(2층 장안동)
20040042085,"서울특별시 동대문구 회기로 143(회기동,회기로 145)"
20040042708,"서울특별시 동대문구 한천로 264(휘경동,107호 한천로 264)"
20040043498,"서울특별시 동대문구 사가정로 148(101호 전농동, SK아파트상가)"
20040059394,서울특별시 노원구 동일로 1701(상계동)
20040063408,서울특별시 은평구 갈현로 82(101호 역촌동)
20040063585,"서울특별시 은평구 은평로 119(응암동,지상1층)"
20040063998,"서울특별시 은평구 불광로 60(불광동, 외12필지 라비앙프라자1층101호)"
20040066236,경기도 파주시 와석순환로252번길 14(1층 목동동)
20040073990,서울특별시 양천구 목동서로 155(목동파라곤 B1층 115호 목동)
20040074151,"서울특별시 양천구 등촌로 32(목동,태영플라자 104호등촌로 209)"
20040076452,"서울특별시 강서구 강서로 462(104-1,105호 등촌동, 3동 대룡드림타워)"
20040076516,"서울특별시 강서구 공항대로 382(화곡동,우장산롯데낙천대APT 111호)"
20040080910,"서울특별시 구로구 새말로 102(구로동,신도림역 포스빌 134호)"
20040084598,서울특별시 금천구 금하로 760(지상1층 시흥동)
20040087351,"서울특별시 영등포구 의사당대로 108(아일렉스상가1층107,108,121호,2층206,207호 여의도동)"
20040091741,서울특별시 동작구 흑석로 116(흑석동)
20040094283,"서울특별시 서초구 방배천로 11(4층 방배동, SK리더스뷰)"
20040101015,"서울특별시 서초구 강남대로 204(지층,지상1,2,3,4,5층 양재동)"
20040107173,"서울특별시 강남구 테헤란로14길 8(역삼동,두산위브센터움지하1층B107호)"
20040107827,"서울특별시 강남구 삼성로 706(청담동,지하1층)"
20040108275,"서울특별시 강남구 테헤란로25길 34(역삼동,지상1층)"
20040108355,서울특별시 강남구 선릉로93길 22(지상3층 역삼동)
20040109109,"서울특별시 강남구 강남대로124길 49(논현동,지상1층)"
20040114038,서울특별시 송파구 양재대로 932(가락동 농수산물도매시장 가락몰 3관 3층 002-1호 가락동)
20040114908,"서울특별시 송파구 송파대로 466(송파동,지상2,3,4층)"
20040121936,"서울특별시 강동구 양재대로 1319(성내동,1층 105호)"
20040131087,부산광역시 부산진구 동천로 74(2층 전포동)
20040131295,부산광역시 부산진구 중앙대로691번길 52(부전동)
20040131576,부산광역시 부산진구 냉정로 261(A동 1층 5호 가야동)
20040131588,부산광역시 부산진구 중앙대로 672(서면피에스타 6층 606호 부전동)
20040134216,부산광역시 동래구 사직북로5번길 12(사직동)
20040134858,"부산광역시 동래구 온천장로 20(303호 온천동, 신화타워아파트)"
20040137609,"부산광역시 남구 동명로170번길 93(용호동,용호동일타운102호)"
20040139105,부산광역시 북구 덕천2길 41(덕천동)
20040139136,부산광역시 북구 만덕3로48번나길 18-1(만덕동)
20040139429,"부산광역시 북구 화명대로 35(206호 화명동, 신호타워)"
20040141567,"부산광역시 해운대구 반여로 112-1(반여동, 산봉빌딩102호)"
20040142044,"부산광역시 해운대구 반여로 114(반여동, 산봉빌딩102호)"
20040144237,부산광역시 사하구 다송로68번길 27(다대동)
20040150071,부산광역시 연제구 과정로 169(연산동)
20040154459,부산광역시 사상구 엄궁로179번길 17(엄궁동)
20040156169,부산광역시 기장군 기장읍 차성로338번길 8
20040158022,대구광역시 중구 명덕로 333(11층 대봉동)
20040158251,대구광역시 중구 북성로3길 35(수창동)
20040160391,대구광역시 동구 동호로9길 57(1층 신서동)
20040160681,대구광역시 동구 금강로 12(한미빌딩 1층 동호동)
20040160794,대구광역시 동구 율하동로21길 42-1(1층 율하동)
20040160919,대구광역시 동구 공항로 221(지저동)
20040163252,대구광역시 서구 평리로29길 16(중리동)
20040163770,대구광역시 서구 문화로39길 6(평리동)
20040168174,대구광역시 북구 학정로 435(동천동)
20040169063,"대구광역시 북구 원대로 103(노원동1가,외2필지)"
20040169450,대구광역시 북구 동천로 128-17(1층 동천동)
20040169633,대구광역시 북구 오봉로6길 32(노원동1가)
20040174330,대구광역시 수성구 지범로31길 8(지산동)
20040175183,"대구광역시 수성구 공경로 70(402동 101호 만촌동,만촌보성아파트 상가)"
20040181501,대구광역시 달서구 상인로 47(1층 상인동)
20040182609,대구광역시 달서구 월배로24길 52(지상1층 진천동)
20040190054,"인천광역시 영종구 공항로424번길 48-27(운서동, 베스트웨스턴인천에어포트호텔)"
20040192228,인천광역시 제물포구 샛골로 87(창영동)
20040193805,"인천광역시 미추홀구 미추홀대로 716(주안동, 106호,108호)"
20040193986,인천광역시 미추홀구 경인로435번길 14(주안동)
20040197098,"인천광역시 연수구 용담로 74-1(청학동,1층)"
20040199185,"인천광역시 남동구 예술로192번길 40(구월동,1층)"
20040199681,"인천광역시 남동구 인하로 485(9층 일부호 구월동, 뉴코아아울렛)"
20040203068,"인천광역시 부평구 동수로 107(1층 제2호,제3호 부평동)"
20040203103,"인천광역시 부평구 마장로 398(청천동,1층)"
20040203275,"인천광역시 부평구 길주남로 104(부평동,1층)"
20040203316,"인천광역시 부평구 체육관로 34(삼산동,삼산동 이리옴프라자 ∥ 102호 1층)"
20040203360,"인천광역시 부평구 백범로468번길 7-2(십정동,씨티빌딩 1층)"
20040205154,인천광역시 계양구 주부토로 569(1층 계산동)
20040205246,인천광역시 계양구 주부토로 581(계산동)
20040205251,"인천광역시 계양구 계산새로 71(계산동,하이베라스 D동 107호)"
20040205454,"인천광역시 계양구 오조산로45번길 12(계산동,외 1필지 유연프라자 106호)"
20040205806,"인천광역시 계양구 용종로 2(1층 103호 계산동, 계산프라자)"
20040209062,인천광역시 서해구 원적로 77(가좌동)
20040211019,인천광역시 강화군 강화읍 강화대로 398
20040216342,"전남광주통합특별시 서구 풍암2로 38(106호 풍암동, 주은모아상가)"
20040216371,"전남광주통합특별시 서구 상무시민로 97-6(치평동,일층)"
20040216791,"전남광주통합특별시 서구 상무민주로 122(101호 쌍촌동, 우미아트빌상가)"
20040221976,전남광주통합특별시 북구 설죽로 221(용봉동)
20040227571,전남광주통합특별시 광산구 월계로 187(월계동)
20040233066,"대전광역시 중구 태평로 18(유천동,1층)"
20040233247,"대전광역시 중구 계백로 1717(오류동,,231층)"
20040240063,대전광역시 유성구 엑스포로 475(지상 1층 전민동)
20040245063,울산광역시 중구 성안로 160(1층 성안동)
20040247290,울산광역시 남구 법대로8번길 16(1층 옥동)
20040254071,"울산광역시 북구 상방로 110(109호 연암동, 성원아파트상가)"
20040254223,"울산광역시 북구 송내5길 5(화봉동,1층)"
20040254264,"울산광역시 북구 호계로 280(호계동,1층)"
20040267339,경기도 수원시 팔달구 경수대로 593(지동)
20040269357,경기도 수원시 영통구 봉영로1759번길 8-9(1층 영통동)
20040269360,경기도 수원시 영통구 덕영대로 1545(1층 영통동)
20040271388,경기도 수원시 장안구 정조로 1092(송죽동)
20040273152,"경기도 수원시 권선구 세권로304번길 62(권선동,베스토아 213호)"
20040279540,"경기도 성남시 중원구 양현로405번길 13(중일아인스빌딩 1층 102,103호 여수동)"
20040281123,"경기도 성남시 분당구 구미로 11(구미동,구미동빌딩 109호)"
20040281298,"경기도 성남시 분당구 분당로53번길 21(서현동,산호프라자 1층 111,112,114,117,118호)"
20040281311,"경기도 성남시 분당구 서현로 184(서현동, 외1필지 엘지분당에클라트209호)"
20040282041,"경기도 성남시 분당구 서현로 243(서현동,지상1층)"
20040282603,"경기도 성남시 분당구 정자일로 234(정자동,태남프라자 101,102호)"
20040285084,"경기도 의정부시 평화로 640(의정부동,한진그랑빌 101호 지상1층)"
20040285404,경기도 의정부시 비우로 56(지상1층 녹양동)
20040285694,"경기도 의정부시 천보로 271(금오동, 지상4층)"
20040286160,"경기도 의정부시 평화로 228(호원동, 로뎀프라자 106호)"
20040292519,"경기도 안양시 동안구 관악대로 157(비산동, 두성프라자 103호)"
20040298109,"경기도 부천시 원미구 부일로205번길 54(상동,,2 상동아크로텔116호)"
20040303077,"경기도 부천시 오정구 원종로 55(원종동,르네상스타워 101, 102호)"
20040304089,경기도 광명시 광명역로 21(고속철도 광명역 지하1층 일부호 일직동)
20040304124,"경기도 광명시 광명역로 21(1층 일직동, 고속철도광명역)"
20040304205,"경기도 광명시 오리로854번길 16-7(철산동,, 1층)"
20040308014,경기도 평택시 지산로 141(지산동)
20040310248,"경기도 동두천시 지행로 52(본동 106호 지행동,송내프라자)"
20040313549,경기도 안산시 상록구 샘골로 144(유경빌딩 103호 본오동)
20040316299,"경기도 안산시 단원구 다리간로 20(고잔동, 683-2  1층)"
20040325079,"경기도 고양시 일산동구 하늘마을로 92(1층 104호 중산동, 하늘마을 상가동)"
20040325224,"경기도 고양시 일산동구 중앙로 1206(8층 801호 일부호 마두동, 뉴코아백화점일산점)"
20040325248,"경기도 고양시 일산동구 중앙로 1206(8층 801호 일부호 마두동, 뉴코아백화점일산점)"
20040325589,"경기도 고양시 일산동구 장백로 200(114,115,116호 장항동)"
20040327043,"경기도 고양시 일산서구 일산로 646(대화동, 2층일부)"
20040327245,"경기도 고양시 일산서구 일현로 56(탄현동,외1필지삼정프라자 110호)"
20040327246,경기도 고양시 일산서구 일산로 562(신일산연합상가 104호·113호 일산동)
20040330223,"경기도 구리시 장자대로 74(수택동,새롬프라자 8차 110호)"
20040332783,경기도 남양주시 와부읍 경강로 768
20040333001,경기도 남양주시 와부읍 덕소로97번길 13(이레빌딩 201호)
20040333233,경기도 남양주시 평내로29번길 51(평내동)
20040336097,경기도 오산시 청학로 39(청학동)
20040339373,경기도 시흥시 중심상가2길 8(102호 정왕동)
20040345212,"경기도 하남시 대청로 15(신장동,오피스텔트레벨103호1층)"
20040348136,경기도 용인시 처인구 포곡읍 에버랜드로 199
20040355206,"경기도 파주시 중앙로 303(금촌동,1층)"
20040358533,경기도 이천시 영창로 242(창전동)
20040360352,경기도 안성시 원곡면 경부고속도로 372
20040360353,경기도 안성시 원곡면 경부고속도로 372
20040360354,경기도 안성시 원곡면 경부고속도로 372
20040360358,경기도 안성시 원곡면 경부고속도로 372
20040360429,경기도 안성시 백성1길 20(1층 대천동)
20040364091,경기도 화성시 효행구 봉담읍 참샘길 33(상가동 1층 102호 해오름마을봉담그대가2단지아파트)
20040375015,경기도 여주시 가남읍 여주남로 722
20040380072,강원특별자치도 춘천시 퇴계농공로 22(102호 석사동)
20040380210,강원특별자치도 춘천시 남산면 경춘로 212-30(제이드팰리스G.C.)
20040383604,강원특별자치도 원주시 만대로 176(지상1층 무실동)
20040383785,강원특별자치도 원주시 원일로115번길 12(일산동)
20040384007,강원특별자치도 원주시 호저면 마근거리길 120(외8필지)
20040384011,강원특별자치도 원주시 호저면 마근거리길 110(원주춘천방향휴게소)
20040386670,강원특별자치도 강릉시 임영로 62(노암동)
20040386909,강원특별자치도 강릉시 구정면 동해고속도로 345
20040386918,강원특별자치도 강릉시 구정면 동해고속도로 346
20040389016,강원특별자치도 동해시 천곡로 100(2-8호 천곡동)
20040389044,"강원특별자치도 동해시 한섬로 113-1(1층 천곡동, 동성빌딩)"
20040394055,강원특별자치도 홍천군 홍천읍 신장대로 62(2층)
20040399097,강원특별자치도 철원군 동송읍 이평2로10번길 21-1
20040404008,강원특별자치도 양양군 양양읍 양양로 80
20040417162,충청북도 청주시 상당구 산성로98번길 35(용담동)
20040417629,충청북도 청주시 상당구 월평로184번길 150(용암동)
20040421050,충청북도 청주시 서원구 복대로 27(캐슬타워 1층 106호 개신동)
20040425128,"충청북도 청주시 흥덕구 진재로31번길 1(복대동,1층)"
20040425246,"충청북도 청주시 흥덕구 증안로 28-1(복대동,1층)"
20040425642,충청북도 청주시 흥덕구 풍산로 41(1층 가경동)
20040440021,충청북도 옥천군 옥천읍 금장로 58
20040444054,충청북도 괴산군 장연면 중부내륙고속도로 204
20040444055,충청북도 괴산군 장연면 중부내륙고속도로 205
20040452053,충청남도 천안시 서북구 두정로 159(두정동)
20040452281,충청남도 천안시 서북구 서부대로 688(현대프라자 1동 1층 104호 성정동)
20040453062,"충청남도 천안시 서북구 불당3길 33(102호 불당동, 불당타운)"
20040456013,충청남도 당진시 합덕읍 합우로 136
20040471238,충청남도 서천군 비인면 서해안고속도로 168
20040471244,충청남도 서천군 비인면 서해안고속도로 169
20040471260,충청남도 서천군 비인면 서해안고속도로 169
20040473234,충청남도 홍성군 은하면 서해안고속도로 220
20040473236,충청남도 홍성군 은하면 서해안고속도로 220
20040473238,충청남도 홍성군 은하면 서해안고속도로 220
20040473240,충청남도 홍성군 은하면 서해안고속도로 221
20040473242,충청남도 홍성군 은하면 서해안고속도로 221
20040474011,충청남도 예산군 예산읍 예산로202번길 8
20040479041,전북특별자치도 전주시 완산구 장승배기로 194(평화동1가)
20040492210,전북특별자치도 남원시 충정로 365(월락동)
20040503108,전남광주통합특별시 목포시 청호로 164(1층 산정동)
20040503206,전남광주통합특별시 목포시 백년대로 330(상동)
20040509585,전남광주통합특별시 순천시 해룡면 기적의도서관길 71(1층)
20040513128,전남광주통합특별시 광양시 사동로 199(2층중1층일부층 마동)
20040538055,경상북도 경주시 화랑로 76-1(서부동)
20040541069,경상북도 김천시 자산로 188-1(성내동)
20040549168,"경상북도 구미시 상모로 33(상모동,지번확정)"
20040558188,경상북도 문경시 중부내륙고속도로 173(유곡동)
20040564059,경상북도 청송군 진보면 진보로 137
20040570056,경상북도 칠곡군 왜관읍 중앙로2길 33
20040570226,경상북도 칠곡군 동명면 중앙고속도로 123
20040570233,경상북도 칠곡군 동명면 중앙고속도로 122
20040592097,"경상남도 창원시 성산구 중앙대로 33(중앙동,대흥인터빌2층202호)"
20040592513,"경상남도 창원시 성산구 마디미로9번길 4(상남동,사단법인삼원회회관2층201호)"
20040595658,경상남도 창원시 마산합포구 문화북1길 64(두월동2가)
20040597206,경상남도 창원시 마산회원구 구암남10길 40(화성빌딩 지상2층 구암동)
20040599383,경상남도 창원시 진해구 덕산로61번길 36(자은동)
20040601359,경상남도 진주시 문산읍 남해고속도로 195
20040601365,경상남도 진주시 문산읍 남해고속도로 195
20040601955,"경상남도 진주시 진양호로 227(103동 101호 평거동, 원정로얄펠리스아파트)"
20040606108,경상남도 사천시 신항로 78(향촌동)
20040614509,경상남도 양산시 양주2길 56(중부동)
20040614628,"경상남도 양산시 양산역6길 17(중부동,청림타워 101호)"
20040614774,"경상남도 양산시 북정로 17(북정동,1층)"
20040623009,경상남도 함양군 지곡면 효산길 23-11
20040627552,"제주특별자치도 제주시 연화로1길 15(연동,연화1로1)"
20040628061,제주특별자치도 제주시 명림로 575-107(한화리조트 회천동)
20040631206,제주특별자치도 서귀포시 천제연로213번길 44(1층 중문동)
20040631482,제주특별자치도 서귀포시 대정읍 최남단해안로 1
20050029317,"서울특별시 중구 을지로1길 10(을지로1가,지상1층,2층)"
20050029395,서울특별시 중구 남대문로 81(롯데백화점 본점 13층 소공동)
20050029829,"서울특별시 서초구 신반포로 176(11층 반포동, 신세계백화점 강남점)"
20050029895,"서울특별시 중구 퇴계로75길 15(흥인동,지상1층102호)"
20050033548,"서울특별시 용산구 남산공원길 126(용산동2가, 서울타워 광장1,2층)"
20050033549,서울특별시 용산구 용산동2가 산 1-3 외1필지(전망2층)
20050039658,서울특별시 광진구 아차산로 289(자양동)
20050042880,서울특별시 동대문구 이문로 36(1층 휘경동)
20050043346,서울특별시 동대문구 안암로 138(1층 제기동)
20050046083,서울특별시 중랑구 봉화산로 203(동성아파트 신내동)
20050046617,"서울특별시 중랑구 사가정로72길 26(상가동 지층 106호 면목동, 한양수자인사가정파크)"
20050050348,서울특별시 성북구 오패산로 99(동민빌딩 1층 103호 하월곡동)
20050050542,"서울특별시 성북구 오패산로 46(하월곡동, 두산위브@상가 121~122호)"
20050059832,"서울특별시 노원구 동일로 1414(9층 상계동, 롯데백화점 노원점)"
20050059947,"서울특별시 노원구 동일로203가길 29(중계동,브라운스톤 115호)"
20050059999,"서울특별시 노원구 동일로 1414(상계동,롯데백화점노원점 9층)"
20050073256,서울특별시 양천구 중앙로 254(신정동)
20050076253,서울특별시 강서구 양천로 683(1층 102-2호 염창동)
20050077047,"서울특별시 강서구 공항대로 36(1층 101호 공항동, 수산빌딩)"
20050080769,서울특별시 구로구 경인로 203-1(1층 오류동)
20050086471,서울특별시 영등포구 선유로 101(5층 양평동1가)
20050091136,서울특별시 동작구 상도로 77(대방동)
20050091734,"서울특별시 동작구 노량진로8길 55(1층층 104호 노량진동, 더 클래식 동작)"
20050094079,"서울특별시 관악구 봉천로 209(7층 봉천동, 롯데백화점)"
20050094081,"서울특별시 관악구 봉천로 209(7층 봉천동, 롯데백화점)"
20050094896,"서울특별시 관악구 과천대로 953(남현동,지상2층)"
20050098556,"서울특별시 서초구 서초중앙로22길 25(1층 116호 서초동, 서초리시온)"
20050098587,서울특별시 서초구 효령로31길 59(1층 방배동)
20050098832,"서울특별시 서초구 반포대로4길 54(지하 1층 101호 서초동, 한원빌딩)"
20050098884,서울특별시 서초구 서초중앙로33길 8(1층 반포동)
20050099299,서울특별시 서초구 신반포로 257(2층 잠원동)
20050099318,서울특별시 서초구 서초대로48길 33(103호 서초동)
20050105013,"서울특별시 강남구 논현로85길 59(역삼동,남곡빌딩지상1층)"
20050105616,"서울특별시 강남구 테헤란로 606(대치동,지상1층)"
20050105661,"서울특별시 강남구 테헤란로 606(대치동,지하2층)"
20050105662,"서울특별시 강남구 테헤란로 606(대치동,지상22,23층)"
20050105982,"서울특별시 강남구 개포로 512(개포동,개포종합상가지상1층108호)"
20050106603,"서울특별시 강남구 선릉로90길 56(대치동,대우아이빌명문가101동지상1층111호)"
20050107903,"서울특별시 강남구 언주로 640(논현동,지상1층)"
20050114145,"서울특별시 송파구 올림픽로 119(파인애플상가 B동 지상1층 09호 10호 잠실동, 파인애플상가 1층 B동 09호 10호)"
20050115422,"서울특별시 송파구 올림픽로 240(잠실동,롯데월드어드벤쳐내 2층)"
20050115781,"서울특별시 송파구 올림픽로 240(4층 잠실동, 롯데월드어드벤쳐)"
20050120929,서울특별시 강동구 양재대로 1471(1층 104호 길동)
20050134475,"부산광역시 동래구 중앙대로 1523(SK HUB SKY 1층 B1-07,B1-08호 온천동)"
20050139131,부산광역시 북구 만덕대로 116(A동 덕천동)
20050139302,"부산광역시 북구 금곡대로303번길 94(101호 화명동, 화명동 더누림 오피스텔)"
20050141345,"부산광역시 해운대구 윗반송로31번길 113-17(반송동, 1층전부)"
20050147347,부산광역시 금정구 무학송로 127(부곡동)
20050152343,"부산광역시 남구 분포로 145(2층 2037호 용호동, 더블유)"
20050160479,대구광역시 동구 송라로 87(신천동)
20050160527,"대구광역시 동구 동촌로48길 38(방촌동,외1필지)"
20050160532,대구광역시 동구 금강로 16(동호동)
20050163615,대구광역시 서구 문화로 250(평리동)
20050166148,대구광역시 남구 봉덕로10길 17(봉덕동)
20050166350,대구광역시 남구 대명로 311(대명동)
20050166365,대구광역시 남구 중앙대로 141(1층 대명동)
20050168302,대구광역시 북구 학남로15길 3(국우동)
20050168679,대구광역시 북구 호암로 30(칠성동2가)
20050168768,"대구광역시 북구 동북로 163(101동 1층 104호 산격동, 산격대우아파트)"
20050174867,대구광역시 수성구 무학로21길 51(두산동)
20050181044,"대구광역시 달서구 학산로19길 33(본동,지상1층)"
20050181225,대구광역시 달서구 성지로18길 10-4(1층 용산동)
20050182177,대구광역시 달서구 신당로 25(신당동)
20050188159,대구광역시 달성군 하빈면 달구벌대로55길 94
20050188229,대구광역시 달성군 화원읍 사문진로 447
20050197351,인천광역시 연수구 청량로70번길 40-12(2층 동춘동)
20050197537,"인천광역시 연수구 센트럴로 123(송도컨벤시아 1층 M19,20,21호 송도동)"
20050197567,"인천광역시 연수구 신송로125번길 13(아크리아1 지상1층 114,115호 송도동)"
20050197589,"인천광역시 연수구 학나래로6번길 56(선학동, 지상1층)"
20050199241,"인천광역시 남동구 주안로237번길 2(간석동,연와마을2길 2 1층일부)"
20050199278,"인천광역시 남동구 남동대로799번길 34(판매시설동 2층 c동207호 구월동, 신영구월지웰시티푸르지오)"
20050199285,"인천광역시 남동구 인하로 485(9층 구월동, 뉴코아아울렛)"
20050199936,"인천광역시 남동구 백범로 182(만수동,1층, 2층)"
20050202524,"인천광역시 부평구 평천로 394(삼산동,시티프라자 B02호)"
20050202677,인천광역시 부평구 안남로 275(가동 1층 산곡동)
20050205118,"인천광역시 계양구 계양대로205번길 23(계산동,101호)"
20050205189,"인천광역시 계양구 계양문화로59번길 14(계산동,101,102호)"
20050208166,"인천광역시 검단구 청마로167번길 16(당하동, 당하프라자 104호)"
20050214230,전남광주통합특별시 동구 밤실로 154(산수동)
20050216917,"전남광주통합특별시 서구 월드컵4강로 77(화정동,일층)"
20050219116,전남광주통합특별시 남구 봉선2로 85(1층 봉선동)
20050227681,전남광주통합특별시 광산구 수등로 248(신가동)
20050227779,전남광주통합특별시 광산구 신창로 132(1층 신창동)
20050231018,대전광역시 동구 동산초교로22번길 57(홍도동)
20050233407,"대전광역시 중구 평촌로 102(유천동,1층)"
20050233753,"대전광역시 중구 목중로26번길 35(중촌동,1층)"
20050236009,"대전광역시 서구 배재로 166(도마동,1층)"
20050237159,"대전광역시 서구 복수동로 54(복수동,1층)"
20050240389,대전광역시 유성구 대학로 175-1(지상1층 궁동)
20050240478,"대전광역시 유성구 지족로 355(지상1층 101,102호 지족동, 월드프라자)"
20050245142,울산광역시 중구 성안로 156(1층 성안동)
20050247260,"울산광역시 남구 신복로22번길 23(무거동,번지지상1층)"
20050247941,"울산광역시 남구 삼산중로114번길 19(삼산동,지상1층)"
20050252156,울산광역시 동구 전하로 33(한라한빛상가104동 105호 전하동)
20050255184,울산광역시 울주군 삼동면 삼동로 404(지상2층)
20050267094,경기도 수원시 팔달구 인계동 1046-2 가동
20050267224,경기도 수원시 팔달구 중부대로 233(우만동)
20050267271,경기도 수원시 팔달구 권광로175번길 41(인계동)
20050267338,경기도 수원시 팔달구 인계로 154(8층 인계동)
20050271185,경기도 수원시 장안구 서부로 2113(율전동)
20050271213,경기도 수원시 장안구 조원로 94-1(조원동)
20050273040,"경기도 수원시 권선구 세권로316번길 12-9(권선동,온수골1길5)"
20050273067,경기도 수원시 권선구 동수원로146번길 233-25(곡반정동)
20050281104,"경기도 성남시 분당구 야탑로81번길 11(야탑동, 뉴코아빌딩 7층 일부)"
20050281216,"경기도 성남시 분당구 정자일로 100(정자동,미켈란쉐르빌113호일부)"
20050281285,"경기도 성남시 분당구 야탑로81번길 11(야탑동,뉴코아주7층 일부)"
20050281336,"경기도 성남시 분당구 서현로 204(서현동,엘지분당에클라트2차 209)"
20050281452,"경기도 성남시 분당구 돌마로 478(서현동,효자촌프라자 지상1층 111호)"
20050285134,"경기도 의정부시 가능로49번길 9(가능동,지상1층)"
20050285379,"경기도 의정부시 시민로 39(의정부동, 대정프라자 102호)"
20050285595,"경기도 의정부시 평화로 635(의정부동, 미림프라자 102,103,202호)"
20050285810,"경기도 의정부시 부용로 211(신곡동,지상1층)"
20050292225,"경기도 안양시 동안구 학의로 126(1층 111호 관양동, 한가람한양아파트상가동)"
20050298083,"경기도 부천시 원미구 역곡로14번길 34(101호 역곡동, 우남아파트, 101호 일부)"
20050301172,경기도 부천시 소사구 소사로 257(1층 102호 소사본동)
20050304366,경기도 광명시 하안로287번길 11(동명빌딩 107호 하안동)
20050308310,경기도 평택시 서정북로 87(서정동)
20050309036,경기도 평택시 안중읍 안중로18번길 7
20050309238,경기도 평택시 안중읍 안중로8번길 68-12(1층)
20050313189,경기도 안산시 상록구 광덕1로 375(강우pl 115호 이동)
20050313379,"경기도 안산시 상록구 상록수로 48(우정빌딩 105~107, 201~202호 본오동)"
20050316395,"경기도 안산시 단원구 지곡로 29(선부동, 969-3  1층)"
20050323196,"경기도 고양시 덕양구 충경로 38(행신동,외1필지진일프라자115호)"
20050323219,"경기도 파주시 탄현면 필승로 200(파주프리미엄아울렛 2층 707,709호)"
20050325086,"경기도 고양시 일산동구 일산로 238(마두동,대일상가 101호)"
20050325421,"경기도 고양시 일산동구 정발산로 31-9(장항동,레이크프라자109호)"
20050327078,"경기도 고양시 일산서구 킨텍스로 217-60(대화동, 한국국제전시장 3층일부)"
20050329003,"경기도 과천시 경마공원대로 107(주암동, 해피빌 2층 남단 주암동)"
20050329019,경기도 과천시 경마공원대로 107(해피빌 1층 중앙 주암동)
20050329027,경기도 과천시 경마공원대로 107(해피빌 5층 남단 주암동)
20050329028,"경기도 과천시 경마공원대로 107(주암동,마사회 구관람대 4층)"
20050329039,경기도 과천시 경마공원대로 107(해피빌 2층 북단 주암동)
20050330015,경기도 구리시 건원대로 51(창일빌딩 1층 인창동)
20050332441,경기도 남양주시 호평로46번안길 12-3(1층 호평동)
20050336438,"경기도 오산시 경기대로 181(원동, 이마트 1층)"
20050336445,"경기도 오산시 경기대로 181(원동, 이마트 1층)"
20050336448,"경기도 오산시 경기대로 181(원동, 이마트 1층)"
20050336454,"경기도 오산시 경기대로 181(원동, 이마트 1층)"
20050342359,"경기도 군포시 금산로 55(101,102호 산본동, 화남빌딩)"
20050345125,"경기도 하남시 신장로 151(덕풍동,대동피렌체 105호)"
20050348251,"경기도 용인시 처인구 주북로 66-16(고림동,용인상휴게소)"
20050348253,"경기도 용인시 처인구 주북로94번길 30-1(고림동,용인하휴게소)"
20050348254,"경기도 용인시 처인구 주북로94번길 30-1(고림동,용인하휴게소)"
20050348255,"경기도 용인시 처인구 주북로 66-16(고림동,용인상휴게소)"
20050348256,"경기도 용인시 처인구 주북로 66-16(고림동,용인상휴게소)"
20050348329,경기도 용인시 처인구 포곡읍 에버랜드로 199(외13필지)
20050353074,경기도 용인시 수지구 현암로 119(죽전메디뷰 102호 죽전동)
20050353241,"경기도 용인시 수지구 탄천상로 7(죽전동, 현대힐스테이트 상가1동 101,102호)"
20050355610,"경기도 파주시 금빛로 24-18(2층 202,203호 금촌동, 거성프라자)"
20050358052,경기도 이천시 영창로 228(1층 창전동)
20050358456,경기도 이천시 마장면 중부대로609번길 244-35
20050358462,경기도 이천시 마장면 중부대로609번길 244-35
20050360061,경기도 평택시 현신3길 5-9(1층 용이동)
20050360209,경기도 안성시 원곡면 경부고속도로 365
20050362279,"경기도 김포시 중봉로 4(감정동,10호)"
20050368101,"경기도 광주시 광주대로 11-26(역동,외1필지)"
20050370115,경기도 양주시 장흥면 가마골로 40-8(우남상가 103호)
20050370200,"경기도 양주시 회정로 135(덕정동,우창프라자 105호)"
20050370428,"경기도 양주시 독바위로 79-13(덕정동,외1필지 A동 205호)"
20050375117,경기도 여주시 가남읍 화평길 116
20050375211,경기도 여주시 여흥로 111
20050377125,경기도 가평군 상면 둔덕말길 232(2층)
20050377141,경기도 가평군 상면 둔덕말길 232(1층)
20050378150,경기도 양평군 양평읍 관문길 57
20050380536,강원특별자치도 춘천시 후석로186번길 18(1층 석사동)
20050383421,"강원특별자치도 원주시 서원대로 406(단구동, 리더스타워 206호)"
20050383822,강원특별자치도 원주시 시청로 27(지상2층 무실동)
20050386356,강원특별자치도 강릉시 임영로 115(성내동)
20050389100,강원특별자치도 동해시 천곡로 42-1(1층 천곡동)
20050391038,강원특별자치도 태백시 태붐로 20(2층 황지동)
20050392104,강원특별자치도 속초시 중앙로 89-1(청학동)
20050394050,강원특별자치도 홍천군 홍천읍 번영로 15-1
20050396012,강원특별자치도 영월군 영월읍 관풍헌길 36
20050396052,강원특별자치도 영월군 영월읍 중앙1로 4
20050397012,강원특별자치도 평창군 대관령면 대관령로 110
20050398037,강원특별자치도 정선군 고한읍 고한리 산 166
20050398040,강원특별자치도 정선군 고한읍 고한리 산 166
20050417002,충청북도 청주시 상당구 중흥로 129(1층 용암동)
20050421370,"충청북도 청주시 서원구 복대로 31(갤러리타워 1층 109,110호 개신동)"
20050425596,"충청북도 청주시 흥덕구 백봉로223번길 2(봉명동,1층)"
20050441028,충청북도 영동군 영동읍 계산로1길 17
20050452234,충청남도 천안시 서북구 두정중11길 22(1층 두정동)
20050458004,충청남도 공주시 흑수골길 38(신관동)
20050458026,충청남도 공주시 번영1로 70(1층 104호 신관동)
20050459059,충청남도 보령시 작은오랏1길 27(동대동)
20050463165,충청남도 서산시 한마음13로 25(석림동)
20050466037,충청남도 계룡시 엄사면 번영로 70(한성주택)
20050474092,충청남도 예산군 덕산면 온천단지3로 45-7
20050478114,전북특별자치도 전주시 완산구 거마평로 152(효자동1가)
20050478460,전북특별자치도 전주시 완산구 팔달로 187-1(경원동1가)
20050487533,"전북특별자치도 익산시 동서로19길 74(신동,밀레니엄 112호,113호,114호)"
20050493084,전북특별자치도 김제시 검산택지4길 25(검산동)
20050493091,전북특별자치도 김제시 동서로 244-1(요촌동)
20050506562,전남광주통합특별시 여수시 쌍봉로 357(둔덕동)
20050506694,전남광주통합특별시 여수시 시청동5길 5(1층 학동)
20050509244,전남광주통합특별시 순천시 해룡면 장선배기길 272(부영6차상가5호)
20050509504,전남광주통합특별시 순천시 비봉2길 22(7층 조례동)
20050509559,"전남광주통합특별시 순천시 장선배기길 77(1층 4호 조례동, 부영아파트5차상가)"
20050509609,전남광주통합특별시 순천시 왕지5길 4(3층 301호 왕지동)
20050518080,전남광주통합특별시 고흥군 도양읍 천마로 72(1층)
20050528016,전남광주통합특별시 장성군 북일면 호남고속도로 108
20050528021,전남광주통합특별시 장성군 북이면 호남고속도로 107
20050528080,전남광주통합특별시 장성군 삼서면 태청로 428
20050536309,"경상북도 포항시 북구 학산로 62(학산동,롯데백화점지하1층)"
20050538178,경상북도 경주시 대안길11번길 12(동천동)
20050538275,경상북도 경주시 한빛길10번길 32-1(B동 성건동)
20050538575,경상북도 경주시 외동읍 내외로 577-189
20050541100,경상북도 김천시 신음동 1307 주공해돋이타운상가 103호
20050548545,경상북도 구미시 신비로3길 9(1층 신평동)
20050548638,"경상북도 구미시 경은로 68(형곡동,씨에이치새로빌 103호)"
20050571041,경상북도 예천군 예천읍 시장로 125-1
20050589078,"경상남도 창원시 성산구 용지로169번길 5(용호동,레이크뷰빌딩2층201호)"
20050592031,"경상남도 창원시 성산구 중앙대로 49(2층 207호 중앙동, 서광오피스텔)"
20050592220,"경상남도 창원시 성산구 마디미로15번길 5(상남동,복합빌딩 1층 101호)"
20050595344,"경상남도 창원시 마산합포구 해안대로 2(해운동,댓츠빌딩)"
20050597444,경상남도 창원시 마산회원구 내서읍 삼계로 2(웰빙프라자112호)
20050601448,"경상남도 진주시 동진로 28(칠암동, M코아빌딩 1층일부102호,103호,104호)"
20050607043,경상남도 김해시 구산로42번길 10-1(구산동)
20050607466,"경상남도 김해시 분성로501번길 25(어방동,외1)"
20050607710,경상남도 김해시 인제로 159(어방동)
20050612386,경상남도 거제시 장평3로 80-37(장평동)
20050612389,경상남도 거제시 장승포로 32(장승포동)
20050616043,경상남도 의령군 의령읍 의병로20길 56
20050617064,경상남도 함안군 가야읍 함마대로 1510(1층 2호)
20050624055,경상남도 거창군 거창읍 강양5길 45
20050627475,제주특별자치도 제주시 애월읍 애월해안로 991(1층)
20050627616,제주특별자치도 제주시 도두항서7길 2(1층 도두일동)
20050631388,제주특별자치도 서귀포시 일주동로 8544(동인빌딩 동홍동)
20060029556,"서울특별시 중구 퇴계로76길 36(무학동, 지하1층~2층)"
20060029625,"서울특별시 중구 통일로 78(순화동,외1필지지상1층)"
20060029806,"서울특별시 중구 다산로36길 11(신당동, 1층)"
20060030127,"서울특별시 중구 통일로 78(순화동,외1필지지상2층)"
20060033158,서울특별시 용산구 한강대로23길 55(용산역 4층 472-002호 한강로3가)
20060036317,서울특별시 성동구 독서당로 398(노선상가 3층 301호 응봉동)
20060039305,서울특별시 광진구 능동로 92(롯데백화점 스타시티몰 2층 자양동)
20060042971,"서울특별시 동대문구 정릉천동로 58(1층 133호 용두동, 롯데캐슬피렌체)"
20060046267,"서울특별시 중랑구 망우로 353(지하1층 상봉동, 상봉 프레미어스 엠코)"
20060053631,"서울특별시 강북구 도봉로 62(미아동,롯데백화점 8층)"
20060059178,"서울특별시 노원구 월계로 370(126호 월계동, 희성프라자)"
20060059342,"서울특별시 노원구 동일로204가길 46(중계동, 2001 아울렛 8층)"
20060063245,서울특별시 은평구 갈현로 141(1층 102호 구산동)
20060066280,서울특별시 서대문구 연세로5가길 14(2층 201호 창천동)
20060073503,서울특별시 양천구 목동서로 349(센트럴프라자 1층 107~108호 신정동)
20060076304,서울특별시 강서구 화곡로 416(가양역 더스카이밸리5차 지식산업센터 1층 118호 등촌동)
20060080056,서울특별시 구로구 시흥대로 557(구로동)
20060084133,서울특별시 금천구 금하로 619(지상1층 시흥동)
20060084270,서울특별시 금천구 금하로 635(지상1층 시흥동)
20060086621,서울특별시 영등포구 영신로19길 30(1층층 일부호 영등포동)
20060094065,서울특별시 관악구 남부순환로 1921(금강빌딩 2층 봉천동)
20060094523,"서울특별시 관악구 호암로 598(신림동,지상1층)"
20060099007,"서울특별시 서초구 강남대로93길 28(1,2층 잠원동)"
20060105160,"서울특별시 강남구 봉은사로74길 5(삼성동,현대빌라트지상1층102호)"
20060105651,서울특별시 강남구 개포로22길 14(지상1층 개포동)
20060114109,"서울특별시 송파구 올림픽로 269(지상2층 신천동, 롯데캐슬골드 캐슬플라자 201~2,210~5호)"
20060115156,서울특별시 송파구 올림픽로43길 88(풍납동)
20060115357,서울특별시 송파구 백제고분로 202(지상1층 삼전동)
20060120015,서울특별시 강동구 천호대로 1033(천호동)
20060120804,서울특별시 강동구 양재대로111길 18(1층 길동)
20060120951,"서울특별시 강동구 진황도로31길 26(1층 104호 천호동, 성원아파트)"
20060120997,서울특별시 강동구 올림픽로 552(홍익빌딩 1층 104호 성내동)
20060131139,부산광역시 부산진구 엄광로 62(개금동)
20060134098,"부산광역시 동래구 중앙대로 1393(온천동, 롯데백화점동래점8층)"
20060134387,"부산광역시 동래구 중앙대로 1523(온천동,지하1층 홈플러스동래점)"
20060137192,"부산광역시 남구 용호로232번길 25-14(용호동, 부산성모병원)"
20060139140,부산광역시 북구 만덕대로66번길 27(덕천동)
20060139361,"부산광역시 북구 만덕3로 34(만덕동,신만덕길74)"
20060141166,"부산광역시 해운대구 해운대로383번길 5(우동, 지상1층)"
20060141783,"부산광역시 해운대구 해운대로 813(좌동, 장산NC백화점 7층)"
20060144123,부산광역시 사하구 낙동대로 513(하단동)
20060147139,부산광역시 금정구 서동로175번길 12(서동)
20060152086,부산광역시 수영구 무학로 30-4(1층 광안동)
20060154025,부산광역시 사상구 학장로 321(1층 주례동)
20060156106,부산광역시 기장군 기장읍 차성로436번길 6-2(102호)
20060160350,"대구광역시 동구 동대구로 550(신암동, 동대구역내)"
20060166360,대구광역시 남구 대명로13길 20(대명동)
20060166386,대구광역시 남구 명덕로28길 12(대명동)
20060168658,대구광역시 북구 동변로15길 3-7(동변동)
20060168874,대구광역시 북구 동북로 280(복현동)
20060168909,대구광역시 북구 침산남로 40(2층 노원동1가)
20060174171,대구광역시 수성구 달구벌대로631길 6(1층 매호동)
20060174305,대구광역시 수성구 시지로 55(시지동)
20060174422,대구광역시 수성구 용학로35길 35(지산동)
20060174477,대구광역시 수성구 청호로46길 5(황금동)
20060174507,"대구광역시 수성구 달구벌대로637길 22-3(101동 1층 점포2호 매호동, 매호리첸시아아파트)"
20060174572,대구광역시 수성구 달구벌대로 3268(신매동)
20060174660,대구광역시 달서구 조암남로19길 101(1층 월성동)
20060181522,"대구광역시 달서구 달구벌대로305길 59(용산동,지상1층)"
20060181597,"대구광역시 달서구 용산로 259(206동 1층 102호 용산동, 용산파크타운)"
20060181890,대구광역시 달서구 이곡공원로1길 108(지상1층 이곡동)
20060181919,대구광역시 달서구 미리샘길 21(도원동)
20060188161,대구광역시 달성군 다사읍 대실역북로 55(302동 1층 103호 대실역 동화 아이위시)
20060192118,인천광역시 제물포구 수문통로 30(1층 송현동)
20060192140,"인천광역시 제물포구 수문통로 58(송현동,1층)"
20060192151,인천광역시 제물포구 새천년로 32(1층 송림동)
20060193265,인천광역시 미추홀구 매소홀로 167(신창미션힐상가동 103호 용현동)
20060197308,"인천광역시 연수구 독배로 35(지상1층 101,113,115,118호 옥련동)"
20060199031,"인천광역시 남동구 복개서로97번길 15(구월동,,11,12 복개서로89번길 30-1  1층)"
20060205314,"인천광역시 계양구 효서로 137(효성동,외7필지)"
20060205384,"인천광역시 계양구 계양대로 56(작전동,2층)"
20060208070,"인천광역시 검단구 완정로 208(상가1동 104호 금곡동, 검단우방아이유쉘)"
20060208573,"인천광역시 서해구 승학로 482(1층 106호 검암동, 네오프라자)"
20060214272,"전남광주통합특별시 동구 독립로 268(대인동, 10층)"
20060216318,"전남광주통합특별시 서구 무진대로 932(지하1층 광천동, 신세계백화점)"
20060219303,전남광주통합특별시 남구 군분로 20(1층 백운동)
20060227078,전남광주통합특별시 광산구 첨단중앙로106번길 29(월계동)
20060227744,"전남광주통합특별시 광산구 소촌로152번길 5(소촌동,스위트밸리2차 상가 208동101호)"
20060231067,대전광역시 동구 동대전로 72(2층 대동)
20060236240,대전광역시 서구 둔산로31번길 52(덕삼빌딩 1층 일부호 둔산동)
20060236669,대전광역시 서구 월평로 40(월드프라자 1층 101호 월평동)
20060236874,"대전광역시 서구 둔산로31번길 66(둔산동,1층)"
20060237040,대전광역시 서구 계룡로491번길 90(1층 둔산동)
20060240040,대전광역시 유성구 반석로 19(반석동)
20060240175,"대전광역시 유성구 테크노4로 119(지상1층 관평동, 리치스카이타워)"
20060242037,"대전광역시 대덕구 대덕대로 1555(상가동 122호 석봉동, 금강엑슬루타워)"
20060245027,울산광역시 중구 곽남6길 12(남외동)
20060245397,울산광역시 중구 화합로 412(1층 반구동)
20060247402,"울산광역시 남구 신복로 66(101,105호 무거동)"
20060254202,"울산광역시 북구 명촌로 35(진장동, 지상2,3층)"
20060257135,세종특별자치시 조치원읍 행복12길 13
20060267238,경기도 수원시 팔달구 덕영대로 924(3층 매산로1가)
20060269040,"경기도 수원시 영통구 매탄로 102(매탄동,이삭프라자 109호)"
20060271372,경기도 수원시 장안구 장안로 271(북수원렉스비아 상가3동 1층 101호 정자동)
20060277277,경기도 성남시 수정구 태평로 4(3층 태평동)
20060279252,"경기도 성남시 중원구 산성대로390번길 3(지층 01호 금광동, 백암트윈빌)"
20060279280,경기도 성남시 중원구 금상로 27(1층 상대원동)
20060281579,"경기도 성남시 분당구 미금일로86번길 12-6(구미동,1층전부)"
20060281724,"경기도 성남시 분당구 성남대로331번길 3-10(정자동, 1층 일부)"
20060285527,"경기도 의정부시 청사로48번길 25(금오동,지상2, 3층)"
20060290224,"경기도 안양시 만안구 예술공원로154번길 6(안양동,지하1층, 1층)"
20060297463,"경기도 부천시 원미구 지봉로 43-3(역곡동,,19 1층)"
20060297684,"경기도 부천시 원미구 신흥로56번길 55(심곡동,2층)"
20060301097,경기도 부천시 소사구 경인로 570(1층 괴안동)
20060301209,경기도 부천시 소사구 소사로 136(소사본동)
20060306126,"경기도 평택시 평택5로114번길 50(비전동, 뉴코아주차빌딩1층)"
20060308332,"경기도 평택시 경기대로 1286(106호,107호 이충동, 명성빌딩)"
20060310145,경기도 동두천시 지행로 81(105호 지행동)
20060313005,"경기도 안산시 상록구 본삼로 60(월드아파트 상가1동, 1층 106호 본오동)"
20060313364,경기도 안산시 상록구 학사2길 1(1층 사동)
20060313610,"경기도 안산시 상록구 건건로 131(현대월드프라자 1층 102,103호 건건동)"
20060313614,경기도 안산시 상록구 감골2로 43(요진아파트 요진중심상가 102호 사동)
20060323104,"경기도 고양시 덕양구 혜음로 21(고양동,1층)"
20060325148,"경기도 고양시 일산동구 호수로446번길 73-3(백석동,1층전체)"
20060330004,경기도 남양주시 다산순환로 50(현대프리미엄아울렛 SPACE1-A359호 다산동)
20060330200,"경기도 구리시 벌말로129번길 62(토평동,1층)"
20060332960,경기도 남양주시 늘을1로16번길 29(늘봄타워 101호 호평동)
20060336228,"경기도 오산시 성호대로 123(1층 오산동, 오산그린프라자 105호)"
20060342314,"경기도 군포시 고산로 695(203,204,205호 산본동, 산본타운)"
20060348129,경기도 용인시 처인구 포곡읍 에버랜드로 199(외 72필지)
20060348130,경기도 용인시 처인구 포곡읍 에버랜드로 199(외72필지)
20060350342,"경기도 용인시 기흥구 평촌2로2번길 10(동백동, 1층)"
20060353151,"경기도 용인시 수지구 성복2로 51(성복동,YK타운 비동 108호)"
20060355082,경기도 파주시 금빛로 15(미라클프라자 102.103호 금촌동)
20060358011,경기도 이천시 모가면 사실로 984(1동)
20060358012,경기도 이천시 모가면 사실로 984(1동 2층)
20060358013,경기도 이천시 모가면 사실로 984(1동 2층)
20060358018,경기도 이천시 모가면 사실로 984(1동 1층)
20060358064,경기도 이천시 서희로59번길 3-1(2층 창전동)
20060358141,경기도 이천시 부발읍 경충대로2050번길 15-60(103호)
20060368159,경기도 광주시 곤지암읍 경충대로 772
20060368326,경기도 광주시 고불로 54(중대동)
20060372384,경기도 포천시 호병로 81(나동 1층 신읍동)
20060376030,경기도 연천군 연천읍 연천역로 7
20060383754,강원특별자치도 원주시 지정면 오크밸리2길 58(스키및골프하우스 A동 2층)
20060393149,강원특별자치도 삼척시 중앙로 258(당저동)
20060393193,강원특별자치도 삼척시 대학로 32-9(1층 남양동)
20060396042,강원특별자치도 영월군 영월읍 단종로16번길 37
20060397001,강원특별자치도 평창군 봉평면 태기로 228-33
20060398077,강원특별자치도 정선군 고한읍 고한리 산 1-17 마운틴
20060398105,강원특별자치도 정선군 고한읍 고한7길 399
20060421217,충청북도 청주시 서원구 성화로 113(1층 죽림동)
20060425285,"충청북도 청주시 흥덕구 대농로 43(2층 220, 221, 222호 복대동, 신영지웰시티)"
20060429144,충청북도 청주시 청원구 충청대로 114(그랜드플라자청주호텔 4층 율량동)
20060429145,충청북도 청주시 청원구 충청대로 114(2층 율량동)
20060429168,"충청북도 청주시 청원구 충청대로 114(율량동, 2층)"
20060429169,"충청북도 청주시 청원구 충청대로 114(율량동, 2층)"
20060429171,"충청북도 청주시 청원구 충청대로 114(율량동, 2층)"
20060429173,"충청북도 청주시 청원구 충청대로 114(율량동, 21층)"
20060429346,충청북도 청주시 청원구 오창읍 과학산업5로 118-4(1층 101호)
20060445246,충청북도 음성군 감곡면 장감로 154
20060452417,"충청남도 천안시 서북구 서부1길 38(성정동,1층)"
20060452863,충청남도 천안시 서북구 성거읍 봉주로 97(1층)
20060456193,충청남도 당진시 신평면 거산3거리길 46
20060471111,충청남도 서천군 서천읍 서천로 146
20060473049,충청남도 홍성군 홍성읍 조양로 140
20060481353,전북특별자치도 전주시 덕진구 무삼지로 80(인후동1가)
20060481449,전북특별자치도 전주시 덕진구 시천로 46(송천동1가)
20060484282,전북특별자치도 군산시 수송로 34(나운동)
20060503248,전남광주통합특별시 목포시 용해지구로 57(1층 연산동)
20060503286,전남광주통합특별시 목포시 자유로 52(산정동)
20060503496,전남광주통합특별시 목포시 평화로 40(상동)
20060506503,"전남광주통합특별시 여수시 상암로 8(라온유아파트 상가동 103,107호 둔덕동)"
20060509126,전남광주통합특별시 순천시 풍덕5길 52(1층 풍덕동)
20060509173,전남광주통합특별시 순천시 연향1로 23(1층 연향동)
20060512037,전남광주통합특별시 나주시 나주로 181(일부 중앙동)
20060513138,"전남광주통합특별시 광양시 공영로 10(상가동 102호일부호 중동, 금광1차아파트)"
20060515026,전남광주통합특별시 담양군 봉산면 죽향대로 723
20060520074,전남광주통합특별시 화순군 화순읍 칠충로 143(1층)
20060524044,전남광주통합특별시 영암군 삼호읍 대불로 91(1층)
20060529079,전남광주통합특별시 완도군 완도읍 장보고대로 182(1층)
20060534235,"경상북도 포항시 남구 포스코대로 337(대도동,외1필지)"
20060534244,"경상북도 포항시 남구 대이로127번길 17(이동,1층)"
20060538106,경상북도 경주시 보문로 182-27(지하1층 북군동)
20060538228,경상북도 경주시 보문로 402-12(신평동)
20060538512,경상북도 경주시 양정로 286-1(1층 동천동)
20060541102,경상북도 김천시 김천로 103-1(평화동)
20060541138,경상북도 김천시 문지왈1길 11(1층 부곡동)
20060548024,경상북도 구미시 고아읍 문장로 194(1층 103호)
20060548149,"경상북도 구미시 1공단로 182(공단동,금오빌딩 104호)"
20060548189,경상북도 구미시 인동가산로 14(진평동)
20060548590,"경상북도 구미시 인동38길 9-16(구평동,구평동종합프라자 111호)"
20060555001,경상북도 영천시 문외동 49-2 영진궁전빌라 105동 102호
20060556004,경상북도 상주시 상산로 246(남성동)
20060558079,경상북도 문경시 중앙8길 6(점촌동)
20060558098,경상북도 문경시 마성면 문경골프장길 240(주문경레저타운)
20060560141,경상북도 경산시 경산로16길 6-7(옥곡동)
20060566127,"경상북도 영덕군 축산면 축산항3길 25(1,2층)"
20060570048,경상북도 칠곡군 왜관읍 중앙로 189-1
20060570110,경상북도 칠곡군 석적읍 유학로 3
20060571015,경상북도 예천군 예천읍 이미기길 71(제주복집)
20060595079,경상남도 창원시 마산합포구 북성로 91(상남동)
20060597307,경상남도 창원시 마산회원구 내서읍 광려천북로 184(코코프라자 103호)
20060599070,경상남도 창원시 진해구 진해대로874번길 5-9(석동)
20060599368,"경상남도 창원시 진해구 용원서로39번길 6(1층 102호 용원동, 달링하버2)"
20060601482,경상남도 진주시 진주대로 830(1층 일부 주약동)
20060607135,경상남도 김해시 삼안로8번길 24(지내동)
20060607938,경상남도 김해시 주촌면 서부로1637번길 574(지하1층)
20060612016,경상남도 거제시 장평3로4길 45(1층 장평동)
20060612068,경상남도 거제시 옥포로26길 3-2(1층 옥포동)
20060612140,"경상남도 거제시 옥포대첩로 45(옥포동,6호)"
20060612229,"경상남도 거제시 옥포로6길 11(옥포동,1층)"
20060612353,경상남도 거제시 서문로 73(1층 103호 고현동)
20060612376,경상남도 거제시 고현로11길 14(1층 고현동)
20060627131,제주특별자치도 제주시 중앙로 87(1층 이도일동)
20060627177,"제주특별자치도 제주시 아연로 11(제1동, 제2동 1층 연동)"
20060627187,제주특별자치도 제주시 구좌읍 구좌로 22(1층)
20060627322,제주특별자치도 제주시 고마로 65(1층 일도이동)
20060631157,제주특별자치도 서귀포시 이어도로 684(강정동)
20070025234,서울특별시 종로구 종로 225(1층 종로5가)
20070029326,"서울특별시 중구 을지로44길 6(을지로6가,지상1층)"
20070036435,"서울특별시 성동구 성덕정길 59(성수동1가,지상1층)"
20070050721,"서울특별시 성북구 정릉로 165(정릉동,1~3층3층134㎡)"
20070063037,서울특별시 은평구 서오릉로11길 26(1층 구산동)
20070066394,서울특별시 서대문구 세검정로1길 21(1~2층 홍은동)
20070069570,"서울특별시 마포구 월드컵로 240(성산동, 월드컵경기장 2층 일부)"
20070070120,"서울특별시 마포구 양화로6길 103(서교동, 1층)"
20070076514,"서울특별시 강서구 공항대로46길 85(1층 화곡동, 6동)"
20070081040,"서울특별시 구로구 경인로 643(205동 1층 116,117,118,119,135호 신도림동, 신도림2차동아아파트)"
20070086365,서울특별시 영등포구 여의대방로 376(나라키움빌딩 2층 여의도동)
20070087063,서울특별시 영등포구 여의대로 8(여의도파크센터 3층 여의도동)
20070087064,"서울특별시 영등포구 여의대로 8(여의도동,여의도파크센터 지하2층)"
20070087231,서울특별시 영등포구 의사당대로 38(여의도더샵아일랜드파크 103동 111호 여의도동)
20070091278,서울특별시 동작구 흑석로 101-3(흑석동)
20070094151,"서울특별시 관악구 관악로 1(신림동,지상1층)"
20070105447,"서울특별시 강남구 강남대로118길 14(논현동,1층)"
20070105759,"서울특별시 강남구 압구정로30길 45(신사동,지하4층)"
20070107360,"서울특별시 강남구 언주로 711(논현동,지하1층)"
20070114480,"서울특별시 송파구 송파대로 453(레이크빌 빌딩 1층 5,6호 석촌동)"
20070115324,"서울특별시 송파구 올림픽로 240(잠실동,롯데백화점 내 지상11층)"
20070120244,"서울특별시 강동구 상암로 195(명일동,105호)"
20070120396,서울특별시 강동구 구천면로42길 4(2층 천호동)
20070126199,부산광역시 중구 대청로137번길 10-2(1층 중앙동3가)
20070129161,"부산광역시 동구 중앙대로 206(초량동,부산역사1층)"
20070131277,부산광역시 부산진구 당감로 108(협성피닉스타운상가 112동 116호 부암동)
20070131383,부산광역시 부산진구 동천로 53(부전동)
20070141698,"부산광역시 해운대구 세실로69번길 9(좌동,  103, 104호)"
20070144202,부산광역시 사하구 장평로 123(장림동)
20070144369,부산광역시 사하구 회화나무길 67(괴정동)
20070147121,부산광역시 금정구 금단로 202(남산동)
20070150198,부산광역시 연제구 법원로32번길 9(거제동)
20070152005,부산광역시 수영구 수영로 735(1층 수영동)
20070154293,부산광역시 사상구 냉정로 125(주례동)
20070154301,"부산광역시 사상구 광장로 94(1, 2층 괘법동)"
20070154339,"부산광역시 사상구 백양대로 883(10동 108호 모라동, 동원아파트상가)"
20070160157,대구광역시 동구 동호로2길 37-16(동호동)
20070160356,대구광역시 동구 화랑로37길 92(1층 효목동)
20070166367,대구광역시 남구 현충로46길 35(대명동)
20070168382,대구광역시 북구 공항로 8(1층 2호 복현동)
20070168883,대구광역시 북구 칠곡중앙대로 483(관음동)
20070168949,대구광역시 북구 대현로13길 8(1층 대현동)
20070174382,대구광역시 수성구 수성로 328(수성동2가)
20070181079,대구광역시 달서구 야외음악당로 34(성당동)
20070181235,대구광역시 달서구 호산동로 177-1(호산동)
20070181417,대구광역시 달서구 이곡서로 21(1층 103호 이곡동)
20070181785,대구광역시 달서구 조암남로14길 19(1층 월성동)
20070181791,"대구광역시 달서구 진천로 51(진천동,지상1층)"
20070181839,대구광역시 달서구 성서공단로15길 48(호림동)
20070188121,대구광역시 달성군 다사읍 왕선로1길 36
20070197173,"인천광역시 연수구 먼우금로83번길 49(동춘동,대림3차아파트상가 101호지상1층)"
20070199238,"인천광역시 남동구 인하로 497-9(2층 202호 구월동, 신현프라자)"
20070199287,"인천광역시 남동구 서창남순환로 82(1층 109호 서창동, 청광플러스원아파트)"
20070199520,"인천광역시 남동구 인주대로623번길 11(1층 101호 구월동, 에스파스)"
20070199881,인천광역시 남동구 논현남로 15(1층 일부호 논현동)
20070202269,"인천광역시 부평구 수변로 8(부개동,파워프라자 112 1층)"
20070202419,인천광역시 부평구 배곶북로 12(1층 일부호 십정동)
20070202617,"인천광역시 부평구 장제로340번길 10(삼산동,외1필지 아이빌1층)"
20070202753,인천광역시 부평구 충선로311번길 11-7(1층 일부호 삼산동)
20070202799,"인천광역시 부평구 경원대로 1362(부평동,지예타워 101호)"
20070205370,"인천광역시 계양구 오조산로45번길 3(계산동,계양구청길 41-1 유진빌딩 1층일부)"
20070208587,"인천광역시 검단구 고산후로121번길 25(원당동, 제일프라자 103호)"
20070214030,전남광주통합특별시 동구 필문대로273번길 29(1층 101-2호 지산동)
20070214273,"전남광주통합특별시 동구 남문로 677(학동,1층)"
20070216442,"전남광주통합특별시 서구 무진대로 904(광천동, 유스퀘어,1층)"
20070221062,"전남광주통합특별시 북구 태봉로 72(신안동,2층)"
20070227018,전남광주통합특별시 광산구 첨단중앙로181번길 48(첨단 이정 주차빌딩 1층 104호 월계동)
20070227516,전남광주통합특별시 광산구 임방울대로826번길 31(1층 쌍암동)
20070227628,전남광주통합특별시 광산구 신창로 84(신창동)
20070231419,대전광역시 동구 대학로50번길 25(용운동)
20070231475,대전광역시 동구 대전로 446(가오동)
20070233246,"대전광역시 중구 보문산공원로 486(대사동,1,2층)"
20070236952,"대전광역시 서구 사마1길 28(도마동,1층)"
20070242011,대전광역시 대덕구 대청로 152(1층 신탄진동)
20070245055,울산광역시 중구 번영로 487(1층 L호 약사동)
20070245195,울산광역시 중구 태화강국가정원길 231-12(1층 태화동)
20070247224,"울산광역시 남구 중앙로 20(야음동,번지지상 1층)"
20070247384,"울산광역시 남구 대공원입구로9번길 9(옥동, 지상1층)"
20070247407,"울산광역시 남구 달삼로76번길 11(달동,지상1층)"
20070247526,울산광역시 남구 남중로105번길 2-1(102호 삼산동)
20070252308,"울산광역시 동구 화문로 41(방어동, 1151-14)"
20070254066,울산광역시 북구 화동로 16(지상1층 화봉동)
20070267058,경기도 수원시 팔달구 권광로196번길 12(2층 인계동)
20070269046,"경기도 수원시 영통구 동수원로 316(12동 110호 매탄동, 임광아파트)"
20070271028,경기도 수원시 장안구 정조로 926(영화동)
20070271163,"경기도 수원시 장안구 정자천로173번길 11-10(203호 정자동, 뱅뱅프라자)"
20070271202,경기도 수원시 장안구 파장천로 24-1(파장동)
20070273404,경기도 수원시 권선구 서둔로 267(탑동)
20070277126,경기도 성남시 수정구 성남대로 1276(1층 태평동)
20070277262,"경기도 성남시 수정구 수정로 208(신흥동,1층 102호)"
20070285365,경기도 의정부시 신촌로 79(가능동)
20070285613,"경기도 의정부시 신곡로 60(신곡동,지상1층)"
20070290259,"경기도 안양시 만안구 경수대로1273번길 43-9(석수동,외1필지 지상1층)"
20070292077,"경기도 안양시 동안구 동안로 119(9층 호계동, 범계뉴코아)"
20070292079,"경기도 안양시 동안구 동안로 119(10층 호계동, 뉴코아아울렛)"
20070297219,경기도 부천시 원미구 지봉로 49(1층 역곡동)
20070297537,"경기도 부천시 원미구 조마루로 2(상동,부천체육문화센타스포츠센타동 B201호일부)"
20070297542,"경기도 부천시 원미구 조마루로 2(상동,부천체육문화센타스포츠센타동 B201호일부)"
20070297546,"경기도 부천시 원미구 조마루로 2(상동,부천체육문화센타스포츠센타동 B201호일부)"
20070297637,"경기도 부천시 원미구 중동로 244(중동,상록센트럴타워 111호)"
20070303077,경기도 부천시 오정구 오정로 246(신오빌딩2 1층일부호 오정동)
20070304416,경기도 광명시 철산로30번길 20(1층 9호 철산동)
20070306115,경기도 평택시 평택1로 74(1층 비전동)
20070310063,"경기도 동두천시 중앙로 110-13(지행동,개림프라자 108호)"
20070313178,경기도 안산시 상록구 중보로 22(401동 1층 104호 사동)
20070316332,"경기도 안산시 단원구 신길중앙로 8(신길동, 1403-8  1층)"
20070325354,"경기도 고양시 일산동구 백석로72번길 45-1(백석동,1층전부)"
20070325605,"경기도 고양시 일산동구 숲속마을로 50-70(영진프라자 103,104호 풍동)"
20070332131,경기도 남양주시 화도읍 재재기로190번길 160
20070332206,경기도 남양주시 진접읍 장현로 64
20070336177,경기도 화성시 동탄구 동탄역로 160(동탄역 롯데캐슬 판매시설 지1층 쇼핑몰 일부호 여울동)
20070336280,"경기도 오산시 오산로 93(갈곶동,외 3필지 한솔파크 105호)"
20070338714,경기도 시흥시 옥터로 56(1층 일부호 정왕동)
20070342386,"경기도 군포시 산본로 394(1층 105호 산본동, 대림프라자)"
20070348422,경기도 용인시 처인구 포곡읍 에버랜드로 199
20070350763,"경기도 용인시 기흥구 평촌1로1번길 7(동백동, 102호,103호)"
20070353597,"경기도 용인시 수지구 만현로 124(상현동,자이프라자 101호)"
20070358064,경기도 이천시 마장면 덕이로154번길 287-76(덕평휴게소)
20070358065,경기도 이천시 마장면 덕이로154번길 287-76(1동 1층)
20070358066,경기도 이천시 마장면 덕이로154번길 287-76(덕평휴게소)
20070358077,경기도 이천시 마장면 덕이로154번길 287-76(덕평휴게소)
20070364704,경기도 화성시 병점구 병점중앙로156번길 5-1(1층 진안동)
20070365192,경기도 화성시 효행구 봉담읍 삼천병마로 1268(1층일부)
20070375149,경기도 여주시 세종로 351-6
20070376024,경기도 연천군 전곡읍 전곡로 147
20070380572,강원특별자치도 춘천시 행촌로 28(1층 퇴계동)
20070383115,강원특별자치도 원주시 송림길 48-12(1층 개운동)
20070386328,강원특별자치도 강릉시 하평길 28(포남동)
20070386476,강원특별자치도 강릉시 경강로 2271(포남동)
20070386499,강원특별자치도 강릉시 임영로 58(1층 노암동)
20070394002,강원특별자치도 홍천군 서면 한치골길 262
20070396047,강원특별자치도 영월군 영월읍 중앙1로 38
20070396055,강원특별자치도 영월군 영월읍 단종로 171-1
20070397075,강원특별자치도 평창군 용평면 탑거리길 63
20070401054,강원특별자치도 양구군 양구읍 중앙길 15
20070425460,충청북도 청주시 흥덕구 백봉로 203(봉명동)
20070429091,충청북도 청주시 청원구 오창읍 과학산업2로 363
20070439047,충청북도 보은군 마로면 적암길 56-18(외 19필지)
20070445181,충청북도 음성군 생극면 차생로 168
20070450224,충청남도 천안시 동남구 만남로 43(본관2동 6층 신부동)
20070461371,충청남도 아산시 배방읍 희망로 100
20070466052,충청남도 계룡시 금암로 142(금암동)
20070471072,충청남도 서천군 서천읍 서천로 127
20070474028,충청남도 예산군 덕산면 온천단지3로 45-7
20070474127,충청남도 예산군 예산읍 예산시장길 2(144호)
20070478170,전북특별자치도 전주시 완산구 백제대로 382(서신동)
20070478428,전북특별자치도 전주시 완산구 서신로 6(서신동)
20070478732,전북특별자치도 전주시 완산구 고사평로 31(서신동)
20070481313,전북특별자치도 전주시 덕진구 안덕원로 275(1층 일부호 인후동1가)
20070484137,전북특별자치도 군산시 황룡로 16(토파즈빌딩 105호 미룡동)
20070484310,전북특별자치도 군산시 수송로 42(1층 106호 나운동)
20070487111,전북특별자치도 익산시 고봉로18길 1(영등동)
20070487119,"전북특별자치도 익산시 배산로 44(송학동,1층)"
20070487231,전북특별자치도 익산시 여산면 호남고속도로 192(1층)
20070487232,전북특별자치도 익산시 여산면 호남고속도로 192(1층)
20070487233,전북특별자치도 익산시 여산면 호남고속도로 192(1층)
20070487244,전북특별자치도 익산시 여산면 호남고속도로 191(1층)
20070487245,전북특별자치도 익산시 여산면 호남고속도로 191(1층)
20070487246,전북특별자치도 익산시 여산면 호남고속도로 191(1층)
20070499011,전북특별자치도 순창군 순창읍 순창11길 31-16
20070500012,전북특별자치도 고창군 고창읍 중앙로 229
20070506352,전남광주통합특별시 여수시 망마로 81(신기동)
20070509091,전남광주통합특별시 순천시 순천대1길 36-28(1층 석현동)
20070520087,전남광주통합특별시 화순군 화순읍 대교로 37(1층)
20070522019,전남광주통합특별시 강진군 강진읍 보은로2길 18(1층)
20070526013,전남광주통합특별시 함평군 월야면 밀재로 1516
20070538115,경상북도 경주시 엑스포로 45(신평동)
20070541179,경상북도 김천시 시청5길 10(신음동)
20070543198,경상북도 안동시 광명로 178(옥동빌딩 1층 102호 옥동)
20070548912,"경상북도 구미시 송원서로 46(힐스테이트송정1단지근린생활시설-2 지1층 B102, B103호 송정동)"
20070548950,경상북도 구미시 인동36길 12(1층 진평동)
20070555080,경상북도 영천시 임고면 운주로 791(외38필지)
20070555081,경상북도 영천시 임고면 운주로 777(외70필지)
20070555087,경상북도 영천시 청통면 청통로 334-42(외 22필지)
20070560174,경상북도 경산시 하양읍 하양로37길 19(211동 1층 109호 하양2차코아루 상가)
20070560292,경상북도 경산시 와촌면 강학길 103(외 16필지)
20070564016,경상북도 청송군 부남면 대전로 138
20070566070,경상북도 영덕군 영덕읍 도매샛길 35
20070567039,경상북도 청도군 이서면 서녁길 91
20070569077,경상북도 성주군 선남면 중부내륙고속도로 77
20070569081,경상북도 성주군 용암면 중부내륙고속도로 76(남성주IC양평휴게소)
20070570104,경상북도 칠곡군 동명면 중앙고속도로 123
20070570105,경상북도 칠곡군 동명면 중앙고속도로 122
20070570213,경상북도 칠곡군 왜관읍 석전로 109
20070571021,"경상북도 예천군 예천읍 시장로 152(,백전리 120-5)"
20070571024,경상북도 예천군 예천읍 시장로 112-1(외 1필지)
20070589101,"경상남도 창원시 의창구 팔용로 438(1층 팔용동, 팔용종합상가)"
20070592303,"경상남도 창원시 성산구 마디미로9번길 4(2층 202,203호 상남동, 삼원회관)"
20070597306,"경상남도 창원시 마산회원구 북성로 138(회원동, 천지리치빌)"
20070607106,경상남도 김해시 능동로7번길 15
20070607559,경상남도 김해시 번화1로80번길 15(다성빌딩 102호)
20070607974,경상남도 김해시 삼안로 158(삼방동)
20070614210,경상남도 양산시 양주2길 37(1층 중부동)
20070617011,경상남도 함안군 군북면 중암6길 11-16(1층)
20070620021,경상남도 남해군 남해읍 화전로 54-1(외1필지160-5 1층)
20070621017,경상남도 하동군 하동읍 향교1길 13
20070627182,제주특별자치도 제주시 신성로 62(도남동)
20070627206,제주특별자치도 제주시 천수로6길 36(이도이동)
20070627210,제주특별자치도 제주시 조천읍 신북로 509
20070627650,제주특별자치도 제주시 한림읍 한림로 242(1층)
20070628011,제주특별자치도 제주시 내도3길 22(1~3층 내도동)
20070628023,제주특별자치도 제주시 한림읍 한림해안로 530(켄싱턴리조트 1층)
20070628105,제주특별자치도 제주시 은남4길 41(1층 연동)
20070631125,제주특별자치도 서귀포시 표선면 민속해안로 537
20070631126,제주특별자치도 서귀포시 표선면 민속해안로 537
20070631129,제주특별자치도 서귀포시 표선면 민속해안로 537
20080025113,"서울특별시 종로구 삼봉로 57(수송동,호수빌딩 101호,201호)"
20080029192,"서울특별시 중구 남대문로1길 30(북창동,지상2층)"
20080029319,서울특별시 중구 명동10길 11(2층 명동2가)
20080029521,"서울특별시 중구 서소문로 135(서소문동,지상1층)"
20080033149,경기도 화성시 동탄구 동탄역로 160(롯데백화점 동탄점 2층 일부 오산동)
20080036143,"서울특별시 성동구 상원10길 4-1(성수동1가,지상1층)"
20080039274,서울특별시 광진구 아차산로 225(단산화빌딩 2층 화양동)
20080039404,"서울특별시 광진구 뚝섬로 642(자양동,1층)"
20080039624,서울특별시 광진구 능동로 92(자양동)
20080042231,서울특별시 동대문구 안암로 122(1층 제기동)
20080042254,서울특별시 동대문구 이문로 100(1층 이문동)
20080050302,"서울특별시 성북구 보문로 111(보문동2가,1층)"
20080056039,"서울특별시 도봉구 도봉로 678(방학동, 방학동홈플러스 지하1층)"
20080059691,"서울특별시 노원구 동일로 1670(상계동, 1132-105, 2층)"
20080066137,서울특별시 서대문구 가좌로 140(홍은동)
20080066538,"서울특별시 서대문구 응암로 11(1층 북가좌동, 가호)"
20080069072,서울특별시 마포구 월드컵북로 396(누리꿈스퀘어 지1층 B1028호 상암동)
20080087223,"서울특별시 영등포구 영신로19길 8-1(영등포동,지상1층)"
20080094246,"서울특별시 관악구 난곡로 203(신림동,지상1층)"
20080098948,"서울특별시 서초구 강남대로 213(5층 양재동, 스포타임)"
20080099139,서울특별시 서초구 서초대로74길 11(지하1층 서초동)
20080105754,"서울특별시 강남구 선릉로82길 25(대치동,지하1층)"
20080105830,"서울특별시 강남구 테헤란로25길 28(역삼동,충암빌딩 지상1층)"
20080105840,서울특별시 강남구 영동대로114길 5(지하2층 삼성동)
20080105854,"서울특별시 강남구 테헤란로4길 46(역삼동,쌍용플래티넘밸류 지하1층 132,133호)"
20080106094,"서울특별시 강남구 테헤란로107길 11(삼성동,지상1층105호)"
20080114102,"서울특별시 송파구 올림픽로 240(잠실동,롯데백화점 지상11층)"
20080114104,"서울특별시 송파구 올림픽로 240(잠실동,롯데백화점 지상11층)"
20080114108,"서울특별시 송파구 올림픽로 240(잠실동,롯데백화점 지상11층)"
20080114865,"서울특별시 송파구 중대로 64(문정동, 제너시스빌딩 지상1층)"
20080115166,"서울특별시 송파구 올림픽로 240(지하1층 잠실동, 롯데백화점)"
20080120875,서울특별시 강동구 양재대로145길 7(선화빌딩 1층 일부호 명일동)
20080130017,"부산광역시 영도구 태종로 611(113동 102호 동삼동, 오션라이프 에일린의 뜰 1단지)"
20080130054,부산광역시 영도구 태종로 354(1층 청학동)
20080141040,"부산광역시 해운대구 센텀중앙로 66(108호 우동, T타워)"
20080141059,"부산광역시 해운대구 양운로42번길 14(좌동, 지오프라자 103호)"
20080141625,"부산광역시 해운대구 반여로155번길 42(반여동, 지상1층)"
20080141629,"부산광역시 해운대구 마린시티3로 52(우동, 한화리조트101호)"
20080141755,부산광역시 해운대구 세실로 45(대승프라자 101호 좌동)
20080163117,대구광역시 서구 국채보상로 192(중리동)
20080166193,대구광역시 남구 앞산순환로 671(1~2층 봉덕동)
20080168267,대구광역시 북구 팔거천서로35길 9-3(읍내동)
20080168578,대구광역시 북구 대천로17길 8(동천동)
20080168901,대구광역시 북구 대학로23길 27(산격동)
20080169040,대구광역시 북구 태평로 161(롯데백화점 10층 칠성동2가)
20080169041,"대구광역시 북구 유통단지로 80(산격동,외1필지 2층)"
20080169049,"대구광역시 북구 유통단지로 80(산격동,외1필지2층)"
20080181284,"대구광역시 달서구 학산로7길 81-3(본동,지상1층)"
20080181300,"대구광역시 달서구 두류남길 5(두류동,지상1층)"
20080181392,"대구광역시 달서구 월곡로 184(상인동,상인리빙프라자 104호)"
20080181704,"대구광역시 달서구 달서대로 34(유천동,지상1층)"
20080181746,"대구광역시 달서구 당산로 39(224동 111호 본리동,성당래미안 e편한세상)"
20080181971,"대구광역시 달서구 성서로 370(이곡동,외1필지 지상1층)"
20080181982,"대구광역시 달서구 상원로 142(상인동,상인자이상가 105호 지상1층)"
20080188005,대구광역시 달성군 화원읍 성화로4길 12
20080188295,대구광역시 달성군 화원읍 명천로 222
20080190109,"인천광역시 영종구 공항로 272(일반동 1층 운서동, 인천국제공항여객터미널)"
20080193410,인천광역시 미추홀구 낙섬서로 46(용현동)
20080199018,인천광역시 남동구 은봉로312번길 10(1층 논현동)
20080199206,"인천광역시 남동구 논고개로 118(논현동,양진타워 201호, 202호)"
20080200065,인천광역시 남동구 주안로 231(1층 간석동)
20080202227,"인천광역시 부평구 마장로 456(청천동,1층)"
20080202622,"인천광역시 부평구 부흥로 264(부평동,동아웰빙타운 118호)"
20080205139,인천광역시 계양구 아나지로198번길 10(104호 효성동)
20080216606,전남광주통합특별시 서구 상무번영로 11(1층 치평동)
20080221090,전남광주통합특별시 북구 삼정로 113-1(1층 두암동)
20080221368,"전남광주통합특별시 북구 양산로 48(양산동,1층)"
20080227764,전남광주통합특별시 광산구 임방울대로826번길 15(1층 쌍암동)
20080227898,전남광주통합특별시 광산구 사암로216번길 10-17(1층 우산동)
20080231007,대전광역시 동구 은어송로 56(가오동)
20080233464,대전광역시 유성구 계룡로 119(NC대전유성점 지상9층 9-18호 봉명동)
20080240115,"대전광역시 유성구 관들2길 59(관평동,지상1층)"
20080240339,대전광역시 유성구 온천로 48(지상1층 봉명동)
20080242157,대전광역시 대덕구 덕암북로48번길 9(1층 덕암동)
20080245296,울산광역시 중구 곽남길 35(1층 약사동)
20080255102,울산광역시 울주군 삼남읍 교동로 126
20080255446,울산광역시 울주군 언양읍 옛장터1길 34(1층)
20080269024,경기도 수원시 영통구 청명남로50번길 13-10(101호 영통동)
20080269171,"경기도 수원시 영통구 봉영로 1613(지하층 영통동, 남광하우스토리 지09-1호 ~ 지09-7호)"
20080271125,경기도 수원시 장안구 정조로921번길 4(1층 영화동)
20080279239,경기도 성남시 중원구 성남대로 1155(2층 성남동)
20080281238,경기도 성남시 분당구 야탑로81번길 11(NC백화점 8층 일부호 야탑동)
20080281446,"경기도 성남시 분당구 구미로173번길 82(구미동,서울대학병원 본관 지하1층 일부)"
20080281625,"경기도 성남시 분당구 구미로173번길 82(구미동,분당서울대학교병원 지하1층 일부)"
20080281903,"경기도 성남시 분당구 분당로53번길 14(서현동,서현프라자 2층 202호,203호,204호)"
20080285201,"경기도 의정부시 동일로466번길 3(상가동 지상1층 104,118호 신곡동, 서해아파트)"
20080297091,"경기도 부천시 원미구 조마루로 2(상동,부천체육문화센타 스포츠센타동 B201호일부)"
20080297711,"경기도 부천시 원미구 중동로262번길 88(중동,,엘지프라자 102호)"
20080301059,"경기도 부천시 소사구 부천로 1(심곡본동,594-3,594-4 부천역사 쇼핑몰 2층 203호)"
20080306218,경기도 평택시 중앙로 182(합정동)
20080309064,경기도 평택시 포승읍 여술로43번길 5
20080313031,경기도 안산시 상록구 화랑로 514(1층 119호 성포동)
20080313071,"경기도 안산시 상록구 건건3길 5(1층 102일부호 건건동, 센타프라자자)"
20080313109,경기도 안산시 상록구 샘골로 187(동서빌딩 1층 102호 본오동)
20080316065,"경기도 안산시 단원구 광덕대로 194(스타맥스타워2 7층 1호,2호 고잔동)"
20080323312,"경기도 고양시 덕양구 화신로260번길 36(화정동,밀레니엄타워 102-B2호)"
20080329089,경기도 과천시 별양상가3로 8(힐스테이트 과천청사역 213호 별양동)
20080329133,"경기도 과천시 별양상가1로 37(별양동,신라상가 지하104호, 105호)"
20080330296,경기도 구리시 장자대로1번길 60(1층 교문동)
20080332305,경기도 남양주시 와부읍 수레로 88(강산빌딩 1층 105호)
20080338389,"경기도 시흥시 정왕대로 64(정왕동, 129-130호)"
20080338734,경기도 시흥시 봉우재로69번길 24(정왕동)
20080338870,"경기도 시흥시 삼미시장1길 19(신천동,1층6호)"
20080342105,경기도 군포시 용호2로 63-15(107호 당동)
20080342165,경기도 군포시 군포로745번길 2(2층 산본동)
20080348079,경기도 용인시 처인구 포곡읍 에버랜드로 199
20080348080,경기도 용인시 처인구 포곡읍 에버랜드로 199
20080348170,경기도 용인시 처인구 포곡읍 에버랜드로 199
20080353036,"경기도 용인시 수지구 풍덕천로 122(풍덕천동,하나로프라자 106호)"
20080355040,경기도 파주시 조리읍 봉천로 36-1(1층)
20080355314,경기도 파주시 문산읍 문향로17번길 15-16
20080355513,경기도 파주시 조리읍 봉천로 37-14(외2필지)
20080355816,경기도 파주시 조리읍 봉일천리 142-3 외1필지 1동
20080360210,경기도 안성시 공도읍 공도1로 24(1층 좌)
20080362379,경기도 김포시 김포한강4로 142-12(1층 장기동)
20080364249,경기도 화성시 병점구 병점2로 12(병점동)
20080368339,경기도 광주시 고불로 65(태전동)
20080368460,경기도 광주시 도척면 도척윗로 278(곤지암리조트 스키장지구)
20080368470,경기도 광주시 도척면 도척윗로 278(지하2층)
20080368471,경기도 광주시 도척면 도척윗로 278(곤지암리조트 스키장지구)
20080380410,"강원특별자치도 춘천시 영서로 2319(온의동, 금호@상가 102호)"
20080380564,강원특별자치도 춘천시 동내면 춘천순환로 67(1층)
20080383248,강원특별자치도 원주시 시청로 494-16(관설동)
20080383511,강원특별자치도 원주시 늘품로 201(원주반곡아이파크 상가동 104호 반곡동)
20080386334,강원특별자치도 강릉시 주문진읍 주문로 9
20080395049,강원특별자치도 횡성군 횡성읍 삼일로 9-2
20080397161,강원특별자치도 평창군 봉평면 태기로 228-33(한화리조트 2층)
20080397162,강원특별자치도 평창군 봉평면 태기로 228-33
20080417462,"충청북도 청주시 상당구 산성로92번길 13(금천동,1층)"
20080425479,"충청북도 청주시 흥덕구 서현북로 66(가경동,지상1층)"
20080429301,"충청북도 청주시 청원구 상당로 249(우암동, 일진캠퍼스타워, 102호)"
20080439041,충청북도 보은군 보은읍 보은로 137
20080478783,전북특별자치도 전주시 완산구 중화산로 72(중화산동2가)
20080481280,전북특별자치도 전주시 덕진구 명륜4길 19(덕진동1가)
20080484685,전북특별자치도 군산시 백릉로 56(조촌동)
20080490108,전북특별자치도 정읍시 이평면 말목장터로 514
20080493114,전북특별자치도 김제시 요촌중길 45(요촌동)
20080501056,전북특별자치도 부안군 변산면 소노로 10(소노벨 변산)
20080501084,전북특별자치도 부안군 변산면 소노로 10(소노벨 변산)
20080503140,"전남광주통합특별시 목포시 용해지구로88번길 23(상가동 1층 115,116호 용해동, 골드디움5차아파트)"
20080503612,전남광주통합특별시 목포시 남악2로52번길 5-8(남악크리닉센터 1층 옥암동)
20080513248,"전남광주통합특별시 광양시 길호1길 1(중동,1층일부)"
20080513289,전남광주통합특별시 광양시 광양읍 와룡길 21(3층중1층일부)
20080525124,전남광주통합특별시 무안군 삼향읍 남악3로 39(102동 110호 남악 펠리시티 1차)
20080527003,전남광주통합특별시 영광군 영광읍 신남로 203
20080529086,전남광주통합특별시 완도군 완도읍 개포로114번길 23-4(일반음식점 2호)
20080534063,경상북도 포항시 남구 대이로95번길 8-9(1층 대잠동)
20080536053,경상북도 포항시 북구 대곡로 50(1층 두호동)
20080538086,경상북도 경주시 용담로116번길 7(황성동)
20080538263,경상북도 경주시 보문로 544(천군동)
20080541169,경상북도 김천시 농소면 경부고속도로 194
20080548601,경상북도 구미시 공원로 316(형곡동)
20080548707,"경상북도 구미시 박정희로 599(송정동,외2필지 푸르지오캐슬 A단지 상가동 115호)"
20080554289,"경상북도 영주시 번영로 114(하망동,1층)"
20080556053,경상북도 상주시 모서면 화현3길 127
20080556108,경상북도 상주시 상산로 399(냉림동)
20080558016,경상북도 문경시 매봉6길 3-12(모전동)
20080558111,경상북도 문경시 모전로 65(모전동)
20080558153,경상북도 문경시 모전로 65(모전동)
20080558179,경상북도 문경시 문경읍 온천2길 24
20080592078,"경상남도 창원시 성산구 원이대로473번길 9(노블파크아파트 주구중심상가 2층 210호,211호 반림동)"
20080597044,경상남도 창원시 마산회원구 내서읍 호원로 311(호계리치프라자 105호)
20080601054,경상남도 진주시 돗골로 126-1(1층 일부 상대동)
20080601308,"경상남도 진주시 돗골로123번길 4(상대동,1층일부)"
20080604039,"경상남도 통영시 원문로 12(128호 북신동, 진우데파트)"
20080604102,"경상남도 통영시 운하1길 46(123호 미수동, 대영유토피아)"
20080604163,경상남도 통영시 통영해안로 311-1(1층 항남동)
20080604400,경상남도 통영시 광도면 죽림2로 77(가동)
20080607516,경상남도 김해시 함박로 49(외동)
20080607763,경상남도 김해시 대청로210번길 24(101호 대청동)
20080607920,경상남도 김해시 장유로 469(O동 313호 롯데프리미엄아울렛김해점)
20080612094,"경상남도 거제시 옥포중앙로 54-1(옥포동,1층)"
20080612200,경상남도 거제시 장승포1로1길 6(장승포동)
20080612338,경상남도 거제시 계룡로5길 8(상동동)
20080627071,제주특별자치도 제주시 일주동로 242(화북일동)
20080627535,제주특별자치도 제주시 명림로 575-107(1층 회천동)
20080627920,제주특별자치도 제주시 연삼로 414-1(이도이동)
20090025638,"서울특별시 종로구 수표로26길 12(낙원동,파고다빌딩 1층)"
20090033546,"서울특별시 용산구 이태원로 272(한남동,지상2층)"
20090046360,서울특별시 중랑구 망우로55길 11-10(망우역 1층 상봉동)
20090050877,서울특별시 성북구 한천로76길 20(석관동)
20090063128,"서울특별시 은평구 서오릉로 6(1층 102호 녹번동, 거장카운티)"
20090063475,"서울특별시 은평구 불광로 90(124호 불광동, 대호프라자아파트상가 1동)"
20090066304,"서울특별시 서대문구 거북골로 120(남가좌동,가재울센트레빌A. 상가 2-3호 지하2층)"
20090066543,"서울특별시 서대문구 연희로 267(홍은동,지상1층)"
20090066640,"서울특별시 서대문구 세무서길 73(홍제동,지상1층)"
20090073517,"서울특별시 양천구 남부순환로 585(1층 102호 신월동, 유림웰스빌)"
20090073965,서울특별시 양천구 남부순환로40길 13(지상1층 신월동)
20090076785,서울특별시 강서구 화곡로24길 60(1층 화곡동)
20090086779,"서울특별시 영등포구 당산로 34(문래동3가,로데오왁 118호)"
20090087197,서울특별시 영등포구 영중로 15(타임스퀘어 지하1층 영등포동4가)
20090087293,"서울특별시 영등포구 영중로 15(영등포동4가,5층)"
20090087294,"서울특별시 영등포구 영중로 15(영등포동4가,5층)"
20090087413,서울특별시 영등포구 양산로 132(1층 당산동1가)
20090087632,서울특별시 영등포구 국회대로76길 16(여의도동)
20090091671,"서울특별시 동작구 사당로 300(제1층 제125호 사당동, 이수자이상가)"
20090094539,"서울특별시 관악구 양녕로 49(봉천동,33호)"
20090094994,"서울특별시 관악구 관악로 164(지하1층 104,105호 봉천동, 대우디오슈페리움1단지)"
20090095261,서울특별시 관악구 쑥고개로 82(1층 봉천동)
20090099143,서울특별시 서초구 사평대로 368(서초동)
20090099401,"서울특별시 서초구 방배중앙로 196(1동 308호 방배동, 후생시설)"
20090105219,"서울특별시 강남구 일원로 81(지하1층 일원동, 삼성의료원본관)"
20090106120,"서울특별시 강남구 삼성로81길 44(대치동,지상1층)"
20090106895,"서울특별시 강남구 영동대로86길 17(대치동,지하1층)"
20090107221,"서울특별시 강남구 언주로98길 15(역삼동,지상1층)"
20090114200,서울특별시 송파구 법원로4길 10(힐스테이트에코문정 1층 122호 문정동)
20090114500,"서울특별시 송파구 올림픽로35길 10(B동 1층 138호 신천동, 파크리오)"
20090114961,서울특별시 송파구 오금로 484(1층 거여동)
20090115126,"서울특별시 송파구 가락로 240(방이동,104호)"
20090120371,서울특별시 강동구 성안로 48(1층 6호 성내동)
20090120481,서울특별시 강동구 상암로 44(천호동)
20090120582,서울특별시 강동구 양재대로116길 16(고려빌딩 1층 길동)
20090120848,"서울특별시 강동구 진황도로 123(길동,광남캐스빌상가102호)"
20090126317,"부산광역시 중구 중앙대로 2(10층 중앙동7가, 외 110필지 롯데백화점)"
20090131159,부산광역시 부산진구 서전로10번길 71(지상2층 부전동)
20090134520,부산광역시 동래구 명륜로129번나길 11(명륜동)
20090137378,"부산광역시 남구 못골로 45(대연동,부일힐타워 105호)"
20090139147,"부산광역시 북구 금곡대로 270(211호 화명동, 화명대림타운상가동)"
20090141182,"부산광역시 해운대구 센텀남대로 35(우동, 신세계백화점센텀점지하1층)"
20090141206,"부산광역시 해운대구 센텀남대로 35(우동,  신세계백화점센텀점 지하1층)"
20090141248,"부산광역시 해운대구 센텀남대로 35(우동, 신세계백화점센텀점지상7층)"
20090141460,"부산광역시 해운대구 해운대해변로298번길 24(중동, 팔레드시즈 B1-1호)"
20090144258,부산광역시 사하구 하신번영로177번길 32(신평동)
20090152170,"부산광역시 수영구 광안해변로326번길 31(113호 민락동, e편한세상 오션테라스 4단지)"
20090154195,"부산광역시 사상구 운산로 36(한신아파트 상가1동 109, 111, 112, 113호 괘법동)"
20090156220,부산광역시 기장군 정관로 560(마치빌딩103호)
20090158285,대구광역시 중구 동성로3길 75(1층 공평동)
20090160098,대구광역시 동구 신암로20길 22(신암동)
20090160782,대구광역시 동구 화랑로 419(1층 방촌동)
20090163307,대구광역시 서구 달서로 139-1(1층 비산동)
20090166112,대구광역시 남구 성당시장길 118-7(대명동)
20090168256,대구광역시 북구 호암로 6(칠성동2가)
20090168677,대구광역시 북구 팔거천동로4길 43(구암동)
20090168679,"대구광역시 북구 침산로 153(침산동,명성푸르지오105동 C13호)"
20090168760,대구광역시 북구 침산남로 136(침산동)
20090169086,대구광역시 북구 학정로 50(태전동)
20090169126,대구광역시 북구 칠곡중앙대로 183(1층 태전동)
20090174883,대구광역시 수성구 달구벌대로627길 13-3(매호동)
20090174956,"대구광역시 수성구 명덕로 477(101동 118호 범어동,범어쌍용예가)"
20090181342,대구광역시 달서구 달구벌대로251길 25(이곡동)
20090182009,대구광역시 달서구 호산동로35길 14-20(1층 호산동)
20090188258,대구광역시 달성군 다사읍 대실역북로 55(301동 102호 대실역 동화 아이위시)
20090197351,"인천광역시 연수구 테크노파크로 151(송도동, 지상19층)"
20090197352,"인천광역시 연수구 테크노파크로 151(송도동, 지상1층)"
20090200050,인천광역시 남동구 구월남로 232(롯데프라자1차 1층 105호 구월동)
20090202053,"인천광역시 부평구 충선로311번길 25-23(삼산동,1층)"
20090202134,"인천광역시 부평구 신트리로6번길 3(부평동,외 1필지26호 1층)"
20090202277,"인천광역시 부평구 경원대로 1415(1층 102호 부평동, 파라움)"
20090202420,"인천광역시 부평구 경원대로1377번길 29-3(부평동,1층)"
20090202546,"인천광역시 부평구 체육관로 14(삼산동,외 1필지 삼산지구복합시설 112호, 113호 1층)"
20090202925,"인천광역시 부평구 마장로 168(산곡동,1층)"
20090205219,"인천광역시 계양구 경명대로 977(계산동,외1필지 가동 1층 일부분)"
20090205344,"인천광역시 계양구 계양대로 63(작전동,2층)"
20090205560,인천광역시 계양구 아나지로 417(1층 일부호 작전동)
20090208187,인천광역시 서해구 심곡로 40(1층 심곡동)
20090208370,"인천광역시 검단구 검단로 421(왕길동, 원흥상가 105호)"
20090208467,"인천광역시 서해구 승학로 577(검암동,장은프라자 110호)"
20090208473,"인천광역시 검단구 완정로 144(마전동, 프라임타워 108호)"
20090208792,"인천광역시 서해구 승학로 509(서교빌딩동 103호 검암동, 598-11 서교빌딩 103호)"
20090208913,인천광역시 검단구 검단로768번길 10(창성프라자 104호 불로동)
20090216041,전남광주통합특별시 서구 풍암2로53번길 22(1층 풍암동)
20090216364,"전남광주통합특별시 서구 상무연하로 62(치평동,2층)"
20090216394,전남광주통합특별시 서구 하남대로680번길 2(1층 동천동)
20090219365,"전남광주통합특별시 남구 봉선로 205(봉선동,1층115~118,127~133호)"
20090221234,"전남광주통합특별시 북구 군왕로 152(두암동, 1층)"
20090221731,"전남광주통합특별시 북구 대자실로 23-1(운암동, 현대아파트상가7~8호)"
20090227435,"전남광주통합특별시 광산구 상무대로 420-25(신촌동,2층)"
20090227440,"전남광주통합특별시 광산구 첨단중앙로124번길 55(월계동,1층)"
20090227520,전남광주통합특별시 광산구 장신로 62(1층 104호 장덕동)
20090227952,전남광주통합특별시 광산구 임방울대로 335(1층 102호 수완동)
20090228020,"전남광주통합특별시 광산구 사암로340번안길 20(월곡동,106호)"
20090233122,대전광역시 중구 태평로 38(지하1-1층 유천동)
20090236285,"대전광역시 서구 둔지로 17(둔산동,1층)"
20090236872,"대전광역시 서구 정림동로5번길 40(정림동,1층)"
20090236876,대전광역시 서구 둔산중로 50(파이낸스빌딩 1층 105호 둔산동)
20090240184,"대전광역시 유성구 관평1로 67(관평동,지상1층)"
20090240316,"대전광역시 유성구 대덕대로 1024(지상1,2층 관평동)"
20090247956,"울산광역시 남구 정동로 89(1층 103,104,106호 삼산동)"
20090255038,울산광역시 울주군 서생면 해맞이로 888(2층)
20090255378,울산광역시 울주군 온산읍 영남6길 19(1층)
20090255425,울산광역시 울주군 온양읍 솔밭1길 23-6(1층)
20090267186,경기도 수원시 팔달구 권광로187번길 29(인계동)
20090267257,"경기도 수원시 팔달구 권광로 184(인계동,캐슬타워 134호)"
20090267281,경기도 수원시 팔달구 화양로35번길 12(1층 화서동)
20090267333,경기도 수원시 팔달구 세지로 335(지동)
20090269222,"경기도 수원시 영통구 덕영대로1555번길 16(상가동 135호 영통동, 벽적골롯데아파트)"
20090273057,경기도 수원시 권선구 탑동로 41(1층 탑동)
20090277180,"경기도 성남시 수정구 시민로 135(신흥동,1층)"
20090279040,"경기도 성남시 중원구 갈마치로 215(A-109호 상대원동,금강펜타리움)"
20090281058,"경기도 성남시 분당구 구미로9번길 10(구미동,세종그랑시아II 1층 101-2호)"
20090285216,"경기도 의정부시 장곡로596번길 15(신곡동, 우정프라자 107호)"
20090285999,"경기도 의정부시 추동로 253(신곡동,외1필지 지하1층)"
20090292230,경기도 안양시 동안구 엘에스로 127(LS타워 2층 호계동)
20090292394,"경기도 안양시 동안구 평촌대로 109(호계동, 협성골드프라자 104호, 105호일부,106호일부)"
20090297018,"경기도 부천시 원미구 소사로 327(소사동, 장례식장G동 지하1층 일부)"
20090297300,"경기도 부천시 원미구 부일로199번길 26(상동, 서련코아 112호,113호)"
20090297337,경기도 부천시 원미구 부천로39번길 21(102동 101호 심곡동)
20090297632,"경기도 부천시 원미구 송내대로 239(상동, 소풍 4층 일부)"
20090297651,"경기도 부천시 원미구 송내대로 239(4R61일부,4R64일부,4R67일부호 상동, 소풍,4R60,4R65,4R66,4R66-1,4R66-2,4R67-2,)"
20090303171,경기도 부천시 오정구 여월로 64(에버그린 107~109호 여월동)
20090304353,"경기도 광명시 광덕산로 33(하안동,1층 101호)"
20090310260,경기도 동두천시 생골로 24(104호 생연동)
20090313350,"경기도 안산시 상록구 상록수로 28(115,116,118,119,120호 본오동)"
20090323131,경기도 고양시 덕양구 용현로5번길 24(105호 행신동)
20090323390,경기도 고양시 덕양구 백양로 60(옥빛마을13단지 상가동 116호 화정동)
20090323437,경기도 고양시 덕양구 보광로 25(고양동)
20090325506,"경기도 고양시 일산동구 중산로 149(1층 일부호 중산동, 스카이빌딩)"
20090325583,"경기도 고양시 일산동구 중앙로 1283(지하2층 일부호 장항동, 롯데백화점일산점 판매동)"
20090327124,"경기도 고양시 일산서구 중앙로 1470(C-108호 주엽동, 문촌마을복합상가)"
20090329063,"경기도 과천시 경마공원대로 107(주암동, 한국마사회)"
20090332584,경기도 남양주시 미금로 235(다산법조메디컬타워 1층 108호 다산동)
20090333110,경기도 남양주시 화도읍 마석로45번길 35
20090336141,"경기도 오산시 궐리사로 53(궐동,1층)"
20090339023,경기도 시흥시 인선길 109(동양아파트 104호 장곡동)
20090339115,경기도 시흥시 봉우재로 16(1층 일부호 정왕동)
20090339133,"경기도 시흥시 승지로59번길 1(능곡동, 건아빌103호)"
20090342135,"경기도 군포시 산본로323번길 22(201,202,203호 산본동, 계정빌딩)"
20090342389,"경기도 군포시 산본로323번길 10-34(1층 101호 산본동, 군포명동상가)"
20090345242,"경기도 하남시 덕풍동로 111-15(덕풍동,리치플러스하남센터 112호)"
20090345422,"경기도 하남시 하남유니온로 70(상가동 1층 106호 신장동, 하남유니온시티에일린의뜰)"
20090345454,"경기도 하남시 미사강변중앙로 161(미사파크뷰 1층 119호,120호 망월동)"
20090348459,경기도 용인시 처인구 포곡읍 포곡로 79
20090350768,"경기도 용인시 기흥구 흥덕2로75번길 14(영덕동, 102호)"
20090350769,"경기도 용인시 기흥구 죽전로 11(보정동, 미래시티 107호)"
20090350930,"경기도 용인시 기흥구 흥덕중앙로 59(영덕동, 흥덕노블레스 109호)"
20090353493,"경기도 용인시 수지구 수지로342번길 17(106,107호 풍덕천동, 에덴프라자)"
20090360064,경기도 안성시 금광면 신양복길 1(1층5호)
20090360485,"경기도 안성시 서운면 평택제천고속도로 41(가동 1층 매점,주방,조리준비실,주방창고,직원화장실,냉동냉장창고)"
20090360490,경기도 안성시 서운면 평택제천고속도로 40(가동 1층)
20090362020,"경기도 김포시 김포대로 839(사우동,보보스프라자 207호)"
20090362277,"경기도 김포시 김포한강2로 178(101호 장기동,이지더원아파트 상가동 지하1층)"
20090365054,"경기도 화성시 동탄구 동탄지성로 133(능동,덕천프라자 108호)"
20090368315,경기도 광주시 도척면 도척윗로 278(곤지암리조트 스키장지구)
20090370220,경기도 양주시 회천중앙로 221(덕계역프라자 104호 덕계동)
20090375105,경기도 여주시 명품1로 76
20090377089,경기도 가평군 설악면 미사리로 544(휴게소 1층)
20090377090,경기도 가평군 설악면 미사리로 544(외 39필지)
20090377091,경기도 가평군 설악면 미사리로 544(외 39필지)
20090377092,경기도 가평군 설악면 미사리로 544(외 39필지)
20090377093,경기도 가평군 설악면 미사리로 544(외 39필지)
20090377094,경기도 가평군 설악면 미사리로540번길 51(휴게소 1층)
20090377095,경기도 가평군 설악면 미사리로540번길 51(외 45필지)
20090377114,경기도 가평군 설악면 미사리로540번길 51(외 45필지)
20090377115,경기도 가평군 설악면 미사리로540번길 51(외 45필지)
20090377116,경기도 가평군 설악면 미사리로540번길 51(외 45필지)
20090380367,"강원특별자치도 춘천시 퇴계농공로 11(2층 203호 석사동, 스타플러스빌딩)"
20090380654,강원특별자치도 춘천시 공지로 244(1층 효자동)
20090383915,"강원특별자치도 원주시 동부순환로 200(반곡동,8층)"
20090395083,강원특별자치도 횡성군 횡성읍 문정로 22
20090395140,강원특별자치도 횡성군 안흥면 영동고속도로 154
20090397142,강원특별자치도 평창군 대관령면 솔봉로 325(홀리데이인스위트콘도 101동 108호)
20090397163,"강원특별자치도 평창군 대관령면 솔봉로 325(1층 인터콘티넨탈호텔, 외 9필지)"
20090398006,강원특별자치도 정선군 고한읍 고한7길 399
20090398069,강원특별자치도 정선군 사북읍 하이원길 265(외 19필지)
20090400016,강원특별자치도 화천군 화천읍 상승로 46-1
20090421262,충청북도 청주시 서원구 내수동로108번길 27(1층 사창동)
20090425174,"충청북도 청주시 흥덕구 오송읍 오송생명7로 151(227동 A-B508,509호 오송역 파라곤 센트럴시티)"
20090435117,충청북도 제천시 의병대로 58(명동)
20090450528,충청남도 천안시 동남구 풍세로 799(용곡동)
20090456129,충청남도 당진시 무수동로 129(읍내동)
20090463181,"충청남도 서산시 양유정1로 3(읍내동,,124-38,124-391,2층)"
20090464128,충청남도 논산시 중앙로260번길 59-3(취암동)
20090474099,충청남도 예산군 신양면 당진영덕고속도로 34
20090478298,전북특별자치도 전주시 완산구 용리로 53(효자동1가)
20090481498,전북특별자치도 전주시 덕진구 백제대로 801(우아동3가)
20090481591,전북특별자치도 전주시 덕진구 건산로 238(1층 일부호 인후동1가)
20090487271,"전북특별자치도 익산시 서동로 102-7(1동 1층 110호 동산동, 제일아파트상가)"
20090500017,전북특별자치도 고창군 고창읍 중앙로 235
20090503038,전남광주통합특별시 목포시 비파로43번길 7(1층 상동)
20090503443,전남광주통합특별시 목포시 양을로 256(용해동)
20090506109,전남광주통합특별시 여수시 좌수영로 680(봉계동)
20090509493,전남광주통합특별시 순천시 해룡면 와온길 136(1~2층)
20090512098,전남광주통합특별시 나주시 나주로 83-10(송월동)
20090519066,전남광주통합특별시 보성군 벌교읍 벌교상고길 18
20090536379,경상북도 포항시 북구 학전로 71(1층층 두호동)
20090536398,"경상북도 포항시 북구 중앙상가길 26(대흥동,외 2필지 2층 3층)"
20090536441,"경상북도 포항시 북구 양학로 8(학잠동,1층)"
20090538601,경상북도 경주시 갓뒤동녘길 5(황성동)
20090548484,경상북도 구미시 상모로 29(상모동)
20090548510,경상북도 구미시 인동26길 54-1(1층 진평동)
20090548575,경상북도 구미시 검성로 54-9(인의동)
20090548688,"경상북도 구미시 금오대로14길 5(오태동,103호)"
20090568003,경상북도 고령군 대가야읍 왕릉로 92
20090570205,경상북도 칠곡군 왜관읍 중앙로 109
20090571032,경상북도 예천군 풍양면 상풍로 1445
20090592310,"경상남도 창원시 성산구 대정로 145(1층 103호 대방동, 대방개나리1차@상가)"
20090595127,경상남도 창원시 마산합포구 합포로 251(지하1층 산호동)
20090597076,경상남도 창원시 마산회원구 내서읍 중리상곡로 119(1층)
20090601304,"경상남도 진주시 돗골로153번길 17-2(상대동,번지1층)"
20090601557,"경상남도 진주시 진주대로 500(가좌동,번지2층)"
20090601671,"경상남도 진주시 상대로 24(상대동,번지1층일부)"
20090607429,경상남도 김해시 해반천로144번길 35-10(삼계동)
20090607907,경상남도 김해시 진영읍 김해대로361번길 12(106-1호)
20090608065,경상남도 김해시 율하1로 12(1층)
20090612313,"경상남도 거제시 거제중앙로 1911-1(105호 고현동,정원빌딩)"
20090618020,경상남도 창녕군 창녕읍 명덕로 16
20090618076,경상남도 창녕군 창녕읍 명덕로 6-1
20090619005,경상남도 고성군 고성읍 성내로 31(협동그린타운 상가동 1층)
20090619068,경상남도 고성군 고성읍 성내로 55-3(101호 삼우궁전빌라)
20090624098,경상남도 거창군 거창읍 강변로 127(한성CITY타워 1층 109호)
20090624113,경상남도 거창군 거창읍 아림로 30-1
20090627112,제주특별자치도 제주시 연북로 202(1층 오라이동)
20090631363,제주특별자치도 서귀포시 상예로 530(색달동)
20100025193,"서울특별시 종로구 대학로12길 83(동숭동,1층)"
20100025750,"서울특별시 종로구 율곡로2길 7(수송동,서머셋팰리스 서울 지상 1층 102호)"
20100029090,"서울특별시 중구 세종대로11길 27(서소문동,지상1층)"
20100029421,"서울특별시 중구 장충단로 60(본관1층 장충동2가, 타워호텔)"
20100029422,서울특별시 중구 장충단로 60(별관1층 장충동2가)
20100029634,"서울특별시 중구 장충단로 60(신관4층 장충동2가, 타워호텔)"
20100033372,"서울특별시 용산구 청파로45길 26(청파동3가, 24-31 지상1층)"
20100033429,"서울특별시 용산구 원효로97길 19(원효로1가,지상1층)"
20100042912,"서울특별시 동대문구 왕산로 214(전농동,7층)"
20100042913,서울특별시 동대문구 왕산로 214(7층 전농동)
20100042917,"서울특별시 동대문구 왕산로 214(전농동,7층 롯데백화점내)"
20100043057,서울특별시 동대문구 사가정로 229(장안동)
20100046407,"서울특별시 중랑구 용마산로115길 127(S1011호 망우동, 한일써너스빌리젠시1단지)"
20100046597,"서울특별시 중랑구 용마산로115길 127(S1109호 망우동, 한일써너스빌리젠시1단지)"
20100046728,"서울특별시 중랑구 신내로 211(117호 신내동, 금강리빙스텔)"
20100050015,"서울특별시 성북구 길음로 74(108호 길음동,길음뉴타운상가)"
20100050038,서울특별시 성북구 안암로 145(고려대학교안암병원장례식장 1층 안암동5가)
20100050556,"서울특별시 성북구 길음로13길 22(길음동,지하3층 5호)"
20100053081,서울특별시 강북구 한천로 1038(수유동)
20100053209,"서울특별시 강북구 덕릉로 93(101,102호 번동)"
20100056036,"서울특별시 도봉구 도봉로110길 8(창동,지상1층)"
20100063686,"서울특별시 은평구 진관3로 67(진관동,은평뉴타운 상가914동103호)"
20100063904,서울특별시 은평구 불광로 104-1(1층 불광동)
20100066291,"서울특별시 서대문구 명물길 10(창천동, 지상2층)"
20100069074,"서울특별시 마포구 성암로7길 22(중동,1층외2필지백명트랜디상가101호)"
20100069896,"서울특별시 마포구 독막로 209(101,102호 신수동, 세양청마루아파트상가)"
20100070092,"서울특별시 마포구 잔다리로6길 39(서교동,1층)"
20100073150,서울특별시 양천구 목동중앙본로1길 47(1층 목동)
20100073602,서울특별시 양천구 신목로 83(1층 신정동)
20100076035,서울특별시 강서구 화곡로 280(삼호빌딩 1층 화곡동)
20100081065,서울특별시 구로구 도림천로 338(2층 구로동)
20100084106,"서울특별시 금천구 가산디지털1로 186(가산동,제이플라츠 104-2호)"
20100084318,"서울특별시 금천구 시흥대로 405(독산동,지상1층)"
20100086538,"서울특별시 영등포구 영중로 15(영등포동4가,경방 타임스퀘어 지상 4층 402호)"
20100086987,서울특별시 영등포구 신길로 166(1층 신길동)
20100094705,"서울특별시 관악구 봉천로 209(지하2층 봉천동, 롯데관악점)"
20100094869,서울특별시 관악구 난향5길 2(신림동)
20100094948,"서울특별시 관악구 신림로64길 9(신림동,지상1층)"
20100095113,"서울특별시 관악구 남부순환로 1820(9층 봉천동, 에그옐로우)"
20100098342,"서울특별시 서초구 바우뫼로7길 8(1층 103호,104호 우면동, 우면종합상가)"
20100099475,"서울특별시 서초구 서초대로56길 22(1층 101호 서초동, 성운빌딩)"
20100099803,서울특별시 서초구 신반포로 176(신세계백화점 1MF층 반포동)
20100105284,"서울특별시 강남구 도곡로4길 24(도곡동,지상1층)"
20100105589,"서울특별시 강남구 논현로 511(역삼동,지하1층)"
20100106712,"서울특별시 강남구 테헤란로 517(삼성동,현대백화점 지하1층)"
20100107119,서울특별시 강남구 선릉로129길 11(지상2층 논현동)
20100107465,"서울특별시 강남구 언주로 123(도곡동,지하1층)"
20100114662,"서울특별시 송파구 올림픽로32길 32(방이동, 지상1-2층)"
20100114930,서울특별시 송파구 충민로 66(가든파이브라이프 영관 7층 문정동)
20100115188,서울특별시 송파구 양재대로71길 4-27(지상1층 방이동)
20100115366,서울특별시 송파구 마천로 264(흥일빌딩 1층 거여동)
20100129086,부산광역시 동구 중앙대로 206(한국철도공사부산지역본부 부산역사1층 초량동)
20100129266,"부산광역시 동구 중앙대로196번길 6-5(초량동,1층)"
20100137394,부산광역시 남구 수영로 30-1(문현동)
20100137398,부산광역시 남구 용소로13번길 26(대연동)
20100139062,부산광역시 북구 만덕2로 3(만덕동)
20100139364,"부산광역시 북구 백양대로 1014(상가동 101호 구포동, 삼정그린코아)"
20100141643,부산광역시 해운대구 반여로 108(화목빌딩 1층 일부호 반여동)
20100147352,부산광역시 금정구 금정로91번길 22(장전동)
20100147440,부산광역시 금정구 금강로 460(구서동)
20100149222,부산광역시 강서구 거가대로 2571(천성동)
20100150043,"부산광역시 연제구 중앙대로1043번길 34(2층 210호 일부호 연산동, 시청역 SK VIEW)"
20100154251,부산광역시 사상구 덕상로 45(덕포동)
20100156275,부산광역시 기장군 일광읍 이천8길 100(베이사이드골프클럽)
20100158512,대구광역시 중구 달구벌대로 2085(9층 덕산동)
20100160055,"대구광역시 동구 동촌로14길 14(7동 5호 검사동,문화아파트 상가)"
20100160265,대구광역시 동구 안심로16길 47(율하타임스퀘어 1층 114호 율하동)
20100160402,대구광역시 동구 효목로 36-9(1층 효목동)
20100163222,대구광역시 서구 국채보상로48길 37(평리동)
20100163366,대구광역시 서구 문화로 272(1층 평리동)
20100168258,"대구광역시 북구 매전로4길 32(404동 408,409호 매천동, 한신더휴 웨스턴 팰리스)"
20100175044,"대구광역시 수성구 노변로 55(상가1동 102호 노변동,수성월드메르디앙)"
20100181390,대구광역시 달서구 송현로 88(1층 송현동)
20100181421,"대구광역시 달서구 달구벌대로309길 35(죽전동,지상1층)"
20100181753,"대구광역시 달서구 계대동문로 14(신당동,지상2층)"
20100182045,대구광역시 달서구 월곡로 257(2층 상인동)
20100182389,"대구광역시 달서구 용산서로 4-28(용산동,지상1층)"
20100188073,대구광역시 달성군 옥포읍 비슬로442길 3
20100188081,대구광역시 달성군 다사읍 대실역북로3길 9
20100188167,대구광역시 달성군 화원읍 화원로1길 60-2(1층)
20100188185,대구광역시 달성군 화원읍 명천로 255
20100190081,"인천광역시 영종구 공항로 271(운서동, 외325필지장기주차장 동측 택시식당)"
20100193835,인천광역시 미추홀구 경원대로 898(1층 주안동)
20100193851,인천광역시 미추홀구 능해길 74(용현동)
20100197538,"인천광역시 연수구 먼우금로188번길 12(이리옴3빌딩 지상1층 109호의 일부호, 111호, 112호 연수동)"
20100205300,"인천광역시 계양구 계양대로 157(계산동,B호 1층)"
20100205543,"인천광역시 계양구 계양문화로 54(계산동,대산월드프라자 107.108호)"
20100208158,인천광역시 검단구 완정로 46(1동 일부호 마전동)
20100208358,인천광역시 검단구 검단로768번길 4(방주프라자 1층 102호 불로동)
20100216220,전남광주통합특별시 서구 상무민주로64번길 10-1(1층 쌍촌동)
20100216782,전남광주통합특별시 서구 상무오월로3번길 10-2(1층 쌍촌동)
20100219093,전남광주통합특별시 남구 군분로 4-1(1층 백운동)
20100219221,전남광주통합특별시 남구 중앙로 51(1층 서동)
20100221525,전남광주통합특별시 북구 일곡마을로 163(1층 일곡동)
20100221975,"전남광주통합특별시 북구 대자로 86(운암동,1층)"
20100222036,전남광주통합특별시 북구 연양로67번길 25(양산동)
20100227076,전남광주통합특별시 광산구 풍영로200번길 63(1층 장덕동)
20100231043,대전광역시 동구 산서로1660번길 142(남대전장례식장 지하1층 대별동)
20100231117,"대전광역시 동구 충정로 5(조일아파트 상가 A동 1층 3,4호 가양동, 조일아파트)"
20100247150,"울산광역시 남구 삼산중로 52(삼산동,지상1층)"
20100247937,"울산광역시 남구 대공원입구로21번길 9(옥동,지상1층)"
20100254083,"울산광역시 북구 화봉로 71(화봉동,외 1필지 선영빌딩1층)"
20100254127,울산광역시 북구 매곡1로 4-7(지상1층 매곡동)
20100254306,"울산광역시 북구 명촌로 31(진장동, 지상1층)"
20100257008,세종특별자치시 정안세종로 1527(지하1층 은하수공원 장례식장)
20100267453,경기도 수원시 팔달구 향교로 1(1~2층 매산로1가)
20100269095,경기도 수원시 영통구 중부대로256번길 34(매탄동)
20100273400,"경기도 수원시 권선구 곡선로 48(곡반정동,1층)"
20100277267,경기도 성남시 수정구 남문로5번길 7(지하1층 태평동)
20100282008,"경기도 성남시 분당구 성남대로343번길 10-6(정자동, 2층전부)"
20100285427,"경기도 의정부시 회룡로192번길 11(108호 장암동, 장암주공영구임대아파트 종합상가)"
20100285739,"경기도 의정부시 청사로47번길 7-10(금오동,유진프라자 102호)"
20100286039,"경기도 의정부시 신흥로240번길 26(의정부동,지상1층 105호)"
20100290227,경기도 안양시 만안구 충훈로 81(석수아이파크3단지상가 1층 101호 석수동)
20100290351,"경기도 안양시 만안구 안양천서로 289(안양동,주공뜨란채 상가동 106호 지상1층)"
20100292024,"경기도 안양시 동안구 관악대로 157(비산동, 두성상가 102호)"
20100297813,"경기도 부천시 원미구 신흥로 170-1(상가6동 127호 중동,위브더스테이트)"
20100304201,경기도 광명시 오리로856번길 7(201호 철산동)
20100304398,"경기도 광명시 광덕산로 5(철산동, 푸르지오하늘채상가 207,208호)"
20100304818,"경기도 광명시 광명역로 21(1층 일직동, 고속철도 광명역)"
20100304822,"경기도 광명시 광명역로 21(1층 일직동, 고속철도 광명역)"
20100313149,"경기도 안산시 상록구 광덕1로 382(덕성프라자 103, 104호 이동)"
20100313154,경기도 안산시 상록구 일동로 25-2(1층 일동)
20100313225,경기도 안산시 상록구 상록수로 40(송암빌딩 201호 본오동)
20100313456,경기도 안산시 상록구 초당로 58(1층 102호 사동)
20100313499,경기도 안산시 상록구 반석로 69(1층 일부 본오동)
20100316457,"경기도 안산시 단원구 선부광장1로 30(201,202호 선부동, 단원프라자)"
20100316492,"경기도 안산시 단원구 초지동로 73(초지동, 728  황금프라자 108호)"
20100316685,경기도 안산시 단원구 선부로 185(101호 선부동)
20100325175,"경기도 고양시 일산동구 숲속마을1로 138(풍동,1층일부)"
20100325189,"경기도 고양시 일산동구 정발산로 24(A-260,A-261호 장항동, 웨스턴돔1)"
20100325407,"경기도 고양시 일산동구 중앙로 1283(10층 일부호 장항동, 롯데백화점일산점 판매동)"
20100327121,"경기도 고양시 일산서구 홀트로 66(탄현동,1층 일부)"
20100327261,경기도 고양시 일산서구 호수로 817(레이킨스몰 현대백화점 지하1일부층 대화동)
20100329087,"경기도 과천시 별양상가1로 18(지하1층 6-2호 별양동, 과천오피스텔)"
20100332927,경기도 남양주시 진접읍 해밀예당3로 60(외 1필지 호평프라자 104호)
20100333245,경기도 남양주시 진접읍 해밀예당2로 119(1층 전부)
20100333307,"경기도 남양주시 화도읍 경춘로 1992(지1층 일부, 지2층 일부)"
20100336171,"경기도 오산시 원동로 6(1층 140호 원동, 오산파크스퀘어)"
20100336257,"경기도 오산시 성호대로 123(오산동,오산그린프라자 102호)"
20100338449,경기도 시흥시 정왕시장길 25(1층 102호 정왕동)
20100348238,"경기도 용인시 처인구 금령로 65(김량장동,2층)"
20100348459,경기도 용인시 처인구 양지면 남평로 24
20100350197,"경기도 용인시 기흥구 구성3로28번길 32(107호 청덕동,일월프라자)"
20100355095,"경기도 파주시 문화로 7-1(금촌동,1층)"
20100355407,"경기도 파주시 순못길 7(다율동, 1층)"
20100355765,경기도 파주시 미래로 622(대흥프라자 102~105호 와동동)
20100355795,경기도 파주시 미래로 622(대흥프라자 108호 와동동)
20100355826,경기도 파주시 새꽃로 25(로얄프라자 1층 103호 금촌동)
20100356241,경기도 파주시 파주읍 술이홀로 440
20100358312,"경기도 이천시 어재연로 45(창전동,1층)"
20100360004,경기도 안성시 공도읍 공도로 68(1층)
20100364567,경기도 화성시 효행구 정남면 세자로 345(1층 일부)
20100365548,경기도 화성시 만세구 우정읍 기아자동차로 687
20100370319,경기도 양주시 부흥로 1938(오션타워  110호 광사동)
20100370359,"경기도 양주시 고읍남로 23(메가시티프라자, 103호, 104호 광사동)"
20100370373,"경기도 양주시 고읍남로 15(광사동,104호)"
20100372408,"경기도 포천시 소흘읍 송우로 80(송우 황금프라자 118호, 119호)"
20100372499,경기도 포천시 영북면 운천로9번길 8(1층)
20100380383,"강원특별자치도 춘천시 퇴계농공로 12(103호 석사동, 로얄프라자)"
20100383241,"강원특별자치도 원주시 모란1길 82(한라비발디상가동 지상1층 108,109호 우산동)"
20100386566,강원특별자치도 강릉시 주문진읍 연주로 319
20100389250,강원특별자치도 동해시 동해대로 6437(6동 2층 망상동)
20100393081,강원특별자치도 삼척시 청석로 27-112(교동)
20100397052,"강원특별자치도 평창군 대관령면 솔봉로 325(1층 홀리데이인리조트호텔, 외 15필지)"
20100398120,강원특별자치도 정선군 고한읍 고한로 232-9
20100398129,강원특별자치도 정선군 고한읍 고한로 232-9
20100402116,강원특별자치도 인제군 인제읍 인제로 200
20100417348,"충청북도 청주시 상당구 호미로165번길 73(용암동,1층)"
20100421362,충청북도 청주시 서원구 신화로 38(파워프라자 1층 104호 성화동)
20100433134,"충청북도 충주시 연수동산로3길 20(107호 연수동, 대명프라자)"
20100441086,충청북도 영동군 상촌면 민주지산로 3026
20100445085,충청북도 음성군 삼성면 금일로 1195
20100450229,충청남도 천안시 동남구 일봉로 97(1층 용곡동)
20100450288,충청남도 천안시 동남구 성남면 소노로 1(휴양콘도미디엄 1동 1층)
20100450623,"충청남도 천안시 동남구 만남로 43(신부동,외62필지 본관1동 6층)"
20100452882,"충청남도 천안시 서북구 공원로 227(불당동,갤러리아백화점 지하1층)"
20100452884,"충청남도 천안시 서북구 공원로 227(불당동,갤러리아백화점 지하1층)"
20100456207,"충청남도 당진시 밤절로 168(수청동,로뎀113호)"
20100461013,충청남도 아산시 용화로9번길 4-12(1층 일부 용화동)
20100466075,충청남도 계룡시 엄사면 번영5길 15-1(103-2호)
20100473039,충청남도 홍성군 홍성읍 법원로 41
20100478246,전북특별자치도 전주시 완산구 봉곡로 114(효자동2가)
20100478284,전북특별자치도 전주시 완산구 용리로 36-15(삼천동1가)
20100494131,전북특별자치도 완주군 이서면 호남고속도로 162
20100494132,전북특별자치도 완주군 이서면 호남고속도로 162
20100494133,전북특별자치도 완주군 이서면 호남고속도로 161
20100494134,전북특별자치도 완주군 이서면 호남고속도로 161
20100494135,전북특별자치도 완주군 이서면 호남고속도로 162
20100494136,전북특별자치도 완주군 이서면 호남고속도로 161
20100498043,전북특별자치도 임실군 오수면 순천완주고속도로 73
20100498046,전북특별자치도 임실군 오수면 순천완주고속도로 74
20100498047,전북특별자치도 임실군 오수면 순천완주고속도로 74
20100498048,전북특별자치도 임실군 오수면 순천완주고속도로 74
20100498049,전북특별자치도 임실군 오수면 순천완주고속도로 73
20100498055,전북특별자치도 임실군 오수면 순천완주고속도로 73
20100503264,"전남광주통합특별시 목포시 신흥로 116(옥암동,외1필지)"
20100503413,전남광주통합특별시 목포시 원산로59번길 24(1층 산정동)
20100503845,전남광주통합특별시 목포시 평화로61번길 18(상동)
20100506416,"전남광주통합특별시 여수시 만성로 75-1(미평동, 1층)"
20100513186,전남광주통합특별시 광양시 광양읍 성북안길 29(105호 삼성연립주택 상가)
20100513227,전남광주통합특별시 광양시 광양읍 신재로 27(3층중1층일부)
20100513229,"전남광주통합특별시 광양시 광장로 149-1(중동, 4층중1층일부)"
20100516025,전남광주통합특별시 곡성군 곡성읍 곡성로 856
20100518077,전남광주통합특별시 고흥군 도양읍 우주항공로 54(2호)
20100524040,전남광주통합특별시 영암군 삼호읍 대불로 91(외1필지호텔현대1층)
20100525151,전남광주통합특별시 무안군 삼향읍 남악2로74번길 37
20100526007,전남광주통합특별시 함평군 엄다면 무안광주고속도로 12
20100526008,전남광주통합특별시 함평군 엄다면 무안광주고속도로 11
20100527103,전남광주통합특별시 영광군 영광읍 천년로11길 14(1층)
20100529039,전남광주통합특별시 완도군 완도읍 장보고대로 235
20100530050,전남광주통합특별시 진도군 진도읍 교동4길 25(한국농촌공사진도지사)
20100534322,경상북도 포항시 남구 해병로 63(청림동)
20100541104,경상북도 김천시 농소면 경부고속도로 193
20100541158,경상북도 김천시 농소면 경부고속도로 194
20100543016,경상북도 안동시 충효로 4439(정하동)
20100543170,경상북도 안동시 옥동2길 41-11(2층 옥동)
20100543354,경상북도 안동시 일직면 하나들길 150-23
20100548131,경상북도 구미시 문장로 147(1층 도량동)
20100548919,"경상북도 구미시 상사서로 31(상모동,107호)"
20100555033,경상북도 영천시 호국로 54-1(야사동)
20100555081,"경상북도 영천시 동부로 43(야사동,102호)"
20100556185,경상북도 상주시 냉림로 40(냉림동)
20100558188,경상북도 문경시 중부내륙고속도로 174(유곡동)
20100560539,경상북도 경산시 하양읍 하양역길 20(2층)
20100565007,경상북도 영양군 영양읍 옥골1길 14(1층)
20100566100,"경상북도 영덕군 축산면 축산항길 36(1,2층)"
20100570187,경상북도 칠곡군 석적읍 서중리5길 68
20100571021,경상북도 예천군 지보면 지보로 176-11
20100573061,경상북도 울진군 울진읍 울진중앙로 172
20100592151,"경상남도 창원시 성산구 동산로 122(119-1호 상남동, 스카이웰빙파크)"
20100592521,"경상남도 창원시 성산구 신촌로 101(신촌동,양곡상가아파트A-다동 109-11호)"
20100595326,"경상남도 창원시 마산합포구 오동동10길 33(오동동,지상1층)"
20100597098,"경상남도 창원시 마산회원구 북성로 166(회원동,지상1층)"
20100601191,"경상남도 진주시 진주대로1069번길 10(대안동,번지 서부농협 대안동 지점2층)"
20100601248,"경상남도 진주시 동진로 29(칠암동,번지 외 1필지씨티펄상가2층201,202,203호)"
20100601787,"경상남도 진주시 창렬로 114(상봉동,번지2층 일부)"
20100604481,경상남도 통영시 중앙로 261(북신동)
20100607110,경상남도 김해시 진영읍 김해대로321번길 3-20
20100607139,경상남도 김해시 진영읍 장등로 58(1층)
20100607160,"경상남도 김해시 내외중앙로 39(205호 외동,강남빌딩)"
20100607881,경상남도 김해시 삼문로43번길 3-2(1층)
20100612173,"경상남도 거제시 제산로 86(양정동,거제더？ 상가동 105호)"
20100612563,경상남도 거제시 장목면 거가대로 1068(1층)
20100614347,경상남도 양산시 신명동7길 56(103호 명동)
20100614465,경상남도 양산시 물금읍 화합3길 10-5(1층)
20100614572,"경상남도 양산시 강변로 438(중부동,크리스탈타워 5층, 6층)"
20100617022,경상남도 함안군 칠원읍 오곡로 70
20100617104,경상남도 함안군 칠원읍 용산1길 27(1층)
20100627905,제주특별자치도 제주시 한림읍 한림중앙로 47
20100631004,제주특별자치도 서귀포시 명동로 29(서귀동)
20100631080,제주특별자치도 서귀포시 표선면 표선동서로 234
20110025295,"서울특별시 종로구 종로12길 14(관철동,지상1층)"
20110025732,"서울특별시 종로구 종로 1(종로1가,교보빌딩 1층.)"
20110029065,"서울특별시 중구 을지로5길 26(수하동,외 1필지 센터원빌딩 1층 104호)"
20110029407,"서울특별시 중구 을지로5길 19(수하동,페럼타워 1층)"
20110029422,서울특별시 중구 동호로 330(씨제이제일제당센터 지하1층 B101호 쌍림동)
20110029774,서울특별시 중구 남대문로 81(롯데백화점 본점 지하1층 소공동)
20110033609,"서울특별시 용산구 남산공원길 126(용산동2가, 서울타워 광장1층)"
20110036283,"서울특별시 성동구 성수일로4길 37(성수동2가, 성수2가 333-123 지상1층)"
20110039316,경상북도 문경시 매봉로 56-1(모전동)
20110039765,"서울특별시 광진구 동일로 86(자양동,1층)"
20110042410,서울특별시 동대문구 전농로 209(1층 전농동)
20110046388,"서울특별시 중랑구 면목로 394(면목동,1층)"
20110050400,서울특별시 성북구 돌곶이로 7-1(석관동)
20110053279,서울특별시 강북구 도봉로95길 41(수유동)
20110053344,서울특별시 강북구 삼양로 541(2층 우이동)
20110053424,서울특별시 강북구 도봉로10나길 4(미아동)
20110053631,서울특별시 강북구 삼양로 167(미아동)
20110076847,"서울특별시 강서구 강서로56길 17(9층 등촌동, 강서NC백화점)"
20110076849,"서울특별시 강서구 등촌로 65(101동 B102호 등촌동, 동양하우징)"
20110076855,"서울특별시 강서구 강서로56길 17(9층 등촌동, 강서NC백화점)"
20110077109,"서울특별시 강서구 하늘길 38(김포공항, 롯데몰, 스카이시티 B2층 방화동)"
20110077154,"서울특별시 강서구 하늘길 38(김포공항, 롯데몰, 스카이시티 지하2층 방화동)"
20110077171,"서울특별시 강서구 하늘길 38(김포공항, 롯데몰, 스카이시티 지하2층 방화동)"
20110077175,"서울특별시 강서구 하늘길 38(지하1층 방화동, 2동, 김포공항 스카이파크)"
20110077224,"서울특별시 강서구 하늘길 38(지하 2층 방화동, 2동 김포공항 스카이파크)"
20110077258,"서울특별시 강서구 하늘길 38(지하 2층 방화동, 2동 김포공항 스카이파크)"
20110080964,"서울특별시 구로구 가마산로 282(구로동,대림오피스벨리 1층 2호)"
20110084235,"서울특별시 금천구 범안로 1130(108호 가산동, 가산디지털엠파이어)"
20110084451,서울특별시 금천구 시흥대로153길 83(지상1층 가산동)
20110086162,"서울특별시 영등포구 양평로19길 3(양평동4가,지상2층)"
20110086328,서울특별시 영등포구 영등포동7가 57 하이서울유스호스텔 지상1층
20110086438,서울특별시 영등포구 양산로23길 16(리마크빌당산 104호 당산동3가)
20110086588,서울특별시 영등포구 신길동 73-12 외1필지
20110086897,서울특별시 영등포구 국제금융로6길 33(중2층 여의도동)
20110087273,"서울특별시 영등포구 선유로 62(대준빌딩 1,2층 문래동3가)"
20110087401,"서울특별시 영등포구 당산로 214(1층 109-1호 당산동5가, 당산삼성래미안 상가1동)"
20110087431,"서울특별시 영등포구 당산로 34(1층 문래동3가, 로데오왁 쇼핑몰 164호.165호)"
20110094037,서울특별시 관악구 관악로 152(1층 봉천동)
20110094368,서울특별시 관악구 봉천로12길 63(신림동)
20110094784,서울특별시 관악구 은천로 38-1(봉천동)
20110099577,서울특별시 서초구 신반포로 176(신세계백화점 11층 반포동)
20110106024,"서울특별시 강남구 테헤란로 424(지상1층 대치동, 삼성생명 대치타워)"
20110107083,서울특별시 강남구 봉은사로26길 23(지하1층 역삼동)
20110107888,서울특별시 강남구 압구정로29길 21(지상2층 압구정동)
20110107959,서울특별시 강남구 강남대로112길 15(지상1층 논현동)
20110114428,"서울특별시 송파구 충민로 66(7층 F-7093,7094,7095호 문정동, 가든파이브라이프)"
20110114653,서울특별시 송파구 충민로 66(가든파이브라이프 NC백화점 7층 Y7001호 문정동)
20110114991,"서울특별시 송파구 충민로 66(가든파이브라이프 7층 7070~7073,7059~7060,7061일부호 문정동)"
20110115944,서울특별시 송파구 양산로 42(1층 거여동)
20110120785,서울특별시 강동구 올림픽로 807(1층 암사동)
20110129101,부산광역시 동구 중앙대로 206(초량동)
20110129155,부산광역시 동구 중앙대로221번길 1(초량동)
20110129193,"부산광역시 동구 중앙대로 206(초량동,4층)"
20110131620,"부산광역시 부산진구 당감서로 66-1(당감동,지상1층)"
20110134060,부산광역시 동래구 명륜로117번길 25(명륜동)
20110139032,부산광역시 북구 만덕3로 34-1(지하1층 만덕동)
20110139111,"부산광역시 북구 만덕대로155번길 9(1동 109호 덕천동, 삼정그린코아@상가)"
20110141111,"부산광역시 해운대구 센텀동로 26(우동, 한화꿈에그린 A-101B-1호)"
20110141392,"부산광역시 해운대구 좌동순환로 57(좌동, 지상1층)"
20110141516,"부산광역시 해운대구 마린시티3로 23(우동, 벽산e오렌지상가 320호 - 325호)"
20110144361,부산광역시 사하구 감천로 61(감천동)
20110147182,부산광역시 금정구 금단로 188(남산동)
20110147246,부산광역시 금정구 청룡로 47-1(남산동)
20110150361,부산광역시 연제구 거제천로 147(거제동)
20110154308,부산광역시 사상구 사상로 211(괘법동)
20110154417,"부산광역시 사상구 사상로 201(2호 괘법동, 애플아울렛)"
20110158489,대구광역시 중구 달구벌대로 2077(현대백화점 지하1층 계산동2가)
20110160283,"대구광역시 동구 팔공로49길 16(봉무동, 롯데몰 이시아폴리스점)"
20110163434,대구광역시 서구 평리로 254(내당동)
20110166034,대구광역시 남구 대명로 144-1(대명동)
20110168097,대구광역시 북구 동천로 125-9(동천동)
20110168595,대구광역시 북구 매전로 2-1(1층 매천동)
20110168761,대구광역시 북구 유통단지로8길 86(산격동)
20110174098,"대구광역시 수성구 신매로16길 76(신매동,1층)"
20110174577,"대구광역시 수성구 상화로 98-8(두산동,1층)"
20110181564,"대구광역시 달서구 와룡로 169(103동 114호 감삼동,월드마크웨스트엔드판매시설)"
20110181630,"대구광역시 달서구 대명천로38길 21(본리동,지상1층)"
20110188076,대구광역시 달성군 구지면 과학마을로2길 6(달성2차청아람상가214동4호1층)
20110188198,대구광역시 달성군 다사읍 대실역북로5길 54-18(1층)
20110190097,인천광역시 제물포구 신포로 18-1(신생동)
20110193050,인천광역시 미추홀구 연남로 35(6층 관교동)
20110197114,"인천광역시 연수구 센트럴로 123(송도동,송도컨벤시아 지상2층)"
20110197123,"인천광역시 연수구 함박뫼로 250(연수동,풍림아상가 107호 지상1층)"
20110197370,"인천광역시 연수구 센트럴로 123(송도동,컨벤션센터 지상1층)"
20110197417,"인천광역시 연수구 센트럴로 160(판매시설동 2층 223호,224호,225호,226호,227호 송도동, 송도센트럴파크푸르지오)"
20110197550,"인천광역시 연수구 해돋이로 108(지상1층 107호 송도동, 세진프라자)"
20110197626,인천광역시 연수구 벚꽃로 114(브랫슬 1층 119호 연수동)
20110199072,"인천광역시 남동구 구월로 352(만수동,구월로 352 1층일부)"
20110199443,인천광역시 남동구 에코중앙로156번길 5-21(1층 일부호 논현동)
20110199727,"인천광역시 남동구 구월남로 216(가나프라자 지1층 비03호, 비04호 구월동)"
20110202303,"인천광역시 부평구 경원대로 1404(부평동,외5필지 부평동그랑프리 110호 1층)"
20110205121,인천광역시 계양구 봉오대로 671(A102호 작전동)
20110205336,"인천광역시 계양구 아나지로247번길 11(효성동,모닝프라자 113호)"
20110208264,인천광역시 서해구 승학로495번길 16(103호 검암동)
20110208826,"인천광역시 서해구 서곶로369번길 22(연희동,1층 105호)"
20110214175,"전남광주통합특별시 동구 의재로 64(학동,1층)"
20110216058,"전남광주통합특별시 서구 월드컵4강로58번길 19(화정동,1층)"
20110216260,전남광주통합특별시 서구 무진대로 904(유스퀘어광천터미널 2층 광천동)
20110216376,"전남광주통합특별시 서구 운천로 143(1층 쌍촌동, 외2필지)"
20110216715,전남광주통합특별시 서구 풍암1로 11(1층 풍암동)
20110221562,전남광주통합특별시 북구 면앙로6번길 72(1층 용봉동)
20110221846,"전남광주통합특별시 북구 설죽로 328(오치동,1층)"
20110227172,"전남광주통합특별시 광산구 풍영로 275(장덕동,1층)"
20110231575,"대전광역시 동구 동서대로1695번길 30(동관동 3층 용전동, 대전복합터미널)"
20110233021,대전광역시 중구 유천로47번길 50(1층 유천동)
20110233303,"대전광역시 중구 태평로 22(유천동,1층)"
20110233551,대전광역시 중구 대종로 358(세종빌딩 1층 부사동)
20110236240,"대전광역시 서구 월평로 71(월평동,1층)"
20110236933,대전광역시 서구 갈마로 223-1(1층 괴정동)
20110240709,"대전광역시 유성구 대학로145번길 13(궁동,지상2층)"
20110245304,"울산광역시 중구 화합로 415(2층 202호 반구동, 창조메리트)"
20110247832,울산광역시 남구 수암로 165(승원빌딩 1층 야음동)
20110247889,울산광역시 남구 대공원로 241(상가동 2층 206호 신정동)
20110252188,울산광역시 동구 미포2길 28(1층 동부동)
20110252235,"울산광역시 동구 방어진순환도로 899(서부동,지하1층)"
20110252365,울산광역시 동구 방어진순환도로 995-2(서부동)
20110255224,울산광역시 울주군 범서읍 대리3길 22
20110257200,세종특별자치시 조치원읍 죽림로 40(1동 1호우측호)
20110267089,경기도 수원시 팔달구 세지로152번길 28(1층 인계동)
20110269010,"경기도 수원시 영통구 태장로 77(망포동,외2필지 1층)"
20110269071,"경기도 수원시 영통구 삼성로168번길 68(매탄동,1층)"
20110269237,"경기도 수원시 영통구 효원로 393(매탄동,밀레니엄프라자 304호)"
20110269242,"경기도 수원시 영통구 영통로501번길 28-1(영통동,1층)"
20110271088,"경기도 수원시 장안구 만석로5번길 12-10(102호 천천동, 중앙프라자)"
20110271168,경기도 수원시 장안구 대평로162번길 19(정자동)
20110271170,경기도 수원시 장안구 장안로75번길 16(정자동)
20110279052,경기도 성남시 중원구 광명로 22(1층 성남동)
20110281233,"경기도 성남시 분당구 운중로 140(메트로골드 1층 102호 일부, 103호 운중동)"
20110281292,"경기도 성남시 분당구 느티로 71(정자동,현대프라자 지상1층105호)"
20110281967,"경기도 성남시 분당구 돌마로 52(구미동, 엠디프라자 111호,112호)"
20110282343,"경기도 성남시 분당구 성남대로331번길 3-9(정자동, 백궁프라자3 208호, 209호, 210호)"
20110285289,"경기도 의정부시 경의로55번길 14(의정부동, 지상1층)"
20110285728,경기도 의정부시 부용로95번길 10(한솔프라자 지상2층 203호 금오동)
20110290172,"경기도 안양시 만안구 삼봉로 1(박달동,지상 1,2 층)"
20110292067,"경기도 안양시 동안구 시민대로 401(대륭테크노타운15차 123,124호 관양동)"
20110292166,경기도 안양시 동안구 평촌대로243번길 30(샤크존 지상1층 비산동)
20110297264,"경기도 부천시 원미구 상동로 78(102호 상동,동양파라곤)"
20110297479,"경기도 부천시 원미구 도약로 25(상동,대동프라자 102호)"
20110297483,"경기도 부천시 원미구 장말로237번길 12(중동,,1층일부)"
20110301024,"경기도 부천시 소사구 경인로 505(608호 괴안동, 역곡하이뷰)"
20110301128,경기도 부천시 소사구 은성로 111(1층 괴안동)
20110301143,"경기도 부천시 소사구 소사동로 78(유성메트로 1층 108, 114호 소사본동)"
20110304100,경기도 광명시 기아로 23(소하동)
20110306425,경기도 평택시 평택5로 182-1(1층 비전동)
20110308360,경기도 평택시 송탄로 164(서정동)
20110310108,"경기도 동두천시 중앙로 134-12(114호 지행동, 예일복합타워)"
20110310158,"경기도 동두천시 거북마루로 11(지행동,1층)"
20110310204,경기도 동두천시 행선로 66(1층 지행동)
20110316167,"경기도 안산시 단원구 당곡로 33(고잔동, 528-1  외1필지 프라움시티 219,220,221호)"
20110316228,"경기도 안산시 단원구 예술대학로 17(고잔동, 534-3  안산중앙노블레스 130호)"
20110316332,"경기도 안산시 단원구 당곡로 33(고잔동, 528-1  외1필지 프라움시티 218호)"
20110316584,"경기도 안산시 단원구 광덕대로 130(고잔동, 폴리타운 B동 136호)"
20110325096,경기도 고양시 일산동구 장백로 194(위너스21 1층 114호 장항동)
20110325195,"경기도 고양시 일산동구 탄중로 324(중산동, 1층일부)"
20110325325,"경기도 고양시 일산동구 일산로 452(106호 정발산동, 일산프라자)"
20110327279,"경기도 고양시 일산서구 중앙로 1573(대화동,킨텍스프라자 108호)"
20110330310,"경기도 구리시 장자대로13번길 31(교문동,1층)"
20110330490,경기도 구리시 건원대로 44(태영빌딩 116호 인창동)
20110332168,경기도 남양주시 다산지금로 124-77(1층 일부호 다산동)
20110332310,"경기도 남양주시 가운로1길 1(다산동,드림프라자105호)"
20110332445,경기도 남양주시 늘을1로16번안길 17-1(1층 일부호 호평동)
20110333052,경기도 남양주시 진접읍 해밀예당3로 36(101호 일부 부영사랑으로 상가동)
20110333322,경기도 남양주시 화도읍 마석중앙로 76(1층)
20110348230,경기도 용인시 처인구 포곡읍 에버랜드로 199(J-5동 외15필지)
20110350175,"경기도 용인시 기흥구 구갈로60번길 5(구갈동, 105호)"
20110350718,"경기도 용인시 기흥구 죽전로15번길 7-14(보정동, 1층)"
20110355239,경기도 파주시 탄현면 필승로 200(파주프리미엄아울렛 2층 824호)
20110355443,경기도 파주시 조리읍 통일로 308-1(성호아파트 단지내상가 104호)
20110355647,경기도 파주시 광탄면 보광로 1524-11(외 2필지)
20110355688,"경기도 파주시 금빛로 19(파주프라임타워 1층 109호,110호 금촌동)"
20110356255,"경기도 파주시 회동길 390(3층 문발동, 파주프리미엄아울렛 A블럭)"
20110358313,경기도 이천시 마장면 오천로 12(외 2필지2층)
20110360530,경기도 안성시 공도읍 대신두길 28
20110360531,경기도 안성시 공도읍 대신두길 28
20110360536,경기도 안성시 공도읍 대신두길 28
20110360579,경기도 안성시 공도읍 대신두길 28(안성팜랜드 51동)
20110362281,"경기도 김포시 북변1로 20(북변동,1층)"
20110362772,"경기도 김포시 중봉1로 9(가동 1층 3호 감정동, 도선빌딩)"
20110364258,경기도 화성시 효행구 봉담읍 동화역말길 29-13(204호)
20110364587,"경기도 화성시 병점구 병점중앙로156번길 5-9(진안동,1층 일부)"
20110368146,경기도 광주시 중앙로 76(1층 역동)
20110368460,경기도 광주시 곤지암읍 평촌길 60
20110372030,경기도 포천시 호국로 1001(선단동)
20110375193,경기도 여주시 강천면 부평로 609
20110378190,경기도 양평군 용문면 용문로 377(1층)
20110380137,강원특별자치도 춘천시 동면 후만로 167
20110380601,강원특별자치도 춘천시 후석로 252(1층 후평동)
20110383096,강원특별자치도 원주시 만대로 152(무실동)
20110383267,"강원특별자치도 원주시 천사로 12(단계동,성우프라자106호)"
20110383351,강원특별자치도 원주시 치악고교길 30-5(관설동)
20110383666,강원특별자치도 원주시 치악로 2037(태장동)
20110386099,강원특별자치도 강릉시 화부산로 130-1(1층 교동)
20110389025,강원특별자치도 동해시 부곡1길 2(부곡동)
20110389117,강원특별자치도 동해시 평릉길 1(가동 본관1층 천곡동)
20110392168,강원특별자치도 속초시 미시령로2983번길 111(F동 지하층호 장사동)
20110392171,강원특별자치도 속초시 미시령로2983번길 88(스파동 장사동)
20110397022,"강원특별자치도 평창군 대관령면 솔봉로 325(지하1층 컨벤션센터, 외15필지)"
20110397082,"강원특별자치도 평창군 대관령면 솔봉로 325(1층 컨벤션센터, 외 15필지)"
20110398093,"강원특별자치도 정선군 사북읍 하이원길 265(강원랜드 4,5,6층)"
20110403086,강원특별자치도 고성군 토성면 동해대로 4800
20110417244,"충청북도 청주시 상당구 용담로 7(상가동 131호 문화동, 센트럴칸타빌)"
20110421151,충청북도 청주시 서원구 산남로 64(1층 108호 산남동)
20110425062,충청북도 청주시 흥덕구 오송읍 오송생명로 186(오송프라자 105호)
20110425640,충청북도 청주시 흥덕구 2순환로 1250(3층 강서동)
20110433552,충청북도 충주시 계명대로 232(연수동)
20110435041,충청북도 제천시 용두천로 37(명동)
20110445123,충청북도 음성군 금왕읍 금석로 54-2
20110445234,충청북도 음성군 삼성면 금일로 1195
20110450351,충청남도 천안시 동남구 만남로 43(본관2동 6층 신부동)
20110452859,충청남도 천안시 서북구 서부16길 26(1층 성정동)
20110458223,"충청남도 공주시 신금1길 72(신관동,101호)"
20110459120,충청남도 보령시 해수욕장3길 11-10(신흑동)
20110461152,충청남도 아산시 탕정면 탕정면로 37(702동 1층 10-1호 탕정삼성트라팰리스아파트)
20110473248,충청남도 홍성군 홍성읍 조양로247번길 9
20110478814,전북특별자치도 전주시 완산구 용머리로 157(효자동1가)
20110479051,"전북특별자치도 전주시 완산구 흑석로 53(B동 102호 서서학동, 푸른맨션 상가동)"
20110481182,전북특별자치도 전주시 덕진구 숲정이로 45-2(1층 일부호 진북동)
20110481381,전북특별자치도 전주시 덕진구 천마산로 73(1층 108호 송천동2가)
20110487096,전북특별자치도 익산시 하나로10길 68(부송동)
20110487135,"전북특별자치도 익산시 익산대로70길 39(신동,2층)"
20110490232,전북특별자치도 정읍시 상동중앙로 67-5(상동)
20110496023,전북특별자치도 무주군 안성면 장무로 1537-21
20110498015,전북특별자치도 임실군 임실읍 중동로 4
20110503166,"전남광주통합특별시 목포시 평화로61번길 2(1,2층 상동)"
20110506085,전남광주통합특별시 여수시 공화남3길 19-1(공화동)
20110506463,전남광주통합특별시 여수시 봉산남4길 23-32(1층 봉산동)
20110506544,전남광주통합특별시 여수시 여서1로 70(여서동)
20110509599,전남광주통합특별시 순천시 연향번영3길 8-22(1층 연향동)
20110509659,"전남광주통합특별시 순천시 왕지1길 3-35(왕지동,1층)"
20110513003,"전남광주통합특별시 광양시 사동로 75(중동, 2층중1층일부)"
20110515052,전남광주통합특별시 담양군 담양읍 지침6길 45
20110516020,전남광주통합특별시 곡성군 곡성읍 읍내25길 1
20110516047,전남광주통합특별시 곡성군 곡성읍 읍내8길 11-1
20110520030,전남광주통합특별시 화순군 화순읍 진각로 136(1층)
20110527019,전남광주통합특별시 영광군 영광읍 중앙로 138
20110527059,전남광주통합특별시 영광군 영광읍 신남로 156-1
20110527113,전남광주통합특별시 영광군 영광읍 물무로 122(1층)
20110529029,전남광주통합특별시 완도군 청산면 청산남로 321-44
20110531060,전남광주통합특별시 신안군 암태면 중부로 1798
20110536192,경상북도 포항시 북구 장량로 146(1층 양덕동)
20110536427,경상북도 포항시 북구 해안로 95(3층 두호동)
20110543186,경상북도 안동시 경동로 347(송현동)
20110549048,"경상북도 구미시 구미중앙로17길 16(1층 105,106호 원평동, 프리머스시네마)"
20110554039,경상북도 영주시 지천로 136(가흥동)
20110556157,경상북도 상주시 중앙로 193(서성동)
20110560495,경상북도 경산시 대학로32길 7(중방동)
20110560574,경상북도 경산시 장산로 262(사동)
20110564012,경상북도 청송군 현동면 새마을로 5468
20110569039,경상북도 성주군 용암면 중부내륙고속도로 76(남성주IC양평휴게소)
20110569040,경상북도 성주군 선남면 중부내륙고속도로 77
20110571005,경상북도 예천군 용궁면 용궁로 158
20110571006,경상북도 예천군 예천읍 중앙로 74
20110589460,"경상남도 창원시 성산구 원이대로 320(G동 120호 대원동, 더시티세븐)"
20110595061,경상남도 창원시 마산합포구 진동면 진동리 486-1 (지상1층)
20110595257,"경상남도 창원시 마산합포구 문화동3길 2(월남동2가,외 1필지 지상1층)"
20110595458,경상남도 창원시 마산합포구 3·15대로 126(합포의원 1층 중앙동1가)
20110597289,"경상남도 창원시 마산회원구 3·15대로 728(102호,103호,105호일부 합성동)"
20110597313,경상남도 창원시 마산회원구 내서읍 호계본동로 18(코오롱하늘채2차 다올채1동 202호)
20110601088,"경상남도 진주시 진양호로123번길 3(평거동,번지1층일부)"
20110601460,"경상남도 진주시 초전남로 10(초전동,번지1층 일부)"
20110604082,경상남도 통영시 무전8길 22-19(무전동)
20110606042,경상남도 사천시 곤양면 흥신로 210
20110606043,경상남도 사천시 곤양면 흥신로 210
20110606304,경상남도 사천시 사남면 월성1길 92
20110607349,"경상남도 김해시 분성로 54(1,2층 외동)"
20110607379,"경상남도 김해시 인제로 202(삼방동,2층)"
20110607550,경상남도 김해시 분성로48번길 1(외동)
20110607891,경상남도 김해시 삼안로 217(1층 삼방동)
20110612060,경상남도 거제시 장목면 거가대로 1068(1층)
20110612349,"경상남도 거제시 중곡로 35(고현동,2층)"
20110614440,경상남도 양산시 하북면 경부고속도로 31-1
20110616012,경상남도 의령군 의령읍 의병로18길 9-3
20110616029,경상남도 의령군 의령읍 충익로 26-8
20110622084,경상남도 산청군 산청읍 웅석봉로68번길 8
20110627307,"제주특별자치도 제주시 다랑곶1길 16(109호 노형동,노형세기6차아파트)"
20110627466,제주특별자치도 제주시 동문로 126(지1층 101호 일도이동)
20110627630,"제주특별자치도 제주시 공항로 2(4층 용담이동, 제주국제공항)"
20110627965,제주특별자치도 제주시 애월읍 하귀동남3길 2(1층)
20110631072,제주특별자치도 서귀포시 부두로 49(서귀동)
20120025364,서울특별시 종로구 종로 1(교보생명빌딩동 2층 종로1가)
20120025483,서울특별시 종로구 율곡로 65(2층 재동)
20120025728,서울특별시 종로구 종로 51(지하1층 종로2가)
20120025750,서울특별시 종로구 종로1길 50(1층 중학동)
20120029041,서울특별시 중구 퇴계로 77(신세계백화점 14층 충무로1가)
20120029397,"서울특별시 중구 을지로 100(지하1층  BB01호, BB02호 을지로2가, 파인에비뉴)"
20120029708,서울특별시 중구 남대문로 73(5층 남대문로2가)
20120029720,"서울특별시 중구 남대문로7길 16(지하1층 소공동, 한컴빌딩)"
20120029855,"서울특별시 중구 명동10길 51(3층 충무로2가, 나인트리호텔)"
20120033663,"서울특별시 용산구 한강대로30길 25(지하1층 27,28,29호 한강로2가, 아스테리움)"
20120039097,서울특별시 광진구 뚝섬로 676(자양동)
20120039241,"서울특별시 광진구 아차산로 537-17(광장동, 광장 힐스테이트 단지내 상가 S동1층13호)"
20120042516,서울특별시 동대문구 장한로 69(1층 장안동)
20120050125,"서울특별시 성북구 동소문로 2(1,2층 동소문동2가)"
20120050641,"서울특별시 성북구 길음로 6(길음동, 1층 101호)"
20120053335,서울특별시 강북구 도봉로 34-4(2층 미아동)
20120066388,서울특별시 서대문구 증가로 122(백련빌딩 1층 106호 남가좌동)
20120069428,"서울특별시 마포구 홍익로 10(서교동, 서교푸르지오상가 지하1층 107호)"
20120069466,"서울특별시 마포구 잔다리로6길 25(서교동, 지하1층)"
20120069577,"서울특별시 마포구 백범로 205(신공덕동, 펜트라우스 지하2-21호)"
20120069785,"서울특별시 마포구 월드컵북로6길 64(동교동, 1층 일부)"
20120069980,서울특별시 용산구 청파로93길 41(1층 서계동)
20120070011,"서울특별시 마포구 독막로28길 7(101동 101호 신수동, 성원아파트상가)"
20120073268,서울특별시 양천구 목동중앙서로 41-1(1층 목동)
20120073400,서울특별시 양천구 신목로 88(1층 102호 신정동)
20120076479,"서울특별시 강서구 양천로 73(1층 105호 방화동, 3동 멤브로메디컬센터)"
20120080493,"서울특별시 구로구 천왕로 10(상가동 1층 103호 천왕동, 천왕 이펜하우스 5단지)"
20120084204,서울특별시 금천구 시흥대로 392(지상1층 독산동)
20120086661,"서울특별시 영등포구 여의대방로 300(1층 신길동, 대방역 구내)"
20120086894,"서울특별시 영등포구 여의서로 43(3층 여의도동, 한서리버파크 3층 301,302,303,305호)"
20120086956,"서울특별시 영등포구 국제금융로 10(지하3층 여의도동, IFC몰 309호일부)"
20120086993,"서울특별시 영등포구 영중로 15(4층 영등포동4가, 경방타임스퀘어 단지)"
20120087230,"서울특별시 영등포구 여의대로 66(여의도동, KTB투자증권빌딩 B동 1층)"
20120091186,"서울특별시 동작구 노량진로 124(노량진동, 2층)"
20120098680,"서울특별시 서초구 방배로 97(1층 방배동, 청유빌딩)"
20120098893,"서울특별시 서초구 동광로 78(1층, 2층 방배동)"
20120098958,서울특별시 서초구 서초대로77길 7(1층 서초동)
20120099142,서울특별시 서초구 남부순환로 2620(1층 양재동)
20120099158,서울특별시 서초구 강남대로43길 23(1층 101호 서초동)
20120106119,서울특별시 강남구 역삼로 120(지상1층 역삼동)
20120106530,서울특별시 강남구 선릉로 649(지상1층 논현동)
20120106590,서울특별시 강남구 도산대로 442(지상1층 청담동)
20120107007,서울특별시 강남구 학동로56길 26(지상1층 101호 삼성동)
20120107095,서울특별시 강남구 테헤란로25길 31(지상1층 역삼동)
20120107500,서울특별시 서초구 마방로10길 42(2층 양재동)
20120107742,서울특별시 강남구 선릉로 664(지상106호 삼성동)
20120115723,"서울특별시 송파구 올림픽로 269(지하1층 신천동, 롯데캐슬플라자 애슐리W코너)"
20120126064,부산광역시 중구 중구로29번길 18-5(1층 부평동1가)
20120128126,"부산광역시 서구 암남공원로 39(301동 109호 암남동, 송도풍림아이원)"
20120129146,"부산광역시 동구 중앙대로 206(초량동, 부산역사내 4층)"
20120130033,"부산광역시 영도구 동삼로 56(3층 308호 동삼동, 한나타워)"
20120131230,"부산광역시 부산진구 중앙대로 668(1층 111호 부전동, Al프라자)"
20120131618,"부산광역시 부산진구 엄광로 16(개금동, 개금현대I아파트 상가221동101호)"
20120137102,부산광역시 남구 진남로 51(대연동)
20120141494,"부산광역시 해운대구 신반송로182번길 7(반송동, 1층전부)"
20120141690,"부산광역시 해운대구 센텀동로 102(재송동, 센텀필1관117호)"
20120141970,"부산광역시 해운대구 마린시티1로 51(우동, 파크하얏트부산 1층일부)"
20120141972,"부산광역시 해운대구 마린시티1로 51(우동, 파크하얏트부산 지상2층일부)"
20120141973,"부산광역시 해운대구 마린시티1로 51(우동, 파크하얏트부산 지상30층일부)"
20120141974,"부산광역시 해운대구 마린시티1로 51(우동, 파크하얏트부산 지상31층일부)"
20120141975,"부산광역시 해운대구 마린시티1로 51(우동, 파크하얏트부산 지상32층일부)"
20120144161,부산광역시 사하구 다대로429번길 9(다대동)
20120147112,부산광역시 금정구 부산대학로63번길 2(NC백화점 부산대점 5층 장전동)
20120149113,부산광역시 강서구 명지오션시티8로30번길 26(명지동)
20120152037,부산광역시 수영구 호암로 18-2(1층 광안동)
20120154257,부산광역시 사상구 새벽시장로 100(B동 1층 일부 감전동)
20120156127,"부산광역시 기장군 정관읍 구연로 22(103,104,105호)"
20120160513,"대구광역시 동구 첨단로8길 5(드림타워 1층 107,108호 신서동)"
20120163104,대구광역시 서구 평리로 243(중리동)
20120163273,대구광역시 달서구 당산로 179(1층 감삼동)
20120163369,대구광역시 서구 국채보상로50길 20(224동 101호 평리동)
20120168056,"대구광역시 북구 유통단지로 90(201호 산격동, 엑스코)"
20120168818,대구광역시 북구 복현로 74(1층 복현동)
20120174020,대구광역시 수성구 수성로25길 5(1층 상동)
20120174727,"대구광역시 수성구 고산로 70(4-16동 1층 6호 신매동, 청솔아파트상가)"
20120181060,대구광역시 달서구 조암로 33(한성빌딩 1층 103호 월성동)
20120182108,대구광역시 달서구 대명천로 68(1층 성당동)
20120192104,"인천광역시 제물포구 송현로 38(1층 106호 송현동, 송현프라자)"
20120193581,인천광역시 미추홀구 한나루로357번길 5-22(학익동)
20120197138,"인천광역시 연수구 컨벤시아대로 90(송도동, 현대힐스테이트 502동 116호, 117호, 118호)"
20120197172,"인천광역시 연수구 해돋이로 107(G동 지상1층 상가53,67호 송도동, 송도 더샵 퍼스트월드)"
20120197213,인천광역시 연수구 샘말로30번길 10(1층 연수동)
20120197266,인천광역시 연수구 먼우금로252번길 4(1층 일부호 연수동)
20120197474,인천광역시 연수구 청능대로 210(스퀘어원 3층 일부호 동춘동)
20120197494,"인천광역시 연수구 청능대로 210(동춘동, 스퀘어원 3층)"
20120199207,인천광역시 남동구 백범로206번길 22(1층 만수동)
20120199908,"인천광역시 남동구 앵고개로 928(115호 논현동, DA프라자)"
20120214054,전남광주통합특별시 동구 무등로375번길 31(1층 계림동)
20120214138,전남광주통합특별시 동구 독립로 268(9층 대인동)
20120216492,전남광주통합특별시 서구 풍금로171번길 5(1층 금호동)
20120216522,전남광주통합특별시 서구 상무번영로 52(1층 치평동)
20120227144,전남광주통합특별시 광산구 장신로 98(롯데아울렛 3층 장덕동)
20120227187,전남광주통합특별시 광산구 소촌로 71-1(1층 소촌동)
20120227409,전남광주통합특별시 광산구 장신로19번안길 29-2(1층 장덕동)
20120227466,전남광주통합특별시 광산구 수완로 67(1층 수완동)
20120231003,"대전광역시 동구 동구청로 101(106호 가오동, 세이프존)"
20120233196,대전광역시 중구 대종로505번길 27(1층 선화동)
20120236685,대전광역시 서구 신갈마로141번길 40-11(1층 일부호 갈마동)
20120237034,대전광역시 서구 계룡로 598(지하1층 괴정동)
20120237083,대전광역시 서구 만년로 70(10~11층 만년동)
20120240319,대전광역시 유성구 원신흥남로42번길 6-28(지상1층 원신흥동)
20120240412,"대전광역시 유성구 테크노4로 115(지상1층 104호 관평동, 화산타워)"
20120240767,대전광역시 유성구 장대로 11-1(지상1층 봉명동)
20120245030,울산광역시 중구 성안1길 117(1층 성안동)
20120245041,"울산광역시 중구 태화로 263(상가B동 1층 1011호 태화동, 한라궁전맨션)"
20120245092,울산광역시 중구 젊음의거리 26(2층 성남동)
20120245156,울산광역시 중구 곽남길 17(1층 약사동)
20120257236,"세종특별자치시 노을3로 19(상가동 129호 한솔동, 첫마을아파트)"
20120267372,경기도 수원시 팔달구 권광로207번길 13(인계동)
20120269091,"경기도 수원시 영통구 반달로7번길 16(영통동, 998-4번지 이플리스 빌딩 109호)"
20120271084,경기도 수원시 장안구 장안로 32(영화동)
20120281187,경기도 성남시 분당구 판교공원로3길 24-2(1층 판교동)
20120281721,"경기도 성남시 분당구 성남대로172번길 12(금곡동, 현대아리온 오피스텔 1층 4호)"
20120281929,경기도 성남시 분당구 판교역로192번길 22(판교 효성 해링턴 타워 2층 204호 삼평동)
20120282013,"경기도 성남시 분당구 돌마로 68(구미동, 분당프라자   2층   209호)"
20120282059,"경기도 성남시 분당구 판교역로241번길 22(삼평동, 엠타워 1층 104호, 105호, 106호)"
20120285318,"경기도 의정부시 평화로 525(의정부동, 신세계백화점 지상9층)"
20120285321,"경기도 의정부시 평화로 525(의정부동, 신세계백화점 지상9층)"
20120285565,"경기도 의정부시 청사로 38(금오동, 홈플러스 지상1층)"
20120290037,경기도 안양시 만안구 안양로 122(1층 일부호 안양동)
20120292082,"경기도 안양시 동안구 시민대로 180(지상7층 호계동, 롯데백화점)"
20120292084,"경기도 안양시 동안구 시민대로 180(지하1층 호계동, 롯데백화점)"
20120292087,"경기도 안양시 동안구 시민대로 180(지상8층 호계동, 롯데백화점)"
20120292129,"경기도 안양시 동안구 시민대로 180(지하1층 호계동, 롯데백화점)"
20120292402,"경기도 안양시 동안구 동안로 119(9층 호계동, 범계뉴코아)"
20120297194,"경기도 부천시 원미구 길주로 180(백화점동 8층 중동, 현대백화점중동점)"
20120297501,"경기도 부천시 원미구 길주로 300(중동, LOTTE백화점 10층일부)"
20120306132,경기도 평택시 팽성읍 안정쇼핑로 2(1층)
20120306382,"경기도 평택시 평택2로10번길 34(평택동,외3필지 로데오스타 203호)"
20120313270,경기도 안산시 상록구 석호로 105(1층 사동)
20120316016,"경기도 안산시 단원구 광덕4로 220(111호 고잔동, 밀레니엄프라자)"
20120323156,"경기도 고양시 덕양구 화신로272번길 58(화정동, 영프라자빌딩207호)"
20120327045,"경기도 고양시 일산서구 중앙로 1456(주엽동, 서현프라자 106호)"
20120327112,"경기도 고양시 일산서구 현중로26번길 73(탄현동, 1층일부)"
20120327318,"경기도 고양시 일산서구 산현로 7(109호 탄현동, 풍성프라자)"
20120330125,"경기도 구리시 경춘로 261(인창동, 롯데백화점8층)"
20120330132,"경기도 구리시 경춘로 261(인창동, 롯데백화점 8층)"
20120330139,"경기도 구리시 경춘로 261(인창동, 롯데백화점 8층)"
20120330140,"경기도 구리시 경춘로 261(인창동, 롯데백화점 8층)"
20120330323,경기도 구리시 벌말로 186(S.M BLD 101호 토평동)
20120332800,경기도 남양주시 별내5로 29(1층 일부 별내동)
20120333000,"경기도 남양주시 와부읍 경강로 780(1,2층)"
20120338330,경기도 시흥시 비둘기공원6길 13-1(103호 대야동)
20120348137,경기도 용인시 처인구 남사면 전나무골길2번길 94(2층 클럽하우스)
20120348276,경기도 용인시 처인구 포곡읍 포곡로 113(1층)
20120348374,"경기도 용인시 처인구 이동면 서리 1223 외14필지, 지하1층 클럽하우스동"
20120348392,경기도 용인시 처인구 금령로 108-1(105호 김량장동)
20120350288,경기도 용인시 기흥구 흥덕2로75번길 36-1(101호 영덕동)
20120353183,"경기도 용인시 수지구 성복1로 80(1층 113호,114호 성복동, 성복역 서희스타힐스)"
20120353409,"경기도 용인시 수지구 풍덕천로 142(풍덕천동, 1층)"
20120355442,경기도 파주시 광탄면 큰여울길 20-21(101호 동신라메르아파트)
20120358329,경기도 이천시 증신로 137(증포동)
20120362651,경기도 김포시 대곶면 율생로 84(1층)
20120364389,"경기도 화성시 동탄구 동탄중앙로 220(반송동, 96 A블럭 3층 S01, S02, S03, S04)"
20120365326,경기도 화성시 효행구 봉담읍 동화길 93-6(1층 107호)
20120368212,경기도 광주시 초월읍 무들로 12(1층)
20120377112,경기도 가평군 조종면 조종희망로 26
20120380035,강원특별자치도 춘천시 동내면 순환대로 877(1층)
20120380259,강원특별자치도 춘천시 안마산로 231(1층 퇴계동)
20120383359,강원특별자치도 원주시 문막읍 원문로 1234(1층 문막하휴게소가동)
20120383360,강원특별자치도 원주시 문막읍 원문로 1234(1층 문막하휴게소가동)
20120383797,강원특별자치도 원주시 중앙로 79(지상2층 중앙동)
20120392084,강원특별자치도 속초시 수복로 58(교동)
20120392157,"강원특별자치도 속초시 조양상가길 2(102호 조양동, 부영아파트 분산상가)"
20120392191,강원특별자치도 속초시 미시령로2983번길 88(장사동)
20120397131,강원특별자치도 평창군 대관령면 솔봉로 325(103동 1층)
20120399044,강원특별자치도 철원군 동송읍 이평2로17번길 11(1층)
20120403036,강원특별자치도 고성군 토성면 미시령옛길 1153
20120403037,강원특별자치도 고성군 토성면 미시령옛길 1153
20120403038,강원특별자치도 고성군 토성면 미시령옛길 1153
20120403039,강원특별자치도 고성군 토성면 미시령옛길 1153
20120403041,강원특별자치도 고성군 토성면 미시령옛길 1153
20120403111,강원특별자치도 고성군 토성면 토성로 148
20120417209,충청북도 청주시 상당구 원봉로 78(1층 용암동)
20120417212,충청북도 청주시 상당구 낭성면 관정1길 10
20120417361,"충청북도 청주시 상당구 꽃산동로 45(금천동, 뉴타운@A동상가104호)"
20120421198,충청북도 청주시 서원구 신화로 43(1층 성화동)
20120421299,충청북도 청주시 서원구 사직대로 125-1(1층 사창동)
20120425447,"충청북도 청주시 흥덕구 직지대로 308(복대동, 현대백화점충청점지하1층)"
20120425448,"충청북도 청주시 흥덕구 직지대로 308(복대동, 현대백화점충청점지하1층)"
20120425451,"충청북도 청주시 흥덕구 직지대로 308(복대동, 현대백화점충청점지하1층)"
20120425452,"충청북도 청주시 흥덕구 직지대로 308(복대동, 현대백화점충청점지하1층)"
20120425457,"충청북도 청주시 흥덕구 직지대로 308(지하1층 복대동, 현대백화점충청점)"
20120425505,충청북도 청주시 흥덕구 대신로73번길 81(1층 복대동)
20120425517,충청북도 청주시 흥덕구 가로수로1164번길 56(1층 강서동)
20120441075,충청북도 영동군 상촌면 민주지산로 3014-1
20120450019,충청남도 천안시 동남구 중앙로 262(1층 신부동)
20120450314,충청남도 천안시 동남구 풍세로 798(113호 청당동)
20120452281,충청남도 천안시 동남구 서부대로 247-12(1층 신방동)
20120456377,충청남도 당진시 밤절로 72-8(1층 우측호 원당동)
20120458236,충청남도 공주시 흑수골길 6-1(신관동)
20120461133,충청남도 아산시 배방읍 북수로 74(1층)
20120461282,충청남도 아산시 둔포면 둔포면로 18-1(1층)
20120463219,충청남도 서산시 시장2로 35(1층 동문동)
20120464139,충청남도 논산시 중앙로 205(내동)
20120464184,충청남도 논산시 벌곡면 호남지선고속도로 25(벌곡휴게소)
20120464185,충청남도 논산시 벌곡면 호남지선고속도로 25(벌곡휴게소)
20120464235,충청남도 논산시 벌곡면 벌곡로 9-58
20120467058,충청남도 금산군 금산읍 비단로 404
20120478003,전북특별자치도 전주시 완산구 홍산남로 45(104호 효자동3가)
20120478403,전북특별자치도 전주시 완산구 메너머1길 28(1층 중화산동2가)
20120481113,전북특별자치도 전주시 덕진구 기린대로 693(팔복동2가)
20120481332,전북특별자치도 전주시 덕진구 호성2길 18-5(호성동1가)
20120484059,전북특별자치도 군산시 동수송9길 16(수송동)
20120484153,전북특별자치도 군산시 나운4길 17(청탑입시학원 나운동)
20120484424,"전북특별자치도 군산시 월명로 215(101호 수송동, 시티월드)"
20120484506,전북특별자치도 군산시 조촌4길 13(조촌동)
20120487057,전북특별자치도 익산시 중앙로 22-112(중앙동1가)
20120487166,전북특별자치도 익산시 배산로 159(모현동1가)
20120487198,전북특별자치도 익산시 배산로3길 56(모현동1가)
20120490164,전북특별자치도 정읍시 명덕1길 71(농소동)
20120494067,전북특별자치도 완주군 봉동읍 둔산3로 37
20120494145,전북특별자치도 완주군 봉동읍 과학로 1015
20120499024,전북특별자치도 순창군 순창읍 순창로 185(1층)
20120503203,"전남광주통합특별시 목포시 옥암로 11(상동,,1층)"
20120503400,전남광주통합특별시 목포시 통일대로 48-1(상동)
20120506098,전남광주통합특별시 여수시 오동도로 111(3층 302호 수정동)
20120506100,"전남광주통합특별시 여수시 오동도로 111(소노캄 여수 1층 102, 103호 수정동)"
20120506101,"전남광주통합특별시 여수시 오동도로 111(소노캄 여수 1층 106,107호 수정동)"
20120506103,전남광주통합특별시 여수시 오동도로 111(24층 2401호 수정동)
20120506133,전남광주통합특별시 여수시 예울마루로 37-26(2층 208.209호 웅천동)
20120509300,전남광주통합특별시 순천시 장평로 20(1층 풍덕동)
20120509316,"전남광주통합특별시 순천시 팔마4길 9(연향동,1층)"
20120512160,전남광주통합특별시 나주시 북망문길 36-15(성북동)
20120513336,전남광주통합특별시 광양시 광장로 137(3층중1층일부층 중동)
20120519022,전남광주통합특별시 보성군 미력면 남해고속도로 63(외 53필지)
20120521004,전남광주통합특별시 장흥군 장흥읍 북부로 39(상가동 102호 수창아트빌아파트)
20120525137,전남광주통합특별시 무안군 삼향읍 남악5로34번길 11-3
20120525181,전남광주통합특별시 무안군 무안읍 불무로 50(1층)
20120527095,전남광주통합특별시 영광군 영광읍 신남로 153(1층)
20120528005,전남광주통합특별시 장성군 장성읍 영천로 165-1
20120534185,경상북도 포항시 남구 연일읍 연일중앙로 37(1층)
20120538069,경상북도 경주시 원화로 273(성동동)
20120538353,경상북도 경주시 북천길 36(동천동)
20120543172,경상북도 안동시 번영1길 58-15(1층 서부동)
20120548016,경상북도 구미시 인동36길 16(1층 진평동)
20120548386,"경상북도 구미시 송원동로 41(우방타운상가 206동 1층 1,2호 송정동)"
20120548395,경상북도 구미시 신시로16길 27-1(1층 송정동)
20120555055,"경상북도 영천시 문화새길 25(14동 8호 야사동, 문화아파트상가)"
20120560383,경상북도 경산시 성암로10길 19(옥산동)
20120560648,경상북도 경산시 압량읍 압독2로 28
20120567030,경상북도 청도군 청도읍 청화로 132
20120570136,경상북도 칠곡군 왜관읍 군청4길 24
20120571086,경상북도 예천군 예천읍 봉덕로 41
20120572042,경상북도 봉화군 명호면 광석길 28-1
20120595198,경상남도 창원시 마산합포구 아구찜길 19(오동동)
20120595421,경상남도 창원시 마산합포구 월영동서로 15(해운동)
20120601332,"경상남도 진주시 옥봉길 5-2(수정동, 1층일부)"
20120604248,"경상남도 통영시 광도면 죽림해안로 144(1,2층)"
20120604259,"경상남도 통영시 운하1길 46(상가동 122호 미수동, 대영유토피아)"
20120607604,경상남도 김해시 인제로 194(2층 어방동)
20120607878,경상남도 김해시 활천로36번길 14(삼정동)
20120607939,경상남도 김해시 율하2로 52(1층 율하동)
20120607992,경상남도 김해시 번화2로 88(상가동 104호 젤미마을 부영아파트)
20120612037,경상남도 거제시 아주로 74(1층 아주동)
20120618106,경상남도 창녕군 영산면 로터리길 51-1
20120619054,경상남도 고성군 회화면 배둔로 105-4
20120623023,경상남도 함양군 함양읍 필봉산길 106
20120627034,"제주특별자치도 제주시 공항로 2(용담이동, 제주국제공항여객청사 4층)"
20120627642,제주특별자치도 제주시 월랑로 30(제1호 1층 노형동)
20120627748,제주특별자치도 제주시 고마로 95(동남빌딩 1층 일도이동)
20120627778,제주특별자치도 제주시 연동4길 29(105호 연동)
20120627782,제주특별자치도 제주시 고마로 98-1(일도이동)
20120627930,제주특별자치도 제주시 광양13길 24(이도이동)
20120631027,제주특별자치도 서귀포시 홍중로 64-1(1층 서홍동)
20120631298,제주특별자치도 서귀포시 중문관광로 9(색달동)
20130025055,서울특별시 종로구 자하문로 17-2(체부동)
20130025542,"서울특별시 종로구 삼일대로30길 31(지하1층 , 지상1층 익선동)"
20130029168,"서울특별시 중구 퇴계로 216(1,2층 충무로4가)"
20130029181,"서울특별시 중구 세종대로 135(1층 태평로1가, 코리아나호텔)"
20130029406,"서울특별시 중구 세종대로 58(남대문로4가, 1층)"
20130029407,"서울특별시 중구 세종대로 58(남대문로4가, 16층)"
20130033124,"서울특별시 용산구 백범로90길 38(문배동, 24-8 지상2층 201,202호)"
20130033134,"서울특별시 용산구 장문로 72(보광동, 210-8 지상1층)"
20130033148,"서울특별시 용산구 이태원로 272(한남동, 729-74 지상3층)"
20130039228,"서울특별시 광진구 자양로 109(1층 101,102호 자양동)"
20130039382,서울특별시 광진구 면목로 137-1(1층 중곡동)
20130039446,서울특별시 광진구 천호대로129길 7(2층 중곡동)
20130039611,"서울특별시 광진구 광나루로 361(104호 군자동, 광진동양파라곤2단지)"
20130042712,"서울특별시 동대문구 정릉천동로 58(1층 126,127호 용두동, 롯데캐슬피렌체)"
20130042763,서울특별시 동대문구 답십리로72길 66(1층 장안동)
20130046376,"서울특별시 중랑구 겸재로 201(1층 105호 면목동, 봄작시티 201)"
20130050426,서울특별시 성북구 동소문로26길 1(동선동3가)
20130050501,"서울특별시 성북구 아리랑로19가길 20(상가동 201호 정릉동, 외1필지 정릉꿈에그린)"
20130056310,"서울특별시 도봉구 도봉로 678(지하2층 방학동, 홈플러스)"
20130059705,"서울특별시 노원구 동일로192길 77(2층 204호 공릉동, 동신아파트 102동 상가)"
20130066380,"서울특별시 서대문구 서소문로 27(충정로3가, 충정리시온 109호)"
20130069015,서울특별시 마포구 어울마당로 61(지상1층 서교동)
20130069592,"서울특별시 마포구 월드컵로 105(망원동, 2층 일부)"
20130069756,"서울특별시 마포구 월드컵북로 502(상암동, 월드컵파크프라자 1층 113호)"
20130073221,서울특별시 양천구 목동로 218(1층 목동)
20130073363,"서울특별시 양천구 가로공원로 123(1층 101호 신월동, 우진팰리스)"
20130073386,서울특별시 양천구 오목로 319(2층 목동)
20130073428,서울특별시 양천구 신월로 294(2층 신정동)
20130076207,"서울특별시 강서구 양천로57길 9-19(1층 105호 가양동, 2동, 동양트레벨스카이)"
20130076283,서울특별시 강서구 화곡로 398(홈플러스강서점앤본사사옥 4층 등촌동)
20130076416,"서울특별시 강서구 강서로45길 92-22(1층 내발산동, 1동)"
20130077081,"서울특별시 강서구 화곡로 347(그랜드아이파크 1층 112호 화곡동, 6동)"
20130077092,서울특별시 강서구 가로공원로 197-1(1층 화곡동)
20130080317,서울특별시 구로구 새말로8길 3(양재빌딩 지상2층 구로동)
20130080515,서울특별시 구로구 고척로 228-12(고척동)
20130084118,"서울특별시 금천구 디지털로10길 9(지상7층 가산동, 현대아울렛)"
20130084342,서울특별시 금천구 시흥대로 150(지상1층 시흥동)
20130086393,"서울특별시 영등포구 여의동로 290(여의도동, 노들나루 1층일부,2층)"
20130086515,"서울특별시 영등포구 당산로 42(문래동3가, 2층일부)"
20130086644,"서울특별시 영등포구 경인로 846(영등포동, 롯데백화점 10층)"
20130086858,"서울특별시 영등포구 여의대방로 394(우정빌딩 1층 114,115호 여의도동)"
20130087161,"서울특별시 영등포구 여의대로 24(여의도동, 전국경제인영합회회관 타워동 지하1층)"
20130091133,"서울특별시 동작구 상도로30길 39(120동 108-1호 상도동, 상도두산위브아파트)"
20130091687,서울특별시 동작구 사당로 202(1층 사당동)
20130094238,서울특별시 관악구 남부순환로 2044(2층 남현동)
20130094749,서울특별시 관악구 청룡길 31(1층 봉천동)
20130094838,서울특별시 관악구 남부순환로 1855(1층 봉천동)
20130094947,서울특별시 관악구 청룡길 40(1층 봉천동)
20130098271,서울특별시 서초구 방배로 195(111호 방배동)
20130098373,서울특별시 서초구 마방로2길 68(1층 양재동)
20130098531,"서울특별시 서초구 서초대로 240(2층 212호~219호 서초동, 동일하이빌)"
20130099013,"서울특별시 서초구 잠원로 51(5층 잠원동, 뉴코아백화점)"
20130099183,서울특별시 서초구 반포대로 222(지하1층 서울성모병원 반포동)
20130099396,서울특별시 서초구 서초중앙로 75(201호 서초동)
20130105264,서울특별시 강남구 선릉로 664(지상1층 삼성동)
20130105402,서울특별시 강남구 논현로 841(신사동)
20130105703,서울특별시 강남구 논현로10길 29(지상2층 개포동)
20130105972,서울특별시 강남구 압구정로2길 35(106호 신사동)
20130106157,서울특별시 강남구 테헤란로 517(현대백화점 지하1층 식품관 일부호 삼성동)
20130106583,서울특별시 영등포구 여의대로 108(더현대서울 6층 여의도동)
20130107040,서울특별시 강남구 테헤란로33길 24(2층 역삼동)
20130107331,서울특별시 강남구 선릉로 705(지상1층 논현동)
20130107391,서울특별시 강남구 테헤란로 509(NC타워 1층 삼성동)
20130114069,서울특별시 송파구 삼학사로19길 28(1층 101호 삼전동)
20130114152,서울특별시 송파구 오금로11길 11-8(107호 방이동)
20130114266,서울특별시 송파구 위례성대로18길 32(지상1층 방이동)
20130114325,"서울특별시 송파구 올림픽로43길 88(지하1층 풍납동, 서울아산병원 동관)"
20130114716,서울특별시 송파구 오금로17길 5(지상1층 방이동)
20130115205,"서울특별시 송파구 올림픽로 240(지상1,2층 잠실동, 롯데월드매직아일랜드내)"
20130120497,서울특별시 강동구 상일로5길 15(1층 일부호 상일동)
20130120604,"서울특별시 강동구 구천면로 233(한양메디스퀘어 1층 105호,106호 천호동)"
20130129025,부산광역시 동구 고관로13번길 63(초량동)
20130131455,"부산광역시 부산진구 백양대로208번길 90(104호 개금동, 한진아파트상가동)"
20130131641,부산광역시 부산진구 신천대로62번길 51(1층 부전동)
20130134252,부산광역시 동래구 중앙대로 1393(롯데백화점 8층 온천동)
20130139272,부산광역시 북구 시랑로 47(1층 구포동)
20130144216,부산광역시 사하구 낙동대로 158(괴정동)
20130144390,부산광역시 사하구 괴정로 230-2(괴정동)
20130144485,부산광역시 사하구 다대로429번길 15(다대동)
20130147175,부산광역시 금정구 무학송로 142(부곡동)
20130147266,부산광역시 금정구 금사로 156(1층 회동동)
20130149041,"부산광역시 강서구 명지오션시티10로 16(222동 1층 201~3호 명지동, 영어도시 퀸덤1차 링컨타운상가동)"
20130152288,"부산광역시 수영구 남천동로10번길 15(1층 101호 남천동, 그린빌리지)"
20130154293,부산광역시 사상구 새벽로167번길 14(감전동)
20130158185,"대구광역시 중구 중앙대로81길 54(종로1가, 지상1층)"
20130158204,"대구광역시 중구 대봉로 239(대봉동, 지상1층)"
20130158524,대구광역시 중구 동성로5길 70-2(삼덕동1가)
20130158540,"대구광역시 중구 국채보상로 547(종로1가, 지상4층)"
20130158587,"대구광역시 중구 대봉로 215(대봉동, 지상1층)"
20130160365,대구광역시 북구 대현로 113-1(1층 대현동)
20130160515,대구광역시 동구 동촌로 370(1층 용계동)
20130160631,대구광역시 동구 팔공로49길 16(1층 봉무동)
20130163241,대구광역시 서구 국채보상로 168(중리동)
20130166228,대구광역시 남구 희망로 51(1층 이천동)
20130168136,"대구광역시 북구 학정로 439(104호 동천동, 메가타운)"
20130168369,대구광역시 북구 매전로4길 6-9(매천동)
20130168403,대구광역시 북구 동암로 100(씨네피아 105호 동천동)
20130168482,대구광역시 북구 복현로 31(복현동)
20130168484,대구광역시 북구 대학로23길 29(1층 산격동)
20130168662,대구광역시 북구 대천로17길 18-1(1층 동천동)
20130174048,"대구광역시 수성구 달구벌대로 2315(1층 108호 수성동4가, 수성 롯데캐슬)"
20130181785,"대구광역시 달서구 두류공원로 200(지하1층 두류동, 씨앤우방랜드TOWER5)"
20130181789,"대구광역시 달서구 두류공원로 200(지상4층 두류동, 씨앤우방랜드TOWER5)"
20130181790,"대구광역시 달서구 두류공원로 200(지상2층 두류동, 씨앤우방랜드TOWER5)"
20130181810,대구광역시 달서구 조암로 57-9(1층 월성동)
20130188114,대구광역시 달성군 다사읍 왕선로 54(1층)
20130188309,대구광역시 달성군 유가읍 테크노대로6길 20
20130190340,"인천광역시 영종구 하늘중앙로195번길 29(109호 중산동, 진로프라자)"
20130193115,인천광역시 미추홀구 석정로 404(주안동)
20130197333,인천광역시 연수구 신송로 157-20(해온프라자 더파크 주건축물제1동 108호 송도동)
20130197622,"인천광역시 연수구 청능대로 210(지상3층 동춘동, 스퀘어원)"
20130199841,"인천광역시 남동구 논고개로123번길 17(아이플렉스 1층 131호, 132호 논현동)"
20130202146,"인천광역시 부평구 충선로 107(부개동, 1층)"
20130202273,"인천광역시 부평구 주부토로 74(부평동, 1층)"
20130202330,"인천광역시 부평구 길주로 633(삼산동, 삼산메디캐슬 204호)"
20130202614,"인천광역시 부평구 부영로189번길 51(산곡동, 오남프라자 108호)"
20130202638,"인천광역시 부평구 동수로 56(부평동, 외 8필지 인천성모병원 3동 지하2층)"
20130205023,인천광역시 계양구 주부토로 541(1층 113호 계산동)
20130205042,인천광역시 계양구 새벌로 130(1층 일부호 효성동)
20130205146,인천광역시 계양구 계양대로194번길 18(계산동)
20130205557,"인천광역시 계양구 동양로 11(상가동 102,103호 박촌동, 풍림아이원)"
20130208109,"인천광역시 서해구 청라라임로 57(영화블렌하임 114호 연희동, 799-21)"
20130208322,인천광역시 서해구 푸른로8번안길 6(1층 일부호 청라동)
20130208694,"인천광역시 서해구 중봉대로 587(2층 경서동, 홈플러스청라점)"
20130208827,인천광역시 검단구 자원순환로260번길 46(드림파크 클럽하우스 2층 백석동)
20130208902,"인천광역시 서해구 청라커낼로 252(D동 103호 경서동, 청라롯데캐슬상가)"
20130216393,전남광주통합특별시 서구 풍금로3번길 8(1층 풍암동)
20130221912,"전남광주통합특별시 북구 첨단연신로 97(신용동, 솔로몬타워2층 202호)"
20130227569,"전남광주통합특별시 광산구 임방울대로825번길 9(104호 쌍암동, 광주첨단 LH 2단지)"
20130227610,전남광주통합특별시 광산구 수완로49번길 26(1-2층 수완동)
20130227640,전남광주통합특별시 광산구 장덕로40번길 42(1층 장덕동)
20130227749,전남광주통합특별시 광산구 용아로 405(1층 하남동)
20130233046,대전광역시 중구 목동로 64(1층 목동)
20130236494,대전광역시 서구 도산로 104(1층 도마동)
20130236946,대전광역시 서구 도안남로 146(107호 관저동)
20130240567,"대전광역시 유성구 노은로 71(지상1층 118,119호 노은동, 노은스타돔아파트)"
20130240597,대전광역시 유성구 지족로 317(지상1층 107호 지족동)
20130245190,울산광역시 중구 북부순환도로 879(1층 서동)
20130245195,울산광역시 중구 성안로 184(1층 성안동)
20130247360,울산광역시 남구 화합로 185(5층 501호 삼산동)
20130252158,울산광역시 동구 꽃바위로 252(방어동)
20130252196,울산광역시 동구 동해안로 50(동부동)
20130252293,울산광역시 동구 옥류로 12(동부동)
20130255255,울산광역시 울주군 삼남읍 울산역로 177(울산역 내)
20130255258,울산광역시 울주군 웅촌면 상대길 52-15
20130255495,울산광역시 울주군 범서읍 점촌3길 8-11(202호)
20130267130,경기도 수원시 팔달구 덕영대로 924(지하1층 매산로1가)
20130269011,경기도 수원시 영통구 월드컵로 185(캠퍼스빌 2층 204호 원천동)
20130269141,"경기도 수원시 영통구 청명남로 21(영통동, 998-6 아셈프라자 106호)"
20130269275,경기도 수원시 영통구 법조로149번길 272(1층 전체호 하동)
20130271041,"경기도 수원시 장안구 금당로 42(103호 조원동, 그린프라자)"
20130271144,"경기도 수원시 장안구 이목로 24(603동 104호 정자동, SK스카이뷰)"
20130273126,경기도 수원시 권선구 칠보로 146(2~3층 호매실동)
20130279122,경기도 성남시 중원구 광명로 363(2층 금광동)
20130281046,"경기도 성남시 분당구 성남대로925번길 16(야탑동, 테마폴리스 지하2층 일부)"
20130281056,"경기도 성남시 분당구 성남대로331번길 9-14(정자동, 1층 일부)"
20130281145,"경기도 성남시 분당구 미금로 39(구미동, 로얄프라자 1층 104호)"
20130281149,"경기도 성남시 분당구 동판교로177번길 25(2층 201,244,245,246,247호 삼평동, 판교 호반 써밋 플레이스)"
20130281357,"경기도 성남시 분당구 대왕판교로 660(삼평동, 유스페이스1.   2층  239호)"
20130281925,"경기도 성남시 분당구 대왕판교로606번길 58(삼평동, 판교푸르지오월드마크  1층  1-76호)"
20130281984,"경기도 성남시 분당구 황새울로258번길 23(수내동, 분당수내동그라테아  1층  101호)"
20130290104,경기도 안양시 만안구 박달로 508(지상1층 박달동)
20130292472,경기도 안양시 동안구 경수대로 557(지상1층 호계동)
20130297100,"경기도 부천시 원미구 길주로 300(중동,롯데백화점 지하1층일부 중동)"
20130297181,"경기도 부천시 원미구 길주로 246(중동, 외1필지 부천중동리슈빌엔클레스 102호)"
20130297206,"경기도 부천시 원미구 조마루로105번길 30(상동, 1층 일부)"
20130297236,"경기도 부천시 원미구 송내대로 239(상동, 소풍 4층 일부)"
20130297338,"경기도 부천시 원미구 부천로39번길 44(심곡동, 2층)"
20130297524,"경기도 부천시 원미구 부일로 702(역곡동, 남영아파트 105호, 106호)"
20130304292,"경기도 광명시 하안로 289(하안동, b동 2층)"
20130308234,경기도 평택시 팽성읍 부용로55번길 22(1층)
20130310089,경기도 동두천시 평화로2313번길 11(1층 1호 지행동)
20130313347,경기도 안산시 상록구 석호로 223(1층 사동)
20130316096,경기도 안산시 단원구 광덕3로 175-11(삼우타워 118~120호 고잔동)
20130316310,경기도 안산시 단원구 신길로1길 32(1층 신길동)
20130316369,"경기도 안산시 단원구 고잔로 102(2층 201호 고잔동, 대지스타타워)"
20130316530,"경기도 안산시 단원구 광덕대로 194(스타맥스타워2 지하1층 13,14호 고잔동)"
20130325269,경기도 고양시 일산동구 위시티2로11번길 22-14(1층 일부호 식사동)
20130325406,"경기도 고양시 일산동구 위시티2로 19(1층 101호,102호 식사동)"
20130327044,"경기도 고양시 일산서구 킨텍스로 217-60(대화동, 킨텍스 2층일부)"
20130327252,"경기도 고양시 일산서구 한류월드로 300(2023~2027호 대화동, 고양원마운트)"
20130332249,경기도 남양주시 오남읍 진건오남로 511
20130332540,"경기도 남양주시 별내3로 66(별내동, 오션타워 104호)"
20130332822,경기도 남양주시 별내5로23번길 4-9(별내동)
20130332915,경기도 남양주시 진접읍 장현로47번길 6-9(1층)
20130336025,경기도 오산시 원동로37번길 37(B동 2층 일부호 원동)
20130336044,"경기도 오산시 수청로 199(금암동, 정원프라자 106호)"
20130336282,"경기도 오산시 운천로 80-5(1층 111,112호 오산동, 거성그린프라자)"
20130344072,"경기도 의왕시 계원대학로 31(301동 102호 내손동, 미원파크빌)"
20130345162,"경기도 하남시 신장로 104(1층 117, 118호 신장동, 성원상떼빌)"
20130348028,"경기도 용인시 처인구 금령로99번길 2(1층 김량장동, 외1필지)"
20130350336,"경기도 용인시 기흥구 서천로 121(서천동, 원희캐슬서천프라자  112호)"
20130350343,"경기도 용인시 기흥구 구갈로 64(구갈동, 소공빌딩 104호)"
20130350399,"경기도 용인시 기흥구 죽전로43번길 11-23(보정동, 1층)"
20130350534,경기도 용인시 기흥구 동백3로11번길 18(로뎀빌딩 106호 중동)
20130353075,"경기도 용인시 수지구 신봉1로48번길 11(뉴골드프라자 107호,108호 신봉동)"
20130355042,"경기도 파주시 하늘채길 35(1층 하지석동, 파주교하장례식장)"
20130355073,"경기도 파주시 와석순환로 135(102,103호 동패동)"
20130355120,경기도 파주시 탄현면 필승로 200(파주프리미엄아울렛 2층 812호)
20130355199,경기도 파주시 탄현면 새오리로 29
20130355823,경기도 파주시 조리읍 문원길 310(1동 1층)
20130356005,경기도 파주시 문산읍 봉미로 3(1층 102호)
20130358076,경기도 이천시 마장면 중부고속도로 82(1층)
20130358077,경기도 이천시 마장면 중부고속도로 82(1층)
20130358078,경기도 이천시 마장면 중부고속도로 82(1층)
20130358079,경기도 이천시 마장면 중부고속도로 82(1층)
20130358109,경기도 이천시 마장면 중부고속도로 82(2층)
20130358110,경기도 이천시 마장면 중부고속도로 82(2층)
20130358111,경기도 이천시 마장면 중부고속도로 82(2층)
20130360337,경기도 안성시 원곡면 경부고속도로 372(1층)
20130362792,"경기도 김포시 양촌읍 양곡1로 62-5(1동 1층 101전체,102일부호 엠지오)"
20130364033,경기도 화성시 동탄구 동탄원천로 163(위너스타 1층 124호 반송동)
20130364085,"경기도 화성시 동탄구 메타폴리스로 47-7(반송동, 서해더블루 110호)"
20130364157,경기도 화성시 효행구 봉담읍 와우안길 22(2동 2층)
20130364339,"경기도 화성시 동탄구 삼성1로 160(석우동, 디지털스테이션 113호 일부)"
20130364488,"경기도 화성시 동탄구 동탄문화센터로 65(반송동, 에이스타운 101호)"
20130364847,경기도 오산시 외삼미로152번길 57-29(다동 1층 외삼미동)
20130364992,"경기도 화성시 효행구 효행로265번길 9(기안동, 1층 일부)"
20130365061,"경기도 화성시 동탄구 노작로 161(반송동, 신라스테이 동탄 7층 일부)"
20130365133,경기도 화성시 만세구 마도면 마도공단로 236(1층)
20130368207,경기도 광주시 양벌로 207(1층)
20130368303,경기도 광주시 도척면 도척윗로 278(1층)
20130368486,경기도 광주시 경안로 6-1(1동 1층 경안동)
20130370143,"경기도 양주시 고읍남로 20-19(1층일부102,103호 광사동)"
20130372217,경기도 포천시 중앙로 24(신읍동)
20130375098,경기도 여주시 세종로79번길 12-15
20130375105,경기도 여주시 가남읍 여주남로 722
20130378169,경기도 양평군 양평읍 양근로 206(1층)
20130383103,강원특별자치도 원주시 흥업면 남원로 85(지상1층)
20130383634,강원특별자치도 원주시 단구로 391(1층 단구동)
20130386423,강원특별자치도 강릉시 강동면 시동서당길 113
20130392252,강원특별자치도 속초시 해오름로 171(B동 111호 조양동)
20130393011,강원특별자치도 삼척시 언장1길 46(교동)
20130393177,강원특별자치도 삼척시 중앙로 181(1층 남양동)
20130396022,강원특별자치도 영월군 영월읍 중앙로 149
20130397080,강원특별자치도 평창군 봉평면 태기로 228-33
20130398053,강원특별자치도 정선군 사북읍 하이원길 265(22층)
20130401065,강원특별자치도 양구군 동면 금강산로 1683-1
20130425313,충청북도 청주시 흥덕구 오송읍 오송가락로 255-12
20130425389,충청북도 청주시 흥덕구 오송읍 오송가락로 255-8(103호)
20130425528,충청북도 청주시 흥덕구 오송읍 오송생명로 216(오렌지상가 103호)
20130429211,충청북도 청주시 청원구 오창읍 과학산업2로 363(201호 신우에비뉴엘빌딩)
20130429359,"충청북도 청주시 청원구 새터로 187(사천동, 1층)"
20130429386,충청북도 청주시 청원구 오창읍 중심상업로 51-6(태웅프라자 109호)
20130433157,충청북도 충주시 남산로 90(용산동)
20130433468,충청북도 충주시 탄금대로 364(칠금동)
20130435005,충청북도 제천시 백운면 금봉로 365(클럽하우스동 2층)
20130435006,충청북도 제천시 백운면 금봉로 365(클럽하우스동 3층)
20130435007,충청북도 제천시 백운면 금봉로 365(클럽하우스동 지하2층)
20130442017,충청북도 증평군 증평읍 송산로2길 42(1층 101호)
20130444060,충청북도 괴산군 장연면 중부내륙고속도로 205
20130444061,충청북도 괴산군 장연면 중부내륙고속도로 205
20130445145,충청북도 음성군 금왕읍 평택제천고속도로 70
20130445150,충청북도 음성군 금왕읍 평택제천고속도로 69
20130452008,"충청남도 천안시 서북구 부성7길 3(1층 105호 두정동, 레몬타워)"
20130452425,충청남도 천안시 서북구 공원로 196(4층 불당동)
20130452499,"충청남도 천안시 서북구 쌍용11길 8(1층 쌍용동, 용암빌딩)"
20130452735,충청남도 천안시 서북구 한들3로 78-32(1층 백석동)
20130459073,충청남도 보령시 동대로 57(2층 동대동)
20130461219,충청남도 아산시 배방읍 희망로 100(2층 천안아산역내)
20130463027,충청남도 서산시 명륜1로 74(1층 읍내동)
20130463286,충청남도 서산시 호수공원6로 49(대영빌딩 1층 예천동)
20130470051,충청남도 부여군 규암면 백제문로 387(2층)
20130471135,충청남도 서천군 서천읍 사곡로 30
20130473162,충청남도 홍성군 서부면 남당항로213번길 1(A동 1층 101호)
20130473170,충청남도 홍성군 서부면 남당항로213번길 1(A동 1층 103호)
20130473181,충청남도 홍성군 서부면 남당항로213번길 1(A동 1층 106호)
20130473257,충청남도 홍성군 서부면 남당항로213번길 1(A동 2층 206호)
20130478363,전북특별자치도 전주시 완산구 송정로 43(1층 효자동1가)
20130481342,전북특별자치도 전주시 덕진구 권삼득로 321(2층 덕진동1가)
20130481367,"전북특별자치도 전주시 덕진구 권삼득로 202(2층,3층 금암동)"
20130484076,전북특별자치도 군산시 수송6길 22(102호 수송동)
20130484426,전북특별자치도 군산시 수송5길 5(103호 수송동)
20130487093,전북특별자치도 익산시 선화로1길 8(모현동1가)
20130487306,전북특별자치도 익산시 하나로 463(1층 영등동)
20130487447,전북특별자치도 익산시 무왕로 932-1(1층 신동)
20130487546,전북특별자치도 익산시 선화로3길 31-11(2층 모현동1가)
20130490073,전북특별자치도 정읍시 중앙로 247(상동)
20130494154,전북특별자치도 완주군 구이면 모악산길 95
20130495030,전북특별자치도 진안군 진안읍 진무로 1120(진안시외버스공용정류소)
20130498001,전북특별자치도 임실군 임실읍 수정로 46-13
20130499012,전북특별자치도 순창군 순창읍 장류로 356-1
20130503408,전남광주통합특별시 목포시 연산동 757 외 2필지
20130506548,전남광주통합특별시 여수시 소라면 죽림2길 38-12
20130509060,전남광주통합특별시 순천시 팔마1길 3(금화빌딩 1층 연향동)
20130509209,전남광주통합특별시 순천시 우석로 80(1층 덕월동)
20130509304,전남광주통합특별시 순천시 해룡면 신대1길 4-3(1층)
20130509604,전남광주통합특별시 순천시 해룡면 향매로 124(1층)
20130512011,전남광주통합특별시 나주시 대호길 49-1(대호동)
20130513340,전남광주통합특별시 광양시 중마로 61(8층중8층전부 중동)
20130519057,전남광주통합특별시 보성군 벌교읍 계성1길 12-1
20130519061,전남광주통합특별시 보성군 보성읍 신흥길 28-1(104호)
20130522039,전남광주통합특별시 강진군 마량면 미항로 141
20130527019,전남광주통합특별시 영광군 법성면 굴비로1길 10-1
20130531047,전남광주통합특별시 신안군 압해읍 압해로 493
20130534306,경상북도 포항시 남구 오천읍 원동로 41-9(가동 101호)
20130536193,경상북도 포항시 북구 우창동로 35(우현동)
20130538285,경상북도 경주시 보문로 182-29(북군동)
20130538538,경상북도 경주시 금성로407번길 8(성건동)
20130538545,경상북도 경주시 보문로 182-29(북군동)
20130541149,경상북도 김천시 문당길 79(삼락동)
20130543096,경상북도 안동시 경동로 870(용상동)
20130543135,경상북도 안동시 은행나무로 77(2층 송현동)
20130548448,"경상북도 구미시 사곡로 45(1동 103호 사곡동, 세종아파트 상가)"
20130548657,경상북도 구미시 구미중앙로 132(1층 원평동)
20130548861,"경상북도 구미시 문화로 10(2,3층 원평동)"
20130548939,경상북도 구미시 산호대로29길 8-3(1층 102호 옥계동)
20130549014,경상북도 구미시 인동중앙로 36-10(2층 인의동)
20130554109,경상북도 영주시 신재로12번길 89(가흥동)
20130560448,"경상북도 경산시 백자로 105(103동 101호 사동, 계양우방맨션)"
20130560649,경상북도 경산시 경산로7길 4-15(1층 옥곡동)
20130567003,경상북도 청도군 화양읍 범곡길 32
20130570102,경상북도 칠곡군 왜관읍 시장1길 13(2동)
20130589225,경상남도 창원시 의창구 대산면 진산대로 389
20130592037,경상남도 창원시 성산구 용지로133번길 13(1층 중앙동)
20130592191,"경상남도 창원시 성산구 마디미로21번길 11(로데오월드 1층 111-1,111-2,112-2호 상남동)"
20130592401,"경상남도 창원시 성산구 중앙대로100번길 9(1층 103호 상남동, 리베라컨벤션빌딩)"
20130597067,"경상남도 창원시 마산회원구 양덕북4길 11(합성동, 지상2층)"
20130599241,경상남도 창원시 진해구 용원로 55(1층 용원동)
20130601696,"경상남도 진주시 진주대로 624-4(가좌동, 외1필지 2층)"
20130604174,경상남도 통영시 해평1길 6-2(봉평동)
20130604181,"경상남도 통영시 원문로 11(북신동, 진우마리나타운 101동 16호)"
20130604331,경상남도 통영시 안개로 4(1층 북신동)
20130607222,"경상남도 김해시 능동로155번길 10-21(101호 부곡동, 베스트월드)"
20130607506,경상남도 김해시 덕정로204번길 18(관동리)
20130607608,"경상남도 김해시 장유로 469(O동 315호 신문동, 롯데프리미엄아울렛김해점)"
20130607610,경상남도 김해시 장유면 장유로 469(O동 312호 롯데프리미엄아울렛김해점)
20130607611,경상남도 김해시 장유로 469(O동 308호 롯데프리미엄아울렛김해점)
20130607905,"경상남도 김해시 김해대로 2520(2,3층 삼정동)"
20130608201,경상남도 김해시 내덕로7번길 3(무계동)
20130612262,경상남도 거제시 일운면 거제대로 2660(A동지하2층)
20130612263,경상남도 거제시 일운면 거제대로 2660(A동지하3층)
20130612264,경상남도 거제시 일운면 거제대로 2660(A동지하1층)
20130612265,경상남도 거제시 일운면 거제대로 2660(에이동 지하1층 B106호)
20130612266,경상남도 거제시 일운면 거제대로 2660(A동지하3층)
20130612281,경상남도 거제시 일운면 거제대로 2660(A동 지하2층 B219호)
20130612487,경상남도 거제시 중곡로1길 5(1층 고현동)
20130612567,경상남도 거제시 서문로 79(나동 1층 고현동)
20130614286,경상남도 양산시 동면 금오2길 67(1층 1동)
20130614376,경상남도 양산시 삼호1길 36-13(1층 삼호동)
20130614649,"경상남도 양산시 중부로 2(6층 중부동, 다몬프리미엄아울렛)"
20130619102,경상남도 고성군 회화면 남해안대로 3762(1층)
20130627848,제주특별자치도 제주시 애월읍 일주서로 6001(1층)
20130628042,제주특별자치도 제주시 한라대학로 70(희하우스 1층 노형동)
20130628342,제주특별자치도 제주시 구남로8길 43(1층 이도이동)
20130631288,제주특별자치도 서귀포시 일주동로 8737(서귀동)
20130631382,제주특별자치도 서귀포시 이어도로 684(강정동)
20140025175,서울특별시 서대문구 통일로 149-1(2층 냉천동)
20140025606,서울특별시 종로구 율곡로3길 74-1(지상1층 화동)
20140029243,서울특별시 중구 장충단로 187(1층 장충동1가)
20140029518,서울특별시 중구 동호로 335(2층 오장동)
20140029594,서울특별시 동대문구 한천로 264(1층 106호 휘경동)
20140029706,"서울특별시 중구 남대문로 81(소공동, 롯데백화점 지하1층)"
20140033375,"서울특별시 용산구 한강대로23길 55(아이파크몰 7층 9-4호,9-5호 한강로3가)"
20140033844,서울특별시 용산구 한강대로 385(지상1층 동자동)
20140036322,서울특별시 성동구 마장로26길 9(1층 101호 홍익동)
20140039112,서울특별시 광진구 능동로13길 80(1층 화양동)
20140039134,서울특별시 광진구 능동로 92(10층 자양동)
20140042189,"서울특별시 동대문구 답십리로 269(1층 103호 장안동, 화성빌딩)"
20140042584,"서울특별시 동대문구 왕산로 214(7층 전농동, 롯데백화점)"
20140046439,서울특별시 중랑구 숙선옹주로 11(1층 묵동)
20140050153,서울특별시 성북구 성북로2길 18(동소문동1가)
20140053289,서울특별시 강북구 한천로143길 36(수유동)
20140053503,서울특별시 강북구 노해로15길 21(수유동)
20140059113,"서울특별시 노원구 중계로 230(103호 중계동, 주공5단지상가)"
20140059138,서울특별시 노원구 초안산로2라길 23(월계동)
20140059396,서울특별시 노원구 덕릉로 589(중계동)
20140059447,"서울특별시 노원구 동일로 1414(9층 상계동, 롯데백화점 노원점)"
20140059800,"경기도 양주시 평화로1413번길 19(1층 일부호 덕계동, 리치빌리지)"
20140066105,"서울특별시 서대문구 통일로9안길 32(충정로2가, 2층)"
20140066323,"서울특별시 서대문구 수색로 100(4단지 상가동 1층 03,04,05,06호 북가좌동, DMC 래미안 e편한세상)"
20140069858,"서울특별시 마포구 양화로 153(4층 동교동, 일부)"
20140070103,"서울특별시 마포구 성암로 255(2층 상암동, 일부)"
20140070201,"서울특별시 마포구 월드컵로 204(성산동, 이안1차 101호, 102호)"
20140073146,"서울특별시 양천구 신월로 370(신정동, 지상1층)"
20140073434,"서울특별시 양천구 신정이펜1로 50(상가동 지상1층 114호 신정동, 신정이펜하우스3단지)"
20140073765,서울특별시 양천구 신월로 332(2층 신정동)
20140073958,"서울특별시 양천구 목동동로 437(103호 목동, 향도드림네스트)"
20140076013,"서울특별시 강서구 화곡로 292(1층 102호 화곡동, 6동 서광프리메라)"
20140080345,"서울특별시 구로구 디지털로26길 110(구로동, 동일테크노타운 제6차동  6104호)"
20140081025,"서울특별시 구로구 경인로 229(오류동, 호텔베르누이 아모르홀 1,2층)"
20140086102,서울특별시 영등포구 영중로 15(타임스퀘어 4층 415-1호 영등포동4가)
20140087147,"서울특별시 영등포구 영중로 15(영등포동4가, 타임스퀘어 지하1층)"
20140087159,"서울특별시 영등포구 영중로 15(141호 영등포동4가, 지하1층 타임스퀘어)"
20140087165,"서울특별시 영등포구 영중로 15(영등포동4가, 지하1층 타임스퀘어)"
20140087249,"서울특별시 영등포구 선유로13길 25(문래동6가, 에이스하이테크시티2 지식산업센터 114호)"
20140087277,"서울특별시 영등포구 의사당대로 16(여의도동, 글래드호텔여의도 1층)"
20140094329,"서울특별시 관악구 은천로 93(502동 1층 108호 봉천동, 벽산블루밍)"
20140094486,서울특별시 관악구 관악로14길 35(1층 봉천동)
20140094918,서울특별시 관악구 남현1길 68-10(2층 남현동)
20140098568,"서울특별시 서초구 양재대로12길 73-71(1층 원지동, 서울만남의광장휴게소)"
20140098570,"서울특별시 서초구 양재대로12길 73-71(원지동, 서울만남의광장휴게소 양식당)"
20140098571,"서울특별시 서초구 양재대로12길 73-71(원지동, 서울만남의광장휴게소 한식당)"
20140098572,"서울특별시 서초구 양재대로12길 73-71(원지동, 서울만남의광장휴게소 스낵)"
20140098573,서울특별시 서초구 양재대로12길 73-71(1층 원지동)
20140098574,서울특별시 서초구 양재대로12길 73-71(1층 원지동)
20140098580,서울특별시 서초구 양재대로12길 73-71(1층 원지동)
20140098600,"서울특별시 서초구 신반포로 176(102호 반포동, 센트럴시티)"
20140098664,서울특별시 서초구 방배로27길 12(101호 방배동)
20140099226,"서울특별시 서초구 강남대로 535(1층 반포동, 프린스타워)"
20140099396,"서울특별시 서초구 사평대로 205(1층 BP4-7호 반포동, 센트럴시티 파미에스테이션)"
20140105309,서울특별시 강남구 논현로63길 16(101호 역삼동)
20140105345,서울특별시 강남구 압구정로 343(지하1층 압구정동)
20140105671,서울특별시 강남구 삼성로 352(창진빌딩 지상1층 105호 대치동)
20140105963,서울특별시 강남구 언주로85길 25(지상1층 역삼동)
20140106088,"서울특별시 강남구 영동대로 513(지하1층 M113호 삼성동, 컨벤션센타 코엑스몰)"
20140106121,"서울특별시 강남구 테헤란로 606(2층 대치동, 파크하얏트서울)"
20140106390,서울특별시 강남구 강남대로 352(3층 역삼동)
20140106918,"서울특별시 강남구 언주로 517(3층 역삼동, KT영동지사 호텔동)"
20140106992,서울특별시 강남구 논현로114길 14(1층 논현동)
20140107070,서울특별시 강남구 테헤란로87길 22(지하1층 Q104호 삼성동)
20140107104,"서울특별시 강남구 테헤란로 521(지하1층 F-11,12호 삼성동)"
20140107128,"서울특별시 강남구 학동로4길 15(1층 107,108,109호 논현동, 동화히스토리)"
20140107255,"서울특별시 강남구 테헤란로87길 22(지하1층 Q121호 삼성동, 한국도심공항터미널)"
20140107325,"서울특별시 강남구 테헤란로87길 22(지하1층 Q123호 삼성동, 한국도심공항터미널)"
20140107407,서울특별시 강남구 개포로 506(지상1층 3호 개포동)
20140107431,"서울특별시 강남구 영동대로 513(컨벤션센터동 지상1층 P104호 삼성동, 코엑스몰)"
20140107615,"서울특별시 강남구 영동대로 513(지하1층 J102호 삼성동, 코엑스기존컨벤션센터)"
20140107648,"서울특별시 강남구 영동대로 513(지하1층 H105호 삼성동, 기존컨벤션센터)"
20140107679,"서울특별시 강남구 영동대로 513(지하1층 H104호 삼성동, 코엑스기존컨벤션센터)"
20140107720,"서울특별시 강남구 영동대로 513(기존컨벤션센타동 지하1층 I102호 삼성동, 코엑스몰)"
20140107764,서울특별시 강남구 압구정로36길 8(지상1층 신사동)
20140107805,서울특별시 강남구 강남대로62길 18(1층 101호 역삼동)
20140114967,"서울특별시 송파구 올림픽로 240(지하1층 잠실동, 롯데월드 어드벤처 F&B거리)"
20140115416,서울특별시 송파구 올림픽로 300(캐주얼동 지상1층 신천동)
20140115435,서울특별시 송파구 올림픽로 300(캐주얼동 6층 신천동)
20140115458,"서울특별시 송파구 올림픽로 300(신천동, 엔터테인먼트동 지상1층 CONNECT TO)"
20140115518,"서울특별시 송파구 올림픽로 300(신천동, 에비뉴엘동 지상6층)"
20140115527,"서울특별시 송파구 올림픽로 300(신천동, 에비뉴엘 월드타워점 지상6층)"
20140115543,"서울특별시 송파구 올림픽로 300(신천동, 캐쥬얼동 지상4층)"
20140115558,"서울특별시 송파구 올림픽로 300(신천동, 캐쥬얼동 지상5층)"
20140115561,서울특별시 송파구 올림픽로 300(캐주얼동 5층 신천동)
20140115563,서울특별시 송파구 올림픽로 300(캐주얼동 지상5층 신천동)
20140115591,"서울특별시 송파구 올림픽로 300(신천동, 캐쥬얼동 지상5층)"
20140115603,서울특별시 송파구 올림픽로 300(캐주얼동 6층 신천동)
20140115619,"서울특별시 송파구 올림픽로 300(신천동, 캐쥬얼동 지상5층)"
20140115651,"서울특별시 송파구 올림픽로 300(신천동, 캐쥬얼동 지상6층)"
20140115906,"서울특별시 송파구 올림픽로 424(방이동, 편의시설 C동)"
20140120107,서울특별시 강동구 고덕로24나길 13(1층 암사동)
20140120190,"서울특별시 강동구 구천면로 438(명일동, 명일빌딩 1층 104호)"
20140120263,서울특별시 강동구 구천면로 436(1층 101호 명일동)
20140126256,"부산광역시 중구 중앙대로 2(4층 중앙동7가, 롯데백화점광복점 아쿠아몰)"
20140126390,"부산광역시 중구 중앙대로 2(지하1층 중앙동7가, 롯데백화점광복점 식품관)"
20140128021,부산광역시 서구 망양로 28(2층 서대신동3가)
20140129128,부산광역시 동구 중앙대로 206(초량동)
20140131027,부산광역시 부산진구 자유평화로 31(지하1층 범천동)
20140131099,부산광역시 부산진구 동천로85번길 11(지상2층 부전동)
20140131723,"부산광역시 부산진구 서면문화로 37(부전동, 정동진해물탕2~3층)"
20140131913,부산광역시 부산진구 서전로9번길 47(1층 부전동)
20140134169,"부산광역시 동래구 중앙대로 1393(온천동, 롯데백화잠 지하1층)"
20140134426,부산광역시 동래구 금강공원로 29-2(온천동)
20140137022,부산광역시 남구 수영로 313(지상2층 대연동)
20140137146,부산광역시 남구 용소로13번길 36(2층 대연동)
20140137237,"부산광역시 남구 용호로 88(3,4층 용호동)"
20140137339,부산광역시 남구 용호로 158(용호동)
20140137506,부산광역시 남구 수영로 21(문현동)
20140139125,부산광역시 북구 덕천로281번길 30(만덕동)
20140139157,"부산광역시 북구 금곡대로 238(128호 화명동, 롯데캐슬멤버스상가동)"
20140139363,부산광역시 북구 만덕대로16번길 19(2층 덕천동)
20140141587,"부산광역시 해운대구 좌동순환로 175(107호 좌동, 대하프라자)"
20140141890,부산광역시 해운대구 센텀남대로 50(센템임페리얼타워 1층 A103호 우동)
20140141897,"부산광역시 해운대구 마린시티1로 155(우동, 해운대현대하이페리온상가C동 101호)"
20140147187,부산광역시 금정구 기찰로 117(1층 부곡동)
20140147406,부산광역시 금정구 금정로231번길 11(구서동)
20140149129,"부산광역시 강서구 명지오션시티11로 51(상가322동 304호 명지동, 영어도시 퀸덤1차)"
20140149309,부산광역시 강서구 과학산단로334번나길 27(1층 일부 지사동)
20140150132,부산광역시 연제구 과정로226번길 8(1층 연산동)
20140150375,부산광역시 연제구 쌍미천로129번길 22(연산동)
20140152076,부산광역시 수영구 과정로 30(1층 망미동)
20140152091,부산광역시 수영구 광안로 59(2층 민락동)
20140152338,부산광역시 수영구 민락로 35(1층 민락동)
20140154096,부산광역시 사상구 학감대로 251(1층 감전동)
20140154181,"부산광역시 사상구 학감대로 238-10(1층 101호 감전동, 협성빌딩)"
20140156078,부산광역시 기장군 정관읍 정관로 385(이지프라자 104호)
20140156182,부산광역시 기장군 정관읍 달산3길 26(1층)
20140156218,"부산광역시 기장군 정관읍 정관로 578(108, 109호)"
20140156355,"부산광역시 기장군 일광읍 문오성길 396(3,4층)"
20140156553,부산광역시 기장군 기장읍 기장해안로 147(롯데몰 동부산점 1층)
20140156588,부산광역시 기장군 기장읍 기장해안로 147(1층 A128호 롯데몰동부산점)
20140156611,부산광역시 기장군 기장읍 기장해안로 147(3층 A311호 롯데몰동부산점)
20140156615,경상남도 양산시 동면 내송큰들로 106(103호)
20140158383,"대구광역시 중구 동성로3길 58-5(공평동, 지상2층)"
20140160147,대구광역시 동구 율하동로12길 8(율하동)
20140160572,대구광역시 동구 팔공로51길 15-7(103호 봉무동)
20140160753,대구광역시 동구 아양로39길 6(1층 신암동)
20140163263,대구광역시 서구 국채보상로50길 4(평리동)
20140166028,대구광역시 남구 희망로 55(이천주공2단지 상가동 1층 104호 이천동)
20140166091,"대구광역시 남구 현충로 170(2층 대명동, 호흡기전문질환센터)"
20140166092,"대구광역시 남구 현충로 170(2층 대명동, 호흡기전문질환센터)"
20140168783,대구광역시 북구 한강로8길 4-11(금호동)
20140169081,"대구광역시 북구 칠곡중앙대로95길 11(301동 1층 4호 관음동, 동화훼밀리타운상가)"
20140174212,"대구광역시 수성구 수성로 128(1층,2층 상동)"
20140181217,대구광역시 달서구 송현로 20(지상1층 송현동)
20140181447,대구광역시 달서구 야외음악당로 39(1층 성당동)
20140181633,대구광역시 달서구 월배로 57(1층 진천동)
20140181812,"대구광역시 달서구 학산로7길 5(110동 1층5호 월성동, 월성동서타운)"
20140190229,인천광역시 영종구 영종해안남로321번길 190(2층 운서동)
20140190230,인천광역시 영종구 영종해안남로321번길 190(1층 운서동)
20140190232,인천광역시 영종구 영종해안남로321번길 190(1층 운서동)
20140190255,"인천광역시 영종구 공항로 272(면세동 4층 4520호 운서동, 인천국제공항여객터미널)"
20140190281,"인천광역시 영종구 영종해안남로 19-5(1, 2층 운서동)"
20140190282,인천광역시 영종구 영종해안남로 19-5(2층 운서동)
20140190346,"인천광역시 영종구 공항로 272(면세동 4층 운서동, 인천국제공항여객터미널)"
20140192060,인천광역시 제물포구 운교로 12(1층 화수동)
20140192084,인천광역시 제물포구 송림로 113(1층 송림동)
20140193389,인천광역시 미추홀구 한나루로 353(학익동)
20140197218,인천광역시 연수구 해돋이로152번길 31(더힐스프라자 1동 1층 106호 송도동)
20140197384,"인천광역시 연수구 컨벤시아대로 165(지상36층 송도동, 동북아트레이드타워)"
20140197416,"인천광역시 연수구 컨벤시아대로 69(지상1층 124호 송도동, 송도밀레니엄)"
20140197733,인천광역시 연수구 능허대로 205(지상1층 2호 옥련동)
20140197778,인천광역시 연수구 샘말로7번길 3(지상2층 연수동)
20140197802,"인천광역시 연수구 원인재로 237(상가동 지상1층 103-1호 연수동, 대우1차아파트)"
20140199227,"인천광역시 남동구 매소홀로 1123(1층 서창동, 주포스)"
20140199395,인천광역시 남동구 인주대로591번길 64(105호 구월동)
20140199683,인천광역시 남동구 에코중앙로156번길 5-26(1층 논현동)
20140199706,"인천광역시 남동구 용천로97번길 3(2층 구월동, 우정프라자)"
20140200339,인천광역시 남동구 만수서로83번길 26(1층 만수동)
20140202002,"인천광역시 부평구 후정동로 21(삼산동, 화령빌딩 1층)"
20140202269,"인천광역시 부평구 아트센터로 38(202호 십정동, 센타빌딩)"
20140202438,"인천광역시 부평구 체육관로 32(204호 삼산동, 하이존)"
20140202621,"인천광역시 부평구 길주로 639(104호, 105호 삼산동, 현대아이프라자)"
20140205120,"인천광역시 계양구 계양대로 37(1층 작전동, 1층일부)"
20140205189,인천광역시 계양구 계산로 124(1층 일부호 계산동)
20140205223,인천광역시 계양구 주부토로 382(2층 작전동)
20140208051,인천광역시 서해구 가정로 370(2층 가정동)
20140208344,"인천광역시 서해구 심곡로100번길 25(심곡동, 국제성모병원 지하2층)"
20140208884,"인천광역시 서해구 가정로 387(2층 2호 신현동, 신현이편한세상상가 가동)"
20140211006,인천광역시 강화군 강화읍 화성길50번길 43
20140211087,인천광역시 강화군 강화읍 강화대로 401-1(지하~2층)
20140214050,전남광주통합특별시 동구 중앙로160번길 16-7(2층 210호 불로동)
20140214266,전남광주통합특별시 동구 필문대로273번길 1(동명동)
20140214291,전남광주통합특별시 동구 서석로 40(2층 광산동)
20140216172,전남광주통합특별시 서구 치평로 76(1층 치평동)
20140219089,전남광주통합특별시 남구 봉선중앙로 3(2층 봉선동)
20140221104,전남광주통합특별시 북구 첨단연신로91번길 30(1층 105호 신용동)
20140221190,전남광주통합특별시 북구 비엔날레로 29(1층 운암동)
20140222183,"전남광주통합특별시 북구 용봉택지로 93(용봉동, 1층)"
20140227826,전남광주통합특별시 광산구 임방울대로826번길 30(1층 103~104호 월계동)
20140227889,전남광주통합특별시 광산구 수완로50번길 22(1층 수완동)
20140227914,전남광주통합특별시 광산구 수완로11번길 42(1층 수완동)
20140228174,전남광주통합특별시 광산구 임방울대로826번길 51(1층 쌍암동)
20140231241,대전광역시 동구 은어송로 72(4층 가오동)
20140233234,대전광역시 중구 중앙로 141(7층 선화동)
20140236182,대전광역시 서구 둔산로31번길 31(2층 둔산동)
20140236519,대전광역시 서구 복수남로 43(1층 복수동)
20140236803,대전광역시 서구 도마로 46(1층 도마동)
20140236980,"대전광역시 서구 원도안로224번길 47-31(대신빌딩 1층 101,102호 도안동)"
20140240129,대전광역시 유성구 엑스포로123번길 33(지상1층 도룡동)
20140240135,"대전광역시 유성구 엑스포로123번길 33(지상18층 도룡동, 롯데호텔)"
20140240152,대전광역시 유성구 상대동로 50(지상1층 상대동)
20140245117,"울산광역시 중구 젊음의2거리 33(102동 2층 성남동, 디앤아이주차장동)"
20140245326,울산광역시 중구 태화강국가정원길 231-3(1층 태화동)
20140247366,울산광역시 남구 수암로40번길 18(1층 신정동)
20140247404,울산광역시 남구 신정로 27(1층 101호 달동)
20140247432,울산광역시 남구 문수로423번길 4-16(지상1층 신정동)
20140252057,"울산광역시 동구 방어진순환도로 899(5층 서부동, 현대백화점 울산동구점)"
20140252095,울산광역시 동구 화잠8길 20(방어동)
20140252117,"울산광역시 동구 방어진순환도로 652(2동 2층 E201,202호 일산동)"
20140252258,"울산광역시 동구 전하로 37(103동 104호 전하동, 한라한빛타운 상가)"
20140254274,울산광역시 북구 화산중앙로 94-5(지상1층 117호 화봉동)
20140255589,울산광역시 울주군 삼남읍 상평강변길 7-6(2층)
20140257340,세종특별자치시 보듬3로 8-29(해피라움6 1층 110호 도담동)
20140257426,"세종특별자치시 보듬3로 95(해피라움3 1층 121, 122호 아름동)"
20140257469,"세종특별자치시 절재로 154(1층 C11호 어진동, 홈플러스 세종점)"
20140257526,"세종특별자치시 절재로 154(1층 어진동, 홈플러스 세종점)"
20140267450,"경기도 수원시 팔달구 덕영대로 924(6층 매산로1가, 수원애경역사)"
20140269334,경기도 수원시 영통구 덕영대로 1566(더 판타지움 2층 영통동)
20140269486,"경기도 수원시 영통구 권선로908번길 10(신동, 우판등심수원점)"
20140269512,"경기도 수원시 영통구 태장로54번길 92(105호 망포동, 진성프라자)"
20140271253,"경기도 수원시 장안구 정자천로189번길 40(101,102호 정자동, 벽산아파트 분산상가)"
20140273418,"경기도 수원시 권선구 세화로 134(3층 서둔동, 롯데몰수원점)"
20140273473,"경기도 수원시 권선구 세화로 134(서둔동, 롯데몰수원점 3층)"
20140273479,"경기도 수원시 권선구 세화로 134(3층 서둔동, 롯데몰수원점)"
20140273482,"경기도 수원시 권선구 세화로 134(3층 서둔동, 롯데몰수원점)"
20140273487,경기도 수원시 팔달구 덕영대로 924(AK플라자 6층 매산로1가)
20140273489,경기도 수원시 권선구 세화로 134(타임빌라스 수원 7층 서둔동)
20140273492,"경기도 수원시 권선구 세화로 134(서둔동, 롯데백화점 수원점7층)"
20140273494,"경기도 수원시 권선구 세화로 134(서둔동, 롯데시네마 수원점 4층)"
20140279107,경기도 성남시 중원구 자혜로8번길 61(1층 금광동)
20140279369,"경기도 성남시 중원구 원터로106번길 2(1층 성남동, 일부)"
20140281354,"경기도 성남시 분당구 판교역로192번길 12(삼평동, 1층 일부)"
20140281493,"경기도 성남시 분당구 대왕판교로606번길 31(1층 112,113,114호 삼평동)"
20140281599,"경기도 성남시 분당구 분당로53번길 13(서현동, 산호트윈스II 지하1층 B103,104호)"
20140281931,"경기도 성남시 분당구 황새울로258번길 10-7(105호 수내동, 가나프라자 1층)"
20140285266,경기도 의정부시 신흥로 359(지상1층 가능동)
20140285649,"경기도 의정부시 평화로 525(지상9층 의정부동, 신세계백화점 의정부점)"
20140285799,경기도 의정부시 둔야로33번길 22(지상1층 103호 의정부동)
20140290174,경기도 안양시 만안구 안양로 311(지상9층 안양동)
20140290279,경기도 안양시 만안구 오리로34번길 7-17(지상1층 박달동)
20140292128,"경기도 안양시 동안구 부림로 113(관양동, 평촌아이파크 207, 208호)"
20140297043,"경기도 부천시 원미구 상동로117번길 61(상동, 드라마씨티 106호)"
20140297281,"경기도 부천시 원미구 지봉로 100(역곡동, 1층일부)"
20140301225,경기도 부천시 소사구 범안로 54(괴안동)
20140301263,"경기도 부천시 소사구 범안로 55(1층 102호 괴안동, 홈타운프라자)"
20140303001,"경기도 부천시 오정구 원종로 36(원종동, 1층일부)"
20140304510,"경기도 광명시 일직로 17(5층 일직동, 롯데프리미엄아울렛)"
20140304517,"경기도 광명시 일직로 17(2동 5층 일직동, 롯데프리미엄아울렛광명점)"
20140304520,경기도 광명시 일직로 17(5층 일직동)
20140306352,"경기도 평택시 평택로 51(지하1층 평택동, AK플라자)"
20140308058,경기도 평택시 송탄로 388(1층 지산동)
20140309030,경기도 평택시 안중읍 안현로서7길 9(상가동 1층 105호 동신사랑마을아파트)
20140310141,"경기도 동두천시 평화로 2285(지행동, 지행역구내)"
20140313355,경기도 안산시 상록구 각골로 74(1층 본오동)
20140316033,"경기도 안산시 단원구 광덕1로 56(초지동, 로얄프라자 109,110호)"
20140316141,"경기도 안산시 단원구 당곡로 33(2층 203호 고잔동, 프라움시티)"
20140316206,"경기도 안산시 단원구 광덕대로 154(2층 219호 고잔동, 로데오타운)"
20140316572,"경기도 안산시 단원구 당곡로 33(안산프라움씨티오피스텔 223호일부, 224호 고잔동)"
20140316652,경기도 안산시 단원구 광덕4로 230(중앙제일시장 102호 고잔동)
20140323068,경기도 고양시 덕양구 동송로 33(이편한세상시티삼송 1-016호 동산동)
20140323238,"경기도 고양시 덕양구 화중로138번길 49(1층 화정동, 1층일부)"
20140323639,경기도 고양시 덕양구 도래울1로 55(108호 도내동)
20140325281,"경기도 고양시 일산동구 중앙로 1080(남정골드프라자 111호,112호 백석동)"
20140325483,"경기도 고양시 일산동구 위시티2로11번길 31(1층 102호 식사동, 스타타워)"
20140325685,경기도 고양시 일산동구 고봉로278번길 11(대림프라자 109호 중산동)
20140327193,"경기도 고양시 일산서구 일산로 757(101호 대화동, 동남아트월드)"
20140329078,"경기도 과천시 경마공원대로 107(6층 주암동,  렛츠런 파크   신관람대6층)"
20140330188,"경기도 구리시 이문안로99번길 24(수택동, 1층)"
20140330370,"경기도 구리시 동구릉로53번길 79(1층 인창동, 아름마을성원상가)"
20140332189,경기도 남양주시 화도읍 마석로 61(1층)
20140332286,경기도 남양주시 와부읍 덕소로 127(1층 102호 덕소 강변 라온프라이빗아파트)
20140332537,"경기도 남양주시 별내3로 318(101호 별내동, 리츠프라자제2동)"
20140332672,경기도 남양주시 와부읍 수레로 42(1층)
20140332680,경기도 남양주시 진접읍 해밀예당1로 30-9(폴리프라자1-109호)
20140332789,경기도 남양주시 진건읍 진건오남로 50(1층)
20140332925,"경기도 남양주시 호평로 33(117-1,118-1호 호평동, 호평 두산위브파크)"
20140333212,"경기도 남양주시 덕송2로10번길 19(별내동, 1층일부)"
20140336313,경기도 오산시 궐리사로46번길 54(1층 궐동)
20140338099,"경기도 안산시 단원구 선부광장북로 36(131호 선부동, 동명벽산블루밍아파트상가동)"
20140344016,"경기도 의왕시 부곡시장4길 8(101호 삼동, 백운아파트)"
20140348272,경기도 용인시 처인구 포곡읍 에버랜드로 199(F-8동 외15필지)
20140348273,경기도 용인시 처인구 포곡읍 에버랜드로 199(F-9동 외15필지)
20140350148,"경기도 용인시 기흥구 강남동로 46(105호 구갈동, 강남마을써미트빌상가)"
20140350311,경기도 용인시 기흥구 신구로 52(구갈동)
20140350343,"경기도 용인시 기흥구 마북로 126(마북동, 현대타운 106호)"
20140350378,"경기도 용인시 기흥구 동백5로 23(중동, 명진프라자 101호)"
20140350426,"경기도 용인시 기흥구 평촌1로7번길 6-1(동백동, 1층일부101호)"
20140353162,"경기도 용인시 수지구 광교중앙로 298(드림타워2 1층 103호,104호 상현동)"
20140355261,경기도 파주시 법원읍 사임당로 821-2(1층 일부호)
20140355407,경기도 파주시 탄현면 헤이리마을길 93-75(바람B동 B34호 헤이리더스텝 바람B동)
20140355565,경기도 파주시 문산읍 방촌로 1719-10(3층)
20140356081,"경기도 파주시 와석순환로 133(106호 동패동, 형성프라자)"
20140356133,경기도 파주시 쇠재로 126(1층 102호 금릉동)
20140358111,경기도 이천시 마장면 덕이로154번길 287-76(1동 1층)
20140362147,"경기도 김포시 김포한강11로 288-27(1동 1층 102호 운양동, 한강프라자)"
20140362281,"경기도 김포시 김포한강11로 288-27(112호 운양동, 한강프라자)"
20140362809,"경기도 김포시 김포한강9로76번길 41(1층 105호 구래동, 연세프라자)"
20140364398,"경기도 화성시 만세구 역골중앙로41번길 42(남양동, 1층)"
20140364659,"경기도 화성시 만세구 향남읍 발안로 112(삼성프라자 109,110호)"
20140364935,경기도 화성시 만세구 팔탄면 서해안고속도로 301-1
20140364938,경기도 화성시 만세구 팔탄면 서해안고속도로 301-1
20140364944,경기도 화성시 만세구 팔탄면 서해안고속도로 301-1
20140364945,경기도 화성시 만세구 팔탄면 서해안고속도로 301-1
20140365206,"경기도 화성시 만세구 향남읍 발안남로 13(1층 102,103호)"
20140368100,경기도 광주시 퇴촌면 천진암로 328-1(1층)
20140370180,"경기도 양주시 고읍남로39번길 55(광사동, 1층 일부)"
20140377081,경기도 가평군 설악면 어비산길 16(1~2층)
20140383141,강원특별자치도 원주시 능라동길 47(401호 무실동)
20140383904,"강원특별자치도 원주시 서원대로 406(2층 204호 단구동, 리더스타워)"
20140386105,강원특별자치도 강릉시 주문진읍 신리천로 27(1층)
20140392334,강원특별자치도 속초시 중앙로 63(1층 교동)
20140392383,강원특별자치도 속초시 미시령로2983번길 88(1층 장사동)
20140393034,"강원특별자치도 삼척시 청석로 60(106동 104호 정상동, 청솔1차아파트)"
20140399060,강원특별자치도 철원군 동송읍 금학로 166(1층)
20140400035,강원특별자치도 화천군 사내면 사내로5길 13
20140401057,강원특별자치도 양구군 양구읍 중앙길 47
20140425286,충청북도 청주시 흥덕구 죽천로 141(1층 복대동)
20140429391,"충청북도 청주시 청원구 율량로 118(주성동, 1층)"
20140444081,충청북도 괴산군 장연면 중부내륙고속도로 204
20140447002,충청북도 단양군 단양읍 삼봉로 79
20140450323,충청남도 천안시 동남구 먹거리10길 3(1층 신부동)
20140450370,충청남도 천안시 동남구 만남로 43(본관2동 6층 신부동)
20140450394,충청남도 천안시 동남구 만남로 43(본관2동 6층 신부동)
20140450439,충청남도 천안시 동남구 만남로 43(본관3동 1층 신부동)
20140450759,충청남도 천안시 동남구 통정9로 43-8(1층 신방동)
20140452131,충청남도 천안시 서북구 직산읍 봉주로 50(2층)
20140456253,충청남도 당진시 신평면 서해안고속도로 275(FB01)
20140456285,충청남도 당진시 송악읍 기지시1길 62(오문빌딩 1층)
20140461060,충청남도 아산시 어의정로133번길 9(1층 용화동)
20140461108,"충청남도 아산시 어의정로 46(상가 지하1층 B2,B3호 용화동, 온천마을APT)"
20140461232,충청남도 아산시 용화로9번길 4-24(1층 용화동)
20140461425,충청남도 아산시 배방읍 용연로 84-27(1층)
20140463041,충청남도 서산시 율지13로 9(1층 동문동)
20140466029,충청남도 계룡시 엄사면 엄사중앙로 105-1
20140473039,충청남도 홍성군 홍성읍 법원로 10
20140473161,충청남도 홍성군 홍북면 상하천로 31(국제아르폐온1차122호)
20140475068,충청남도 태안군 태안읍 기업도시6길 43(1층)
20140475129,충청남도 태안군 태안읍 동문1길 73(1층)
20140475152,충청남도 태안군 태안읍 후곡로 132
20140478353,전북특별자치도 전주시 완산구 홍산중앙로 18(102호 효자동3가)
20140478483,전북특별자치도 전주시 완산구 우전로 260(2층 효자동2가)
20140478561,전북특별자치도 전주시 완산구 용리로 30(삼천동1가)
20140478628,전북특별자치도 전주시 완산구 용머리로 45(효자동1가)
20140478756,전북특별자치도 전주시 덕진구 오공로 33-14(1층 102호 중동)
20140478786,전북특별자치도 전주시 완산구 거마평로 169(102호 효자동1가)
20140478796,전북특별자치도 전주시 덕진구 오공로 43-13(중동)
20140481070,"전북특별자치도 전주시 덕진구 명륜3길 22(109,110호 금암동)"
20140481258,전북특별자치도 전주시 덕진구 호성3길 22-3(호성동1가)
20140487152,전북특별자치도 익산시 배산로 159(2층 모현동1가)
20140487178,전북특별자치도 익산시 동서로19길 74-1(1층 신동)
20140487327,전북특별자치도 익산시 익산대로54길 90(에스타큐브 1층 101-102호 신동)
20140490025,전북특별자치도 정읍시 내장산로 14(송산동)
20140490102,전북특별자치도 정읍시 중앙1길 1(수성동)
20140490157,전북특별자치도 정읍시 수성로 51-1(수성동)
20140494096,"전북특별자치도 전주시 덕진구 오공로 136(1층 101호,102호 만성동)"
20140494137,전북특별자치도 완주군 이서면 기지로 51(107호)
20140494189,전북특별자치도 완주군 봉동읍 둔산1로 116
20140497039,전북특별자치도 장수군 장수읍 구시장길 6-18
20140503268,전남광주통합특별시 목포시 부흥로 79(1층 옥암동)
20140503626,전남광주통합특별시 목포시 삼향천로 115(1층 105호 옥암동)
20140506104,전남광주통합특별시 여수시 소라면 죽림로 63
20140506473,전남광주통합특별시 여수시 여서1로 53(여서동)
20140506731,전남광주통합특별시 여수시 여문문화2길 42(문수동)
20140509206,전남광주통합특별시 순천시 중앙로 110-2(1층 중앙동)
20140509264,전남광주통합특별시 순천시 해룡면 매안2길 11-12(1-2층)
20140509275,전남광주통합특별시 순천시 주암면 호남고속도로 24(1층)
20140513355,전남광주통합특별시 광양시 중마용소2길 42(4층중1층전부 중동)
20140515064,전남광주통합특별시 담양군 담양읍 깊은실길 22-6
20140521069,전남광주통합특별시 장흥군 장흥읍 동교2길 23
20140523109,전남광주통합특별시 해남군 해남읍 구교2길 26
20140525070,전남광주통합특별시 무안군 삼향읍 남악4로 49(2층 중앙프라자)
20140525128,전남광주통합특별시 무안군 삼향읍 남악4로60번다길 5(1층)
20140525179,전남광주통합특별시 무안군 무안읍 면성1길 129
20140531023,전남광주통합특별시 신안군 임자면 독우길 234
20140534307,경상북도 포항시 남구 대이로 99(1층 대잠동)
20140536001,경상북도 포항시 북구 학전로 148(1층 장성동)
20140536112,경상북도 포항시 북구 학전로 22(1층 항구동)
20140538680,경상북도 경주시 화랑로 104(동부동)
20140541117,경상북도 김천시 농소면 경부고속도로 194
20140543363,경상북도 안동시 경북대로 165(2층 수상동)
20140548193,경상북도 구미시 인동16길 24-1(1층 진평동)
20140548345,경상북도 구미시 금오산로22길 15-14(1층 원평동)
20140549105,경상북도 구미시 고아읍 들성로11길 25(1층)
20140554085,경상북도 영주시 대동로34번길 3-13(102호 가흥동)
20140554164,경상북도 영주시 대학로187번길 4-1(가흥동)
20140555152,경상북도 영천시 산업단지로 323(주1동 봉동)
20140555161,경상북도 영천시 안골길 20-75(괴연동)
20140558003,경상북도 문경시 당교9길 4-9(모전동)
20140558011,경상북도 문경시 중부내륙고속도로 174(유곡동)
20140558055,경상북도 문경시 문경읍 문희로 44(1층)
20140569012,경상북도 성주군 성주읍 경산길 9-3
20140570096,"경상북도 구미시 박정희로 76-3(125동 107호 상모동, 한신휴플러스)"
20140572009,경상북도 봉화군 춘양면 의양로 38-1
20140589063,"경상남도 창원시 성산구 용지로153번길 10(106호 용호동, 동원빌딩)"
20140589445,경상남도 창원시 의창구 북면 감계로 306(MG빌딩 지하1층 B103호)
20140595328,"경상남도 창원시 마산합포구 가포로 8(해운동, 선진빌딩105호)"
20140599385,경상남도 창원시 진해구 충무로70번길 4(1층 수송동)
20140601458,경상남도 진주시 문산읍 소문길 21(1층일부)
20140601703,"경상남도 진주시 신평공원길25번길 8-8(평거동, 1층 일부)"
20140604023,경상남도 통영시 도남로 150-6(도남동)
20140606044,경상남도 사천시 사남면 월성1길 104
20140607420,경상남도 김해시 진영읍 서부로 47
20140607529,경상남도 김해시 율하카페길 93-17(관동동)
20140607532,경상남도 김해시 김해대로1765번길 21-26(삼계동)
20140607772,경상남도 김해시 해반천로16번길 11-6(1층 구산동)
20140611002,경상남도 밀양시 미리벌로3길 40(삼문동)
20140612159,경상남도 거제시 일운면 거제대로 2660(C동 지하2층 B220호 대명리조트거제휴양콘도미니엄)
20140612258,경상남도 거제시 거제중앙로 1894(1층 102호 고현동)
20140612439,경상남도 거제시 서문로5길 6(201호 고현동)
20140612523,경상남도 거제시 아주1로 38(2층 아주동)
20140614107,경상남도 양산시 삼호2길 50(2층 삼호동)
20140614155,경상남도 양산시 동면 호포로 20(2층)
20140614239,경상남도 양산시 양산역1길 12(2층 중부동)
20140614308,경상남도 양산시 삼호로 180(A동 1층 삼호동)
20140614383,"경상남도 양산시 양산역6길 3(104호 중부동, 센트럴스위트)"
20140627096,제주특별자치도 제주시 중앙로 543(1층 아라일동)
20140627148,"제주특별자치도 제주시 도령로 83(22층 연동, 롯데시티호텔제주)"
20140627226,제주특별자치도 제주시 서광로 98(오라삼동)
20140627261,제주특별자치도 제주시 연북로 221(1층 오라이동)
20140627776,제주특별자치도 제주시 도령로 83(6층 연동)
20140627909,제주특별자치도 제주시 화삼북로 143(1층 삼양이동)
20140628128,제주특별자치도 제주시 우정로11길 8(1층 외도일동)
20140628246,제주특별자치도 제주시 조천읍 함덕로 38(1층)
20140628497,제주특별자치도 제주시 화삼로 21(3층 화북일동)
20140631187,제주특별자치도 서귀포시 성산읍 성산중앙로 48
20150025082,"서울특별시 종로구 창경궁로 86(1층 예지동, 새마을상가)"
20150025655,서울특별시 종로구 통일로12길 6-15(지상1층 교북동)
20150025688,"서울특별시 종로구 새문안로 97(지하1층 당주동, 포시즌스호텔)"
20150025690,"서울특별시 종로구 새문안로 97(지상10층 당주동, 포시즌스호텔)"
20150025692,"서울특별시 종로구 새문안로 97(지상2층 당주동, 포시즌스호텔)"
20150025693,"서울특별시 종로구 새문안로 97(지상1층 당주동, 포시즌스호텔)"
20150025843,서울특별시 종로구 수표로28길 17-21(1층 익선동)
20150025903,서울특별시 종로구 삼봉로 71(G타워 8층 수송동)
20150029060,서울특별시 중구 서소문로 120(1층 서소문동)
20150029309,"서울특별시 중구 퇴계로76길 66(신당동, 1층)"
20150029947,"서울특별시 중구 청파로 463(중림동, 1층)"
20150029991,서울특별시 중구 통일로 78(23층 순화동)
20150030043,"서울특별시 중구 삼일대로 362(장교동, 롯데시티호텔 25층)"
20150030057,"서울특별시 중구 퇴계로 137(충무로2가, 지상19층)"
20150033027,서울특별시 용산구 후암로 50(지상1층 후암동)
20150033168,"서울특별시 용산구 녹사평대로 174-4(지하1층,지상1층 이태원동)"
20150033203,"서울특별시 용산구 남산공원길 105(5층 용산동2가, 서울타워 본관)"
20150033230,"서울특별시 용산구 한강대로23길 55(지상4층 한강로3가, 아이파크몰 서관)"
20150033304,"서울특별시 용산구 한강대로 366(지상19층 1901호 동자동, 트윈시티남산)"
20150033492,"서울특별시 용산구 한남대로 48(수도빌딩 지하1,1,3,4층 한남동)"
20150033757,서울특별시 용산구 두텁바위로1길 71(지상1층 후암동)
20150033891,"서울특별시 용산구 한강대로30길 25(지하1층 B117호 한강로2가, 아스테리움용산)"
20150033892,서울특별시 용산구 한강대로 351(지상1층 동자동)
20150036201,서울특별시 성동구 천호대로 426(지상1층 용답동)
20150036649,서울특별시 성동구 연무장5길 18(1층 성수동2가)
20150036688,서울특별시 성동구 성수이로 23(1층 성수동2가)
20150039463,서울특별시 광진구 용마산로 84(1층 중곡동)
20150039721,서울특별시 광진구 긴고랑로13길 47(1층 중곡동)
20150042124,서울특별시 동대문구 천호대로 327(답십리동)
20150042426,서울특별시 동대문구 사가정로 93(1층 전농동)
20150042484,서울특별시 동대문구 전농로 71(1층 답십리동)
20150042876,"서울특별시 동대문구 왕산로 214(지하2층 전농동, 롯데백화점 청량리점)"
20150042916,"서울특별시 동대문구 왕산로 214(지하2층 전농동, 롯데백화점 청량리점)"
20150042917,"서울특별시 동대문구 왕산로 214(지하2층 전농동, 롯데백화점 청량리점)"
20150043012,서울특별시 동대문구 이문로 164(C&J오피스텔 1층 103호 이문동)
20150046279,"서울특별시 중랑구 용마산로 670(B동 107호 망우동, 신내역 프라디움 더 테라스)"
20150046283,서울특별시 중랑구 면목로61길 8(면목동)
20150050687,서울특별시 성북구 한천로 583(석관동)
20150053080,"서울특별시 강북구 도봉로 62(8층 미아동, 롯데백화점)"
20150053299,"서울특별시 강북구 삼양로27길 95(상가동 지하2층 109호 미아동, 두산위브트레지움아파트)"
20150056544,서울특별시 도봉구 해등로 128(1층 창동)
20150056588,서울특별시 도봉구 도봉로110길 5(1층 창동)
20150059188,"서울특별시 노원구 동일로 1414(상계동, 9층 롯데백화점노원점)"
20150059224,"서울특별시 노원구 공릉로 223(1층 4호 공릉동, 도곡빌딩)"
20150059255,서울특별시 노원구 덕릉로 686(1층 중계동)
20150059274,서울특별시 노원구 덕릉로87길 13(1층 중계동)
20150063266,서울특별시 은평구 연서로 221(2층 갈현동)
20150063746,"서울특별시 은평구 진관2로 77(206동 B111-1호 진관동, 은평뉴타운우물골)"
20150066211,서울특별시 서대문구 충정로 76(지하1층 미근동)
20150066313,"서울특별시 서대문구 수색로 100(제2단지 제상가1동 제지1층 제1-13,14호 북가좌동, DMC 래미안 e편한세상)"
20150066492,"서울특별시 서대문구 통일로 339(B208호 홍제동, 서대문푸르지오센트럴파크아파트)"
20150066757,서울특별시 서대문구 세검정로 89(1층 홍제동)
20150069354,"서울특별시 마포구 신촌로 94(4층 노고산동, 그랜드플라자)"
20150069355,서울특별시 마포구 신촌로 94(그랜드플라자 5층 노고산동)
20150070061,"서울특별시 마포구 마포대로 83(2층 도화동, 신라스테이마포)"
20150070259,"서울특별시 마포구 토정로 317(용강동, 1층일부)"
20150070325,"서울특별시 마포구 마포대로 19(지1층 1,4호 마포동, 신화빌딩)"
20150070355,서울특별시 마포구 잔다리로6길 23(2층 서교동)
20150070706,"서울특별시 마포구 성암로 267(상암동, 주문화방송 1층일부,2층일부)"
20150073145,"서울특별시 양천구 목동서로 57(지상1층 124호 목동, 현대파리지앙)"
20150073367,"서울특별시 양천구 은행정로4길 25(1동 지상1층 105호 신정동, 에스엠엘루이아파트)"
20150073631,"서울특별시 양천구 목동동로 257(6층 목동, 현대백화점목동점)"
20150073710,서울특별시 양천구 목동중앙서로 30(지상1층 목동)
20150073786,"서울특별시 양천구 목동동로 257(6층 목동, 현대백화점목동점)"
20150076127,"서울특별시 강서구 하늘길 38(지하 1층 방화동, 2동 김포공항 스카이파크)"
20150076466,서울특별시 강서구 강서로 47(형진빌딩 2층 화곡동)
20150076644,서울특별시 강서구 화곡로 398(홈플러스강서점앤본사사옥 4층 등촌동)
20150076651,"서울특별시 강서구 화곡로 398(4층 등촌동, 1동 홈플러스강서점)"
20150080362,서울특별시 구로구 개봉로16길 22(개봉동)
20150084067,"서울특별시 금천구 디지털로10길 9(지상6층 가산동, 하이힐)"
20150086060,"서울특별시 영등포구 양산로 128(당산동1가, 1층 103호)"
20150086188,"서울특별시 영등포구 선유로49길 23(109호 양평동4가, 아이에스비즈타워)"
20150086421,서울특별시 영등포구 대림로 191(1층 대림동)
20150086631,서울특별시 영등포구 당산로 47(1층 문래동3가)
20150086675,"서울특별시 영등포구 경인로 846(영등포동, 롯데백화점영등포점 지하1층)"
20150086764,"서울특별시 영등포구 당산로45길 1(당산동5가, 삼성쉐르빌 1층 105호)"
20150086821,서울특별시 양천구 목동동로 63(대영프라자 지하1층 112호 신정동)
20150091269,서울특별시 동작구 상도로 319(지하1층 상도1동)
20150094440,서울특별시 관악구 봉천로 585(제1층 제101호 봉천동)
20150098099,서울특별시 서초구 명달로 49(101호 방배동)
20150098269,서울특별시 서초구 강남대로 465(지하2층 서초동)
20150098564,서울특별시 서초구 신반포로 176(센트럴시티빌딩 1층중층 FPM2호 반포동)
20150098925,서울특별시 서초구 남부순환로347길 23(1층 서초동)
20150099294,"서울특별시 서초구 잠원로 51(지하1층 잠원동, 뉴코아아울렛 본관)"
20150099296,"서울특별시 서초구 잠원로 51(지하1층 잠원동, 뉴코아아울렛본관)"
20150105057,"서울특별시 강남구 테헤란로 508(지상1층 대치동, 해성2빌딩)"
20150106244,서울특별시 강남구 선릉로 340(대치 EM 프라자 지상1층 103호 대치동)
20150106702,"서울특별시 강남구 강남대로 362(지하1층 역삼동, 대륭강남타워)"
20150107047,서울특별시 강남구 선릉로 555(1층 101호 역삼동)
20150107096,"서울특별시 강남구 선릉로89길 16(1층 101호 역삼동, 능현오피스텔)"
20150107197,"서울특별시 강남구 테헤란로 517(10층 삼성동, 현대백화점무역센터)"
20150107223,서울특별시 강남구 언주로81길 6(1층 101호 역삼동)
20150107659,서울특별시 강남구 강남대로98길 16(1층 역삼동)
20150107766,서울특별시 강남구 압구정로 212(1층 13호 신사동)
20150107991,서울특별시 강남구 테헤란로 322(한신인터밸리24 지하2층 B104호 역삼동)
20150108095,서울특별시 강남구 테헤란로 528(1층 101호 대치동)
20150114394,"서울특별시 송파구 올림픽로 240(잠실동, 롯데백화점 지상11층)"
20150114707,서울특별시 송파구 백제고분로33길 10(지상1층 석촌동)
20150114962,"서울특별시 송파구 올림픽로 240(지하1층 잠실동, 롯데백화점)"
20150115740,"서울특별시 송파구 송이로32길 37(201동 10호 문정동, 문정푸르지오상가)"
20150120330,서울특별시 강동구 천호대로 1102(4층 성내동)
20150120524,서울특별시 강동구 양재대로 1571(4층 천호동)
20150120633,"서울특별시 강동구 고덕로 133(지층 1041호 암사동, 강동롯데캐슬아파트 상가)"
20150120715,서울특별시 강동구 상일로6길 21(1층 상일동)
20150129018,"부산광역시 동구 범일로 125(지하2층 범일동, 현대백화점)"
20150130165,부산광역시 영도구 절영로 355(2층 동삼동)
20150131338,부산광역시 부산진구 가야대로552번길 111(1층 가야동)
20150131519,부산광역시 부산진구 중앙대로 701-8(지상1층 부전동)
20150134019,부산광역시 동래구 동래로 128(복천동)
20150134059,부산광역시 동래구 반송로 271(명장동)
20150134074,"부산광역시 동래구 사직로 45(사직동, 사직야구장 중2층 본부매점)"
20150134282,부산광역시 동래구 여고로 42(6층 사직동)
20150134413,부산광역시 동래구 중앙대로 1393(8층 온천동)
20150134441,부산광역시 동래구 사직북로 12(사직동)
20150137077,부산광역시 남구 용호로42번길 148(1층 용호동)
20150139126,부산광역시 북구 용당로 5(1층 화명동)
20150139367,부산광역시 북구 덕천로276번길 32-8(1층 만덕동)
20150141094,"부산광역시 해운대구 해운대해변로 287(중동, 씨클라우드 201-1~12호, 209호)"
20150141127,"부산광역시 해운대구 마린시티1로 51(우동, 파크하얏트호텔지하1층)"
20150141273,"부산광역시 해운대구 센텀남대로 59(우동, 롯데백화점지상6층일부)"
20150141335,"부산광역시 해운대구 센텀동로 9(우동, 대우트럼프월드센텀 1층 116-2호)"
20150141647,부산광역시 해운대구 달맞이길 22(2층 중동)
20150141928,"부산광역시 해운대구 양운로42번길 20(104호 좌동, 조일프라자)"
20150147453,부산광역시 금정구 부산대학로 48(장전동)
20150147477,부산광역시 금정구 중앙대로 1824(1-2층 구서동)
20150149130,부산광역시 강서구 신호이로27번길 3(채움더테라스 107호 신호동)
20150150156,부산광역시 연제구 과정로 133(1층 연산동)
20150154157,부산광역시 사상구 가야대로366번길 25(2층 주례동)
20150154355,부산광역시 사상구 엄궁로203번길 33(1층 엄궁동)
20150160105,"대구광역시 동구 율하동로10길 3-2(1층, 2층 율하동)"
20150160132,대구광역시 동구 신서로22길 3-4(1층 신서동)
20150160186,대구광역시 동구 동부로22길 8(신천동)
20150160296,대구광역시 동구 신암로 96(1층 신암동)
20150160311,"대구광역시 동구 동호로 75(1층 107호, 108호 신서동)"
20150160490,대구광역시 동구 이노밸리로 321(1층 109호 신서동)
20150160578,대구광역시 동구 단산길 9(1층 봉무동)
20150160635,대구광역시 동구 이노밸리로 321(1층 118호 신서동)
20150163288,대구광역시 서구 달서로12길 28(내당동)
20150168061,대구광역시 북구 학정로 514(1층 학정동)
20150168117,대구광역시 북구 동북로 238(1층 복현동)
20150168149,대구광역시 북구 동변로 91(1층 동변동)
20150168261,대구광역시 북구 대현로 75(1층 대현동)
20150168395,대구광역시 북구 태전로 29(1층 태전동)
20150168550,대구광역시 북구 동북로 265-1(1층 복현동)
20150168859,"대구광역시 북구 태평로 161(10층 칠성동2가, 롯데백화점)"
20150168864,"대구광역시 북구 태평로 161(10층 칠성동2가, 롯데백화점)"
20150168935,대구광역시 북구 태암로 10-1(태전동)
20150168983,대구광역시 북구 태평로 161(롯데백화점 대구역 지하2층 칠성동2가)
20150168997,대구광역시 북구 침산남로 212(1층 침산동)
20150169029,"대구광역시 북구 태평로 161(지하2층 칠성동2가, 롯데백화점대구점)"
20150169056,대구광역시 북구 동천로23길 2(1층 동천동)
20150174287,대구광역시 수성구 동대구로 331(범어동)
20150174497,대구광역시 수성구 달구벌대로 2524(1층 범어동)
20150174541,대구광역시 수성구 지산로9길 34(지산동)
20150174968,대구광역시 수성구 시지로 40(시지동)
20150181127,대구광역시 달서구 계대동문로 21(1층 신당동)
20150181145,대구광역시 달서구 상화북로 180(1층 상인동)
20150181666,"대구광역시 달서구 월배로 80(401동 121호 진천동, 진천역대성스카이렉스)"
20150188105,대구광역시 달성군 유가면 테크노중앙대로6길 16-14(1층)
20150188131,대구광역시 달성군 다사읍 달구벌대로 790(104동 4호 강창1차삼산타운)
20150188385,대구광역시 달성군 현풍읍 테크노중앙대로 325-9(1층)
20150190301,"인천광역시 영종구 공항로 272(면세동 3층 운서동, 인천국제공항여객터미널)"
20150190505,"인천광역시 영종구 하늘별빛로 59(비전프라자 1층 109,110호 중산동)"
20150193214,인천광역시 미추홀구 소성로 164(법조빌딩 1층 101호 학익동)
20150193341,인천광역시 미추홀구 인하로 327-1(1층 주안동)
20150193820,인천광역시 미추홀구 석정로92번길 175(2층 도화동)
20150197128,"인천광역시 연수구 청능대로 210(동춘동, 스퀘어원 3층)"
20150197189,"인천광역시 연수구 옥련로 45(지상1층 104호, 105호 옥련동)"
20150197224,"인천광역시 연수구 테크노파크로 200(송도동, 식당동 지상1층,지하1층, 국제관 지하1층)"
20150197505,"인천광역시 연수구 인천타워대로 251(송도동, 홀리데이인 인천송도호텔 19,20층)"
20150197506,"인천광역시 연수구 인천타워대로 251(송도동, 홀리데이인 인천호텔 지상1층)"
20150197563,"인천광역시 연수구 컨벤시아대로 177(지상2층 송도동, 롯데마트송도점)"
20150197589,"인천광역시 연수구 송도문화로28번길 28(송도동, 글로벌캠퍼스 푸르지오 203동  127호)"
20150197637,"인천광역시 연수구 먼우금로 94(지상1층 107,108호 동춘동)"
20150197717,"인천광역시 연수구 송도국제대로 165(송도동, 지상2층 홈플러스 송도점)"
20150199275,인천광역시 남동구 호구포로 917(2층 간석동)
20150199279,"인천광역시 남동구 구월남로 151(제1동 2층 구월동, 우스빌딩)"
20150199349,"인천광역시 남동구 서창남순환로 222(1층 111호 서창동, 서창센타프라자)"
20150199488,"인천광역시 남동구 서창남순환로216번길 35(116,117호 서창동, 청수타워)"
20150199510,"인천광역시 남동구 인주대로 593(3,4층 구월동, 엔타스)"
20150199568,"인천광역시 남동구 만수서로 60(1층 101호 만수동, 필러스프라자)"
20150199857,"인천광역시 남동구 인하로 616(1층 111호 구월동, 커뮤니티프라자)"
20150202187,인천광역시 부평구 길주로 643(명윤빌딩 5층 삼산동)
20150202188,인천광역시 부평구 길주로 643(6층 삼산동)
20150202508,"인천광역시 부평구 길주남로 25-4(부평동, 1층 일부)"
20150205061,"인천광역시 계양구 경명대로 1147(101,102,103호 임학동)"
20150205236,인천광역시 계양구 경명대로1079번길 4(A동 1층 계산동)
20150208525,인천광역시 서해구 원적로 77(1층 가좌동)
20150208700,"인천광역시 검단구 봉화로 18(209동 101호 왕길동, 드림파크어울림상가)"
20150209098,인천광역시 서해구 염곡로327번길 3(1층 신현동)
20150209119,인천광역시 서해구 청라커낼로260번길 15(2층 경서동)
20150211054,인천광역시 강화군 강화읍 강화대로440번길 5(1층)
20150214100,전남광주통합특별시 동구 중앙로160번길 38(2층 황금동)
20150214104,전남광주통합특별시 동구 동계천로 12-1(1층 대인동)
20150216149,전남광주통합특별시 서구 죽봉대로 86(1층 농성동)
20150216649,전남광주통합특별시 서구 상무화원로 36(1층 치평동)
20150219037,전남광주통합특별시 남구 효덕로 196(1층 노대동)
20150219070,전남광주통합특별시 남구 백양로 41(1층 백운동)
20150219329,전남광주통합특별시 남구 용대로 150(1층 방림동)
20150221509,"전남광주통합특별시 북구 용봉택지로 67(용봉동, 1층)"
20150221640,"전남광주통합특별시 북구 첨단연신로91번길 38(신용동, 107호)"
20150221720,"전남광주통합특별시 북구 대천로 140-8(문흥동, 1층)"
20150221806,"전남광주통합특별시 북구 첨단연신로107번길 29(신용동, 104호)"
20150221952,"전남광주통합특별시 북구 대천로 124-2(문흥동, 일신아파트 상가 A동 106호)"
20150222074,"전남광주통합특별시 북구 양일로 54(연제동, 106호,107호)"
20150227245,"전남광주통합특별시 광산구 장신로 98(3층 장덕동, 롯데쇼핑몰B관)"
20150227563,전남광주통합특별시 광산구 선운중앙로 65(111호 선암동)
20150227687,전남광주통합특별시 광산구 첨단중앙로116번길 51(월계동)
20150227881,전남광주통합특별시 광산구 신창로 1(1층 신가동)
20150228022,전남광주통합특별시 광산구 장신로266번길 5(1층 신창동)
20150228033,전남광주통합특별시 광산구 수완로49번길 14(1-2층 수완동)
20150236342,"대전광역시 서구 청사서로54번길 17(2층 월평동, 2층일부)"
20150236514,대전광역시 서구 관저동로 66(1층 101호 관저동)
20150236531,대전광역시 서구 복수북로 51(1층 113호116호 복수동)
20150236828,대전광역시 서구 도안북로93번길 25(1층 101호 도안동)
20150236845,대전광역시 서구 배재로262번길 67-4(1층 내동)
20150236847,"대전광역시 서구 대덕대로217번길 32(1,지하1층 둔산동)"
20150236898,"대전광역시 서구 대덕대로 211(11층 둔산동, 11층일부)"
20150237228,"대전광역시 서구 계룡로 598(지하1층 괴정동, 지하1층일부)"
20150240285,"대전광역시 유성구 온천로 45(지상3층 301,302,303,304호 봉명동, 유성푸르지오시티)"
20150240773,대전광역시 유성구 유성대로 1738(지상1층 전민동)
20150240851,대전광역시 유성구 관평2로 22(지상1층 106호 관평동)
20150240973,"대전광역시 유성구 지족동로 152(지상1층 103호 지족동, 코오롱타워)"
20150242227,대전광역시 대덕구 신탄진동로23번길 34(1층 신탄진동)
20150242402,대전광역시 대덕구 계족산로81번길 107(송촌동)
20150245227,"울산광역시 중구 당산4길 12(105동 113~114호 우정동, 태화강 유보라 팰라티움)"
20150245306,울산광역시 중구 성안로 144(1층 성안동)
20150245320,울산광역시 중구 태화로 150(1층 태화동)
20150247093,울산광역시 남구 대공원입구로21번길 6(1층 옥동)
20150247133,울산광역시 남구 문수로 316(1층 옥동)
20150247141,울산광역시 남구 문수로327번길 3(1층 옥동)
20150247183,울산광역시 남구 삼산로254번길 8(달동)
20150247253,울산광역시 남구 중앙로 290(1층 신정동)
20150247259,울산광역시 남구 팔등로67번길 7(1층 신정동)
20150247455,울산광역시 남구 삼산로 200(달동)
20150247609,"울산광역시 남구 신복로22번길 28(1층 107-1,2호 무거동, 현대프리빌)"
20150252057,울산광역시 동구 화암7길 16-7(방어동)
20150252063,울산광역시 동구 진성11길 99(전하동)
20150254098,"울산광역시 북구 신천로 97(매곡동, 지상1층)"
20150254155,"울산광역시 북구 신천로 105(지상1층 5호 매곡동, 오토밸리로 효성해링턴 플레이스 아파트)"
20150255344,울산광역시 울주군 서생면 진하해변길 72
20150255417,울산광역시 울주군 범서읍 굴화1길 7-11
20150257331,"세종특별자치시 보듬3로 95(3동 1층 111호 아름동, 해피라움)"
20150257507,"세종특별자치시 한누리대로 589(해피라움7 1층 109,110호 도담동)"
20150267131,경기도 수원시 팔달구 창룡대로 42-1(남수동)
20150267245,"경기도 수원시 팔달구 인계로166번길 48-17(105호 인계동, 비엘에스프라자)"
20150269104,경기도 수원시 영통구 덕영대로1499번길 75(2층 망포동)
20150269120,경기도 수원시 영통구 동수원로537번길 36-15(1층 1호 원천동)
20150269251,경기도 수원시 영통구 대학로 47(STSR-CJ3 104호 이의동)
20150269253,경기도 수원시 영통구 광교중앙로49번길 46(지하1층 원천동)
20150269504,경기도 수원시 영통구 도청로 10(롯데아울렛 광교점 3층 이의동)
20150269561,경기도 수원시 영통구 매탄로 142(102호 매탄동)
20150273058,"경기도 수원시 권선구 경수대로 270(권선동, 수원nc터미널점 6층)"
20150273060,"경기도 수원시 권선구 경수대로 270(권선동, 수원nc터미널점 5층)"
20150273061,"경기도 수원시 권선구 경수대로 270(권선동, 수원nc터미널점 5층)"
20150273208,"경기도 수원시 권선구 금곡로102번길 20(111호 금곡동, 센타프라자)"
20150273352,경기도 수원시 권선구 경수대로 270(5층 권선동)
20150273374,경기도 수원시 권선구 금곡로102번길 38(1층 106호 금곡동)
20150273434,"경기도 수원시 권선구 오목천로 31(오목천동, 로뎀프라자, 101호 일부)"
20150273465,"경기도 수원시 권선구 세화로 134(5층 서둔동, 롯데몰수원)"
20150277209,경기도 성남시 수정구 시민로164번길 22(1층 신흥동)
20150279174,경기도 성남시 중원구 사기막골로105번길 27(201-1호 상대원동)
20150279326,경기도 성남시 중원구 자혜로 82-1(1층 금광동)
20150281209,"경기도 성남시 분당구 장미로 78(103호 야탑동, 시그마3 1층)"
20150281350,"경기도 성남시 분당구 백현로 97(103호 수내동, 수내동 다운타운 1층)"
20150281356,"경기도 성남시 분당구 미금일로154번길 20(구미동, B201호 일부)"
20150281439,"경기도 성남시 분당구 야탑로81번길 11(야탑동, 뉴코아 7층 일부)"
20150281520,경기도 성남시 분당구 대왕판교로606번길 47(1층 102-1호 삼평동)
20150281757,"경기도 성남시 분당구 판교역로146번길 20(백현동, 현대백화점 판교복합몰 지하1층 일부)"
20150281760,"경기도 성남시 분당구 판교역로146번길 20(백현동, 현대백화점 판교복합몰 지하1층 일부)"
20150281768,"경기도 성남시 분당구 판교역로146번길 20(백현동, 현대백화점 판교복합몰 지하1층 일부)"
20150281770,"경기도 성남시 분당구 판교역로146번길 20(백현동, 현대백화점 판교복합몰 지하1층 일부)"
20150281771,"경기도 성남시 분당구 판교역로146번길 20(백현동, 현대백화점 판교복합몰 지하1층 일부)"
20150281772,"경기도 성남시 분당구 판교역로146번길 20(백현동, 현대백화점 판교복합몰 지하1층 일부)"
20150281874,"경기도 성남시 분당구 판교역로146번길 20(백현동, 현대백화점 판교복합몰 9층 일부)"
20150281875,"경기도 성남시 분당구 판교역로146번길 20(백현동, 현대백화점 판교복합몰 9층 일부)"
20150281883,"경기도 성남시 분당구 판교역로146번길 20(백현동, 현대백화점 판교복합몰 9층 일부)"
20150281887,"경기도 성남시 분당구 판교역로146번길 20(백현동, 현대백화점 판교복합몰 9층 일부)"
20150281888,"경기도 성남시 분당구 판교역로146번길 20(백현동, 현대백화점 판교복합몰 9층 일부)"
20150281890,"경기도 성남시 분당구 판교역로146번길 20(백현동, 현대백화점 판교복합몰 9층 일부)"
20150281989,"경기도 성남시 분당구 성남대로926번길 6(야탑동, 야탑대덕프라자 2층 205호 일부)"
20150285086,경기도 의정부시 용민로 420(용암마을16단지 상가동 102호 낙양동)
20150285207,경기도 의정부시 오목로205번길 36(골드프라자골드하우스 지상1층 101~103호 민락동)
20150285242,경기도 의정부시 천보로 38(지상1층 109호 민락동)
20150285466,경기도 의정부시 오목로225번길 24-10(지상1층 민락동)
20150285777,"경기도 의정부시 장곡로628번길 26(지상1층 106호 신곡동, 금오프라자)"
20150285890,경기도 의정부시 오목로35번길 38(지상1층 용현동)
20150290167,경기도 안양시 만안구 양화로28번길 89(지하1층 안양동)
20150290199,경기도 안양시 만안구 성결대학로 28(1층 안양동)
20150292095,"경기도 안양시 동안구 시민대로 180(호계동, 롯데백화점 지상7층)"
20150292108,"경기도 안양시 동안구 시민대로 180(호계동, G.square 롯데백화점 지하1층)"
20150292228,"경기도 안양시 동안구 귀인로190번길 61-20(평촌동, 지상1층)"
20150297380,"경기도 부천시 원미구 상동로 84(상동, 영플러스 105호, 106호)"
20150297413,"경기도 부천시 원미구 길주로 180(중동, 현대백화점 중동점 쇼핑몰동5층 일부)"
20150297444,"경기도 부천시 원미구 부일로 723(역곡동, 1층일부)"
20150297453,경기도 부천시 원미구 중동로248번길 86(탑프라자 104호 중동)
20150297682,"경기도 부천시 오정구 성오로101번길 27(103동 2층 201호 원종동, 스타팰리스)"
20150301088,"경기도 부천시 소사구 송내대로 35(2층일부호 송내동, 은경빌딩)"
20150301180,"경기도 부천시 소사구 경인로 20(지하1층 010,011,012호 송내동, 송내자이상가)"
20150303182,"경기도 부천시 오정구 소사로 742(원종동, 105,106호)"
20150304152,경기도 광명시 성채로50번길 25(101호 소하동)
20150306442,"경기도 평택시 비전3로 30(샤르망프라자 1층 104호, 105호 비전동)"
20150308317,경기도 평택시 관광특구로 37(서정동)
20150310024,경기도 동두천시 행선로 68(지행동)
20150310117,"경기도 동두천시 중앙로 134-26(1층 102,103호 지행동, 이호빌딩)"
20150313025,"경기도 안산시 상록구 샘골로 136(우남빌딩 1층 103호,104호 본오동)"
20150313429,"경기도 안산시 상록구 샘골로 172(103호, 104호 본오동)"
20150316188,"경기도 안산시 단원구 초지로 94(111호 초지동, 한솔프라자)"
20150316532,"경기도 안산시 단원구 초지로 116(초지동, 미강프라자 102,103,104호)"
20150323389,"경기도 고양시 덕양구 삼송로 88(1층 103일부호 삼송동, 오성프라자)"
20150323441,"경기도 고양시 덕양구 도래울로 54(도내동, 도래울빌딩1층일부)"
20150323495,"경기도 고양시 덕양구 권율대로 903(108호 신원동, 건우아트프라자)"
20150323510,경기도 고양시 덕양구 통일로768번길 19(1일부층 관산동)
20150323661,경기도 고양시 덕양구 호국로812번길 2(1일부층 성사동)
20150325258,"경기도 고양시 일산동구 위시티2로11번길 11(1층 120호 식사동, 위시티휴먼빌 근생제3동)"
20150327351,"경기도 고양시 일산서구 일산로 558(105호,106호 일산동, 서울프라자)"
20150327504,"경기도 고양시 일산서구 킨텍스로 217-60(대화동, 킨텍스 1층일부)"
20150330265,경기도 구리시 검배로 55(109호 수택동)
20150330430,경기도 구리시 경춘로 261(지하1층 인창동)
20150332617,경기도 남양주시 늘을1로 185(호평동)
20150333187,경기도 남양주시 오남읍 팔현로 75-14(2층전체)
20150333263,경기도 남양주시 진접읍 해밀예당1로235번길 9-7(1층 103호)
20150333289,경기도 남양주시 별내중앙로58번길 22-1(1층 별내동)
20150333472,"경기도 남양주시 평내로 167(112호 평내동, 늘봄프라자)"
20150333512,경기도 남양주시 두물로39번길 34-12(1층 별내동)
20150336078,"경기도 오산시 경기대로 154(패션폴라리스 1층 108,109호 원동)"
20150338823,"경기도 시흥시 오이도로 119(1, 2층 정왕동)"
20150342208,"경기도 군포시 군포로 472(103호 당동, 군포벤처텔)"
20150345228,"경기도 하남시 덕풍동로 111-10(트윈렉스1 1층 103호, 104호 덕풍동)"
20150348115,경기도 용인시 처인구 포곡읍 에버랜드로 199
20150348195,경기도 용인시 처인구 포곡읍 에버랜드로 199(외1필지 P-22동 1층일부)
20150348252,경기도 용인시 처인구 포곡읍 포곡로118번길 3(1층일부)
20150348475,경기도 용인시 처인구 모현읍 백옥대로2384번길 20(1층)
20150348498,경기도 용인시 처인구 포곡읍 포곡로 103(1층일부)
20150350201,"경기도 용인시 기흥구 마북로 41(마북동, 1층)"
20150350614,"경기도 용인시 기흥구 죽전로 46(보정동, 201.202호)"
20150353524,"경기도 용인시 수지구 수지로342번길 42(풍덕천동, 1층)"
20150355168,"경기도 파주시 금빛로 12(1층 101호 금촌동, 삼성프라자)"
20150355359,경기도 파주시 탄현면 새오리로 59-52(1층)
20150355429,"경기도 파주시 책향기로 423(1층 139호 동패동, 두손비채-1)"
20150355601,경기도 파주시 시청로 172(1층 아동동)
20150355622,"경기도 파주시 가람로21번길 25-39(와동동, 1층 일부102호)"
20150356171,"경기도 파주시 문산읍 방촌로 1719-57(109,110호 와우시티B동)"
20150356189,"경기도 파주시 문발로 302(A동 313호 문발동, 롯데프리미엄아울렛)"
20150358075,경기도 이천시 영창로 149(1층 관고동)
20150358086,경기도 이천시 영창로193번길 8(1동 2층 창전동)
20150358087,경기도 이천시 마장면 둔터로 5
20150358213,경기도 이천시 신둔면 서이천로853번길 346-129(가동 1층 이천상휴게소)
20150358214,경기도 이천시 신둔면 서이천로853번길 346-129(가동 1층 이천상휴게소)
20150358215,경기도 이천시 신둔면 서이천로853번길 346-129(가동 1층 이천상휴게소)
20150358339,경기도 이천시 어재연로 42(1층 창전동)
20150358363,경기도 이천시 부발읍 경충대로 2100(109호 일부)
20150358618,경기도 이천시 아리역로 25(1층 증포동)
20150360288,경기도 안성시 원곡면 경부고속도로 365
20150360289,경기도 안성시 원곡면 경부고속도로 365
20150362139,경기도 김포시 고촌읍 아라육로152번길 100(506호 현대프리미엄아울렛)
20150362140,경기도 김포시 고촌읍 아라육로152번길 100(508호 현대프리미엄아울렛)
20150362141,경기도 김포시 고촌읍 아라육로152번길 100(507호 현대프리미엄아울렛)
20150362142,경기도 김포시 고촌읍 아라육로152번길 100(505호 현대프리미엄아울렛)
20150362143,경기도 김포시 고촌읍 아라육로152번길 100(509호 현대프리미엄아울렛)
20150362277,경기도 김포시 김포한강11로 310(승문리앤포레 1층 103호 운양동)
20150362772,경기도 김포시 풍무로 51(1층 104호 풍무동)
20150362937,"경기도 김포시 김포한강2로23번길 78(1동 2층 장기동, 촌장골)"
20150362962,경기도 김포시 고촌읍 장차로5번길 10
20150363055,경기도 김포시 김포한강4로 8(1층 109호 장기동)
20150364016,"경기도 화성시 동탄구 동탄솔빛로 64(1층 반송동, 가희프라자2)"
20150364097,경기도 화성시 만세구 남양읍 역골로60번길 19-29
20150364100,"경기도 화성시 병점구 병점중앙로156번길 16(1동 1층 일부호101호, 102호, 103호 진안동)"
20150364222,경기도 화성시 만세구 우정읍 조암북로67번길 6-16
20150364719,경기도 화성시 동탄구 풀무골로60번길 80(중동)
20150364755,경기도 화성시 만세구 남양읍 시청로 290(현대자동차주 롤링힐스 호텔 1층 일부호)
20150364964,경기도 화성시 만세구 송산면 평택시흥고속도로 25(1동 송산휴게소)
20150364965,경기도 화성시 만세구 송산면 평택시흥고속도로 25(1동 송산휴게소)
20150364966,경기도 화성시 만세구 송산면 평택시흥고속도로 25(1동 송산휴게소)
20150364967,경기도 화성시 만세구 송산면 평택시흥고속도로 25(1동 송산휴게소)
20150365145,경기도 화성시 효행구 봉담읍 동화길 93-14(103호 우신봉담빌딩)
20150365942,"경기도 화성시 동탄구 삼성1로 160(107호 석우동, 디지털스테이션)"
20150370428,"경기도 양주시 고암길 306-77(덕정동, 황금프라자 203호)"
20150372156,경기도 포천시 구절초로 14-1(신읍동)
20150372370,경기도 포천시 소흘읍 송우로 75(1층 108~109호)
20150372382,경기도 포천시 호국로 1007-15(1~2층 선단동)
20150375024,경기도 여주시 명품로 360(200동 570호 상거동)
20150375248,경기도 여주시 가남읍 화평길 116
20150375301,경기도 여주시 도예로 83-61(현암동)
20150376079,경기도 연천군 전곡읍 밤골로 16
20150380299,강원특별자치도 춘천시 행촌로 59(1층 퇴계동)
20150380651,강원특별자치도 춘천시 충혼길52번길 6-4(1층 온의동)
20150380750,강원특별자치도 춘천시 퇴계로 166(1층 105-1호 퇴계동)
20150383025,강원특별자치도 원주시 우산로 48(1층 우산동)
20150383105,강원특별자치도 원주시 입춘로 73(1층 102호 반곡동)
20150383237,"강원특별자치도 원주시 능라동길 63(지상2층 201호 무실동, 법조타워)"
20150383622,강원특별자치도 원주시 문막읍 왕건로 48(1층)
20150384143,강원특별자치도 원주시 혁신로 37-3(1층 102호 반곡동)
20150389236,강원특별자치도 동해시 대학로 12(105호 천곡동)
20150391118,강원특별자치도 태백시 황지로 26(황지동)
20150392182,강원특별자치도 속초시 영금정로 29(동명동)
20150393053,강원특별자치도 삼척시 진주로 45(101호 당저동)
20150395119,강원특별자치도 횡성군 횡성읍 읍상리 292-5
20150399086,강원특별자치도 철원군 갈말읍 삼부연로7번길 6(2층)
20150402107,강원특별자치도 인제군 인제읍 비봉로15번길 34
20150417414,충청북도 청주시 상당구 수영로 295(2층 용담동)
20150417446,충청북도 청주시 상당구 낙영로24번길 24(1층 용암동)
20150425109,"충청북도 청주시 흥덕구 오송읍 오송생명5로 267-3(1층 105,106호)"
20150425399,충청북도 청주시 흥덕구 대신로 6(1층 복대동)
20150425596,"충청북도 청주시 흥덕구 직지대로 308(6층 복대동, 현대백화점충청점)"
20150429415,충청북도 청주시 청원구 오창읍 2산단로 138(101호)
20150433273,충청북도 충주시 산척면 평택제천고속도로 106
20150433274,충청북도 충주시 산척면 평택제천고속도로 109
20150435058,충청북도 제천시 의림대로 155(1층 의림동)
20150435145,충청북도 제천시 백운면 금봉로 365
20150435214,충청북도 제천시 신죽하로 53(장락동)
20150435307,충청북도 제천시 의림대로 152(중앙로2가)
20150442063,충청북도 증평군 증평읍 중앙로 197(일부호)
20150445073,충청북도 음성군 금왕읍 평택제천고속도로 69
20150445074,충청북도 음성군 금왕읍 평택제천고속도로 70
20150447058,충청북도 단양군 단양읍 수변로 63
20150450372,충청남도 천안시 동남구 대흥로 3(1층 구성동)
20150452019,충청남도 천안시 서북구 밤개울2길 20(1층 차암동)
20150452023,충청남도 천안시 서북구 입장면 연곡길 407(1층 입장상휴게소)
20150452508,충청남도 천안시 서북구 입장면 연곡길 407(1동 1층 입장화물차전용휴게소)
20150452675,"충청남도 천안시 서북구 3공단6로 50(1층 103호 차암동, 힐링J타워)"
20150456288,충청남도 당진시 북문로1길 14(1층 가운데호 읍내동)
20150456458,충청남도 당진시 우두로 23(읍내동)
20150458061,충청남도 공주시 창벽로 416(1~3층 상왕동)
20150461770,충청남도 아산시 탕정면 탕정면로 54-6(1층)
20150461853,충청남도 아산시 배방읍 용연로 84-27(1층 6호)
20150463147,충청남도 서산시 해미면 읍성마을4길 16(1층)
20150464170,"충청남도 논산시 중앙로 434(105호 취암동, 로데오타운)"
20150464280,충청남도 논산시 시민로331번길 10(109호 취암동)
20150467093,충청남도 금산군 금산읍 후곤천길 82
20150471048,충청남도 서천군 장항읍 장항로 180
20150472065,충청남도 청양군 청양읍 중앙로 76
20150473110,충청남도 홍성군 홍북읍 홍학로 95(아이프라자 2 112호)
20150474123,충청남도 예산군 덕산면 온천단지3로 45-7
20150478577,전북특별자치도 전주시 완산구 효자로 92(104호 효자동3가)
20150478608,전북특별자치도 전주시 완산구 우림로 1029(삼천동2가)
20150478658,"전북특별자치도 전주시 완산구 평화로 132(104,105,107호 평화동2가)"
20150478768,전북특별자치도 전주시 완산구 전주객사5길 35(고사동)
20150481206,전북특별자치도 전주시 덕진구 심방죽로 22(1층 1호 일부호 인후동1가)
20150481574,전북특별자치도 전주시 덕진구 반월4길 8(1층 반월동)
20150484044,전북특별자치도 군산시 미제1길 7(102호 미룡동)
20150484320,전북특별자치도 군산시 경암로 61(경암동)
20150484616,전북특별자치도 군산시 황룡로 12(1층 105-1호 미룡동)
20150484664,전북특별자치도 군산시 나운2길 42(103A호 나운동)
20150487047,전북특별자치도 익산시 부송로6길 22(1층 부송동)
20150487058,전북특별자치도 익산시 선화로23길 34(1층 모현동1가)
20150487133,전북특별자치도 익산시 고현로 96(1층 모현동1가)
20150487191,전북특별자치도 익산시 부송1로 74(부송동)
20150487333,전북특별자치도 익산시 무왕로 1118(1층 어양동)
20150487412,전북특별자치도 익산시 부송로 103(1층 부송동)
20150492156,전북특별자치도 남원시 교룡로 58-15(신정동)
20150494023,전북특별자치도 완주군 봉동읍 완주산단9로 15
20150494138,전북특별자치도 완주군 이서면 기지로 43
20150494263,"전북특별자치도 완주군 이서면 오공로 11-20(3층 301,302호)"
20150496076,전북특별자치도 무주군 무주읍 적천로 317(5층)
20150497025,전북특별자치도 장수군 장수읍 시장로 11(장수시장 음식동)
20150501046,전북특별자치도 부안군 부안읍 석정로 223(2층 201호)
20150503100,전남광주통합특별시 목포시 신흥로59번길 18(상동)
20150503288,전남광주통합특별시 목포시 비파로 123(1층 상동)
20150503528,"전남광주통합특별시 목포시 삼학로343번길 5-1(104호 용해동, 거성예다움)"
20150503533,전남광주통합특별시 목포시 교육로41번길 3(상동)
20150506016,전남광주통합특별시 여수시 소라면 죽림로 9
20150506464,전남광주통합특별시 여수시 좌수영로 39(광무동)
20150506726,전남광주통합특별시 여수시 시청동3길 3(1층 학동)
20150509020,전남광주통합특별시 순천시 팔마3길 14-6(1층 연향동)
20150509453,전남광주통합특별시 순천시 오천3길 36(1층 오천동)
20150512221,"전남광주통합특별시 나주시 중야2길 14(1,2층 104,202,203호 빛가람동, 레이크뷰빌딩)"
20150512253,전남광주통합특별시 나주시 그린로 339(리버빌딩 102호 빛가람동)
20150512387,전남광주통합특별시 나주시 남평읍 강변1길 21-36(1층 101호)
20150512421,"전남광주통합특별시 나주시 배멧1길 26(401호일부, 402호 빛가람동)"
20150512468,전남광주통합특별시 나주시 문화로 194(1동 1층 105호 빛가람동)
20150516064,전남광주통합특별시 곡성군 겸면 호남고속도로 49
20150516065,전남광주통합특별시 곡성군 겸면 호남고속도로 49(곡성하휴게소)
20150516066,전남광주통합특별시 곡성군 겸면 호남고속도로 49(곡성하휴게소)
20150517068,전남광주통합특별시 구례군 구례읍 중앙로 5
20150518100,전남광주통합특별시 고흥군 고흥읍 봉황길 26-4
20150523113,전남광주통합특별시 해남군 해남읍 북부순환로 178
20150525040,전남광주통합특별시 무안군 삼향읍 남악5로22번길 23
20150526005,전남광주통합특별시 함평군 함평읍 영수길 156
20150527063,전남광주통합특별시 영광군 영광읍 천년로 1474
20150530101,전남광주통합특별시 진도군 진도읍 남문길 20(1층)
20150536147,경상북도 포항시 북구 삼호로265번길 1(라한호텔 포항 6층 두호동)
20150536373,"경상북도 포항시 북구 법원로 152(1층 105호 양덕동, 대왕프라자)"
20150538202,경상북도 경주시 보문로 544(천군동)
20150538425,경상북도 경주시 천북면 천북남로 451(가동 2층)
20150538818,경상북도 경주시 구매3길 5-2(1층 시래동)
20150541160,경상북도 김천시 혁신3로 17(Central City 1층 107호 율곡동)
20150541179,경상북도 김천시 용전3로 21(1층 율곡동)
20150541282,경상북도 김천시 신양4길 53(신음동)
20150543372,경상북도 안동시 합전길 6(송현동우성아파트 1층 10호 송현동)
20150548299,경상북도 구미시 비산로5길 28(1층 비산동)
20150548925,경상북도 구미시 옥계북로 96-1(1층 옥계동)
20150549020,"경상북도 구미시 원남로 51(105호 원평동, 청산빌라)"
20150554047,경상북도 영주시 안정면 신재로665번길 24
20150554227,경상북도 영주시 반지미로 315-13(가흥동)
20150555104,경상북도 영천시 청통면 은해사로 49-77(골프존카운티 청통)
20150556082,경상북도 상주시 동수4길 119-3(무양동)
20150556180,경상북도 상주시 왕산로 22(신봉동)
20150558032,경상북도 문경시 문경읍 문희로 16
20150558040,경상북도 문경시 점촌5길 8(점촌동)
20150558085,"경상북도 문경시 당교6길 25(103-104호 모전동, 코아루상가)"
20150558156,경상북도 문경시 흥덕4길 29(흥덕동)
20150560464,경상북도 경산시 대학로 303-2(1층 조영동)
20150560664,"경상북도 경산시 옥산로 219(111동 101호 중산동, 펜타힐즈서한이다음)"
20150563058,경상북도 의성군 의성읍 문소3길 112
20150564078,경상북도 청송군 주왕산면 주왕산로 440
20150564085,경상북도 청송군 현서면 구덕길 6-1
20150564087,경상북도 청송군 청송읍 초막본길 40
20150566069,경상북도 영덕군 영덕읍 영덕로 130
20150566070,경상북도 영덕군 영덕읍 덕곡길 124
20150570157,경상북도 칠곡군 석적읍 유학로 57(1층)
20150571002,경상북도 예천군 예천읍 시장로 112-1
20150571039,경상북도 예천군 지보면 지보로 182
20150589397,"경상남도 창원시 의창구 북면 감계로110번길 54-31(201,202호 드림빌딩)"
20150589504,경상남도 창원시 의창구 북면 감계로110번길 54-7(EM프라자110호)
20150597241,경상남도 창원시 마산회원구 내서읍 호계안길 36(1층)
20150599306,"경상남도 창원시 진해구 중원로 92(1층 충무동, 일부)"
20150599408,"경상남도 창원시 진해구 충장로657번길 35(222동 3층 329호 풍호동, 창원마린푸르지오2단지)"
20150601616,"경상남도 진주시 충의로 20-17(충무공동, 2층 207호)"
20150601664,"경상남도 진주시 충의로 20-33(동행빌딩 109,110호 충무공동)"
20150602041,"경상남도 진주시 진양호로 206(평거동, 외1필지 BYC진주빌딩 2층일부)"
20150604419,경상남도 통영시 광도면 죽림2로 75(106호 에버그린빌딩)
20150606170,경상남도 사천시 벌리로 6(1층 벌리동)
20150607871,경상남도 김해시 가락로 96(서상동)
20150611109,경상남도 밀양시 산외면 산외로 309-8(1층)
20150612004,"경상남도 거제시 아주1로 96(아주동, 1층)"
20150612724,경상남도 거제시 아주로 68(1층 아주동)
20150612732,경상남도 거제시 거제대로 4943-8(1~2층 장평동)
20150614043,경상남도 양산시 물금읍 백호2길 17-20(1층)
20150614094,경상남도 양산시 삼호로 180(1층 삼호동)
20150614108,경상남도 양산시 북정로 19(1층 101호 북정동)
20150614161,경상남도 양산시 평산남로 60(신우빌딩 1층 106호 평산동)
20150614421,경상남도 양산시 평산남4길 3(평산동)
20150614484,경상남도 양산시 평산7길 9(1층 평산동)
20150614793,경상남도 양산시 소주회야로 161(B동 1층 주남동)
20150618025,경상남도 창녕군 남지읍 동포로 47
20150618041,경상남도 창녕군 남지읍 남지중앙로 102-1
20150618130,경상남도 창녕군 남지읍 남지중앙2길 69
20150621058,경상남도 하동군 화개면 쌍계로 532-6
20150621059,경상남도 하동군 화개면 쌍계로 532-6
20150627194,제주특별자치도 제주시 노연로 100(11층 연동)
20150627288,제주특별자치도 제주시 화삼로1길 16(1층 화북일동)
20150627385,제주특별자치도 제주시 애월읍 애월로 126(1층)
20150627504,"제주특별자치도 제주시 원노형로 36(103,104호 노형동)"
20150627900,제주특별자치도 제주시 1100로 2997(1층 노형동)
20150627994,제주특별자치도 제주시 삼무로 27(1층 연동)
20150628071,제주특별자치도 제주시 신대로20길 28(101호 연동)
20150628097,제주특별자치도 제주시 서해안로 160-1(1층 도두일동)
20150628299,제주특별자치도 제주시 월랑로 35(1층 노형동)
20150628405,제주특별자치도 제주시 고마로 105(1층 일도이동)
20150628465,제주특별자치도 제주시 삼무로 23(1층 연동)
20150628572,제주특별자치도 제주시 아연로 131-3(2층 오라이동)
20150631306,제주특별자치도 서귀포시 표선면 민속해안로 537(1층)
20150631479,제주특별자치도 서귀포시 대정읍 에듀시티로 148(1층 삼정에듀 상가동 106호)
20160025524,서울특별시 종로구 대학로 120(1.2층 동숭동)
20160029025,"서울특별시 중구 퇴계로 207-1(충무로4가, 2층)"
20160029054,"서울특별시 중구 퇴계로20길 2(남산동2가, 퍼시픽호텔 1층)"
20160029183,서울특별시 중구 장충단로13길 20(지하2층 을지로6가)
20160029191,서울특별시 중구 장충단로13길 20(지하2층 을지로6가)
20160029196,서울특별시 중구 장충단로13길 20(9층 을지로6가)
20160029200,서울특별시 중구 장충단로13길 20(9층 을지로6가)
20160029218,서울특별시 중구 장충단로13길 20(지하2층 을지로6가)
20160029349,서울특별시 중구 을지로 250(1층 을지로6가)
20160029403,서울특별시 중구 남대문로 9(2층 남대문로4가)
20160030435,서울특별시 중구 남대문로 56(2층 명동2가)
20160030436,"서울특별시 중구 남대문로 56(명동2가, 지하1층)"
20160033405,"서울특별시 종로구 사직로8길 4(202동 1층 103호 사직동, 광화문 스페이스본)"
20160033570,서울특별시 용산구 이촌로14길 11-6(1동 1층 102호 이촌동)
20160036607,서울특별시 성동구 왕십리광장로 17(5층 SP-01호 행당동)
20160039038,서울특별시 광진구 자양로 278(1층 구의동)
20160039211,서울특별시 광진구 능동로 92(10층 자양동)
20160039321,서울특별시 광진구 능동로 92(지1층 자양동)
20160039772,서울특별시 광진구 능동로 92(지1층 자양동)
20160042365,"서울특별시 동대문구 사가정로 148(2층 207,208호 전농동, 전농 SK아파트)"
20160042462,서울특별시 동대문구 경희대로 9-1(1층 회기동)
20160042482,서울특별시 동대문구 경희대로 5-1(2층 회기동)
20160042566,서울특별시 동대문구 안암로 66(지상1층 용두동)
20160042630,"서울특별시 동대문구 왕산로 214(청량리역,롯데백화점 지하 2층 전농동)"
20160046123,서울특별시 중랑구 망우로 467(1층 망우동)
20160046535,서울특별시 중랑구 망우로 410(망우동)
20160050083,서울특별시 성북구 솔샘로 116(정릉풍림아이원 상가2동 103호 정릉동)
20160050213,"서울특별시 성북구 동소문로 248(105동 1층 5,6호 길음동, 길음삼부컨버니언아파트)"
20160050998,"서울특별시 성북구 삼양로 66(길음동, 동부클리닉센타 102호,106호)"
20160053328,서울특별시 강북구 오패산로 383(1층 번동)
20160059242,"서울특별시 노원구 마들로 31(주상가동 지하1층 104,5호 월계동, 그랑빌아파트)"
20160059669,서울특별시 노원구 공릉로 235(1층 공릉동)
20160063591,"서울특별시 은평구 불광로 46(불광동, 1층)"
20160063834,서울특별시 은평구 수색로 191(증산동)
20160063918,"서울특별시 은평구 진관2로 60(진관동, 은평뉴타운마고정 제323동지하1층제상가비111호)"
20160063926,"서울특별시 은평구 통일로 1050(진관동, 롯데몰 은평점 4층25호)"
20160063951,"서울특별시 은평구 통일로 1050(진관동, 롯데몰 은평점 2층19호)"
20160063966,"서울특별시 은평구 통일로 1050(진관동, 롯데몰 은평점 4층02호)"
20160063982,"서울특별시 은평구 통일로 1050(진관동, 롯데몰 은평점 4층 5호)"
20160063986,"서울특별시 은평구 통일로 1050(진관동, 롯데몰 은평점 4층 45호)"
20160063992,"서울특별시 은평구 통일로 1050(진관동, 롯데몰 은평점 4층29호)"
20160064015,"서울특별시 은평구 통일로 1050(진관동, 롯데몰 은평점 4층04호)"
20160066039,서울특별시 서대문구 연세로 50(연세대학교 백양로플라자 지하1층 신촌동)
20160066600,서울특별시 서대문구 연세로7안길 45(1층 창천동)
20160066736,서울특별시 서대문구 연희맛로 18(1층 연희동)
20160066850,"서울특별시 서대문구 신촌로 83(10층 창천동, 현대백화점 신촌점)"
20160069181,"서울특별시 마포구 월드컵북로48길 14(상암동, 지1층,1층)"
20160069820,서울특별시 마포구 양화로3길 37-1(1층 합정동)
20160069891,"서울특별시 마포구 양화로3길 37-1(합정동, 지1층)"
20160070193,"서울특별시 마포구 매봉산로 75(상암동, 디디엠씨 2층 206호,207호,208호)"
20160070382,"서울특별시 마포구 백범로 205(신공덕동, 펜트라하우스101동 B232호)"
20160073436,"서울특별시 양천구 오목로 19(1층 101호,102호 신월동)"
20160076130,서울특별시 강서구 공항대로 627(1층 염창동)
20160076219,서울특별시 강서구 양천로 623(1층 염창동)
20160076551,서울특별시 강서구 하늘길 38(롯데백화점 지하2층 방화동)
20160076836,"서울특별시 강서구 하늘길 38(지하2층 방화동, 2동, 스카이파크 롯데백화점)"
20160076845,서울특별시 강서구 공항대로 261(발산파크프라자 2층 207호 마곡동)
20160077238,"서울특별시 강서구 강서로 411(1층 108호 마곡동, 가양1동 마곡에비앙)"
20160077392,"서울특별시 강서구 하늘길 38(1층 방화동, 2동 김포공항 롯데시티호텔)"
20160080223,서울특별시 구로구 경인로31길 68(개봉동)
20160081098,서울특별시 구로구 경인로 385(2층 고척동)
20160081346,서울특별시 구로구 경인로47다길 8(1층 고척동)
20160084250,서울특별시 금천구 디지털로 210(지상1층 가산동)
20160086471,"서울특별시 영등포구 경인로 846(10층 영등포동, 롯데백화점)"
20160086504,"서울특별시 영등포구 경인로 846(지하1층 영등포동, 롯데백화점)"
20160086527,서울특별시 영등포구 대림로34다길 13(1층 대림동)
20160086943,"서울특별시 영등포구 경인로 846(3층 영등포동, 롯데백화점 영등포역사)"
20160091022,서울특별시 동작구 시흥대로 596(지상2층 신대방동)
20160091088,서울특별시 동작구 등용로 96(1층 103호 대방동)
20160091132,서울특별시 동작구 사당로23길 2(지상1층 사당동)
20160094823,서울특별시 관악구 남부순환로 1508(1층 신림동)
20160098216,"서울특별시 서초구 신반포로 176(11층 반포동, 신세계백화점강남점)"
20160098219,"서울특별시 서초구 신반포로 176(11층 반포동, 신세계백화점강남점)"
20160098220,서울특별시 서초구 신반포로 176(신세계백화점 9층 반포동)
20160098222,"서울특별시 서초구 신반포로 176(11층 반포동, 신세계백화점강남점)"
20160098224,"서울특별시 서초구 신반포로 176(11층 반포동, 신세계백화점강남점)"
20160098237,"서울특별시 서초구 신반포로 176(11층 반포동, 신세계백화점 강남점)"
20160098351,서울특별시 서초구 강남대로55길 9-13(J타워 2층 201호 서초동)
20160098468,서울특별시 서초구 신반포로23길 30(1층 일부105호 잠원동)
20160098655,"서울특별시 서초구 서초대로 287(1층 서초동, 석정빌딩)"
20160099370,"서울특별시 서초구 강남대로 213(B1층 양재동, 스포타임)"
20160099500,서울특별시 서초구 논현로17길 19(1층 103호 양재동)
20160105678,"서울특별시 강남구 도곡로 401(지하1층 대치동, 롯데백화점)"
20160106114,"서울특별시 강남구 테헤란로 521(33층 삼성동, 그랜드인터컨티넨탈서울)"
20160106131,서울특별시 용산구 한강대로23길 55(아이파크몰 7층 한강로3가)
20160106208,"서울특별시 강남구 학동로 401(1층 청담동, 금하빌딩)"
20160106542,"서울특별시 강남구 압구정로2길 46(지상1층 제1호 신사동, 강남상가)"
20160106770,"서울특별시 강남구 테헤란로 306(지상1층 역삼동, 카이트타워)"
20160106958,서울특별시 강남구 봉은사로2길 23(2층 역삼동)
20160107949,서울특별시 강남구 논현로151길 11(1층 신사동)
20160108048,"서울특별시 강남구 자곡로 201(1층 102,103,105,106호 자곡동, 강남더샵라르고)"
20160108119,"서울특별시 강남구 도산대로 327(1층 신사동, 청담타워)"
20160108135,"서울특별시 강남구 테헤란로 534(지하1층 대치동, 글라스타워)"
20160108330,"서울특별시 강남구 도산대로57길 24(지하1,2, 지상1층 청담동)"
20160108465,"서울특별시 강남구 도곡로 401(지하1층 대치동, 롯데백화점 강남점)"
20160114495,서울특별시 송파구 오금로19길 14-1(지상1층 방이동)
20160114668,"서울특별시 송파구 위례광장로 120(상가동 1층 148호,149호 장지동, 위례중앙푸르지오1단지)"
20160114801,"서울특별시 송파구 위례광장로 136(3동 C137호 장지동, 위례아이파크 상가)"
20160115073,"서울특별시 송파구 법원로11길 7(문정현대지식산업센터1-2 C동 1층 113,114,115,116호 문정동)"
20160115085,서울특별시 송파구 양재대로 932(가락동 농수산물도매시장 2관 3층 4-1호 가락동)
20160115090,"서울특별시 송파구 올림픽로 240(1층 잠실동, 롯데월드 매직아일랜드)"
20160115556,"서울특별시 송파구 위례광장로 270(Y동 1층 137호 장지동, 송파와이즈더샵)"
20160115674,"서울특별시 송파구 올림픽로 269(1층 신천동, 롯데백화점 잠실점 캐슬플라자)"
20160115896,서울특별시 송파구 강동대로9길 14-1(1층 풍납동)
20160120072,서울특별시 강동구 천호옛길 16(성민빌딩 1층 102호 성내동)
20160120192,서울특별시 강동구 양재대로85길 15(2층 성내동)
20160120210,"서울특별시 강동구 상암로3길 8(1층 암사동, 정웅빌딩)"
20160126164,"부산광역시 중구 중앙대로 2(지하1층 중앙동7가, 롯데백화점)"
20160128058,"부산광역시 서구 구덕로 220(1층 103호 부민동1가, 한웅캠퍼스타워)"
20160129214,부산광역시 동구 중앙대로 211(초량동)
20160131136,부산광역시 부산진구 가야대로 772(10층 부전동)
20160137342,부산광역시 남구 진남로36번길 2(대연동)
20160139435,"부산광역시 북구 금곡대로 166(903동 화명동, 롯데캐슬카이저상가B106호 일부)"
20160139481,"부산광역시 북구 만덕2로44번길 46(2층 만덕동, 온누리빌딩)"
20160141035,부산광역시 해운대구 달맞이길117번나길 151(중동)
20160141069,"부산광역시 해운대구 해운대로 620(우동, 라뮤에뜨 2층 일부)"
20160141081,부산광역시 해운대구 삼어로133번나길 2(1층 반여동)
20160141157,"부산광역시 해운대구 센텀4로 15(4층 우동, 센텀시티몰)"
20160141584,부산광역시 해운대구 해운대해변로237번길 12(19층 우동)
20160141972,"부산광역시 해운대구 해운대해변로 296(중동, 신관 1층)"
20160144297,"부산광역시 사하구 다대낙조2길 85(5층 504,505호 다대동)"
20160144421,부산광역시 사하구 윤공단로 23-1(1층 다대동)
20160149183,"부산광역시 강서구 신호삼로 48(103,104호 신호동)"
20160149215,부산광역시 강서구 명지국제8로 293(2층 명지동)
20160149504,부산광역시 강서구 명지오션시티8로12번길 14(1층 일부호 명지동)
20160150070,"부산광역시 연제구 중앙대로1043번길 14(1,2층 연산동)"
20160152347,"부산광역시 수영구 광안로 20(109동 1층 121호 광안동, 쌍용예가디오션)"
20160152446,부산광역시 수영구 수영로 538(1층 101호 광안동)
20160154393,부산광역시 사상구 백양대로 955-6(1층 모라동)
20160154481,부산광역시 사상구 백양대로 770-1(1층 덕포동)
20160158567,"대구광역시 중구 국채보상로 608(문화동, 지상1,2층)"
20160158760,"대구광역시 중구 중앙대로 417(남일동, 지상1층)"
20160160107,"대구광역시 동구 안심로 80(4층 율하동, 롯데쇼핑프라자)"
20160160273,대구광역시 동구 팔공로30길 8(불로동)
20160160548,"대구광역시 동구 첨복로 27(104호 신서동, 해도빌딩)"
20160160629,"대구광역시 동구 동대구로 550(신암동, 동대구역 동대구역사)"
20160160723,"대구광역시 동구 동대구로 550(4층 신암동, 동대구역 동대구역사)"
20160160915,대구광역시 동구 동대구로 550(4층 신암동)
20160161105,"대구광역시 동구 동부로 149(8층 신천동, 대구신세계백화점)"
20160161124,"대구광역시 동구 동부로 149(8층 신천동, 대구신세계백화점)"
20160161149,"대구광역시 동구 동부로 149(5층 신천동, 대구신세계백화점)"
20160161158,"대구광역시 동구 동부로 149(8층 신천동, 대구신세계백화점)"
20160161159,"대구광역시 동구 동부로 149(8층 신천동, 대구신세계백화점)"
20160161165,"대구광역시 동구 동부로 149(9층 신천동, 대구신세계백화점)"
20160161167,"대구광역시 동구 동부로 149(8층 신천동, 대구신세계백화점)"
20160161168,"대구광역시 동구 동부로 149(8층 신천동, 대구신세계백화점)"
20160161169,"대구광역시 동구 동부로 149(8층 신천동, 대구신세계백화점)"
20160161197,"대구광역시 동구 동부로 149(지하1층 신천동, 대구신세계백화점)"
20160161198,"대구광역시 동구 동부로 149(8층 신천동, 대구신세계백화점)"
20160161219,"대구광역시 동구 동부로 149(8층 신천동, 대구신세계백화점)"
20160161222,"대구광역시 동구 동부로 149(지하1층 신천동, 대구신세계백화점)"
20160163069,대구광역시 서구 국채보상로49길 15(평리동)
20160163266,대구광역시 서구 달구벌대로 1691(4층 내당동)
20160163400,대구광역시 서구 서대구로 138(평리동)
20160166075,대구광역시 남구 중앙대로49길 23(1층 대명동)
20160168107,"대구광역시 북구 태평로 161(지하2층 칠성동2가, 롯데백화점대구점)"
20160168112,대구광역시 북구 한강로4길 13(1층 102호 사수동)
20160168285,대구광역시 북구 칠곡중앙대로 346(1층 102호 태전동)
20160168712,대구광역시 북구 동암로 128-12(1층 구암동)
20160169048,대구광역시 북구 성북로 37(1층 침산동)
20160174169,대구광역시 수성구 야구전설로 1(05호 연호동)
20160174170,대구광역시 수성구 야구전설로 1(08호 연호동)
20160174177,대구광역시 수성구 야구전설로 1(2층 03호 연호동)
20160174193,대구광역시 수성구 야구전설로 1(5층 06호 연호동)
20160174203,"대구광역시 수성구 야구전설로 1(대구삼성라이온즈파크 3층 01호,02호 연호동)"
20160174204,대구광역시 수성구 야구전설로 1(3층 15호 연호동)
20160174240,대구광역시 수성구 야구전설로 1(4층 4호 연호동)
20160174332,"대구광역시 수성구 지범로40길 6(103동 104호 범물동, 신화에덴아파트)"
20160174386,대구광역시 수성구 신매로 91(112동 106호 신매동)
20160174491,대구광역시 수성구 달구벌대로488안길 1(범어동)
20160174597,대구광역시 수성구 달구벌대로641길 27(다동 106호 매호동)
20160181276,대구광역시 달서구 진천로8길 12-8(1층 진천동)
20160181540,대구광역시 달서구 두류공원로 200(2층 두류동)
20160181541,대구광역시 달서구 두류공원로 200(2층 두류동)
20160181542,대구광역시 달서구 두류공원로 200(2층 두류동)
20160181571,"대구광역시 달서구 진천로16길 39(3층 301-1호 진천동, 진천맛타운)"
20160181982,대구광역시 달서구 한들로 15(지상1층 장기동)
20160181994,대구광역시 달서구 두류공원로 200(지상1층 두류동)
20160182042,대구광역시 달서구 학산로7길 82(지상1층 본동)
20160182269,"대구광역시 달서구 두류공원로 200(지상1층 두류동, 씨앤우방랜드 일반음식점-3)"
20160182284,"대구광역시 달서구 두류공원로 200(1층 두류동, 씨앤우방랜드 일반음식점-3)"
20160182434,대구광역시 달서구 장산로 63-29(1층 장기동)
20160182460,대구광역시 달서구 선원로 264(1층 용산동)
20160182522,대구광역시 달서구 비슬로 2728(지상1층 101-1호 대곡동)
20160188033,대구광역시 달성군 현풍읍 테크노상업로 48(동신빌딩 1층 110호)
20160188052,대구광역시 달성군 옥포읍 돌미상업로 5(1층 101호)
20160188177,대구광역시 달성군 다사읍 세천남로 6-14
20160188281,"대구광역시 달성군 논공읍 삼리리 460 외 32필지, 1층"
20160188282,"대구광역시 달성군 논공읍 삼리리 460 외 32필지, 1층"
20160188287,대구광역시 달성군 논공읍 88올림픽고속도로 176(1층)
20160188290,대구광역시 달성군 논공읍 88올림픽고속도로 176(1층)
20160188293,대구광역시 달성군 현풍읍 테크노중앙대로 243(1층 107호 타임스퀘어)
20160188349,대구광역시 달성군 유가면 테크노상업로 100(1층 110호 테크노시티)
20160188422,대구광역시 달성군 다사읍 대실역남로4길 4-20(1층)
20160188524,"대구광역시 달성군 유가면 테크노중앙대로 254(114호,115호 하이젠스타)"
20160190438,인천광역시 영종구 넙디로 59(1층 101호 운서동)
20160193071,"인천광역시 미추홀구 경원대로 741(101호 주안동, 노블리안)"
20160193511,인천광역시 미추홀구 낙섬동로 99(1층 용현동)
20160193594,"인천광역시 미추홀구 용정공원로 33(C동 107호 용현동, 인천SK Sky VIEW 근린생활시설 C동)"
20160193957,인천광역시 미추홀구 인하로 55-1(2층 용현동)
20160197069,"인천광역시 연수구 인천타워대로132번길 24(지상1,2층 송도동, 모아프라자 102호일부,103호,104호,202호)"
20160197220,"인천광역시 연수구 송도국제대로 123(송도동, 현대프리미엄아울렛지하1층)"
20160197234,"인천광역시 연수구 송도국제대로 123(송도동, 현대프리미엄아울렛 지하1층)"
20160197236,"인천광역시 연수구 송도국제대로 123(송도동, 현대프리미엄아울렛 지하1층)"
20160197237,"인천광역시 연수구 송도국제대로 123(송도동, 현대프리미엄아울렛 지하1층)"
20160197273,"인천광역시 연수구 송도국제대로 123(송도동, 현대프리미엄아울렛 지상1층)"
20160197304,"인천광역시 연수구 송도국제대로 123(송도동, 현대프리미엄아울렛 지하1층)"
20160197433,"인천광역시 연수구 송도과학로27번길 55(송도동, 롯데캐슬캠퍼스타운B-103호)"
20160197450,"인천광역시 연수구 송도과학로27번길 55(송도동, 롯데캐슬캠퍼스타운301동 A-202호)"
20160197507,"인천광역시 연수구 컨벤시아대로 165(송도동, 동북아트레이드타워 65층)"
20160197532,"인천광역시 연수구 송도문화로28번길 28(송도동, 글로벌캠퍼스 푸르지오 201동 115호)"
20160197966,"인천광역시 연수구 청량로113번길 34(1층일부, 2층 옥련동)"
20160200290,"인천광역시 남동구 미래로 13(1층 106호 구월동, 노빌리안명품)"
20160200346,인천광역시 남동구 용천로98번길 5(지하1층 구월동)
20160202093,인천광역시 부평구 부평대로 39-6(1층 부평동)
20160202264,"인천광역시 부평구 부평문화로 37(에이동 지하5호 부평동, 동아아파트상가)"
20160202398,"인천광역시 부평구 세월천로 34(1층 107호 청천동, 대우프라자)"
20160202979,"인천광역시 부평구 부흥북로107번길 1(부평동, 1층 일부)"
20160205161,"인천광역시 계양구 화산로66번길 12(1층 방축동, 1층 일부)"
20160205357,"인천광역시 계양구 계양대로 157(1층 일부호 계산동, A호)"
20160205431,"인천광역시 계양구 오조산로45번길 8(2층 202호 계산동, 현해아이빌)"
20160208561,"인천광역시 서해구 길주로 6(석남동, 1층일부)"
20160208659,"인천광역시 서해구 승학로382번길 1(검암동, 104호)"
20160211157,인천광역시 강화군 선원면 중앙로 322(1층)
20160211267,인천광역시 강화군 강화읍 동문안길 23(1층)
20160214495,전남광주통합특별시 동구 필문대로273번길 18(2층 지산동)
20160216096,전남광주통합특별시 서구 운천로17번길 4-13(1층 금호동)
20160216725,전남광주통합특별시 서구 화정로 63(1층 쌍촌동)
20160216746,전남광주통합특별시 서구 죽봉대로78번길 16(2층 농성동)
20160216835,전남광주통합특별시 서구 군분2로 21-2(1층 화정동)
20160216848,"전남광주통합특별시 서구 치평로 86(1층 치평동, 107호,108호일부)"
20160219038,전남광주통합특별시 남구 서문대로 689-6(1층 진월동)
20160219534,전남광주통합특별시 남구 서문대로 618(1층 진월동)
20160227119,전남광주통합특별시 광산구 수완로52번길 46-13(1층 수완동)
20160227202,전남광주통합특별시 광산구 송정로8번길 13(1층 송정동)
20160231168,대전광역시 대덕구 계족로517번길 98(1층 중리동)
20160233116,"대전광역시 중구 중앙로156번길 16(6층 은행동, 앤비)"
20160236589,"대전광역시 서구 문정로 85(7층 탄방동, 세이탄방점)"
20160236800,대전광역시 서구 둔산로 121(1층 둔산동)
20160236995,"대전광역시 서구 문예로 137(1층 둔산동, 1층일부)"
20160240231,대전광역시 유성구 전민로70번길 64(지상1층 전민동)
20160240403,대전광역시 유성구 신성로72번길 55(지상1층 신성동)
20160247210,"울산광역시 남구 번영로 66(상가동 1층 101호 야음동, 번영로롯데인벤스스위트)"
20160247259,울산광역시 남구 법대로95번길 6(1층 옥동)
20160247358,울산광역시 남구 신정로58번길 2(지상1층 달동)
20160247370,울산광역시 남구 대학로76번길 7-14(무거동)
20160247665,"울산광역시 남구 월평로 205(1,2층 삼산동)"
20160247807,"울산광역시 남구 삼산로 261(지상12층 삼산동, 현대백화점)"
20160247859,울산광역시 남구 삼산로 261(지하1층 삼산동)
20160247930,울산광역시 남구 대학로84번길 5-13(1층 무거동)
20160248192,울산광역시 남구 문수로366번길 17(2층 옥동)
20160252053,울산광역시 동구 미포1길 27(1층 동부동)
20160252381,울산광역시 동구 동해안로 661(2층 주전동)
20160254085,"울산광역시 북구 동대5길 47(호계동, 지상1층)"
20160254366,"울산광역시 북구 아진로 94(아진복합상가 지상1층 101호,103호 천곡동)"
20160254530,울산광역시 북구 진장17길 10(메가마트 지상1층 진장동)
20160254557,울산광역시 북구 산하중앙2로 281(1층 101호 산하동)
20160255062,울산광역시 울주군 범서읍 천상중앙길 104(3호 18B 5L)
20160255292,울산광역시 울주군 범서읍 장검길 10
20160255359,울산광역시 울주군 범서읍 장검길 10(2층 원예농협하나로마트 내)
20160255561,울산광역시 울주군 범서읍 천상5길 4
20160257322,"세종특별자치시 절재로 194(1층 135호 어진동, 중앙타운)"
20160257537,세종특별자치시 절재로 194(중앙타운 1층 112호 어진동)
20160257845,"세종특별자치시 마음로 264(1층 108호 고운동, 고운프라자)"
20160257859,세종특별자치시 시청대로 213(금강베네치아 1층 111호 보람동)
20160267324,"경기도 수원시 팔달구 인계로 154(8층 인계동, 동수원뉴코아아울렛)"
20160267407,경기도 수원시 팔달구 팔달로127번길 12(1층 화서동)
20160271298,경기도 수원시 장안구 파장로 70(2층 파장동)
20160273164,"경기도 수원시 권선구 세화로 134(지하1층 서둔동, 롯데몰수원)"
20160273170,"경기도 수원시 권선구 경수대로 270(5층 권선동, 수원NC백화점)"
20160273351,"경기도 수원시 권선구 권광로 55(상가1동 A120호 권선동, 권선자이이편한세상)"
20160273374,"경기도 수원시 권선구 삼천병마로1598번길 48(1층 오목천동, 혜윤빌딩)"
20160281388,경기도 성남시 분당구 서현로180번길 19(비전월드 1층 101-16일부호 서현동)
20160281490,"경기도 성남시 분당구 대왕판교로606번길 10(백현동, 알파리움 타워1동 2층 219호, 220호, 221호)"
20160281792,"경기도 성남시 분당구 동판교로177번길 25(2층 233-1호 삼평동, 판교호반써밋플레이스)"
20160282664,"경기도 성남시 분당구 대왕판교로645번길 36(삼평동, NS복합건축물 주건축물제1동 지하1층 일부)"
20160282665,"경기도 성남시 분당구 대왕판교로645번길 36(삼평동, NS복합건축물 주건축물제1동 지하1층 일부)"
20160282666,"경기도 성남시 분당구 대왕판교로645번길 36(삼평동, NS복합건축물 주건축물제1동 지하1층 일부)"
20160282667,"경기도 성남시 분당구 대왕판교로645번길 36(삼평동, NS복합건축물 주건축물제1동 지하1층 일부)"
20160282668,"경기도 성남시 분당구 대왕판교로645번길 36(삼평동, NS복합건축물 주건축물제1동 지하1층 일부)"
20160282669,"경기도 성남시 분당구 대왕판교로645번길 36(삼평동, NS복합건축물 주건축물제1동 지하1층 일부)"
20160285051,경기도 의정부시 평화로 220(A동 204호 205호 호원동)
20160285122,"경기도 의정부시 청사로 38(지상1층 금오동, 홈플러스의정부점)"
20160285346,경기도 의정부시 평화로190번길 5(지상2층 호원동)
20160285640,"경기도 의정부시 천보로 38(지상1층 116호 민락동, 파스텔시티)"
20160285725,경기도 의정부시 용민로7번길 37(지상1층 용현동)
20160285784,"경기도 의정부시 시민로 80(지상1,2층 A120,A121,A122,214호 의정부동, 센트럴타워)"
20160292230,"경기도 안양시 동안구 경수대로610번길 31(1층 107호 호계동, 무궁화아파트 상가동)"
20160297085,"경기도 부천시 원미구 지봉로 43(역곡동, 가톨릭대학성심교정 150주년기념관 지하1층일부)"
20160297160,"경기도 부천시 원미구 길주로 300(중동, 롯데백화점 10층일부)"
20160297199,"경기도 부천시 원미구 길주로 300(중동, 롯데백화점 지하1층 일부)"
20160297325,"경기도 부천시 원미구 송내대로 239(상동, 소풍 5층 5S03-46,47,48,58,59,60,61호)"
20160297328,"경기도 부천시 원미구 삼작로 294(도당동, 1층일부)"
20160297344,"경기도 부천시 원미구 송내대로 239(일부:5405,5405-1,5406,5406-1호 상동, 소풍,5S03,5S03-01~13,28~39,70~75,5404)"
20160297361,"경기도 부천시 원미구 송내대로 239(상동, 소풍, 5296~5299, 5307일부,5308일부,5309일부)"
20160304215,"경기도 광명시 하안로 154(상가동 103,104호 소하동, 금호어울림아파트)"
20160306200,경기도 평택시 평택5로20번길 36(1층 합정동)
20160306329,"경기도 평택시 중앙로 176(2층 206호 합정동, 평택합정 SK VIEW 주상복합)"
20160306581,"경기도 평택시 신평로 205(1층 군문동, 외6필지)"
20160306657,"경기도 평택시 평남로 858(105호 비전동, 삼성타워)"
20160306698,경기도 평택시 비전6길 12(1층 비전동)
20160310301,경기도 동두천시 평화로2261번길 48(1층 지행동)
20160313302,"경기도 안산시 상록구 샘골로 187(1층 본오동,  동서빌딩 지상101나호 일부)"
20160313406,"경기도 안산시 상록구 성포로 30(101,102호 성포동)"
20160316051,"경기도 안산시 단원구 라성로 40(원곡동, 반월종합상가 A동 17~18,21~22호)"
20160316116,"경기도 안산시 단원구 당곡로 33(고잔동, 프라움시티 127호)"
20160316342,"경기도 안산시 단원구 화랑로 260(B1층 초지동, 안산종합운동장주경기장)"
20160323049,"경기도 고양시 덕양구 푸른마을로 6(112호 고양동, 고양e-Plaza)"
20160323053,경기도 고양시 덕양구 세솔로 122-6(1층 삼송동)
20160323107,경기도 고양시 덕양구 호국로 851(1일부층 성사동)
20160323429,"경기도 고양시 덕양구 화신로272번길 57(1, 2일부층 화정동, 태원빌딩)"
20160325006,"경기도 고양시 일산동구 중앙로 1283(장항동, 롯데백화점일산점 판매동 지하2층일부)"
20160325091,경기도 고양시 일산동구 중산로 224(1층 104호 중산동)
20160325482,"경기도 고양시 일산동구 백마로 195(장항동, 일산방송COMPLEX 방송관련시설, 3-3102호~3105호)"
20160325534,"경기도 고양시 일산동구 위시티2로11번길 11(1층 145호 식사동, 위시티휴먼빌 근생제4동)"
20160327062,경기도 고양시 일산서구 강선로 164(상가동 102호 일산동)
20160327077,"경기도 고양시 일산서구 중앙로 1388(지하층 030호 주엽동, 태영프라자)"
20160327096,"경기도 고양시 일산서구 일산로 614(107호 일산동, 후곡마을상가동)"
20160327458,"경기도 고양시 일산서구 호수로 817(8층 대화동, 현대백화점 킨텍스점 8층 전문식당가 일부)"
20160329162,"경기도 과천시 경마공원대로 107(5층 주암동, 렛츠런파크 신관람대)"
20160330084,경기도 구리시 응달말로52번길 27(가동 1층 인창동)
20160330356,경기도 구리시 수도권제1순환고속도로 32(사노동)
20160333141,경기도 남양주시 와부읍 덕소로 278(109호 강변스포렉스)
20160333167,경기도 남양주시 덕송2로6번길 16-48(1층 일부호 별내동)
20160333255,경기도 남양주시 화도읍 비룡로 56-7(1층)
20160338072,경기도 시흥시 중심상가2길 12-8(101호 정왕동)
20160338587,"경기도 시흥시 새재로 11(103호 장현동, 제이파크주상복합)"
20160344257,"경기도 의왕시 포일세거리로 3(113호 포일동, 파레사타워)"
20160345071,경기도 하남시 신평로61번길 18(신장동)
20160345404,경기도 하남시 하남대로 747(105호 신장동)
20160345436,경기도 하남시 미사대로 750(스타필드 하남 지하1층 신장동)
20160345523,"경기도 하남시 미사대로 750(2층 신장동, 스타필드 하남 쇼핑센터)"
20160345530,경기도 하남시 미사대로 750(스타필드 하남 지하1층 신장동)
20160345531,경기도 하남시 미사대로 750(스타필드 하남 지하1층 신장동)
20160345534,경기도 하남시 미사대로 750(스타필드 하남 지하1층 신장동)
20160345539,"경기도 하남시 미사대로 750(2층 신장동, 스타필드하남 쇼핑센터)"
20160345551,"경기도 하남시 미사대로 750(2층 신장동, 스타필드 하남 쇼핑센터)"
20160345553,경기도 하남시 미사대로 750(스타필드 하남 지하1층 신장동)
20160345812,경기도 하남시 미사강변북로30번길 51(1층 망월동)
20160345850,경기도 하남시 미사강변북로30번안길 28(1층 망월동)
20160345892,경기도 하남시 미사강변북로30번길 22(101호 망월동)
20160345957,"경기도 하남시 하남대로 747(1층 151호 신장동, 하남 두산위브파크)"
20160348192,경기도 용인시 처인구 포곡읍 에버랜드로 199(A08동 외20필지 1층일부)
20160348193,경기도 용인시 처인구 포곡읍 에버랜드로 199(P-29동 외81필지 1층일부)
20160350462,"경기도 용인시 기흥구 흥덕2로 115(영덕동, 미래도프라자 102호)"
20160350476,"경기도 용인시 기흥구 구성1로 20(청덕동, 주공프라자 101호)"
20160350694,"경기도 용인시 기흥구 구갈로 70(구갈동, 구갈메가타운 102,103호)"
20160353156,"경기도 용인시 수지구 성복2로 100(성복동, 예반아이엔프라자 110, 111호)"
20160353330,"경기도 용인시 수지구 동천로113번길 10(동천동, 한빛마을래미안이스트팰리스상가동 2블럭 14호)"
20160353613,"경기도 용인시 수지구 현암로 101(죽전동, 애플프라자 106호)"
20160353820,"경기도 용인시 수지구 신수로 767(동천동, 수지유타워 A동 121호 일부)"
20160355054,경기도 파주시 문산읍 당동1로 52(1104호 일부호 파주한양수자인 리버팰리스 아파트)
20160356494,"경기도 파주시 청암로17번길 17(목동동, 파주운정F3-8복합시설, 106호)"
20160356496,"경기도 파주시 청암로17번길 17(목동동, 파주운정F3-8복합시설, 105호
)"
20160356522,"경기도 파주시 청암로17번길 17(목동동, 파주운정F3-8복합시설 3층 일부)"
20160358327,경기도 이천시 대월면 경충대로 1566-25(1동 1층)
20160360181,경기도 안성시 중앙로367번길 72-21(금산동)
20160360530,"경기도 안성시 공도읍 공도로 142(상가2동 108,109호)"
20160362215,경기도 김포시 김포한강2로23번길 10(라베니체마치에비뉴Ⅰ 104호 장기동)
20160362291,경기도 김포시 초당로16번길 102-3(조은타워투 1층 일부호 장기동)
20160362457,경기도 김포시 고촌읍 김포대로 344(1층 103 일부호 정다운 가)
20160363033,경기도 김포시 돌문로62번길 13-14(102호 사우동)
20160363045,경기도 김포시 중봉로 14(2층 일부호 감정동)
20160363132,"경기도 김포시 걸포1로 10(지하1층 203호 걸포동, 오스타파라곤 제상가동)"
20160363191,경기도 김포시 김포한강4로212번길 60(1층 101호 장기동)
20160363195,"경기도 김포시 김포한강9로 80(1,2층 110B, 111, 207, 208호 구래동, 다온프라자)"
20160364072,경기도 화성시 동탄구 동탄반석로 99(106호 반송동)
20160364094,"경기도 화성시 만세구 남양읍 시청로 115(101, 102호)"
20160364284,경기도 화성시 만세구 향남읍 향남로 402(홈플러스 화성향남점 1층 일부호)
20160364858,"경기도 화성시 동탄구 동탄지성로 92(103,104호 반송동, 센트럴프라자)"
20160365307,"경기도 화성시 동탄구 동탄대로시범길 134(판매시설동 1층 1052, 1053호 청계동, 동탄역시범반도유보라아이비파크4.0)"
20160365438,경기도 화성시 만세구 향남읍 하길로 70(상가동 103호)
20160365481,경기도 화성시 만세구 송산면 사강시장길 68(107호)
20160365524,"경기도 화성시 동탄구 동탄중앙로 220(4층 408호의 일부A-408-2호 반송동, 메타폴리스)"
20160365800,경기도 화성시 동탄구 동탄중앙로 220(A블럭 401일부호 반송동)
20160366025,경기도 화성시 동탄구 동탄대로14길 5-67(1층 오산동)
20160366539,경기도 화성시 동탄구 동탄치동천로2길 3-15(1층 영천동)
20160368102,경기도 광주시 곤지암읍 경충대로 617(1층)
20160368126,경기도 광주시 초월읍 현산로 86(102호)
20160368238,경기도 광주시 도척면 도척윗로 278(1층)
20160368718,"경기도 광주시 도척면 도척윗로 278(2층 곤지암리조트 내 스카디하우스, 2층)"
20160368850,경기도 광주시 곤지암읍 만삼로 270
20160368851,경기도 광주시 곤지암읍 만삼로 270
20160368858,경기도 광주시 곤지암읍 만삼로 211
20160368875,경기도 광주시 양벌로 188(1층)
20160370253,경기도 양주시 옥정동로5길 62(1층 일부 옥정동)
20160370467,경기도 양주시 광적면 가래비길 118
20160372290,"경기도 포천시 소흘읍 송우로 75(1층 103,104호)"
20160372315,경기도 포천시 가산면 가산로 147(1층)
20160380083,강원특별자치도 춘천시 안마산로 199(1층 110.111호 퇴계동)
20160380734,강원특별자치도 춘천시 영서로 2938(1층 사농동)
20160380972,강원특별자치도 춘천시 금강로 24(1층 소양로3가)
20160383397,강원특별자치도 원주시 지정면 오크밸리1길 70(지상1층 빌리지센타)
20160383417,강원특별자치도 원주시 양지로 16(지하1층 B07호 반곡동)
20160383437,"강원특별자치도 원주시 황금로 13(반곡동, 201호)"
20160383475,"강원특별자치도 원주시 양지로 14(반곡동, 114호)"
20160383927,"강원특별자치도 원주시 혁신로 55(2층 반곡동, 203호)"
20160384217,"강원특별자치도 원주시 건강로 17-2(1층 반곡동, 101호)"
20160384285,강원특별자치도 원주시 현충로322번길 12(태장동)
20160386421,강원특별자치도 강릉시 구정면 현천길 7(가동)
20160389086,강원특별자치도 동해시 하평1길 5-1(1층 평릉동)
20160393086,강원특별자치도 삼척시 수로부인길 453(갈천동)
20160393087,강원특별자치도 삼척시 수로부인길 453(갈천동)
20160393088,강원특별자치도 삼척시 수로부인길 453(갈천동)
20160393090,강원특별자치도 삼척시 수로부인길 453(갈천동)
20160393092,강원특별자치도 삼척시 수로부인길 453(갈천동)
20160393093,강원특별자치도 삼척시 수로부인길 453(갈천동)
20160397185,강원특별자치도 평창군 봉평면 태기로 174(주휘닉스평창 센터프라자 1층)
20160398075,강원특별자치도 정선군 고한읍 고한6길 8
20160399056,강원특별자치도 철원군 동송읍 금학로 192
20160417196,충청북도 청주시 상당구 수영로 299(2층 용담동)
20160417435,충청북도 청주시 상당구 1순환로 1233(1층 용암동)
20160421131,"충청북도 청주시 서원구 산남로 54(1층 106,107호 산남동)"
20160425075,충청북도 청주시 흥덕구 2순환로 1004(4층 비하동)
20160425086,충청북도 청주시 흥덕구 풍산로25번길 22(1층 가경동)
20160425356,충청북도 청주시 흥덕구 오송읍 오송생명로 196(1층)
20160425436,충청북도 청주시 흥덕구 사운로 239(1층 운천동)
20160425779,충청북도 청주시 흥덕구 덕암로108번길 65(1층 2호 봉명동)
20160429069,충청북도 청주시 청원구 중앙로 184(1층 내덕동)
20160429518,충청북도 청주시 청원구 교서로250번길 3(1층 내덕동)
20160429673,충청북도 청주시 청원구 직지대로 889(우암동)
20160440039,충청북도 옥천군 옥천읍 문장로3길 15
20160442069,충청북도 증평군 증평읍 중앙로 197
20160442130,충청북도 증평군 증평읍 중앙로10길 8
20160444083,충청북도 괴산군 장연면 중부내륙고속도로 204
20160445115,충청북도 음성군 맹동면 대하로 278
20160445382,"충청북도 음성군 음성읍 중앙로50번길 14(104,105,106호)"
20160450431,충청남도 천안시 동남구 만남로 43(본관1동 6층 신부동)
20160452583,"충청남도 천안시 서북구 동서대로 177(3층 성정동, 신라STAY호텔)"
20160452643,충청남도 천안시 서북구 충무로 205(1층 쌍용동)
20160452775,충청남도 천안시 동남구 용곡5길 37-8(1층 용곡동)
20160452995,충청남도 천안시 서북구 성정4길 25(1층 성정동)
20160453120,"충청남도 천안시 서북구 번영로 201(1층 102,103,104,105,106호 불당동)"
20160453181,"충청남도 천안시 서북구 공원로 227(8층 불당동, 갤러리아백화점)"
20160456050,충청남도 당진시 송악읍 부곡공단2길 6(103호)
20160461285,충청남도 아산시 번영로 182(1층 권곡동)
20160461403,충청남도 아산시 배방읍 희망로 100(1동 2층 천안아산역사내)
20160461414,충청남도 아산시 온궁로 27(2층 온천동)
20160461488,충청남도 아산시 배방읍 배방로201번길 24-11(1층 106호)
20160461698,충청남도 아산시 배방읍 배방로173번길 14-10(1층)
20160461902,충청남도 아산시 둔포면 아산밸리중앙로 96(1동 1층)
20160463046,충청남도 서산시 대산읍 구진로 27(1층)
20160463047,충청남도 서산시 해미면 한서1로 39(1층)
20160463169,충청남도 서산시 대산읍 충의로 1884(1층)
20160463180,충청남도 서산시 대산읍 평신2로 26(1층)
20160463185,충청남도 서산시 대산읍 평신2로 26(복지관동 2층 현대오일뱅크사원아파트)
20160466008,충청남도 계룡시 엄사면 번영2길 4-91
20160466074,충청남도 계룡시 서금암3길 5(쉐리움 106호 금암동)
20160470006,충청남도 부여군 부여읍 석탑로 76-1
20160474018,충청남도 예산군 예산읍 역전로 148
20160475025,충청남도 태안군 태안읍 중앙로 129(105호)
20160475218,충청남도 태안군 태안읍 중앙로 165(102호)
20160478128,전북특별자치도 전주시 완산구 전주객사4길 74-54(고사동)
20160481066,"전북특별자치도 전주시 덕진구 오송1길 37-13(1동 1층 104호, 105호 송천동1가)"
20160481444,"전북특별자치도 전주시 덕진구 오송1길 37-7(1동 1층 104호 송천동1가, 오송타워)"
20160484029,전북특별자치도 군산시 미장안길 50-13(101호 미장동)
20160484658,전북특별자치도 군산시 공항로 86(1층 105호 소룡동)
20160484711,전북특별자치도 군산시 조촌로 149(3동 에이호 조촌동)
20160487110,전북특별자치도 익산시 궁동로 80(1층 영등동)
20160487509,전북특별자치도 익산시 서동로 95(1층 마동)
20160492094,전북특별자치도 남원시 옥정4길 29(향교동)
20160494157,전북특별자치도 완주군 이서면 안전로 163(108호)
20160500038,전북특별자치도 고창군 상하면 상하농원길 11-22
20160500057,전북특별자치도 고창군 상하면 상하농원길 11-24(농원식당)
20160500076,전북특별자치도 고창군 상하면 상하농원길 42
20160500095,전북특별자치도 고창군 고창읍 성산로 28
20160503585,전남광주통합특별시 목포시 미항로 71(1층 상동)
20160503626,전남광주통합특별시 목포시 원산중앙로 7(1층 산정동)
20160509260,전남광주통합특별시 순천시 팔마로 124-1(1층 조곡동)
20160509614,전남광주통합특별시 순천시 오천6길 11(1층 오천동)
20160509869,전남광주통합특별시 순천시 중앙로 202-1(1층 매곡동)
20160512062,전남광주통합특별시 나주시 교육길 13(스마트파크 지식산업센터  E동 127호 빛가람동)
20160512070,전남광주통합특별시 나주시 나주로 185(105호 중앙동)
20160513207,"전남광주통합특별시 광양시 마장1길 4(상가동 101~106호,201호 중동, 태완 노블리안)"
20160515162,전남광주통합특별시 담양군 담양읍 메타프로방스4길 11
20160518115,전남광주통합특별시 고흥군 도양읍 도양해안로 85
20160520046,전남광주통합특별시 화순군 화순읍 안양산로 145(1층)
20160520051,전남광주통합특별시 화순군 화순읍 진각로 37(1층 103호)
20160524040,전남광주통합특별시 영암군 삼호읍 방아제로 2(1층)
20160525058,전남광주통합특별시 무안군 청계면 승달산길 41
20160525112,전남광주통합특별시 무안군 삼향읍 대죽동로16번길 21(2층 협승프라자)
20160525269,전남광주통합특별시 무안군 삼향읍 남악로162번길 80(3층 롯데아울렛 남악점)
20160525294,전남광주통합특별시 무안군 삼향읍 남악로162번길 80(3층 롯데아울렛 남악점)
20160525302,전남광주통합특별시 무안군 삼향읍 남악로162번길 80(3층 롯데아울렛 남악점)
20160526042,전남광주통합특별시 함평군 함평읍 남일길 27
20160528118,전남광주통합특별시 장성군 장성읍 역전로 96
20160529136,전남광주통합특별시 완도군 완도읍 청해진남로 15(1층)
20160534186,경상북도 포항시 남구 오천읍 원동로 60(1층)
20160534295,경상북도 포항시 남구 동해면 일월로 100(1층)
20160534396,경상북도 포항시 남구 오천읍 남원로 86-59(포항원동3차부영사랑으로아파트상가 2동 1층 101호)
20160534554,"경상북도 포항시 남구 지곡로 257(101동 1층 118호 지곡동, 에드빌2차)"
20160536009,경상북도 포항시 북구 천마로72번길 30(1층 양덕동)
20160536204,경상북도 포항시 북구 칠성로47번길 4(1층 남빈동)
20160536427,"경상북도 포항시 북구 새천년대로 1365(1,2층 장성동)"
20160536453,경상북도 포항시 북구 중흥로125번길 7(1층 죽도동)
20160538525,"경상북도 경주시 보문로 544(천군동, A-10)"
20160538642,경상북도 경주시 양남면 동해안로 643(1층)
20160538737,경상북도 경주시 보문로 544(천군동)
20160541335,경상북도 김천시 신양4길 63(신음동)
20160541361,경상북도 김천시 김천로 225(황금동)
20160541429,"경상북도 김천시 혁신6로 63(106,107호 율곡동, 중흥에스클래스프라디움 상가2동)"
20160543039,경상북도 안동시 용상시장6길 7(용상동)
20160543158,경상북도 안동시 풍산읍 풍산중앙길 92(1층 4호)
20160548051,경상북도 구미시 신시로7길 12-8(1층 형곡동)
20160548311,경상북도 구미시 신시로10길 133-3(1층 송정동)
20160548793,경상북도 구미시 산호대로 233(4층 415호 공단동)
20160554267,경상북도 영주시 대학로 228(가흥동)
20160556038,경상북도 상주시 삼백로 98(무양동)
20160556162,경상북도 상주시 함창읍 함령길 138
20160556203,경상북도 상주시 낙양3길 39-51(낙양동)
20160558107,경상북도 문경시 마성면 동성길 59
20160560282,경상북도 경산시 대학로12길 27(101호 정평동)
20160560455,경상북도 경산시 강변동로 250-1(주1동 3층 중방동)
20160560606,경상북도 경산시 진량읍 봉황길 68(나동)
20160560717,경상북도 경산시 대학로 327(조영동)
20160560742,"경상북도 경산시 하양읍 하양로 202-10(113동 103,104호 하양2차청구타운)"
20160563095,경상북도 의성군 안계면 새못안길 45-49
20160563098,경상북도 의성군 안계면 새못안길 45-49
20160563102,경상북도 의성군 안계면 새못안길 45-47
20160563104,경상북도 의성군 안계면 새못안길 45-47
20160564063,경상북도 청송군 파천면 중평병부길 203-115
20160564064,경상북도 청송군 파천면 중평병부길 203-92
20160564065,경상북도 청송군 파천면 중평병부길 203-115
20160564066,경상북도 청송군 파천면 중평병부길 203-115
20160564067,경상북도 청송군 파천면 중평병부길 203-92
20160564070,경상북도 청송군 파천면 중평병부길 203-92
20160566010,경상북도 영덕군 영덕읍 도매길 12-22
20160567095,경상북도 청도군 화양읍 온천1길 11-5
20160569016,경상북도 성주군 성주읍 성주순환로2길 58
20160571004,경상북도 예천군 예천읍 시장로 141
20160571039,경상북도 예천군 예천읍 효자로 91(102호)
20160589398,경상남도 창원시 의창구 도계로 9(1층 도계동)
20160592552,경상남도 창원시 성산구 창이대로881번길 17(대방대동황토방아파트 상가 12동 2층 201호 대방동)
20160595258,경상남도 창원시 마산합포구 북성로 48(1층 상남동)
20160595566,"경상남도 창원시 마산합포구 교방시장2길 31(교방동, 신우빌라상가 104호)"
20160601597,"경상남도 진주시 진주대로1108번길 2(평안동, B동 1층일부)"
20160602098,"경상남도 진주시 진주대로856번길 7-2(주약동, 1층일부)"
20160602425,경상남도 진주시 진양호로 84(1층일부 평거동)
20160604200,"경상남도 통영시 무전4길 29(1층 111A호 무전동, 휴엔하임)"
20160604489,경상남도 통영시 무전6길 48-13(1층 북신동)
20160606018,경상남도 사천시 정동면 정동중앙로 5
20160606169,경상남도 사천시 사천읍 진삼로 1413
20160607086,"경상남도 김해시 함박로101번길 6(202호 외동, 임호빌딩)"
20160607335,"경상남도 김해시 장유로 469(3층 신문동, 롯데프리미엄아울렛김해점 D블럭)"
20160607700,경상남도 김해시 김해대로 2232(외동)
20160607729,경상남도 김해시 김해대로 2232(김해여객자동차터미널판매동 2층 외동)
20160607730,경상남도 김해시 김해대로 2232(4층 외동)
20160607754,"경상남도 김해시 김해대로 2232(4층 외동, 신세계백화점)"
20160607755,"경상남도 김해시 김해대로 2232(4층 외동, 신세계백화점)"
20160608029,경상남도 김해시 활천로267번길 30(삼방동)
20160608472,경상남도 김해시 진영읍 김해대로365번길 8(105호 굿프라임빌딩)
20160608598,"경상남도 김해시 장유로 469(D동 310호 신문동, 신관)"
20160611205,경상남도 밀양시 창밀로 3566-2(가동 내이동)
20160612005,경상남도 거제시 동부면 거제남서로 3084(1동 1층)
20160612229,"경상남도 거제시 아주로 30(1층 아주동, 누리빌)"
20160612322,경상남도 거제시 거제중앙로5길 14(1층 고현동)
20160612476,"경상남도 거제시 능포로 108(동헌하이츠 102동 1층 105,106호 능포동)"
20160612610,경상남도 거제시 아주1로2길 65(1일부층 아주동)
20160612843,경상남도 거제시 상동5길 115(2동 105~106호 상동동)
20160614234,"경상남도 양산시 동면 금오2길 50(1층 101,102호)"
20160614997,"경상남도 양산시 물금읍 백호로 58(서영프라자 1층 104호, 105호, 106호)"
20160618142,경상남도 창녕군 영산면 영산계성로 64(1층)
20160623048,경상남도 함양군 함양읍 함양로 1149
20160624159,경상남도 거창군 가조면 지산로 1457
20160627207,제주특별자치도 제주시 임항로 20(2~3층 건입동)
20160627453,제주특별자치도 제주시 인다8길 36-1(1층 아라일동)
20160627588,제주특별자치도 제주시 조천읍 신북로 477(1층)
20160627620,제주특별자치도 제주시 관덕로11길 17(4층 일도일동)
20160627850,제주특별자치도 제주시 사평4길 44(1층 오라이동)
20160628099,제주특별자치도 제주시 원노형2길 29-11(1층 노형동)
20160628142,제주특별자치도 제주시 건주로4길 34(1층 102호 도련일동)
20160628986,제주특별자치도 제주시 아란9길 6(1층 아라일동)
20160631198,제주특별자치도 서귀포시 상예로 530(1층 색달동)
20160631651,제주특별자치도 서귀포시 신서귀로 37(1층 법환동)
20160631662,제주특별자치도 서귀포시 대정읍 신영로 73(1층)
20160633062,"경기도 부천시 원미구 송내대로 239(상동, 소풍4375호, 4376호일부, 4548~4552호,4555~4556호)"
20160633839,"경기도 부천시 원미구 부일로 448(1층 103호 심곡동, 프리존빌딩)"
20160633878,"경기도 부천시 원미구 상동로 90(상동, 메가플러스, 118호일부, 119호)"
20170025058,서울특별시 서대문구 경기대로 68(동신빌딩 1층좌측 충정로2가)
20170025144,서울특별시 종로구 율곡로1길 74-13(소격동)
20170025166,"서울특별시 종로구 율곡로2길 7(1층 103호 수송동, 서머셋팰리스서울)"
20170025262,서울특별시 종로구 세종대로23길 7(1~2층 세종로)
20170025927,"서울특별시 종로구 종로 51(종로타워 1~2층 101,2층전체호 종로2가)"
20170029304,"서울특별시 중구 장충단로 275(을지로6가, 두타몰 1층 001호)"
20170029468,"서울특별시 중구 퇴계로 97(충무로1가, 지하1층~지상1층)"
20170030482,"서울특별시 중구 만리재로 175(만리동2가, 서울역센트럴자이 402동 109호)"
20170030578,"서울특별시 중구 세종대로11길 36(서소문동, 2층)"
20170030592,"서울특별시 중구 무교로 21(무교동, 더익스체인지서울 2층)"
20170030640,"서울특별시 중구 을지로 100(을지로2가, 파인에비뉴 A동 1층)"
20170030648,"서울특별시 중구 마른내로 169(광희동1가, 1층)"
20170030710,서울특별시 중구 남대문로 81(롯데백화점 본점 지하1층 소공동)
20170033009,서울특별시 용산구 한강대로23길 55(3층 한강로3가)
20170033046,서울특별시 용산구 한강대로23길 55(5층 3호 한강로3가)
20170033108,"서울특별시 용산구 독서당로 22(1층 107호 한남동, 동원베네스트)"
20170033202,서울특별시 용산구 남산공원길 126(1층 용산동2가)
20170033507,서울특별시 용산구 한강대로23길 55(7층 한강로3가)
20170033637,"서울특별시 용산구 이촌로 224(1층 제142~151호 이촌동, 리버뷰맨션)"
20170033725,"서울특별시 용산구 청파로20길 95(1층 한강로3가, 서울드래곤시티)"
20170033726,"서울특별시 용산구 청파로20길 95(2층 한강로3가, 서울드래곤시티)"
20170033727,"서울특별시 용산구 청파로20길 95(3층 한강로3가, 서울드래곤시티)"
20170033728,"서울특별시 용산구 청파로20길 95(7층 한강로3가, 서울드래곤시티)"
20170033729,"서울특별시 용산구 청파로20길 95(26층 한강로3가, 서울드래곤시티)"
20170033730,"서울특별시 용산구 청파로20길 95(40층 한강로3가, 서울드래곤시티)"
20170033731,"서울특별시 용산구 청파로20길 95(1층 한강로3가, 서울드래곤시티)"
20170033756,"서울특별시 용산구 청파로20길 95(지상1, 지하1층 한강로3가, 서울드래곤시티)"
20170033772,"서울특별시 용산구 한강대로23길 55(6층 991-002호 한강로3가, 현대아이파크몰 용산)"
20170033784,"서울특별시 용산구 청파로20길 95(3층 한강로3가, 서울드래곤시티)"
20170036299,경기도 하남시 미사강변중앙로 219(레이크힐 2층 204호 망월동)
20170037120,"서울특별시 성동구 성수일로 56(1층 103호,104호 성수동2가, 백영성수빌딩)"
20170037136,"서울특별시 성동구 왕십리로 410(I동 1층 161호 하왕십리동, 센트라스)"
20170039012,서울특별시 광진구 광나루로 607(1층 광장동)
20170039089,서울특별시 광진구 광나루로56길 34(구의현대2단지 지층 14호 구의동)
20170039511,서울특별시 광진구 광나루로56길 85(10층 구의동)
20170043051,서울특별시 동대문구 답십리로 309(1층 3호 장안동)
20170046188,서울특별시 중랑구 동일로 676(면목동)
20170050454,"서울특별시 성북구 종암로24가길 53(상가동 1층 114호 종암동, 종암에스케이아파트)"
20170050700,서울특별시 성북구 화랑로25길 15(1층 상월곡동)
20170050734,"서울특별시 성북구 길음로 33(상가B동 지2층 12호 길음동, 길음뉴타운)"
20170053553,서울특별시 강북구 도봉로 285(1층 101호 수유동)
20170056482,서울특별시 도봉구 도봉로 678(지하1층 방학동)
20170056544,서울특별시 도봉구 도봉로114길 22-7(1층 창동)
20170056600,"서울특별시 도봉구 노해로63길 67(105,106호 창동)"
20170059499,서울특별시 노원구 동일로 992(1층 공릉동)
20170060320,서울특별시 노원구 중계로 164(1층 좌측1-1호 중계동)
20170063489,"서울특별시 은평구 연서로17길 9(1층 107호 갈현동, 베로니스)"
20170064026,서울특별시 은평구 갈현로5길 5(1층 신사동)
20170066759,"서울특별시 서대문구 신촌로 83(10층 창천동, 현대백화점신촌점)"
20170069336,"서울특별시 마포구 서강로11길 11(창전동, 1층일부)"
20170069403,"서울특별시 마포구 마포대로 92(도화동, A블럭2층2호)"
20170069411,"서울특별시 마포구 마포대로4가길 11(마포동, 1층,2층)"
20170069504,서울특별시 마포구 월드컵로 111(망원우체국 1층 망원동)
20170069634,"서울특별시 마포구 월드컵로1길 14(합정동, 지하2층폴 바셋 B201-1호,2호,3호,4호,5호일부)"
20170071061,서울특별시 마포구 월드컵로3길 14(마포 한강 2차 푸르지오 1층 110~113호 합정동)
20170073011,서울특별시 양천구 목동동로 293(현대41타워 3층 3-01호 목동)
20170073372,"서울특별시 양천구 공항대로 552(지상1층 101호 목동, 목동대우마이빌)"
20170076524,서울특별시 강서구 마곡중앙5로 6(마곡나루역보타닉푸르지오시티 지하2층 205호 마곡동)
20170076558,"서울특별시 강서구 하늘길 38(지하 1~2층 방화동, 2동 김포공항스카이파크롯데몰)"
20170076585,"서울특별시 강서구 하늘길 38(지하 2층 방화동, 2동 스카이파크롯데몰김포공항점)"
20170076773,"서울특별시 강서구 하늘길 38(김포공항, 롯데몰, 스카이파크 지하1층 방화동)"
20170076780,"서울특별시 강서구 공항대로 269-15(1층 105호 마곡동, 가양 1동 힐스테이트에코마곡)"
20170076933,"서울특별시 강서구 마곡서로 133(714동 101호 마곡동, 마곡엠밸리7단지)"
20170076972,"서울특별시 강서구 강서로56길 17(8층 등촌동, 3동 강서NC백화점)"
20170076977,"서울특별시 강서구 하늘길 38(김포공항, 롯데몰, 스카이시티 지하1층 방화동)"
20170076992,"서울특별시 강서구 강서로56길 17(8층 등촌동, 3동 NC강서백화점)"
20170077013,"서울특별시 강서구 강서로56길 17(8층 등촌동, NC강서점)"
20170077047,서울특별시 강서구 하늘길 38(김포공항 롯데몰 지하 1층 방화동)
20170077096,"서울특별시 강서구 강서로56길 17(8층 등촌동, 3동 NC강서점)"
20170077100,"서울특별시 강서구 강서로56길 17(8층 등촌동, 3동, NC 강서점)"
20170077160,"서울특별시 강서구 강서로56길 17(8층 등촌동, 3동 NC강서점)"
20170077251,"서울특별시 강서구 하늘길 38(김포공항, 롯데몰, 스카이시티 지하2층 방화동)"
20170077320,"서울특별시 강서구 공항대로 227(마곡센트럴타워Ⅰ 1층 117,118,119호 마곡동)"
20170077461,"서울특별시 강서구 마곡동로 55(1층 103호 마곡동, 가양 1동 마커스빌딩)"
20170077506,"서울특별시 강서구 하늘길 38(김포공항, 롯데몰, 스카이시티 지하2층 방화동)"
20170077616,"서울특별시 강서구 화곡로 398(4층 등촌동, 1동 홈플러스강서점앤본사사옥)"
20170077821,서울특별시 강서구 마곡중앙6로 21(이너매스마곡Ⅰ 1층 101호 마곡동)
20170077870,서울특별시 강서구 마곡서로 168(마곡럭스나인오피스텔 엘동 1층 104호 마곡동)
20170077961,서울특별시 강서구 강서로56길 17(엔씨백화점 지하 1층 등촌동)
20170080720,서울특별시 구로구 경인로47길 11(1층 고척동)
20170084461,서울특별시 구로구 디지털로27길 52(2층 구로동)
20170084640,"서울특별시 금천구 벚꽃로 40(113동 지상1층 113호 독산동, 금천롯데파크캐슬골드1차)"
20170086604,"서울특별시 영등포구 국제금융로2길 37(여의도동, 2층 203호)"
20170086638,"서울특별시 영등포구 시흥대로 681(대림동, 2층 201호)"
20170086647,"서울특별시 영등포구 선유로 138(양평동3가, 롯데마트 1층)"
20170086699,서울특별시 영등포구 도림로 442(1층 문래동3가)
20170087052,서울특별시 영등포구 국제금융로 10(IFC몰 지하3층 여의도동)
20170087385,"서울특별시 영등포구 영중로 15(영등포동4가, 타임스퀘어 지하2층 207호)"
20170087866,서울특별시 영등포구 의사당대로 3(현대캐피탈빌딩 1관 1층 여의도동)
20170091159,"서울특별시 동작구 노들로 674(2층 5호 노량진동, 노량진수산물도매시장)"
20170091790,서울특별시 관악구 신림로 330(타임스트림 8층 신림동)
20170094048,서울특별시 관악구 신원로5길 13(1층 1호 신림동)
20170094561,서울특별시 관악구 신림동5길 5(1층 신림동)
20170098276,"서울특별시 서초구 신반포로47길 118(2층 잠원동, 근생빌딩A동)"
20170098336,"서울특별시 서초구 효령로 427(3층 서초동, 신라스테이 서초)"
20170098815,"서울특별시 서초구 동광로 80(1층, 2층 방배동, 정암빌딩)"
20170098927,"서울특별시 서초구 서초중앙로24길 27(지하1층 지106,107호 서초동, 지파이브센트럴프라자)"
20170099355,"서울특별시 서초구 서초대로38길 12(지하1층 서초동, 롯데마트 서초점)"
20170099423,서울특별시 서초구 효령로 258(1층 서초동)
20170099507,"서울특별시 서초구 서초대로74길 11(지하1층 서초동, 삼성전자 서초사옥)"
20170099842,"서울특별시 서초구 서초대로75길 37(1층 서초동, 제이와이빌딩 주건축물제1동)"
20170105319,"서울특별시 강남구 테헤란로4길 13(1층 101호 역삼동, 예성I라이프)"
20170105363,"서울특별시 강남구 테헤란로 521(지하1층 F-13호 삼성동, 파르나스몰)"
20170106546,서울특별시 강남구 언주로149길 8(2층 논현동)
20170106762,서울특별시 강남구 테헤란로 313(지하1층 7호 역삼동)
20170106900,서울특별시 강남구 강남대로 548(1층 논현동)
20170107514,"서울특별시 강남구 도곡로93길 12(지상1층 106호 대치동, 래미안 대치 하이스턴 우성상가)"
20170107673,"서울특별시 강남구 논현로149길 66(지하1,2층 논현동)"
20170107674,서울특별시 강남구 도산대로 130(지하1층 논현동)
20170107975,서울특별시 강남구 광평로56길 10(지상1층 수서동)
20170108028,서울특별시 강남구 선릉로64길 17(디앤비빌딩 지상1층 101호 대치동)
20170108130,서울특별시 강남구 압구정로42길 36(1층 104호 신사동)
20170108294,서울특별시 강남구 학동로56길 37(지상1층 삼성동)
20170108609,서울특별시 강남구 테헤란로 415(10층 삼성동)
20170108624,서울특별시 강남구 역삼로1길 17(지상1층 역삼동)
20170108966,서울특별시 강남구 언주로 430(윤익빌딩 1층 101호 역삼동)
20170114112,"서울특별시 송파구 올림픽로 240(지하1층 잠실동, 롯데백화점 잠실점)"
20170114128,"서울특별시 송파구 올림픽로 240(지하1층 잠실동, 롯데월드)"
20170114135,"서울특별시 송파구 올림픽로 240(지하1층 잠실동, 롯데백화점)"
20170114687,"서울특별시 송파구 올림픽로 240(1층 잠실동, 롯데월드 어드벤처)"
20170114998,"서울특별시 송파구 충민로 66(5층 문정동, 가든파이브라이프 테크노관  현대시티몰)"
20170115026,"서울특별시 송파구 충민로 66(5층 문정동, 가든파이브라이프 테크노관)"
20170115028,"서울특별시 송파구 충민로 66(테크노관 지하1층 문정동, 현대시티몰 가든파이브)"
20170115030,"서울특별시 송파구 충민로 66(테크노관 지하1층 문정동, 현대시티몰 가든파이브)"
20170115071,"서울특별시 송파구 충민로 66(테크노관 5층 문정동, 가든파이브라이프)"
20170115134,"서울특별시 송파구 올림픽로 240(지하1층 잠실동, ？데백화점)"
20170115139,"서울특별시 송파구 올림픽로 240(지하1층 잠실동, 롯데백화점 잠실점)"
20170115141,"서울특별시 송파구 석촌호수로 278(101,102,103,104호 송파동, 여흥레이크빌)"
20170115285,"서울특별시 송파구 올림픽로 240(11층 잠실동, 롯데백화점)"
20170115319,"서울특별시 송파구 올림픽로 300(지하1층 신천동, 롯데월드몰)"
20170115356,서울특별시 송파구 올림픽로 240(롯데백화점 지하1층 잠실동)
20170115417,서울특별시 송파구 가락로 243(1층 102호 방이동)
20170115616,"서울특별시 송파구 올림픽로 300(지하1층 신천동, 롯데월드몰)"
20170115703,"서울특별시 송파구 올림픽로8길 20(1층 A106호 잠실동, 잠실아이파크)"
20170115836,"서울특별시 송파구 올림픽로 240(지하1층 잠실동, 롯데백화점 잠실점)"
20170115944,"서울특별시 송파구 올림픽로 240(지하1층 잠실동, 롯데백화점 잠실점)"
20170116066,서울특별시 송파구 거마로 61(1층 마천동)
20170116085,"서울특별시 송파구 양재대로 932(가락몰4관  지하1층 108-1,109-1호 가락동)"
20170116230,"서울특별시 송파구 양재대로 932(편의시설 지하1층 102-1호 가락동, 가락동 농수산물시장내 가락몰 4관)"
20170116255,서울특별시 송파구 양재대로 932(가락동 농수산물도매시장 가락몰4관 편의시설 지하1층 003-1호 가락동)
20170116431,서울특별시 송파구 올림픽로 378(1층 방이동)
20170116520,"서울특별시 송파구 올림픽로 240(2층 잠실동, 롯데월드어드벤처)"
20170116600,서울특별시 송파구 올림픽로 240(롯데백화점 잠실점 식품관 지하1층 잠실동)
20170120237,서울특별시 강동구 양재대로147길 13(명일동)
20170121221,"서울특별시 강동구 천호대로 1005(지하2층 천호동, 현대백화점 천호점)"
20170121342,"서울특별시 강동구 올림픽로 660(106호 천호동, 천호엘크루주상복합)"
20170126079,"부산광역시 중구 중앙대로 2(지하1층 중앙동7가, 롯데백화점광복점)"
20170126282,부산광역시 중구 중앙대로 2(롯데백화점광복점 중앙동7가)
20170128226,부산광역시 서구 까치고개로 212-1(아미동1가)
20170129092,부산광역시 중구 중앙대로 2(롯데백화점광복점 지하1층 중앙동7가)
20170129180,부산광역시 동구 초량중로 29-2(1-2층 초량동)
20170129199,부산광역시 동구 대영로243번길 64(초량동)
20170129285,부산광역시 동구 범일로 125(지하2층 범일동)
20170131042,"부산광역시 부산진구 가야대로 772(지하2층 부전동, 롯데백화점)"
20170131054,"부산광역시 부산진구 가야대로 772(지하2층 부전동, 롯데백화점)"
20170131061,"부산광역시 부산진구 가야대로 772(지하2층 부전동, 롯데백화점 부산본점)"
20170131064,"부산광역시 부산진구 가야대로 772(지하2층 부전동, 롯데백화점 부산본점)"
20170131342,"부산광역시 부산진구 가야대로 772(지하1층 부전동, 롯데백화점)"
20170131354,"부산광역시 부산진구 가야대로 772(지하1층 부전동, 롯데백화점)"
20170131443,"부산광역시 부산진구 가야대로 772(지하1층 부전동, 롯데백화점부산본점)"
20170131509,"부산광역시 부산진구 가야대로 772(지하1층 부전동, 롯데백화점부산본점)"
20170131762,부산광역시 부산진구 냉정로 194(개금동)
20170131947,부산광역시 부산진구 양지로 6-1(지상1층 양정동)
20170131963,부산광역시 부산진구 양정로 62(A동 1층 양정동)
20170134240,"부산광역시 동래구 중앙대로 1393(8층 온천동, 롯데백화점)"
20170134291,"부산광역시 동래구 중앙대로 1393(8층 온천동, 롯데백화점)"
20170134401,"부산광역시 동래구 사직로 8(202동 101-1호 사직동, 삼정그린코아 더베스트 1차)"
20170134782,부산광역시 동래구 시실로 32-2(1층 명륜동)
20170137479,부산광역시 남구 진남로 78(대연동)
20170139417,부산광역시 북구 의성로122번길 50(1층 덕천동)
20170141213,부산광역시 해운대구 선수촌로 59(2층 반여동)
20170141351,"부산광역시 해운대구 해운대로570번길 46(우동, 2층일부)"
20170141365,"부산광역시 해운대구 세실로 86(1,2층 101호 202호호 좌동)"
20170141387,"부산광역시 해운대구 센텀남대로 35(우동, 신세계백화점 센텀시티점 지하1층)"
20170141409,"부산광역시 해운대구 해운대로76번길 16(107호 재송동, 센텀휴상가)"
20170141449,"부산광역시 해운대구 센텀남대로 35(우동, 신세계백화점 센텀시티점 지하1층)"
20170141564,"부산광역시 해운대구 센텀남대로 35(지하1층 일부호 우동, 신세계백화점센텀시티점)"
20170141847,"부산광역시 해운대구 아랫반송로21번길 103(반송동, 1층 일부)"
20170142413,"부산광역시 해운대구 센텀남대로 35(우동, 9층 일부)"
20170142452,"부산광역시 해운대구 센텀남대로 35(우동, 9층 일부)"
20170142459,"부산광역시 해운대구 센텀남대로 35(우동, 9층 일부)"
20170142460,"부산광역시 해운대구 센텀남대로 35(우동, 9층 일부)"
20170142463,"부산광역시 해운대구 센텀남대로 35(우동, 9층 일부)"
20170142464,"부산광역시 해운대구 센텀남대로 35(우동, 9층 일부)"
20170142470,부산광역시 해운대구 센텀남대로 35(신세계백화점센텀시티점 9층 일부호 우동)
20170142471,부산광역시 해운대구 센텀남대로 35(신세계백화점센텀시티점 9층 일부호 우동)
20170142475,부산광역시 해운대구 센텀남대로 35(신세계백화점센텀시티점 9층 일부호 우동)
20170144050,부산광역시 사하구 다송로 68(다대동)
20170144073,부산광역시 사하구 낙동남로 1413(15층 하단동)
20170144116,부산광역시 사하구 낙동남로 1413(15층 하단동)
20170144119,부산광역시 사하구 낙동남로 1413(15층 하단동)
20170144154,부산광역시 사하구 낙동남로 1413(17층 하단동)
20170144446,부산광역시 사하구 다송로72번길 45(1층 다대동)
20170144737,부산광역시 사하구 다송로72번길 64(1층 102호 다대동)
20170147052,부산광역시 금정구 금정로60번길 40(장전동)
20170147269,부산광역시 금정구 금강로279번길 70(101호 장전동)
20170147438,부산광역시 금정구 금강로 699(1층 남산동)
20170149150,"부산광역시 강서구 명지국제8로 246(115,114일부호 명지동)"
20170149217,"부산광역시 강서구 명지국제9로 38(106호 명지동, 기유타워)"
20170152040,부산광역시 수영구 호암로 20(광안동)
20170152269,부산광역시 수영구 남천바다로21번길 6(1동 102호 광안동)
20170154044,"부산광역시 사상구 운산로 42(1층 111.112.113호 괘법동, 한신아파트상가2동)"
20170154215,"부산광역시 사상구 엄궁북로 40(510동 101호 엄궁동, 롯데캐슬리버 상가1동)"
20170154296,부산광역시 사상구 백양대로 949-7(1층 101호 모라동)
20170156102,부산광역시 기장군 기장읍 기장해안로 268-31(지하1층)
20170156163,부산광역시 기장군 정관읍 모전3길 2(1층)
20170156275,부산광역시 기장군 기장읍 기장해안로 268-32(아난티 앳 부산 코브 본동 10층)
20170156276,부산광역시 기장군 기장읍 기장해안로 268-32(아난티 앳 부산 코브 본동 지하1~지하2층)
20170156284,부산광역시 기장군 기장읍 기장해안로 268-32(K동 1층)
20170156285,부산광역시 기장군 기장읍 기장해안로 268-32(지하2층 본동)
20170156292,부산광역시 기장군 기장읍 기장해안로 268-32(힐튼부산 H동 2층)
20170156293,부산광역시 기장군 기장읍 기장해안로 268-32(아난티 앳 부산 코브 본동 10층)
20170156567,부산광역시 기장군 기장읍 기장해안로 268-31(지하3층)
20170158138,"대구광역시 중구 달구벌대로 2077(계산동2가, 현대백화점 지상8층)"
20170158418,대구광역시 중구 달구벌대로 2077(현대백화점 지하1층 계산동2가)
20170158850,"대구광역시 중구 동성로3길 58-9(공평동, 지상2층)"
20170158898,"대구광역시 중구 동덕로26길 121(삼덕동3가, 지상1층)"
20170160027,대구광역시 동구 율하동로19길 35(1층 율하동)
20170160371,대구광역시 동구 동대구로 454(8층 신천동)
20170160826,대구광역시 동구 이노밸리로46길 2(각산동)
20170161136,"대구광역시 동구 공항로 221(1층 지저동, 대구국제공항)"
20170161137,"대구광역시 동구 공항로 221(2층 지저동, 대구국제공항)"
20170161293,대구광역시 동구 메디밸리로 5-2(1층 101호 대림동)
20170163093,대구광역시 서구 달구벌대로 1675(2층 내당동)
20170166427,대구광역시 남구 중앙대로22길 146(1층 봉덕동)
20170168027,"대구광역시 북구 침산로 153(104동 1층 D2-3호 침산동, 명성푸르지오)"
20170168049,"대구광역시 북구 내곡로 36(1층 101호 사수동, 대성플라자)"
20170168366,대구광역시 북구 호암로 51(대구삼성창조경제단지 파크몰A동 2층 침산동)
20170168850,"대구광역시 북구 태평로 161(10층 칠성동2가, 롯데백화점 대구점)"
20170169334,"대구광역시 북구 성북로 70(2층 227, 228호 침산동, 침산화성파크드림)"
20170174526,대구광역시 수성구 무열로 113-1(만촌동)
20170175004,대구광역시 수성구 신매로16길 56-8(1층 신매동)
20170175141,대구광역시 수성구 들안로 356(1층 수성동4가)
20170181458,대구광역시 달서구 야외음악당로 175(1층 두류동)
20170182086,대구광역시 달서구 선원로23남길 50(1층 이곡동)
20170182582,대구광역시 달서구 명천로 43(5동 1층 대곡동)
20170188288,대구광역시 달성군 옥포읍 돌미로2서길 3-25(1층)
20170188609,대구광역시 달성군 유가읍 일연선사길 10
20170188771,대구광역시 달성군 현풍읍 테크노공원로 17(1층 110호)
20170188786,대구광역시 달성군 구지면 과학마을로 60(1층)
20170190033,"인천광역시 영종구 영종해안남로321번길 186(1층 운서동, 파라다이스시티)"
20170190087,"인천광역시 영종구 공항로 272(탑승동 4층 운서동, 인천국제공항여객터미널)"
20170190186,"인천광역시 영종구 하늘달빛로 88(103호 중산동, 채운에비뉴)"
20170190370,"인천광역시 영종구 용유서로 420(을왕동, 1층,3층,4층)"
20170190493,"인천광역시 영종구 공항로424번길 48-27(1층 운서동, 베스트웨스턴프리미어호텔)"
20170193617,"인천광역시 미추홀구 독배로 311(204호 용현동, 비젼프라자)"
20170193647,인천광역시 미추홀구 소성로 197(학익동)
20170197070,"인천광역시 연수구 첨단대로 80(A동 106호 송도동, 아이에프이제트입주기업근로자기숙사)"
20170197340,"인천광역시 연수구 송도과학로16번길 33-2(B동 지하3층 B301호 송도동, 송도트리플스트리트)"
20170197498,"인천광역시 연수구 해돋이로 161(세종프라자 101,102호 송도동)"
20170197591,"인천광역시 연수구 송도국제대로 123(송도동, 현대프리미엄아울렛 지하2층 일부)"
20170197897,"인천광역시 연수구 청능대로 210(동춘동, 스퀘어원 2동 지상1층 일부)"
20170198112,"인천광역시 연수구 청능대로 210(동춘동, 스퀘어원 지상3층 일부)"
20170198166,인천광역시 연수구 청능대로 210(지상5층 동춘동)
20170198220,"인천광역시 연수구 청능대로 210(동춘동, 지상3층 일부)"
20170198270,"인천광역시 연수구 청능대로 210(동춘동, 홈플러스 인천연수점 지하1층 일부)"
20170198305,"인천광역시 연수구 송도국제대로 157(오네스타 지상3층 A-302,A-303,A304호 송도동)"
20170199080,"인천광역시 남동구 선수촌공원로 25(1층 103호 구월동, 구월신세계프라자)"
20170202014,인천광역시 부평구 굴포로 50-10(1층 101호 갈산동)
20170202026,인천광역시 부평구 길주남로 115-1(1~2층 부개동)
20170202068,"인천광역시 부평구 경인로 1071(부개동, 1층일부)"
20170202166,인천광역시 부평구 광장로 4(2층 부평동)
20170202225,"인천광역시 부평구 장제로 226(부개동, 1층일부)"
20170205545,"인천광역시 계양구 오조산로57번길 7(1층 104호 계산동, 성림프라자)"
20170209601,"인천광역시 서해구 가정로 406(C동 105호 가정동, 루원지웰시티푸르지오)"
20170214429,전남광주통합특별시 동구 필문대로191번길 5-12(1층 산수동)
20170214543,전남광주통합특별시 동구 서남로 32(1층 서석동)
20170214572,"전남광주통합특별시 동구 지호로 32-4(1,2층 지산동)"
20170216221,전남광주통합특별시 서구 화정로85번길 11-1(1층 쌍촌동)
20170216325,"전남광주통합특별시 서구 금화로 240(2층 풍암동, 롯데아울렛월드컵점)"
20170217057,전남광주통합특별시 서구 화정로 259(1층 113.114호 농성동)
20170219133,전남광주통합특별시 남구 대남대로181번길 5(봉선동)
20170221063,"전남광주통합특별시 북구 서강로54번길 55(운암동, 벽산블루밍 메가시티 상가 101동 106호)"
20170221098,"전남광주통합특별시 북구 신용산길 84-18(1,2층 신용동)"
20170221105,"전남광주통합특별시 북구 양산로 36(양산동, 1층)"
20170221716,"전남광주통합특별시 북구 설죽로 518-4(일곡동, 1층)"
20170221856,"전남광주통합특별시 북구 서하로183번길 31(오치동, 1층)"
20170228064,전남광주통합특별시 광산구 용아로400번길 11(하남동)
20170231191,대전광역시 동구 산내로 1217-14(구도동[*미고시])
20170231498,대전광역시 동구 동서대로 1688(103호 성남동)
20170231560,대전광역시 동구 은어송로 42-3(1층 가오동)
20170231673,대전광역시 동구 중앙로 215(4층 정동)
20170231675,대전광역시 동구 중앙로 215(4층 정동)
20170231685,대전광역시 동구 중앙로 215(4층 정동)
20170231686,대전광역시 동구 중앙로 215(4층 정동)
20170236231,"대전광역시 서구 구봉로 121(1층 105호 관저동, 하나로프라자)"
20170237685,대전광역시 서구 갈마로 45(지하1일부층 갈마동)
20170240689,대전광역시 유성구 원신흥남로12번길 38-13(지상1~3층 원신흥동)
20170245071,울산광역시 중구 종가6길 32(10층 1002호 우정동)
20170245295,울산광역시 중구 성안로 234(1층 성안동)
20170245494,울산광역시 중구 학성1길 2(1층 학성동)
20170245527,울산광역시 중구 태화강국가정원길 199(1층 태화동)
20170248011,울산광역시 남구 신복로46번길 35-20(1층 무거동)
20170248254,울산광역시 남구 대공원로 96(지상2층 옥동)
20170248281,울산광역시 남구 동산로29번길 4(1층 103호 신정동)
20170248429,울산광역시 남구 삼산로 231(울산 센트럴 자이 301~304호 달동)
20170252468,울산광역시 동구 해수욕장2길 42(1-2층 일산동)
20170254198,울산광역시 북구 산하중앙2로 283(지하1층 B103호 산하동)
20170254466,"울산광역시 북구 진장유통로 78-6(4층 진장동, 모다아울렛)"
20170254561,"울산광역시 북구 산하중앙2로 275(지하1층 B105호 산하동, 월드프라자)"
20170254721,울산광역시 북구 명촌7길 45(1동 지상1층 명촌동)
20170255493,울산광역시 울주군 서생면 진하해변길 72(1층)
20170255658,울산광역시 울주군 온산읍 영남길 26(가화파티오상가 104호)
20170257018,세종특별자치시 조치원읍 조치원1길 26(1층)
20170257060,"세종특별자치시 호려울로 51(1층 101,102호 보람동, 골드타워)"
20170257399,"세종특별자치시 도움1로 105(532동 지1층 114호 종촌동, 가재마을 5단지)"
20170257509,"세종특별자치시 나성로 133-15(2층 205호 나성동, 애플타워)"
20170257640,"세종특별자치시 새롬중앙로 51(1층 103호 새롬동, 에스월드빌딩)"
20170257673,"세종특별자치시 한누리대로 2144(1층 105호 보람동, 스마트허브2)"
20170257735,세종특별자치시 나성로 133-15(애플타워 301호 나성동)
20170267064,경기도 수원시 팔달구 매산로 51(1층 103호 매산로2가)
20170267249,"경기도 수원시 팔달구 덕영대로 924(6층 매산로1가, AK플라자)"
20170267347,경기도 수원시 팔달구 덕영대로 924(3층 매산로1가)
20170267370,"경기도 수원시 팔달구 인계로 154(지하1층 인계동, 킴스클럽)"
20170269111,경기도 수원시 영통구 영일로 25(1층 일부호 영통동)
20170269136,경기도 수원시 영통구 청명남로4번길 13-4(1층 영통동)
20170269189,경기도 수원시 영통구 매여울로40번길 67(세현빌딩 1층 1호 매탄동)
20170269211,경기도 수원시 영통구 도청로 10(3층 이의동)
20170269416,"경기도 수원시 영통구 매영로345번길 7(1층 107호 영통동, 영통트리플랙스)"
20170269465,경기도 수원시 영통구 센트럴파크로127번길 8(1층 101호 이의동)
20170269554,경기도 수원시 영통구 영통로 169(가동 2호 망포동)
20170271185,경기도 수원시 장안구 정자로 28(1층 좌측호 천천동)
20170271248,"경기도 수원시 장안구 영화로71번길 24(4, 5호 정자동, 수원정자금강에스쁘아아파트상가동)"
20170273213,"경기도 수원시 권선구 세화로 134(3층 서둔동, 롯데몰수원)"
20170273269,"경기도 수원시 권선구 동수원로177번길 40(1층 157호 권선동, 수원아이파크시티8단지)"
20170273491,"경기도 수원시 권선구 동수원로177번길 40(1층 118호 권선동, 수원아이파크시티8단지)"
20170279108,경기도 성남시 중원구 광명로 110(1층 성남동)
20170281069,"경기도 성남시 분당구 대왕판교로645번길 36(삼평동, NS복합건축물 주건축물제1동 1층 일부)"
20170281124,"경기도 성남시 분당구 수내로 74(수내동, 양지마을 상가동 1층 108호)"
20170281591,"경기도 성남시 분당구 황새울로360번길 42(서현동, AK PLAZA 분당점 1층 일부)"
20170281906,"경기도 성남시 분당구 발이봉남로7번길 7-1(수내동, 1층 전체)"
20170281932,"경기도 성남시 분당구 성남대로 393(정자동, 분당두산위브파빌리온 1층 B102호)"
20170282890,경기도 성남시 분당구 운중로138번길 28-7(1층 일부 운중동)
20170285425,경기도 의정부시 금오로 121-8(지상1층 금오동)
20170285940,경기도 의정부시 능곡로 28(지상2층 신곡동)
20170286015,"경기도 의정부시 평화로 525(지상2층 의정부동, 신세계백화점 의정부점)"
20170286036,"경기도 의정부시 오목로225번길 135(지상1층 104,105호 민락동)"
20170286468,경기도 의정부시 평화로 525(신세계백화점 의정부점 지상9층 의정부동)
20170290036,경기도 안양시 만안구 충훈로 70(지상1층 석수동)
20170290072,"경기도 안양시 만안구 관악대로 50(디스퀘어큐브 1층 108,109호 안양동)"
20170290351,"경기도 안양시 만안구 예술공원로154번길 4(지상1층 안양동, 아트빌딩)"
20170292382,경기도 안양시 동안구 동안로 119(9층 일부호 호계동)
20170292406,경기도 안양시 동안구 평촌대로 140(1층 103호 평촌동)
20170304412,"경기도 광명시 신기로 7(1층 102,103호 일직동)"
20170304537,"경기도 광명시 철산로 15(1층 3일부호 철산동, 웅진빌딩)"
20170304814,"경기도 광명시 광명역로 21(1층 일직동, 고속철도광명역 동편맞이방)"
20170304816,경기도 광명시 오리로 928(106호 광명동)
20170306091,"경기도 평택시 평남로 862(506호 비전동, 로이드빌딩)"
20170306407,경기도 평택시 평남로 1050(동삭동)
20170306793,경기도 평택시 비전9길 2-52(1층 비전동)
20170306827,경기도 평택시 비전6길 2-5(1층 비전동)
20170308377,"경기도 평택시 송탄로40번길 79-26(101호 이충동, 굿스마트빌 제1동)"
20170313145,경기도 안산시 상록구 서암로3길 19-1(1층 일부호 사동)
20170316279,경기도 안산시 단원구 초지로 90(107호 초지동)
20170316321,"경기도 안산시 단원구 선부광장로 77(202호 선부동, 늘봄스위트빌2)"
20170323199,"경기도 고양시 덕양구 충경로 52(1층 111호 행신동, 남정씨티프라자)"
20170323423,"경기도 고양시 덕양구 고양대로 1955(3일부층 동산동, 스타필드 고양 쇼핑몰동)"
20170323424,"경기도 고양시 덕양구 고양대로 1955(B1일부층 동산동, 스타필드 고양 쇼핑몰동)"
20170323428,"경기도 고양시 덕양구 고양대로 1955(B1일부층 동산동, 스타필드 고양 쇼핑몰동)"
20170323431,"경기도 고양시 덕양구 고양대로 1955(B1일부층 동산동, 스타필드 고양 쇼핑몰동)"
20170323439,"경기도 고양시 덕양구 고양대로 1955(3일부층 동산동, 스타필드 고양 쇼핑몰동)"
20170323440,"경기도 고양시 덕양구 고양대로 1955(3일부층 동산동, 스타필드 고양 쇼핑몰동)"
20170323443,"경기도 고양시 덕양구 고양대로 1955(3일부층 동산동, 스타필드 고양 쇼핑몰동)"
20170323444,"경기도 고양시 덕양구 고양대로 1955(3일부층 동산동, 스타필드 고양 쇼핑몰)"
20170323451,"경기도 고양시 덕양구 고양대로 1955(1일부층 동산동, 스타필드 고양 쇼핑몰동)"
20170323462,"경기도 고양시 덕양구 고양대로 1955(지하1일부층 동산동, 스타필드 고양 쇼핑몰동)"
20170323472,"경기도 고양시 덕양구 고양대로 1955(지하1일부층 동산동, 스타필드 고양 쇼핑몰동)"
20170323517,"경기도 고양시 덕양구 동산1로 50(상가 304동 103호 동산동, 동산마을 화성파크드림 PATIO)"
20170323523,경기도 고양시 덕양구 고양대로 1955(스타필드 고양 1일부층 동산동)
20170323552,"경기도 고양시 덕양구 고양대로 1955(지하1일부층 동산동, 스타필드 고양 쇼핑몰동)"
20170323568,경기도 고양시 덕양구 고양대로 1955(스타필드 고양 3층 일부호 동산동)
20170323583,"경기도 고양시 덕양구 고양대로 1955(3일부층 동산동, 스타필드 고양 쇼핑몰동)"
20170323584,"경기도 고양시 덕양구 고양대로 1955(지하1일부층 동산동, 스타필드 고양 쇼핑몰동)"
20170323589,"경기도 고양시 덕양구 고양대로 1955(3일부층 동산동, 스타필드 고양 쇼핑몰동)"
20170323624,"경기도 고양시 덕양구 고양대로 1955(3일부층 동산동, 스타필드 고양 쇼핑몰동)"
20170323636,"경기도 고양시 덕양구 고양대로 1955(3일부층 동산동, 스타필드 고양 쇼핑몰동)"
20170323696,경기도 고양시 덕양구 권율대로 420(3일부층 도내동)
20170323736,경기도 고양시 덕양구 권율대로 420(1일부층 도내동)
20170323742,경기도 고양시 덕양구 권율대로 420(1일부층 도내동)
20170323747,경기도 고양시 덕양구 권율대로 420(1일부층 도내동)
20170323760,경기도 고양시 덕양구 권율대로 420(1일부층 도내동)
20170323775,경기도 고양시 덕양구 세솔로 102(1일부층 삼송동)
20170325434,"서울특별시 마포구 백범로 8(우정마샹스 오피스텔 1층 107,108호 노고산동)"
20170325617,"경기도 고양시 일산동구 고봉로 32-12(1층 105호 장항동, 로데오플러스)"
20170327016,"경기도 고양시 일산서구 킨텍스로 217-6(4층 일부호 대화동, 현대 모터스튜디오 고양)"
20170327031,"경기도 고양시 일산서구 킨텍스로 217-60(1층 대화동, 킨텍스 제1전시장 A3구역)"
20170327110,"경기도 고양시 일산서구 한류월드로 300(1층 1228호 대화동, 고양원마운트)"
20170327374,경기도 고양시 일산서구 강성로232번길 7-7(1층 대화동)
20170327456,"경기도 고양시 일산서구 일산로 577(1층 101~104호 일산동, 문화촌상가)"
20170327627,경기도 고양시 일산서구 장자길 72(1일부층 덕이동)
20170329076,"경기도 과천시 경마공원대로 107(1층 주암동, 럭키빌 1층 북단)"
20170330637,"경기도 구리시 인창2로 13(인창동, 구리더샵그린포레1단지 상가 B305, B306호)"
20170330717,"경기도 구리시 갈매중앙로 70(1층 120호 갈매동, 이룸넘버원리치안)"
20170332195,경기도 남양주시 미금로 31(A동 1층 다산동)
20170332924,경기도 남양주시 두물로39번길 20(1층 일부호 별내동)
20170333655,경기도 남양주시 화도읍 비룡로33번안길 6(1층 일부)
20170336456,경기도 오산시 문헌공로 3(인피니트타워 107호 금암동)
20170338175,"경기도 시흥시 군자로 519(101,201호 거모동)"
20170338267,"경기도 시흥시 서해안로 699(1층 1125호 정왕동, 신세계프리미엄아울렛)"
20170338278,경기도 시흥시 서해안로 699(시흥 프리미엄 아울렛 1층 1331호 일부호 배곧동)
20170338290,"경기도 시흥시 서해안로 699(1층 1113호 정왕동, 신세계프리미엄아울렛)"
20170338421,경기도 시흥시 중심상가3길 12(302호 정왕동)
20170338502,"경기도 시흥시 목감우회로 39(105호 목감동, 시티프라자)"
20170338653,경기도 시흥시 정왕천로414번길 2(1층 101호 정왕동)
20170338989,"경기도 시흥시 배곧4로 18(115, 116호 정왕동)"
20170339034,경기도 시흥시 비둘기공원7길 54(1층 대야동)
20170339443,경기도 시흥시 서해안로 699(3층 3351일부호 정왕동)
20170342272,"경기도 군포시 번영로 485(7층 일부호 산본동, 롯데 피트인 산본)"
20170342388,"경기도 군포시 금산로 89(1층 1102호 산본동, 래미안 하이어스 145동)"
20170342562,경기도 군포시 번영로 508(1층 104호 금정동)
20170342659,경기도 군포시 금산로62번길 28(1층 일부호 산본동)
20170344207,"경기도 의왕시 내손로 82(1층 103호 내손동, 신성프라자)"
20170345210,경기도 하남시 미사강변북로30번길 65(1층 망월동)
20170345226,경기도 하남시 미사대로 750(스타필드 하남 지하1층 신장동)
20170345338,경기도 하남시 미사강변북로30번길 127(1층 망월동)
20170345708,경기도 하남시 하남유니온로 120(2층 신장동)
20170345860,경기도 하남시 미사강변중앙로 220(우성미사타워 1층 113호 망월동)
20170348180,경기도 용인시 처인구 포곡읍 에버랜드로 199
20170348432,"경기도 용인시 처인구 금령로 86(김량장동, 1층, 103호)"
20170348696,경기도 용인시 처인구 금령로 131(1층 일부 마평동)
20170350232,"경기도 용인시 기흥구 덕영대로2077번길 16(106호 영덕동, 대정프라자)"
20170350614,"경기도 용인시 기흥구 보정로 32(107호 보정동, 지젤스포츠클럽)"
20170350692,경기도 용인시 기흥구 흥덕2로65번길 12-17(1층 101호 영덕동)
20170350865,경기도 용인시 기흥구 동백중앙로 53-19(SI오피스텔 1층 101호 중동)
20170351199,경기도 용인시 기흥구 구갈로60번길 1(오래메디칼센타 1층 103호 구갈동)
20170353653,경기도 용인시 수지구 포은대로 536(주신세계 사우스시티 7층 일부호 죽전동)
20170353654,"경기도 용인시 수지구 포은대로 536(죽전동, 신세계백화점경기점 7층)"
20170353659,경기도 용인시 수지구 포은대로 536(주신세계 사우스시티 7층 일부호 죽전동)
20170353660,"경기도 용인시 수지구 포은대로 536(죽전동, 신세계백화점 경기점 7층)"
20170353753,"경기도 용인시 수지구 죽전로168번길 31-1(1층 죽전동, 죽전동애플하우스)"
20170355325,"경기도 파주시 청암로17번길 17(목동동, 3층 310호)"
20170355327,경기도 파주시 가온로 184(롯데프라자 107호 와동동)
20170355446,경기도 파주시 책향기로 573(1층 111호 목동동)
20170355707,"경기도 파주시 미래로 369-58(동패동, 삼융프라자2, 101호)"
20170355905,경기도 파주시 탄현면 헤이리마을길 48-48(1층)
20170362032,경기도 김포시 김포한강1로51번길 36(104호 장기동)
20170362968,"경기도 김포시 김포한강11로 310(1층 123호 운양동, 리앤포레)"
20170363027,경기도 김포시 돌문로 43(1층 일부호 사우동)
20170363153,경기도 김포시 김포한강2로 41(지하1층 장기동)
20170364052,경기도 화성시 병점구 병점로 53(102호 진안동)
20170364292,경기도 화성시 동탄구 동탄대로 489(우성KTX타워 1층 112호 오산동)
20170364884,"경기도 화성시 병점구 효행로 1051(1층 117,118호 진안동, 메인프라자)"
20170364969,"경기도 화성시 동탄구 동탄대로14길 12(1층 일부101,102-2호 오산동)"
20170365365,경기도 화성시 만세구 향남읍 한절이1길 13(1층 일부)
20170366623,경기도 화성시 동탄구 지산2길 4-17(1층 전부호 영천동)
20170368756,경기도 광주시 도척면 도척윗로 278(1층 곤지암리조트 콘도미니엄 WE빌리지콘도미니엄)
20170370713,경기도 양주시 백석읍 호명로 65(1층 102호)
20170378022,경기도 양평군 양평읍 시민로39번길 4-1(1층)
20170378038,경기도 양평군 서종면 중미산로 439(1층)
20170380438,강원특별자치도 춘천시 서부대성로239번길 49-3(1층 후평동)
20170380468,"강원특별자치도 춘천시 춘천로17번길 31(1층 102호 온의동, 더스위트캐슬)"
20170380596,강원특별자치도 춘천시 동면 춘천순환로 817(1층)
20170380598,강원특별자치도 춘천시 스포츠타운길 524(1층 102호 온의동)
20170380874,강원특별자치도 춘천시 공지로 119(1층 석사동)
20170381004,강원특별자치도 춘천시 춘천로17번길 17(1층 105호 온의동)
20170389002,"강원특별자치도 동해시 촛대바위길 22(1,2층 추암동)"
20170389023,강원특별자치도 동해시 한섬로 126-2(1층 105호 천곡동)
20170392109,강원특별자치도 속초시 미시령로3337번길 6-49(105호 교동)
20170392432,강원특별자치도 속초시 미시령로2983번길 111(한화호텔앤드리조트 쏘라노 G동 지하층 장사동)
20170394118,강원특별자치도 홍천군 화촌면 서울양양고속도로 84
20170394121,강원특별자치도 홍천군 화촌면 서울양양고속도로 83
20170394171,강원특별자치도 홍천군 홍천읍 홍천로 321
20170396032,강원특별자치도 영월군 영월읍 제방안길 16-1(101호)
20170396033,강원특별자치도 영월군 영월읍 제방안길 16-1(104호)
20170396034,강원특별자치도 영월군 영월읍 제방안길 16-1(106호)
20170396035,강원특별자치도 영월군 영월읍 제방안길 16-1(119호)
20170396036,강원특별자치도 영월군 영월읍 제방안길 16-1(110호)
20170396041,강원특별자치도 영월군 영월읍 제방안길 16-1(116호)
20170396048,강원특별자치도 영월군 영월읍 제방안길 16-1(117호)
20170396062,강원특별자치도 영월군 영월읍 제방안길 16-1(105호)
20170398024,강원특별자치도 정선군 사북읍 하이원길 265(3층 강원랜드)
20170398172,강원특별자치도 정선군 고한읍 고한리 산 1-17 마운틴스키하우스 3층
20170400082,강원특별자치도 화천군 화천읍 중앙로 26
20170402081,강원특별자치도 인제군 상남면 서울양양고속도로 117
20170402082,강원특별자치도 인제군 상남면 서울양양고속도로 117
20170421009,충청북도 청주시 서원구 청남로 1999(1층 분평동)
20170421342,충청북도 청주시 서원구 구룡산로 245(1층 수곡동)
20170421533,충청북도 청주시 서원구 매봉로76번길 52(1층 101호 수곡동)
20170425365,충청북도 청주시 흥덕구 오송읍 오송가락로 123(주1동 3층 일부호)
20170433228,충청북도 충주시 신호4길 26(1층 교현동)
20170435303,충청북도 제천시 백운면 금봉로 365(클럽하우스동 지3층 2호)
20170439036,충청북도 보은군 보은읍 삼산남로 35
20170441006,충청북도 영동군 상촌면 민주지산로 3018
20170443261,충청북도 진천군 진천읍 중앙서2길 7
20170445271,충청북도 음성군 대소읍 대동로 876(1층)
20170452382,충청남도 천안시 서북구 미라8길 14(1층 쌍용동)
20170452560,"충청남도 천안시 서북구 불당33길 24(1층 101호 불당동, 리앤시티)"
20170452694,"충청남도 천안시 서북구 불당25로 152(1층 105,106호 불당동)"
20170452883,"충청남도 천안시 서북구 불당33길 40(1층 103호 불당동, 신영빌딩)"
20170456025,충청남도 당진시 무수동4길 8-33(102호 읍내동)
20170456192,충청남도 당진시 대덕1로 125-132(대덕동)
20170456213,충청남도 당진시 송악읍 반촌로 140-39
20170458264,충청남도 공주시 이인면 새빛로 100
20170461057,충청남도 아산시 용화로48번길 3-23(1층 용화동)
20170463048,충청남도 서산시 성연면 성연3로 36(B1층 207호 이안서산테크노밸리근린생활시설-2)
20170463222,충청남도 서산시 성연면 성연3로 111(1층 현호빌딩)
20170463254,충청남도 서산시 성연면 성연3로 29(1층)
20170463285,충청남도 서산시 해미면 서해안고속도로 241
20170466020,충청남도 계룡시 신도안면 석계리 1
20170466023,충청남도 계룡시 엄사면 엄사중앙로 106(1층)
20170478227,전북특별자치도 전주시 완산구 홍산북로 60-10(1층 효자동3가)
20170478777,전북특별자치도 전주시 완산구 홍산북로 60-22(1층 효자동3가)
20170478793,"전북특별자치도 전주시 완산구 효자로 194(1층 106호,106-1호 효자동3가, 1동)"
20170478902,전북특별자치도 전주시 완산구 용리로 177(상가2동 1층 110호 삼천동1가)
20170481071,"전북특별자치도 전주시 덕진구 건산로 276(우아동2가, 1층일부)"
20170481226,"전북특별자치도 전주시 덕진구 호성2길 16-10(호성동1가, 동아아파트상가동 1층 10호,11호)"
20170481316,전북특별자치도 전주시 덕진구 만성로 23(만성동)
20170481575,"전북특별자치도 전주시 덕진구 구총목로 30(인후동1가, 주1동)"
20170481611,전북특별자치도 전주시 덕진구 송천로 42(1층 송천동1가)
20170484451,전북특별자치도 군산시 공단대로 461(1층 나운동)
20170484594,전북특별자치도 군산시 수송로 32(1층 나운동)
20170487002,"전북특별자치도 익산시 무왕로13길 25(519동 1층 110호 영등동, 영등3차제일아파트상가)"
20170487381,"전북특별자치도 익산시 익산대로 153(1층 창인동2가, 익산역)"
20170487753,전북특별자치도 익산시 고봉로24길 29(1층 영등동)
20170494031,전북특별자치도 완주군 이서면 기지로 50
20170494128,전북특별자치도 완주군 이서면 오공로 11-18(1층 105호)
20170496023,"전북특별자치도 무주군 무주읍 장터로 2(무주반딧불장터, 무주반딧불카페식당)"
20170501059,전북특별자치도 부안군 부안읍 부풍로 57
20170503101,전남광주통합특별시 목포시 삼향천로 4(1층 옥암동)
20170503134,전남광주통합특별시 목포시 미항로 165(1층 옥암동)
20170503405,"전남광주통합특별시 목포시 남악로 22-14(지하1층 101호 옥암동, 펠리시티몰)"
20170503493,전남광주통합특별시 목포시 연산백련로7번길 2-10(1층 연산동)
20170503537,"전남광주통합특별시 목포시 연산백련로 22(1층 105호 연산동, 용해7차골드클래스상가동)"
20170503764,전남광주통합특별시 목포시 부흥로 31(1층 상동)
20170506395,전남광주통합특별시 여수시 돌산읍 진모1길 29-14(5동)
20170506441,전남광주통합특별시 여수시 소라면 죽림로 63
20170506921,전남광주통합특별시 여수시 소호로 475(1층 소호동)
20170509139,전남광주통합특별시 순천시 장선배기길 14(1층 조례동)
20170509264,전남광주통합특별시 순천시 삼산로 113(1층 용당동)
20170509923,"전남광주통합특별시 순천시 오천4길 21(1층 101호 오천동, 골드클래스상가112동)"
20170512516,"전남광주통합특별시 나주시 우정로 103(243동 1층 120호 빛가람동, 빛가람중흥에스-클래스센트럴2차 상가)"
20170513044,"전남광주통합특별시 광양시 광양읍 순광로 466(LF스퀘어3층중1층,푸드코트 C-116호)"
20170513068,"전남광주통합특별시 광양시 광양읍 순광로 466(LF스퀘어3층중3층일부,T2-306호)"
20170513088,전남광주통합특별시 광양시 광양읍 순광로 466(광양LF스퀘어 3층 T1-319)
20170513113,전남광주통합특별시 광양시 광양읍 순광로 466(광양LF스퀘어 1층 C-109호)
20170513211,전남광주통합특별시 광양시 희망길 12-7(광양제철소 생활관 102-2호 금호동)
20170513219,전남광주통합특별시 광양시 금호로 26(몰오브광양 106호 금호동)
20170513347,"전남광주통합특별시 광양시 다압면 원동길 70-18(2층중1,2층전부)"
20170515024,전남광주통합특별시 담양군 가사문학면 가사문학로 760-11
20170515045,전남광주통합특별시 담양군 창평면 의병로 37
20170520124,전남광주통합특별시 화순군 화순읍 광덕로 185(2층 201호)
20170524057,전남광주통합특별시 영암군 삼호읍 대불주거6로 16(125동 110~111호 중흥S클래스리버티아파트)
20170524156,전남광주통합특별시 영암군 금정면 여운재로 996
20170525303,전남광주통합특별시 무안군 삼향읍 남악3로 55(127호 펠리시티 3차)
20170529054,전남광주통합특별시 완도군 신지면 명사십리길 71-28
20170530022,전남광주통합특별시 진도군 진도읍 남동1길 6-1
20170530028,전남광주통합특별시 진도군 진도읍 쌍정1길 8-6
20170530127,전남광주통합특별시 진도군 진도읍 동외1길 15(진도군수협로컬푸드센터 2층)
20170531042,전남광주통합특별시 신안군 증도면 지도증도로 1836-3
20170531055,전남광주통합특별시 신안군 압해읍 압해로 867
20170531056,전남광주통합특별시 신안군 압해읍 학동길 66-20
20170534498,경상북도 포항시 남구 동해면 일월로 50(1층)
20170534710,경상북도 포항시 남구 오천읍 냉천로302번길 73(1층)
20170536396,경상북도 포항시 북구 두호로52번길 22(1층 두호동)
20170536727,"경상북도 포항시 북구 법원로 175(1층 106호 양덕동, 명신빌딩)"
20170536765,경상북도 포항시 북구 죽파로 31-1(1층 죽도동)
20170541120,경상북도 김천시 신양길 9(신음동)
20170541177,경상북도 김천시 혁신3로 40(3층 304~313호 율곡동)
20170541352,경상북도 김천시 혁신4로 5(1층 101호 율곡동)
20170541441,경상북도 김천시 혁신3로 15(1층 108호 율곡동)
20170543049,경상북도 안동시 송현길 16(상가동 2층 3호 송현동)
20170543099,경상북도 안동시 강남5길 5(1층 5호 정하동)
20170543122,경상북도 안동시 풍천면 천년숲동로 46(1층 10~11호)
20170543259,경상북도 안동시 경동로 921(1층 용상동)
20170543453,경상북도 안동시 서부시장길 20(1층 태화동)
20170543605,경상북도 안동시 도산면 선성4길 22(1층)
20170548449,경상북도 구미시 백산로2길 4(1층 102호 송정동)
20170548711,"경상북도 구미시 인동28길 41-3(1층 102호 진평동, 비타민캐슬)"
20170548726,경상북도 구미시 도개면 용산3길 122-65(1동 1층 낙동강구미휴게소)
20170548727,경상북도 구미시 도개면 용산3길 122-65(1동 1층 낙동강구미휴게소)
20170548728,경상북도 구미시 도개면 용산3길 122-65(1동 1층 낙동강구미휴게소)
20170548729,경상북도 구미시 도개면 용산3길 122-65(1동 1층 낙동강구미휴게소)
20170548882,경상북도 구미시 상사서로 110-1(1층 상모동)
20170549126,경상북도 구미시 봉곡로18길 29-7(1층 봉곡동)
20170549207,"경상북도 구미시 산호대로29길 20-7(1층 102,103호 옥계동)"
20170549288,"경상북도 구미시 옥계북로 34(1층 106호 옥계동, 원광빌딩)"
20170554006,경상북도 영주시 대동로 36(가흥동)
20170554038,경상북도 영주시 장수면 장수로 275-34(1-2층)
20170554090,경상북도 영주시 대동로13번길 2-15(가흥동)
20170554190,경상북도 영주시 대동로34번길 2(2층 가흥동)
20170554352,경상북도 영주시 대동로 22(가흥동)
20170556007,경상북도 상주시 동수4길 102(무양동)
20170558187,경상북도 문경시 중앙10길 9(점촌동)
20170562052,대구광역시 군위군 부계면 치산효령로 989-23
20170562053,대구광역시 군위군 부계면 치산효령로 989-23
20170562055,대구광역시 군위군 산성면 치산효령로 865-43
20170562058,대구광역시 군위군 산성면 치산효령로 865-43
20170563048,경상북도 의성군 단밀면 도안로 757-67
20170563056,경상북도 의성군 단밀면 도안로 757-67
20170563057,경상북도 의성군 단밀면 도안로 757-67
20170563058,경상북도 의성군 단밀면 도안로 757-67
20170563115,경상북도 의성군 의성읍 군청길 49
20170564034,경상북도 청송군 주왕산면 소노로 38
20170564035,경상북도 청송군 주왕산면 소노로 38
20170566021,경상북도 영덕군 영덕읍 야성길 57-1
20170566054,경상북도 영덕군 영덕읍 중앙길 57(2층)
20170566067,경상북도 영덕군 병곡면 칠보산1길 71
20170567084,경상북도 청도군 청도읍 하지길 59-49
20170567087,경상북도 청도군 청도읍 하지길 59-49
20170567091,경상북도 청도군 청도읍 하지길 59-50
20170567099,경상북도 청도군 청도읍 하지길 59-50
20170567103,경상북도 청도군 청도읍 하지길 59-50
20170570404,경상북도 칠곡군 북삼읍 북삼로 148(1층)
20170570443,경상북도 칠곡군 왜관읍 석전로7길 5(상가동 1층 101호 왜관한양수자인아파트)
20170573024,경상북도 울진군 울진읍 읍내8길 18-5(1층)
20170589211,경상남도 창원시 의창구 북면 감계로110번길 54-19(한서주차빌딩 112호)
20170589621,"경상남도 창원시 의창구 의창대로254번길 9(1층 102호 서상동, 중동상가)"
20170592260,"경상남도 창원시 성산구 중앙대로 90(1층 105호 상남동, 창원디아트리에오피스텔)"
20170592457,"경상남도 창원시 성산구 중앙대로61번길 3(중앙상가 1층 103호, 104호 중앙동)"
20170592486,"경상남도 창원시 성산구 원이대로863번길 19(1층 101 일부호 가음동, 창원더센트럴파크2단지상가)"
20170592679,"경상남도 창원시 성산구 마디미로56번길 10(1층 102호 상남동, 우남빌딩)"
20170592711,"경상남도 창원시 성산구 원이대로473번길 28(1층 101호 반림동, 반송빌딩)"
20170592761,"경상남도 창원시 성산구 대정로 102(1층 105호 남양동, 개나리3차아파트상가)"
20170595147,경상남도 창원시 마산합포구 월영동로 1(1층 101호 해운동)
20170595213,경상남도 창원시 마산합포구 합포로 251(지하1층 산호동)
20170595497,경상남도 창원시 마산합포구 3·15대로 254(1층 중앙동3가)
20170595646,경상남도 창원시 마산합포구 불종거리로 16(2층 동성동)
20170599042,"경상남도 창원시 진해구 냉천로 160(2층 204호 자은동, 자은빌딩)"
20170599532,경상남도 창원시 진해구 용재로3번길 6-22(1층 용원동)
20170601227,"경상남도 진주시 초전북로 74(초전동, 1층일부)"
20170601385,"경상남도 진주시 진주대로920번길 18(칠암동, 1층일부)"
20170601401,"경상남도 진주시 촉석로 171-1(중안동, 1층일부)"
20170601932,"경상남도 진주시 솔밭로 95(상평동, 1층일부)"
20170602331,"경상남도 진주시 대밭골로 71(충무공동, 1층)"
20170604124,"경상남도 통영시 무전4길 29(1층 118A호 무전동, 휴엔하임)"
20170604333,경상남도 통영시 도남로 347(1층 도남동)
20170604334,경상남도 통영시 도남로 347(1층 도남동)
20170604335,경상남도 통영시 도남로 347(2층 도남동)
20170604336,경상남도 통영시 도남로 347(1층 도남동)
20170604546,경상남도 통영시 무전5길 37-117(1층 무전동)
20170606217,경상남도 사천시 용현면 시청2길 9-5(105호)
20170607348,경상남도 김해시 장유로 469(롯데 프리미엄 아울렛 김해점 3층 일부호 신문동)
20170607444,경상남도 김해시 호계로 436(부원동)
20170607684,"경상남도 김해시 장유로 469(신문동, 롯데프리미엄아울렛김해점3층)"
20170607739,경상남도 김해시 전하로304번길 11(외동)
20170608588,"경상남도 김해시 삼문로 15(5층 501호 대청동, 부자빌딩)"
20170608831,"경상남도 김해시 율하3로 16(에코빌딩 104, 105호 율하동)"
20170608940,경상남도 김해시 대청로210번길 20(비전타워빌딩 105호 대청동)
20170611316,경상남도 밀양시 미리벌중앙로3길 6-1(1층 삼문동)
20170612154,"경상남도 거제시 옥포대첩로 22(1층 102호 옥포동, 신화더블루)"
20170612265,"경상남도 거제시 장평3로 80-37(1층 장평동, 거제삼성호텔)"
20170612662,경상남도 거제시 일운면 지세포4길 8(1층)
20170614153,경상남도 양산시 물금읍 야리로 112(2층 203호)
20170614887,경상남도 양산시 물금읍 물금로 182(1층 103-104호 금융프라자)
20170619218,경상남도 고성군 회화면 회진로 567
20170624014,경상남도 거창군 거창읍 상동2길 48(1층)
20170627221,제주특별자치도 제주시 연북로 201(1층 오라이동)
20170627468,제주특별자치도 제주시 노형로 44(1층 해안동)
20170627920,제주특별자치도 제주시 일주서로 7360(1층 외도이동)
20170627952,제주특별자치도 제주시 중앙로14길 6(1층 이도일동)
20170628980,제주특별자치도 제주시 우령서로16길 2(1층 외도일동)
20170629041,제주특별자치도 제주시 승천로 51(1층 이도이동)
20170631312,"제주특별자치도 서귀포시 칠십리로 428(1,2층 보목동)"
20170631530,제주특별자치도 서귀포시 표선면 표선중앙로96번길 9-1(1층)
20170631754,제주특별자치도 서귀포시 안덕면 신화역사로304번길 98(1층)
20170631755,제주특별자치도 서귀포시 안덕면 신화역사로304번길 98(1층)
20170631892,제주특별자치도 서귀포시 대정읍 영어도시로 77-5(1층)
20170631931,제주특별자치도 서귀포시 안덕면 신화역사로304번길 38(5층)
20170631932,제주특별자치도 서귀포시 안덕면 신화역사로304번길 38(지하1층)
20170631935,제주특별자치도 서귀포시 안덕면 신화역사로304번길 38(1층)
20170631937,"제주특별자치도 서귀포시 안덕면 신화역사로304번길 38(지하 1,2층)"
20170632043,제주특별자치도 서귀포시 대청로25번길 6-7(1층 강정동)
20170632098,제주특별자치도 서귀포시 안덕면 신화역사로304번길 38(지하1층 31호)
20170632154,제주특별자치도 서귀포시 안덕면 신화역사로304번길 133(1층)
20170633387,경기도 부천시 소사구 양지로184번길 7-16(1층 옥길동)
20170633533,"경기도 부천시 원미구 길주로 300(중동, 롯데백화점 10층 일부)"
20170633543,"경기도 부천시 원미구 길주로 300(중동, 롯데백화점 10층 일부)"
20170633827,"경기도 부천시 소사구 소사로 220(소사본동, 1층일부)"
20170633961,"경기도 부천시 소사구 양지로 125(1층 일부호 옥길동, 예품프라자)"
20170633989,"경기도 부천시 원미구 길주로 300(중동, 롯데백화점 10층일부)"
20170634456,"경기도 부천시 원미구 송내대로 239(6층 6C02호일부호 상동, 소풍)"
20170634557,"경기도 부천시 오정구 여월로 72(여월동, 여월프라자 1층 101호)"
20170634583,"경기도 부천시 오정구 삼작로 324(여월동, 1층일부)"
20170635379,"경기도 부천시 원미구 중동로248번길 44(중동, 매트로펠리스 Ⅱ-B 102호)"
20180025141,서울특별시 종로구 종로 51(종로타워 지하1층 B102호 종로2가)
20180025583,서울특별시 종로구 종로 47(한국스탠다드차타드은행 빌딩 1층 공평동)
20180025709,서울특별시 종로구 지봉로 70-2(애니카랜드 1층 숭인동)
20180029308,서울특별시 중구 남대문로 81(롯데백화점 본점 13층 소공동)
20180029486,서울특별시 중구 장충단로13길 20(현대시티타워 지하2층 을지로6가)
20180029496,서울특별시 은평구 통일로 1050(롯데몰 은평점 4층 진관동)
20180029499,서울특별시 중구 남대문로 81(롯데백화점 본점 13층 소공동)
20180029646,서울특별시 중구 삼일대로 362(롯데시티호텔 명동 1층 장교동)
20180029670,서울특별시 중구 동호로 330(씨제이제일제당센터 지하1층 B101호 쌍림동)
20180029830,서울특별시 중구 퇴계로 67(AK타워 B동 25층 회현동1가)
20180029831,서울특별시 중구 퇴계로 67(AK타워 B동 6층 회현동1가)
20180030313,서울특별시 중구 남대문로 81(롯데백화점 본점 13층 소공동)
20180030596,서울특별시 중구 퇴계로20길 71(1층 남산동2가)
20180033006,서울특별시 용산구 한강대로40길 26(복십자의원 1층 한강로2가)
20180033011,서울특별시 용산구 한강대로23길 55(용산역 5층 식음 001-002호 한강로3가)
20180033281,서울특별시 용산구 청파로 273(1층 청파동3가)
20180033373,"서울특별시 용산구 새창로12길 11-7(1층 101호 도원동, 제일아파트)"
20180033662,서울특별시 용산구 한강대로23길 55(용산역 4층 한강로3가)
20180033669,서울특별시 용산구 한강대로23길 55(용산역 4층 한강로3가)
20180033676,서울특별시 용산구 한강대로23길 55(용산역 4층 한강로3가)
20180033702,서울특별시 용산구 한강대로23길 55(용산역 4층 900-4호 한강로3가)
20180033703,서울특별시 용산구 한강대로23길 55(용산역 4층 900-5호 한강로3가)
20180033712,서울특별시 용산구 한강대로23길 55(용산역 4층 900-6호 한강로3가)
20180033792,"서울특별시 용산구 한강대로23길 55(용산역 6층 7,8호 한강로3가)"
20180036562,서울특별시 성동구 장터길 27-2(1층 금호동3가)
20180036610,서울특별시 성동구 왕십리광장로 6(1층 행당동)
20180039030,서울특별시 광진구 능동로 110(스타시티영존빌딩 1층 102호 2층 전부호 화양동)
20180039425,"서울특별시 광진구 용마산로 109(1층 101, 102호 중곡동)"
20180039514,서울특별시 광진구 동일로20길 62(1층 자양동)
20180039681,"서울특별시 광진구 광나루로 361(1층 105호 군자동, 광진 동양파라곤)"
20180039866,"서울특별시 광진구 아차산로 272(더샵스타시티 스타시티쇼핑몰동 지하1층 B120,B121,B122호 자양동)"
20180039948,서울특별시 광진구 능동로13길 15(2층 화양동)
20180042253,"서울특별시 동대문구 왕산로 214(청량리역,롯데백화점 7층 전농동)"
20180042442,서울특별시 동대문구 경희대로3길 20(1층 회기동)
20180042997,서울특별시 동대문구 왕산로 214(3층 전농동)
20180046935,"서울특별시 중랑구 망우로 353(1층 상봉동, 상봉 프레미어스 엠코)"
20180051158,서울특별시 성북구 종암로40길 42(1층 하월곡동)
20180051210,서울특별시 성북구 고려대로24길 48(2층 안암동5가)
20180053080,서울특별시 강북구 도봉로 62(롯데백화점 지하2층 미아동)
20180053108,서울특별시 강북구 도봉로 399(1층 수유동)
20180053110,서울특별시 강북구 도봉로 399(1층 수유동)
20180056712,서울특별시 도봉구 도봉로180길 20(도봉투웨니퍼스트1단지 101동 1층 102호 도봉동)
20180056762,서울특별시 도봉구 도봉로 496(1층 101호 창동)
20180059046,서울특별시 노원구 노해로 521(정일빌딩 1층 상계동)
20180060115,서울특별시 노원구 한글비석로 270(스카이타워 104호 중계동)
20180060235,서울특별시 노원구 한글비석로 227(이진빌딩 1층 중계동)
20180063186,서울특별시 은평구 통일로 1080(은평뉴타운솔하임 A동 2층 204호~206호 진관동)
20180063362,서울특별시 은평구 통일로 1050(롯데몰 은평점 4층 진관동)
20180063420,서울특별시 은평구 응암로21길 3-1(1층 응암동)
20180063976,서울특별시 은평구 통일로 1050(롯데몰 은평점 4층 진관동)
20180066059,서울특별시 서대문구 신촌로 207(2층 북아현동)
20180066810,서울특별시 서대문구 신촌로 83(현대백화점신촌점 10층 창천동)
20180066819,서울특별시 서대문구 신촌로 83(현대백화점신촌점 10층 창천동)
20180069061,서울특별시 마포구 양화로 141(롯데호텔 L7홍대 20층일부 동교동)
20180069239,"서울특별시 마포구 월드컵로1길 14(지1층 B118-1, B118-2호 합정동, 마포 한강 푸르지오)"
20180069405,서울특별시 마포구 마포대로 156(공덕푸르지오시티 1층 117호 공덕동)
20180069429,서울특별시 마포구 양화로 130(RYSE 4층 서교동)
20180069647,서울특별시 마포구 양화로 130(RYSE 15층 서교동)
20180070143,서울특별시 마포구 양화로 125(경남관광빌딩 1층 서교동)
20180070197,"서울특별시 마포구 양화로 45(B152,B153,B153-1호 서교동, 메세나폴리스)"
20180070317,"경기도 부천시 원미구 소향로 29(그린프라자 106호, 107호 일부 상동)"
20180070434,"서울특별시 마포구 만리재로 74(상가2동 1층 113호 신공덕동, 신공덕2차삼성래미안)"
20180070489,서울특별시 마포구 양화로 188(7층일부 동교동)
20180073082,"서울특별시 양천구 목동동로 411(지상1층 109.110호 목동, 부영그린타운3차)"
20180073353,서울특별시 양천구 목동서로 159-1(1~2층 목동)
20180074071,"서울특별시 양천구 목동동로 257(6층 목동, 현대하이페리온)"
20180076103,서울특별시 강서구 화곡로 154(청산빌딩 1층 화곡동)
20180076225,서울특별시 강서구 하늘길 112(김포공항 국내선청사 4층 공항동)
20180076577,"서울특별시 강서구 하늘길 38(김포공항, 롯데몰, 스카이시티 지하1층 방화동)"
20180076811,서울특별시 강서구 마곡중앙로 171(마곡나루역프라이빗타워Ⅱ 1층 103~104호 마곡동)
20180077090,"서울특별시 강서구 마곡중앙6로 63(마곡테크노타워 1층 106,107호 마곡동)"
20180077245,서울특별시 강서구 마곡중앙5로 6(마곡나루역보타닉푸르지오시티 2층 211호 마곡동)
20180077356,"서울특별시 강서구 마곡중앙로 161-8(두산더랜드파크 B동 1층 108,109,110호 마곡동)"
20180077768,"서울특별시 강서구 화곡로 398(홈플러스강서점앤본사사옥 4층 X6,YF호 등촌동)"
20180081326,서울특별시 구로구 디지털로26길 110(동일테크노타운 1층 104호 구로동)
20180084294,서울특별시 금천구 디지털로10길 9(현대시티아울렛 가산점 지상8층 가산동)
20180087068,서울특별시 영등포구 선유로 138(롯데마트 양평점 1층 양평동3가)
20180087176,서울특별시 영등포구 여의대방로65길 20(1층 여의도동)
20180087451,서울특별시 영등포구 신풍로 33(신영빌딩 1층 신길동)
20180087546,서울특별시 영등포구 양평로 46(지하1층 당산동6가)
20180087727,서울특별시 영등포구 당산로 34(로데오 ？ 쇼핑몰 1층 103호 문래동3가)
20180091834,서울특별시 동작구 노량진로 151(노량진역 1층 노량진동)
20180094094,서울특별시 관악구 신림로 330(포도몰 9층 신림동)
20180094875,서울특별시 관악구 은천로 35(1층 봉천동)
20180095322,서울특별시 관악구 남부순환로153길 53(1층 신림동)
20180098387,서울특별시 서초구 강남대로 523(제비호 1층 반포동)
20180098546,서울특별시 서초구 신반포로 176(센트럴시티빌딩 1층 반포동)
20180098888,서울특별시 서초구 사임당로 99(1층 서초동)
20180099730,"서울특별시 서초구 강남대로 241(1,2층 서초동)"
20180099753,서울특별시 서초구 청계산로9길 1-7(오라카이 청계산호텔 지하 1층 신원동)
20180099820,서울특별시 서초구 청계산로9길 1-7(오라카이 청계산호텔 1층 신원동)
20180099825,서울특별시 서초구 사평대로 362(201호 서초동)
20180099904,서울특별시 서초구 서초대로50길 24(청화빌딩 1층 104호 서초동)
20180100081,서울특별시 서초구 신반포로 176(신세계백화점 11층 반포동)
20180105151,서울특별시 강남구 봉은사로 480(지상1층 삼성동)
20180106341,서울특별시 강남구 테헤란로 517(현대백화점 10층 삼성동)
20180106580,"서울특별시 강남구 테헤란로 152(지하1층 역삼동, 강남파이낸스센터)"
20180106696,서울특별시 강남구 논현로30길 50(지상2층 도곡동)
20180106711,서울특별시 강남구 영동대로 513(코엑스 지상1층 삼성동)
20180106712,"서울특별시 강남구 삼성로100길 23-11(화인빌딩 지상1층,2층 삼성동)"
20180106828,서울특별시 강남구 압구정로28길 22(지상1층 신사동)
20180107145,서울특별시 강남구 테헤란로 517(현대백화점 지상10층 삼성동)
20180107245,서울특별시 강남구 선릉로146길 27-10(지상1층 청담동)
20180107337,"서울특별시 강남구 삼성로81길 35(강남빌딩 지상1,2층 대치동)"
20180107452,서울특별시 강남구 일원로 115(삼성생명 일원동 빌딩 지상1층 101호 일원동)
20180107542,서울특별시 강남구 테헤란로 517(현대백화점 지하1층 삼성동)
20180107898,서울특별시 강남구 삼성로 301(하늘도시 지상1층 103호 대치동)
20180108012,서울특별시 강남구 삼성로 38(개포빌딩 1층 115호 개포동)
20180108098,"서울특별시 강남구 삼성로85길 11(지1층 비06호 대치동, 롯데캐슬아파트)"
20180108104,서울특별시 강남구 역삼로14길 6(1층 역삼동)
20180108358,"서울특별시 강남구 선릉로64길 11-2(지상1층 103, 104호 대치동)"
20180114591,서울특별시 송파구 올림픽로 240(롯데백화점 11층 잠실동)
20180114747,서울특별시 송파구 올림픽로 240(롯데백화점오픈다이닝펍존 지하1층 잠실동)
20180115137,서울특별시 송파구 백제고분로45길 40(트윈레이크팰리스빌 A동 102호 송파동)
20180115567,서울특별시 송파구 양재대로 932(가락동 농수산물도매시장 가락몰4관 편의시설 지하1층 67-1호 가락동)
20180115760,"서울특별시 송파구 양재대로 932(가락몰4관 편의시설 지하1층 79-1,79-2호 가락동)"
20180116618,서울특별시 송파구 올림픽로 424(올림픽공원 A-3동 방이동)
20180116854,서울특별시 송파구 올림픽로 240(롯데월드 민속박물관 저자거리 3층 잠실동)
20180120811,서울특별시 강동구 천호대로 1005(현대백화점 12층 천호동)
20180120828,서울특별시 강동구 천호대로 1005(현대백화점 12층 천호동)
20180120955,서울특별시 강동구 구천면로 494(명일동)
20180126075,부산광역시 중구 중앙대로 2(롯데백화점광복점 지하 1층 중앙동7가)
20180126078,부산광역시 중구 중앙대로 2(롯데백화점광복점 10층 중앙동7가)
20180129126,부산광역시 동구 중앙대로214번길 7-8(21층 초량동)
20180129184,부산광역시 동구 범일로 125(현대백화점 부산점 지하2층 범일동)
20180129243,부산광역시 동구 중앙대로 206(1층 초량동)
20180129266,부산광역시 동구 중앙대로 206(부산역사 내 1층 초량동)
20180130207,부산광역시 영도구 청학북로 2(1층 청학동)
20180131496,"부산광역시 부산진구 중앙대로680번가길 64(1,2.3층 부전동)"
20180131762,부산광역시 부산진구 새싹로 35(티티호텔 2층 부전동)
20180131856,부산광역시 부산진구 부전로 181(부전역사 2층 부전동)
20180131925,부산광역시 부산진구 전포대로 207(1층 105호 전포동)
20180131948,부산광역시 부산진구 서전로68번길 65(1층 전포동)
20180132056,부산광역시 부산진구 범일로 148(신부산학원 지상1층 범천동)
20180134075,부산광역시 동래구 중앙대로 1393(롯데백화점 지하1층 온천동)
20180134162,부산광역시 동래구 중앙대로 1393(롯데백화점 8층 온천동)
20180134187,부산광역시 동래구 충렬대로 422(안락동)
20180134263,부산광역시 동래구 사직로 60(1층 사직동)
20180134642,부산광역시 동래구 명륜로94번길 11(1층 명륜동)
20180134660,부산광역시 동래구 명륜로 206(1층 명륜동)
20180134740,부산광역시 동래구 명륜로 78-1(1층 수안동)
20180137095,부산광역시 남구 진남로 95(B1층 105호 대연동)
20180137233,부산광역시 남구 지게골로 169-4(1층 문현동)
20180137298,부산광역시 남구 동명로 165(1층 용호동)
20180137428,"부산광역시 남구 분포로 145(더블유스퀘어동 1층 1037,1038,1039,1040호 용호동, 더블유)"
20180137684,부산광역시 남구 수영로 324(리마크빌 1층 104호 대연동)
20180139567,부산광역시 북구 만덕대로 30(미래빌딩 2층 덕천동)
20180139667,부산광역시 북구 만덕2로17번길 5(1층 만덕동)
20180141218,"부산광역시 해운대구 수영강변대로 278(2,3층 재송동)"
20180141263,부산광역시 해운대구 센텀남대로 59(롯데백화점센텀시티점 6층 우동)
20180141382,부산광역시 해운대구 센텀동로 6(홈플러스센템시티점 1층 일부호 우동)
20180141798,부산광역시 해운대구 좌동로 68(1층 중동)
20180141849,부산광역시 해운대구 좌동로14번길 42(2층 중동)
20180142196,부산광역시 해운대구 재반로125번길 68(1층 일부호 재송동)
20180144805,부산광역시 사하구 제석로 36(1층 당리동)
20180147179,"부산광역시 금정구 수림로72번길 136(1층 101호 구서동, 청효빌라)"
20180147667,부산광역시 금정구 중앙대로 1607(1층 부곡동)
20180149110,부산광역시 강서구 명지국제12로11번길 15-23(일부 1층 명지동)
20180149323,부산광역시 강서구 과학산단로306번길 13(1층 일부 지사동)
20180149339,부산광역시 강서구 명지국제6로318번길 38(1층 명지동)
20180150232,부산광역시 연제구 과정로 223(2층 연산동)
20180150267,부산광역시 연제구 거제천로230번길 70(웰메이드 오피스텔 상가1층 105호 연산동)
20180152078,"부산광역시 수영구 황령대로473번길 15(108호 남천동, 남천 엑슬루타워)"
20180152135,"부산광역시 수영구 수미로14번길 35(상가동 104호 수영동, 수영강동원로얄듀크)"
20180152448,부산광역시 수영구 남천동로108번길 27(1층 남천동)
20180152528,부산광역시 수영구 남천바다로 17(1층 광안동)
20180154250,부산광역시 사상구 사상로 254(괘법동)
20180154488,부산광역시 사상구 학감대로123번길 45-6(1층 1-1호 학장동)
20180156034,부산광역시 기장군 기장읍 차성로344번길 26(피오네 1층)
20180156118,부산광역시 기장군 정관읍 구연4로 20(102호)
20180156243,부산광역시 기장군 일광읍 기장해안로 1290(1~2층)
20180156469,부산광역시 기장군 일광읍 용천리 산 252-51 외160필지
20180156710,부산광역시 기장군 장안읍 정관로 1133(부산프리미엄아울렛 1600동 지하2층 548호)
20180159146,대구광역시 중구 달구벌대로 2085(동아쇼핑센터 지하1층 덕산동)
20180159455,대구광역시 중구 동성로2길 95(동성로 엔터테인먼트몰 더락 지상 4층 402호 동성로2가)
20180161383,대구광역시 동구 율하동로15길 19(1층 율하동)
20180161402,대구광역시 동구 동부로16길 28(1층 신천동)
20180162042,대구광역시 동구 공항로 221(대국국제공항 2층 지저동)
20180164334,"대구광역시 서구 국채보상로50길 20(115동 1층 101호 평리동, 평리 푸르지오)"
20180164354,"대구광역시 서구 달구벌대로375길 14-1(1,2층 내당동)"
20180167056,대구광역시 남구 명덕로40길 26(1층 대명동)
20180169073,대구광역시 북구 한강로 60-1(1층 사수동)
20180169204,대구광역시 북구 대학로23길 33(1층 산격동)
20180169229,대구광역시 북구 호암로 51(삼성창조경제캠퍼스 B동 1층 4호 침산동)
20180169514,대구광역시 북구 팔달로27길 81(1층 노원동3가)
20180169872,대구광역시 북구 호암로 51(파크몰 B동 1층 3호 침산동)
20180170036,대구광역시 북구 태평로 161(롯데백화점 지하 1층 칠성동2가)
20180170080,대구광역시 북구 복현로20길 1(1층 복현동)
20180170348,대구광역시 북구 경진로1길 47(복현동)
20180170520,대구광역시 북구 호국로43길 8-18(1층 서변동)
20180175267,대구광역시 수성구 야구전설로 1(대구삼성라이온즈파크 2층 13호 연호동)
20180175278,대구광역시 수성구 국채보상로192길 40(1층 범어동)
20180175314,대구광역시 수성구 상록로2길 72(범어동)
20180175588,"대구광역시 수성구 달구벌대로 2690(1층 105호 만촌동, 만촌화성파크드림2차)"
20180175595,대구광역시 수성구 달구벌대로627길 22-6(1층 매호동)
20180175781,대구광역시 수성구 동대구로59길 14-2(101호 범어동)
20180175804,대구광역시 수성구 수성못2길 3(3층 두산동)
20180176219,대구광역시 수성구 용학로 106-7(제5동 3층 두산동)
20180182153,대구광역시 달서구 두류공원로 200(씨앤우방랜드청소년관리동47 1층 두류동)
20180182311,대구광역시 달서구 진천로 92(남대구이마트 1층 대천동)
20180182761,대구광역시 달서구 장기로57서길 28(1층 장기동)
20180182903,대구광역시 달서구 화암로71길 19(주건축물 제1동 1층 대곡동)
20180183555,대구광역시 달서구 월곡로 247(롯데시네마 3층 300호 상인동)
20180189060,대구광역시 달성군 유가면 테크노중앙대로6길 15-17
20180189267,대구광역시 달성군 다사읍 강정본길 83(4층)
20180192039,인천광역시 영종구 제2터미널대로 446(인천국제공항제2교통센터 지하1층 운서동)
20180192088,인천광역시 영종구 제2터미널대로 446(인천공항제2터미널 면세동 4층 운서동)
20180192089,인천광역시 영종구 제2터미널대로 446(인천공항제2터미널 면세동 4층 운서동)
20180192092,인천광역시 영종구 제2터미널대로 446(인천공항제2터미널 면세동 4층 운서동)
20180192439,인천광역시 영종구 영종해안남로321번길 186(파라다이스시티씨메르 1층 운서동)
20180192440,인천광역시 영종구 영종해안남로321번길 186(파라다이스시티씨메르 1층 운서동)
20180192441,인천광역시 영종구 영종해안남로321번길 186(파라다이스시티씨메르 2층 운서동)
20180192442,인천광역시 영종구 영종해안남로321번길 186(파라다이스시티씨메르 2층 운서동)
20180192444,인천광역시 제물포구 제물량로 172-1(2층 신생동)
20180192473,인천광역시 영종구 영종해안남로321번길 186(파라다이스시티씨메르 2층 운서동)
20180192474,인천광역시 영종구 영종해안남로321번길 186(파라다이스시티씨메르 3층 운서동)
20180192696,인천광역시 영종구 하늘달빛로64번길 6-3(스카이 메디컬 프라자 101호 중산동)
20180194049,인천광역시 제물포구 송림로 17(1층 송림동)
20180195281,인천광역시 미추홀구 석바위로96번길 3(주안동)
20180195406,인천광역시 미추홀구 인하로67번길 24-10(1층 용현동)
20180199054,"인천광역시 연수구 송도국제대로 157(오네스타 2층 A203,204호 송도동)"
20180199191,인천광역시 연수구 송도국제대로 165(홈플러스 송도점 2층 송도동)
20180199374,"인천광역시 연수구 해돋이로 160-7(1동 107호 송도동, 송도 대경 스위트리아 파크뷰)"
20180199514,인천광역시 연수구 인천타워대로132번길 30(휴먼빌파크 7층 송도동)
20180199673,인천광역시 연수구 청량로70번길 40-12(3층 동춘동)
20180199860,인천광역시 연수구 컨벤시아대로 177(롯데마트 2층 송도동)
20180200294,인천광역시 연수구 센트럴로 123(송도컨벤시아 1층 M26호 송도동)
20180202233,인천광역시 남동구 앵고개로 928(DA PLAZA 1층 112호 논현동)
20180202540,인천광역시 남동구 논현로170번길 5-7(광순빌딩 1층 일부호 논현동)
20180205024,"인천광역시 부평구 주부토로 52(102호 일부호 부평동, SC제일행복해아파트)"
20180205409,인천광역시 부평구 세월천로 17(청천1차 뷰그리안 106호 청천동)
20180205497,인천광역시 부평구 길주남로 114(1층 부개동)
20180205699,인천광역시 부평구 길주로602번길 21(1층 일부호 부평동)
20180205768,인천광역시 부평구 광장로 16(부평민자역사 본건물 나호 1층 일부호 부평동)
20180205827,인천광역시 부평구 경원대로1363번길 23(퀸스타운 1층 105호 부평동)
20180205879,인천광역시 부평구 경원대로 1428(노블렌스오피스텔 1층 107호 부평동)
20180205885,"인천광역시 부평구 경인로 960(서보타운 1층 104,105호 부평동)"
20180206195,"인천광역시 부평구 갈월동로 45(114동 1층 107호, 108호 갈산동, 두산아파트)"
20180208029,인천광역시 계양구 계양대로 101(삼성프라자 1층 101.102.103호 작전동)
20180208301,인천광역시 계양구 계산새로 71(하이베라스빌딩 A동 118호 계산동)
20180208333,인천광역시 계양구 아나지로 552(지하1층 일부호 서운동)
20180208714,인천광역시 계양구 계산새로 25(성일빌딩 1층 일부호 계산동)
20180211233,"인천광역시 서해구 크리스탈로74번길 25(테트리스타워 107호,108호 청라동)"
20180211715,"인천광역시 서해구 여우재로 119(상가2동 101일부호 가좌동, 인천가좌두산위브트레지움 2단지)"
20180212316,인천광역시 서해구 청라루비로42번길 6-12(104호 청라동)
20180212727,인천광역시 서해구 염곡로498번안길 11-18(102호 가정동)
20180215019,인천광역시 옹진군 영흥면 영흥로 150(영흥빌딩 101~102호)
20180217049,전남광주통합특별시 동구 필문대로 265(1층 동명동)
20180217069,전남광주통합특별시 동구 동명로 8(1층 장동)
20180217381,전남광주통합특별시 동구 서석로 41-1(1층 충장로1가)
20180217497,전남광주통합특별시 동구 독립로 268(롯데백화점 9층 대인동)
20180219197,전남광주통합특별시 서구 금화로 240(광주월드컵 롯데아웃렛 2층 풍암동)
20180219201,전남광주통합특별시 서구 금화로 240(롯데아울렛 광주월드컵점 2층 풍암동)
20180219229,전남광주통합특별시 서구 금화로 240(광주롯데아웃렛 2층 풍암동)
20180219230,전남광주통합특별시 서구 금화로 240(광주월드컵아웃렛  2층 풍암동)
20180219943,전남광주통합특별시 서구 화정로 303(1층 농성동)
20180222098,"전남광주통합특별시 남구 봉선1로37번길 13(상가3동 1층 103,105호 봉선동)"
20180222188,전남광주통합특별시 남구 효우로 136(1층 노대동)
20180224060,"전남광주통합특별시 북구 동운로213번길 27-1(1,2층 운암동)"
20180224452,전남광주통합특별시 북구 양산택지로 57(1층 양산동)
20180224655,"전남광주통합특별시 북구 군왕로8번길 13(1,2,3층 풍향동)"
20180225146,전남광주통합특별시 북구 용봉택지로 95(1층 용봉동)
20180225187,전남광주통합특별시 북구 서하로 343-1(1층 문흥동)
20180230570,"전남광주통합특별시 광산구 송도로 160(1층 107,108호 도산동)"
20180234637,대전광역시 동구 산내로 1333(102호 낭월동)
20180239496,대전광역시 서구 갈마로 75(1층 갈마동)
20180240013,대전광역시 서구 대덕대로 216(6층 603호 둔산동)
20180240323,대전광역시 서구 계룡로 598(롯데백화점 6층 일부 괴정동)
20180240400,대전광역시 서구 관저남로12번길 15-36(1층 일부 관저동)
20180240883,대전광역시 서구 도안동로11번길 16(1층 105호 도안동)
20180243351,"대전광역시 유성구 한밭대로492번길 20(B동 지상1,2층 봉명동)"
20180243755,대전광역시 유성구 테크노3로 65(한신에스메카 지상1층 112호 관평동)
20180244166,대전광역시 유성구 반석동로 64(지상1층 102호 반석동)
20180246125,대전광역시 대덕구 대덕대로 1550(1층 석봉동)
20180249494,울산광역시 중구 유곡로 56(1층 유곡동)
20180249645,울산광역시 중구 젊음의2거리 33(10층 성남동)
20180249646,울산광역시 중구 젊음의2거리 33(리버플레이스 본관 3층 성남동)
20180251544,울산광역시 남구 삼산로254번길 21-1(1층 달동)
20180251676,울산광역시 남구 대공원입구로 2(1층 옥동)
20180251698,울산광역시 남구 삼산로 261(현대백화점 12층 삼산동)
20180251806,"울산광역시 남구 삼산로 26(1층 107,109호 신정동, 공업탑 하트랜드)"
20180256008,울산광역시 동구 방어진순환도로 652(제2동E동 1층 104호 일산동)
20180258060,울산광역시 북구 화동14길 5-16(지상1층 화봉동)
20180258069,울산광역시 북구 화암7길 11(지상2층 산하동)
20180258372,울산광역시 북구 명촌23길 21(지상1층 진장동)
20180258598,울산광역시 북구 명촌13길 46(지상1층 명촌동)
20180258627,울산광역시 북구 명촌14길 15(지상1층 명촌동)
20180258680,울산광역시 북구 진장17길 10(메가마트 지상3층 진장동)
20180260435,울산광역시 울주군 언양읍 경부고속도로 44(언양휴게소 1층)
20180260809,울산광역시 울주군 언양읍 동문길 73(2층)
20180262164,세종특별자치시 금남면 용포2길 43-4(1층)
20180262736,세종특별자치시 한누리대로 2129(스타힐타워2 B동 107호 보람동)
20180263061,세종특별자치시 한누리대로 2143(금강시티타워 115호 보람동)
20180263285,"세종특별자치시 시청대로 115(금강노을 209, 210호 보람동)"
20180272058,경기도 수원시 팔달구 덕영대로 924(AK플라자 3층 매산로1가)
20180272203,경기도 수원시 팔달구 향교로1번길 2(3층 매산로1가)
20180272239,경기도 수원시 팔달구 인계로 154(동수원뉴코아아울렛 9층 인계동)
20180272320,경기도 수원시 팔달구 중부대로 192(1층 인계동)
20180272443,경기도 수원시 팔달구 권광로180번길 46(103호 인계동)
20180272485,경기도 수원시 팔달구 인계로 154(동수원뉴코아아울렛 인계동)
20180272550,경기도 수원시 팔달구 인계로 154(동수원뉴코아아울렛 8층 인계동)
20180274167,경기도 수원시 영통구 매탄로79번길 5-5(1층 매탄동)
20180274398,경기도 수원시 영통구 청명로43번길 8(102호 영통동)
20180274542,경기도 수원시 영통구 매원로 15(1층 101호 매탄동)
20180274566,경기도 수원시 영통구 반달로 38(1층 102호 영통동)
20180276318,경기도 수원시 장안구 서부로2123번길 20-1(1층 102호 율전동)
20180276328,경기도 수원시 장안구 정자천로 179(레몬스포렉스 103호 정자동)
20180278258,"경기도 수원시 권선구 매곡로 108(1,2층 금곡동)"
20180278505,경기도 수원시 권선구 권선로668번길 19-16(나원빌딩 1층 권선동)
20180282170,경기도 성남시 수정구 위례동로 147(위례건아타워 1층 105호 창곡동)
20180284329,경기도 성남시 중원구 광명로 89(성남 센트럴 푸르지오 시티 1층 107호 성남동)
20180286109,경기도 성남시 분당구 판교역로192번길 14-1(판교예미지 1일부층 삼평동)
20180286931,경기도 성남시 분당구 동판교로52번길 11(1층 백현동)
20180287135,"경기도 성남시 분당구 성남대로172번길 24(분당미금파크 1층 113,114호 금곡동)"
20180287241,경기도 성남시 분당구 정자로 13(월드비터 1층 103호 정자동)
20180287376,경기도 성남시 분당구 미금일로154번길 20(2001아울렛 지하2일부층 구미동)
20180287402,경기도 성남시 분당구 미금일로154번길 20(2001아울렛 지하2일부층 구미동)
20180287408,경기도 성남시 분당구 미금일로154번길 20(2001아울렛 지하2일부층 구미동)
20180287413,경기도 성남시 분당구 미금일로154번길 20(2001아울렛 지하2일부층 구미동)
20180287414,경기도 성남시 분당구 미금일로154번길 20(2001아울렛 지하2일부층 구미동)
20180287433,경기도 성남시 분당구 미금일로154번길 20(2001아울렛 지하2일부층 구미동)
20180287441,"경기도 성남시 분당구 내정로165번길 38(601동 1층 104호 수내동, 양지마을청구금호아파트)"
20180287613,경기도 성남시 분당구 장미로 42(야탑리더스 106호 야탑동)
20180287778,경기도 성남시 분당구 운중로 237(Y타워  1일부층 판교동)
20180287821,"경기도 성남시 분당구 판교역로 145(지1층 B145일부호 백현동, 알파리움2단지)"
20180287937,경기도 성남시 분당구 판교역로146번길 20(현대백화점 판교점 9일부층 백현동)
20180287972,경기도 성남시 분당구 판교역로146번길 20(현대백화점 판교점 9일부층 백현동)
20180287985,경기도 성남시 분당구 야탑로81번길 11(NC백화점 지하1일부층 야탑동)
20180287996,경기도 성남시 분당구 황새울로359번길 11(미래에셋플레이스 1일부층 서현동)
20180288036,경기도 성남시 분당구 야탑로81번길 11(NC백화점 지하1일부층 야탑동)
20180290021,경기도 의정부시 녹양로62번길 19(지상1층 녹양동)
20180290200,경기도 의정부시 용민로 407(한덕프라자 지상1층 101호 낙양동)
20180290305,경기도 의정부시 청사로 38(삼성홈플러스 지상1층 금오동)
20180290664,경기도 의정부시 평화로 525(신세계백화점 의정부점 9층 의정부동)
20180295046,경기도 안양시 만안구 태평로60번길 42(센트럴타워2 지상1층 105호 안양동)
20180297009,경기도 안양시 동안구 동안로 119(범계뉴코아 지하2층 호계동)
20180297022,경기도 안양시 동안구 동안로 119(범계뉴코아 지하2층 호계동)
20180297029,경기도 안양시 동안구 동안로 119(킴스아울렛 지하2층 호계동)
20180297058,경기도 안양시 동안구 평촌대로223번길 52(원천빌딩 5층 502일부호 호계동)
20180297397,"경기도 안양시 동안구 벌말로 126(평촌 오비즈타워 3505호,3506호,3507호,3508호 관양동)"
20180297407,경기도 안양시 동안구 시민대로 260(안양금융센터 A.F.C B102호 관양동)
20180299462,"경기도 부천시 원미구 중동로254번길 50(센트럴프라움 105,106호 중동)"
20180299558,경기도 부천시 원미구 석천로 105(보람마을동남아파트 상가동 111호 중동)
20180299718,"경기도 부천시 오정구 원종로30번길 27(103호 원종동, 한울팰리스)"
20180299750,"경기도 부천시 원미구 송내대로 239(부천터미널소풍 5S03-14~17,25~27,40~42,66~69호 상동)"
20180300490,경기도 부천시 소사구 소사로 124(2층 일부호 소사본동)
20180300657,"경기도 부천시 원미구 송내대로 239(부천터미널소풍5층 F07,F07-1,F07-2,F07-3, 5504~5508호 상동)"
20180301245,"경기도 부천시 소사구 범안로219번길 19(지하2층 B212호 옥길동, 부천옥길자이)"
20180301660,경기도 부천시 원미구 소사로 327(가톨릭대학교 부천성모병원 새병동L 지하1층 일부 소사동)
20180319276,"경기도 광명시 소하로 94(102호, 103호 소하동)"
20180319699,"경기도 광명시 일직로12번길 22(라까사타워 6층일부,7층 일직동)"
20180319745,경기도 광명시 오리로1004번길 6(1층 광명동)
20180321109,경기도 평택시 이충로100번길 63(1층 서정동)
20180321239,경기도 평택시 경기대로 279(뉴코아 아울렛 백화점 9층 비전동)
20180321839,"경기도 평택시 상서재로 50(416동 103호 동삭동, 평택센트럴자이 4단지)"
20180323022,경기도 평택시 이충로35번길 28(대영프라자 104~105호 이충동)
20180323081,"경기도 평택시 탄현로1번길 77(상가동 103호 장당동, 효명아파트)"
20180323368,"경기도 평택시 정암로 42(102호 이충동, 서정스마트빌듀오1차)"
20180323408,경기도 평택시 경기대로 945(평택고덕아이파크 판매시설동 3층 305호 장당동)
20180324327,"경기도 평택시 청북읍 청북남로 365(상가동 1층 119,120호 평택브라운스톤청북아파트)"
20180325099,경기도 동두천시 생연로9번길 9(1층 1호 지행동)
20180325102,경기도 동두천시 거북마루로12번길 21-13(지행동)
20180328052,경기도 안산시 상록구 한양대학로 60(101~103호 사동)
20180331387,"경기도 안산시 단원구 광덕4로 250(씨티프라자,119호일부 고잔동)"
20180331529,경기도 안산시 단원구 중앙대로 873(롯데백화점 안산점 신관 지하1층 일부 고잔동)
20180331549,경기도 안산시 단원구 중앙대로 873(롯데백화점 신관 5층 일부 고잔동)
20180339002,경기도 고양시 덕양구 용현로5번길 24(백산오피스텔 112호 행신동)
20180339454,경기도 고양시 덕양구 무원로6번길 21(1일부층 104호 행신동)
20180341219,경기도 고양시 일산동구 중앙로 1206(뉴코아백화점 일산점 지하1층 일부호 마두동)
20180341390,경기도 고양시 일산동구 중앙로 1206(뉴코아백화점 일산점 8층 일부호 마두동)
20180341496,경기도 고양시 일산동구 중앙로 1283(롯데백화점일산점 판매동 10층 일부호 장항동)
20180341526,경기도 고양시 일산동구 중앙로 1283(롯데백화점일산점판매동 지하2층 일부호 장항동)
20180341641,"경기도 고양시 일산동구 강석로 123(뉴삼창마트 A동 138일부,139~144,157~160,162,163호 마두동)"
20180343042,경기도 고양시 일산서구 호수로 817(레이킨스몰현대백화점킨텍스점 지하1층 일부호 대화동)
20180343092,"경기도 고양시 일산서구 킨텍스로 217-60(킨텍스 1층일부, 2층일부호 대화동)"
20180343196,경기도 고양시 일산서구 대산로226번길 30(1층일부호 대화동)
20180343279,경기도 고양시 일산서구 호수로 817(레이킨스몰 현대백화점 8층일부호 대화동)
20180343514,경기도 고양시 일산서구 원일로 85-31(1층 일부호 일산동)
20180343638,경기도 고양시 일산서구 킨텍스로 217-59(킨텍스제2전시장 전시동 1동 B8구역 대화동)
20180346718,경기도 구리시 경춘로 261(롯데백화점 구리점 지1층 인창동)
20180346719,경기도 구리시 경춘로 261(롯데백화점 구리점 지1층 인창동)
20180346723,경기도 구리시 경춘로 261(롯데백화점 구리점 지층 인창동)
20180346730,경기도 구리시 경춘로 261(롯데백화점 구리점 지층 인창동)
20180348224,경기도 남양주시 호평로 50(1층 호평동)
20180348487,경기도 남양주시 오남읍 진건오남로 545-5(1층)
20180348568,경기도 남양주시 두물로39번길 27(1층 별내동)
20180349999,경기도 남양주시 별내5로 5(1층 일부호 별내동)
20180352151,경기도 오산시 내삼미로79번길 11(선우중앙타워 101호 수청동)
20180352170,경기도 오산시 발안로 1367(석선빌딩 102호 누읍동)
20180352177,경기도 오산시 문헌공로 9(108호 금암동)
20180354005,경기도 시흥시 서울대학로264번길 26-32(배곧중앙프라자 1층 107호 배곧동)
20180354247,경기도 시흥시 목감남서로 9-27(1층 112호 조남동)
20180354439,경기도 시흥시 서울대학로278번길 19-8(새롬프라자 1층 115호 정왕동)
20180354505,경기도 시흥시 남왕길 48(1층 목감동)
20180354747,경기도 시흥시 군자로 475(재정빌딩 2층 일부호 거모동)
20180355054,"경기도 시흥시 서울대학로278번길 25-18(다인로얄팰리스 배곧3차 1층 108호,109호 정왕동)"
20180355578,"경기도 시흥시 서울대학로264번길 7(시흥배곧 아브뉴프랑 센트럴 퍼플 1층 B-138,B-139호 배곧동)"
20180355625,경기도 시흥시 배곧4로 22(배곧타운2피자헛 1층 103호 정왕동)
20180355712,경기도 시흥시 산현마을길 33-2(1층 산현동)
20180355732,경기도 시흥시 오이도로135번길 72(오이도 서종 호텔 2층 정왕동)
20180358252,경기도 군포시 고산로 685(2층 201호 산본동)
20180358361,경기도 군포시 산본로323번길 22(계정빌딩 1층 101호 산본동)
20180358382,경기도 군포시 산본로323번길 10-18(백운빌딩 2층 203호 산본동)
20180358439,경기도 군포시 산본천로 56(센트로 601 오피스텔 2층 203호~211호 산본동)
20180360372,경기도 의왕시 부곡중앙남2길 1(2층 202호 삼동)
20180361313,경기도 하남시 미사강변중앙로111번길 26(1층 풍산동)
20180361339,경기도 하남시 미사대로 750(스타필드 하남 지하1층 신장동)
20180361548,경기도 하남시 미사대로 750(스타필드 하남 2층 2159호 신장동)
20180362252,경기도 하남시 위례대로 200(스타필드시티 위례점 4층 4105호 학암동)
20180364032,경기도 용인시 처인구 이동읍 어진로794번길 7(1층)
20180364189,경기도 용인시 처인구 명지로60번길 8-14(1층 101호 역북동)
20180364328,경기도 용인시 처인구 명지로40번길 4(2층 203호 역북동)
20180364711,경기도 용인시 처인구 중부대로 1309(낙원빌딩 1층 102호 역북동)
20180364957,경기도 용인시 처인구 남사면 한숲로 45(한숲스퀘어옐로우 1층 126호)
20180365025,경기도 용인시 처인구 금령로 86(314-1~8호 김량장동)
20180367199,경기도 용인시 기흥구 신고매로 124(2층 일부호 고매동)
20180367203,경기도 용인시 기흥구 신고매로 124(롯데프리미엄아울렛기흥점 주건축물제1동 2층 일부호 고매동)
20180367206,경기도 용인시 기흥구 한보라2로14번길 4-16(1층 보라동)
20180367252,경기도 용인시 기흥구 신고매로 124(롯데프리미엄아울렛기흥점 주건축물 제1동 2층 일부호 고매동)
20180367254,경기도 용인시 기흥구 신고매로 124(롯데프리미엄아울렛기흥점 2층 일부호 고매동)
20180367257,경기도 용인시 기흥구 신고매로 124(롯데아울렛 기흥점 2층 일부호 고매동)
20180369064,"경기도 용인시 수지구 심곡로 87(수지 제일 아이조움 비121,비122호 성복동)"
20180369321,"경기도 용인시 수지구 광교중앙로 315(광교 티타워 1층 101호, 102호, 103호 상현동)"
20180369351,경기도 용인시 수지구 풍덕천로139번길 6-7(우송빌딩 1층 일부호 풍덕천동)
20180371057,"경기도 파주시 미래로 564(지층 115호 와동동, 가람마을9단지 남양휴튼)"
20180371141,경기도 파주시 회동길 390(롯데프리미엄아울렛 B동 1층 일부 문발동)
20180371764,경기도 파주시 산내로104번길 21-3(1층 목동동)
20180371788,경기도 파주시 미래로602번길 35(라이프프라자 1층 104호 와동동)
20180372232,"경기도 파주시 탄현면 헤이리마을길 93-75(헤이리더스텝 하늘A동 101호, 102호)"
20180372297,경기도 파주시 산내로104번길 21-11(1층 목동동)
20180372317,경기도 파주시 경의로 1056(아이플렉스 1층 115호 야당동)
20180372613,경기도 파주시 후곡로 19(3층 전부 금촌동)
20180372731,경기도 파주시 심학산로 72(1층 서패동)
20180372786,경기도 파주시 책향기로 418(책향기마을신동아파밀리에 상가동 101호 동패동)
20180374023,경기도 이천시 마장면 억만리로 51(1층)
20180374530,경기도 이천시 마장면 중부고속도로 82
20180374930,경기도 이천시 아리역로 73-1(송정동)
20180376773,경기도 안성시 공도읍 서동대로 4478(롯데마트 1층)
20180378805,경기도 김포시 김포한강8로 167(이루프라자 1층 105호 마산동)
20180379100,경기도 김포시 양촌읍 김포대로 1644
20180379219,경기도 김포시 고촌읍 아라육로152번길 97(현대프리미엄아울렛 타워존 E동 4층)
20180379220,경기도 김포시 고촌읍 아라육로152번길 97(현대프리미엄아울렛 타워존 E동 4층)
20180379223,경기도 김포시 고촌읍 아라육로152번길 97(현대프리미엄아울렛 타워존 E동 4층)
20180379409,경기도 김포시 김포한강9로75번길 10(서경프라자 1층 102호 구래동)
20180382028,"경기도 화성시 병점구 경기대로 990(104동 S113호 병점동, 화성 병점 에스케이 뷰)"
20180382075,경기도 화성시 동탄구 남여울3길 3(1층 108호 능동)
20180382110,경기도 화성시 동탄구 지산2길 23(1층 일부호 영천동)
20180382129,경기도 화성시 동탄구 동탄반송1길 20-10(패밀리타운 1층 102호 반송동)
20180382528,경기도 화성시 만세구 남양읍 시청로 109(103호)
20180382740,"경기도 화성시 만세구 수노을1로 191(상가2동 1층 113호 새솔동, 송산그린시티 이지더원 레이크뷰)"
20180382820,경기도 화성시 동탄구 동탄대로19길 10(신유메디프라자 1층 101호 오산동)
20180382916,경기도 화성시 효행구 매송면 서해안고속도로 316
20180382917,경기도 화성시 효행구 매송면 서해안고속도로 316
20180382918,경기도 화성시 효행구 매송면 서해안고속도로 316
20180382919,경기도 화성시 효행구 매송면 서해안고속도로 316
20180382931,경기도 화성시 효행구 매송면 서해안고속도로 316
20180382933,경기도 화성시 효행구 매송면 서해안고속도로 316
20180382934,경기도 화성시 효행구 매송면 서해안고속도로 316
20180382946,경기도 화성시 효행구 매송면 서해안고속도로 315
20180382947,경기도 화성시 효행구 매송면 서해안고속도로 315
20180382949,경기도 화성시 효행구 매송면 서해안고속도로 315
20180382955,경기도 화성시 효행구 매송면 서해안고속도로 315
20180382957,경기도 화성시 효행구 매송면 서해안고속도로 315
20180382958,경기도 화성시 효행구 매송면 서해안고속도로 315
20180382959,경기도 화성시 효행구 매송면 서해안고속도로 315
20180383248,경기도 화성시 만세구 향남읍 상신하길로298번길 7-21(7층 702호)
20180383850,경기도 화성시 만세구 송산면 평택시흥고속도로 25(송산포도휴게소 1층)
20180383851,경기도 화성시 만세구 송산면 평택시흥고속도로 25(송산포도휴게소 1층)
20180384086,경기도 화성시 만세구 향남읍 발안양감로 195(106호)
20180385469,경기도 화성시 병점구 효행로 1052(씨네샤르망 A동 801 일부호 병점동)
20180387098,경기도 광주시 중앙로 184(삼보빌딩 1층 송정동)
20180389277,경기도 양주시 옥정동로5사길 10(제1동 1호 옥정동)
20180389298,경기도 양주시 고읍남로191번길 74(101호 광사동)
20180389453,"경기도 양주시 옥정동로7다길 62(대길프라자 101,201호 옥정동)"
20180391178,경기도 포천시 포천로 1611(1층 신읍동)
20180401038,강원특별자치도 원주시 남원로 527(1층 명륜동)
20180401704,강원특별자치도 원주시 늘품로 193-1(1층 좌측상가호 반곡동)
20180402087,강원특별자치도 원주시 문막읍 원문로 1700(1층 102호 서원주 코아루 아너스)
20180404151,강원특별자치도 강릉시 관솔길 14(2층 회산동)
20180404348,강원특별자치도 강릉시 선수촌로63번길 18-15(푸르벨라 2차 1층 101호 홍제동)
20180404792,강원특별자치도 강릉시 강변로410번길 41(1층 입암동)
20180410047,강원특별자치도 속초시 조양로 82(1층 조양동)
20180410048,강원특별자치도 속초시 설악산로 998(설악동)
20180410052,강원특별자치도 속초시 동해대로 4147(A동 102호 조양동)
20180410199,강원특별자치도 속초시 대포항길 186(롯데리조트속초 지하1층 대포동)
20180410220,"강원특별자치도 속초시 영랑호반길 575(인트라움 상가동 지층 101,102호 장사동)"
20180410454,강원특별자치도 속초시 조양상가길 5(조양동)
20180410480,강원특별자치도 속초시 미시령로 3378(교동)
20180412243,강원특별자치도 홍천군 서면 한치골길 262(오크동1층MARTKET LOCUS)
20180412245,강원특별자치도 홍천군 서면 한치골길 262(오크동지하1층 BOOTH1)
20180412249,강원특별자치도 홍천군 서면 한치골길 262(오크동지하1층 BOOTH9)
20180412251,강원특별자치도 홍천군 서면 한치골길 262(오크동지하1층 BOOTH7)
20180414014,강원특별자치도 영월군 영월읍 제방안길 16-1(122호)
20180414028,강원특별자치도 영월군 영월읍 제방안길 16-1(113호)
20180414038,강원특별자치도 영월군 영월읍 단종로16번길 15(태광상가주택 101호)
20180414112,강원특별자치도 영월군 영월읍 제방안길 16-1(115호)
20180414113,강원특별자치도 영월군 영월읍 제방안길 16-1(121호)
20180415011,강원특별자치도 평창군 대관령면 솔봉로 325(홀리데이인스위트 102동)
20180415179,강원특별자치도 평창군 평창읍 백오로 83
20180415246,강원특별자치도 평창군 대관령면 올림픽로 183
20180416164,강원특별자치도 정선군 사북읍 하이원길 265(강원랜드 4층)
20180422141,강원특별자치도 양양군 양양읍 군청길 73-1
20180426488,충청북도 청주시 상당구 대성로 88(1층 문화동)
20180430381,충청북도 청주시 서원구 모충로 9(1층 103호 개신동)
20180434116,충청북도 청주시 흥덕구 죽천로 89(2층 복대동)
20180434729,충청북도 청주시 흥덕구 직지대로 308(현대백화점 6층 복대동)
20180438650,충청북도 청주시 청원구 오창읍 오창중앙로 12(중앙하이츠빌아파트 상가 1층 108호)
20180442123,충청북도 충주시 갱고개로 154-1(1층 연수동)
20180442467,충청북도 충주시 계명대로 29(금강빌딩 칠금동)
20180442477,충청북도 충주시 봉계1길 49(2층 칠금동)
20180442765,"충청북도 충주시 연수서편2길 11(상가동 106호 연수동, 충주 센트럴 푸르지오)"
20180444063,충청북도 제천시 금성면 청풍호로 1030(1~3층)
20180450179,충청북도 진천군 광혜원면 화랑5길 17-1(1층)
20180450208,충청북도 진천군 광혜원면 중리1길 5(빌딩 1층)
20180450361,충청북도 진천군 덕산읍 대월1길 20(1층 101호)
20180452061,"충청북도 음성군 맹동면 두레로 23(103,104호)"
20180454034,충청북도 단양군 적성면 기동2길 32-37
20180457014,충청남도 천안시 동남구 성남면 종합휴양지로 200(1휴양콘도미디업동 지하2층 대명리조트)
20180457478,충청남도 천안시 동남구 병천면 아우내순대길 16(1동 1층)
20180457738,"충청남도 천안시 동남구 청수5로 3(2층 203,204,205호 청당동)"
20180459198,충청남도 천안시 서북구 불당31길 24(1층 불당동)
20180459367,"충청남도 천안시 서북구 성성9로 14(501동 상가동 지1층 121호 성성동, 천안레이크타운2차 푸르지오)"
20180459480,충청남도 천안시 서북구 성환읍 성환1로 237-1(1동 1층)
20180459506,"충청남도 천안시 서북구 불당19로 111(상가동동 지하2층 109호 불당동, 천안불당린스트라우스2단지)"
20180459636,충청남도 천안시 서북구 쌍용13길 18-5(1층 쌍용동)
20180460089,충청남도 천안시 서북구 공원로 227(지하1층 불당동)
20180460431,충청남도 천안시 서북구 불당25로 192(골든프라자2 1층 116호 불당동)
20180462168,충청남도 당진시 북문길 11(읍내동)
20180464152,충청남도 공주시 흑수골길 33(1층 103호 신관동)
20180465050,충청남도 보령시 주공로 8(명천동)
20180465332,충청남도 보령시 천북면 홍보로 1061(5동 7호)
20180467239,충청남도 아산시 둔포면 아산밸리중앙로 85(1층 104호)
20180467256,충청남도 아산시 모종남로12번길 11(1층 103호 모종동)
20180468004,"충청남도 아산시 남부로 353(상가동 1층 110일부호 풍기동, 동일하이빌아파트)"
20180469011,충청남도 서산시 안견로 190(4동 1층 동문동)
20180469099,충청남도 서산시 호수공원7로 14(지성빌 1층 예천동)
20180470254,충청남도 논산시 시민로132번길 44-19(1층 내동)
20180472153,충청남도 계룡시 엄사면 번영로 12(계룡오피스텔 101호)
20180474204,충청남도 부여군 부여읍 석탑로 57-2
20180477334,충청남도 홍성군 홍북읍 청사로174번길 2(한승갤러리 3층)
20180478260,충청남도 예산군 예산읍 벚꽃로155번길 18-4
20180482339,전북특별자치도 전주시 완산구 홍산남로 55(1층 104호 효자동3가)
20180482384,전북특별자치도 전주시 완산구 홍산로 260(M-SQUARE 6층 602호 효자동3가)
20180482669,"전북특별자치도 전주시 완산구 홍산1길 21(105동 1층 146호 효자동2가, 서희스타힐스)"
20180482840,전북특별자치도 전주시 완산구 새터로 39(1층 서신동)
20180483324,전북특별자치도 전주시 완산구 강변로 68(1층 삼천동1가)
20180485201,전북특별자치도 전주시 덕진구 조경단로 83(1층 금암동)
20180485444,전북특별자치도 전주시 덕진구 송천중앙로 246(1층 일부호 송천동2가)
20180485521,전북특별자치도 전주시 덕진구 솔내로 144(신일아파트 상가 106동 1층 109호 송천동1가)
20180485670,"전북특별자치도 전주시 덕진구 만성중앙로 56(101,102호 만성동)"
20180488040,전북특별자치도 군산시 수송남로 2(1층 수송동)
20180488230,전북특별자치도 군산시 조촌로 130(롯데몰 군산점 4층 조촌동)
20180488237,전북특별자치도 군산시 조촌로 130(롯데아울렛 군산점 3층 조촌동)
20180488243,전북특별자치도 군산시 조촌로 130(롯데아울렛 군산점 3층 조촌동)
20180488585,전북특별자치도 군산시 동수송8길 7(수송동)
20180488640,전북특별자치도 군산시 궁포1로 24-5(106호 조촌동)
20180488822,"전북특별자치도 군산시 궁포1로 24-5(2층 203,204호 조촌동)"
20180491139,전북특별자치도 익산시 하나로11길 32-8(1층 영등동)
20180494260,전북특별자치도 정읍시 중앙로 133(2층 수성동)
20180496041,전북특별자치도 남원시 역재1길 6(1층 도통동)
20180497221,전북특별자치도 김제시 검산택지4길 11(104호 검산동)
20180499074,전북특별자치도 진안군 진안읍 진장로 26
20180504037,전북특별자치도 고창군 상하면 상하농원길 6-36
20180507326,전남광주통합특별시 목포시 옥암로 182(경현빌딩 1층 석현동)
20180507601,전남광주통합특별시 목포시 용당로305번길 21(가동 1층 용해동)
20180507788,전남광주통합특별시 목포시 죽산로 33(1층 산정동)
20180507794,"전남광주통합특별시 목포시 미항로 135(1,2층 상동)"
20180510451,전남광주통합특별시 여수시 오동도로 61-13(1층 수정동)
20180510596,전남광주통합특별시 여수시 중앙로 73-1(1층 중앙동)
20180510668,전남광주통합특별시 여수시 돌산읍 무술목길 142-1(3층)
20180510922,전남광주통합특별시 여수시 돌산읍 향일암로 378(1층)
20180513554,전남광주통합특별시 순천시 오천6길 36(1층 오천동)
20180513707,전남광주통합특별시 순천시 연향상가3길 30(1층 연향동)
20180516163,"전남광주통합특별시 나주시 상야1길 21(킹덤프라자 비동 1층 101,101-1호 빛가람동)"
20180517017,"전남광주통합특별시 광양시 광양읍 순광로 466(광양LF스퀘어, 푸드코트C-114호)"
20180517211,전남광주통합특별시 광양시 광양읍 칠성로 59(3층중1층일부)
20180517341,전남광주통합특별시 광양시 중마용소2길 36(4층중1층전부 중동)
20180519036,전남광주통합특별시 담양군 담양읍 죽향대로 1169
20180522094,전남광주통합특별시 고흥군 포두면 내산길 3-6
20180526096,전남광주통합특별시 강진군 도암면 학장용산길 101(다산 베아채 골프 & 리조트 클럽하우스 2층)
20180527032,전남광주통합특별시 해남군 해남읍 북부순환로 70
20180528036,전남광주통합특별시 영암군 삼호읍 대불주거로 118(1층 102호)
20180528063,전남광주통합특별시 영암군 삼호읍 대불주거1로4길 19(101호)
20180529158,"전남광주통합특별시 무안군 삼향읍 후광대로 292(남악도휘에드가2차오피스텔 105, 106, 107호)"
20180531008,전남광주통합특별시 영광군 영광읍 천년로11길 62(1층)
20180533022,"전남광주통합특별시 완도군 완도읍 청해진동로 5(상가 106, 107호 진아리채아파트)"
20180533158,전남광주통합특별시 완도군 완도읍 군내11번길 11-6
20180535031,전남광주통합특별시 신안군 증도면 지도증도로 1053-11
20180538060,경상북도 포항시 남구 오천읍 원동로 78(혁진빌딩 1층)
20180538169,경상북도 포항시 남구 인덕로8번길 13-6(1층 인덕동)
20180540660,경상북도 포항시 북구 우창동로 49(우현동)
20180540730,경상북도 포항시 북구 새마을로 36(1층 용흥동)
20180542014,경상북도 경주시 충효5길 12(충효동)
20180542383,"경상북도 경주시 용황구획4길 38-3(107,108호 용강동)"
20180543302,경상북도 경주시 외동읍 상석길 58-74(1층)
20180547085,경상북도 안동시 경동로 840-2(1층 용상동)
20180547438,경상북도 안동시 옥동2길 42(1층 옥동)
20180552172,경상북도 구미시 신비로 95(강변파라디아 A동 106호 공단동)
20180552562,"경상북도 구미시 산동읍 신당1로3길 3(해송빌딩 1동 1,2층 102,202호)"
20180552727,경상북도 구미시 도봉로5안길 7-32(1층 도량동)
20180553013,경상북도 구미시 신비로 123(1층 비산동)
20180553484,경상북도 구미시 인동26길 6(1층 진평동)
20180559027,경상북도 영천시 망정1길 176-12(망정동)
20180560249,경상북도 상주시 동수4길 106(무양동)
20180562072,경상북도 문경시 점촌5길 6(1층 점촌동)
20180564763,경상북도 경산시 펜타힐즈2로 59(105호 중산동)
20180566038,대구광역시 군위군 산성면 치산효령로 865-43
20180566039,대구광역시 군위군 부계면 치산효령로 989-23
20180567094,경상북도 의성군 의성읍 중앙길 70
20180570006,경상북도 영덕군 영덕읍 영덕로 130(1층)
20180570055,경상북도 영덕군 영덕읍 덕곡길 106(1층)
20180570064,경상북도 영덕군 영덕읍 강변길 56-3(2층)
20180570086,경상북도 영덕군 축산면 축산항길 56(2층)
20180571016,경상북도 청도군 청도읍 하지길 59-50
20180571022,경상북도 청도군 청도읍 하지길 59-49
20180571024,경상북도 청도군 청도읍 하지길 59-49
20180573015,경상북도 성주군 초전면 중부내륙고속도로 98(성주양평휴게소)
20180573016,경상북도 성주군 초전면 중부내륙고속도로 97(성주창원휴게소)
20180573017,경상북도 성주군 초전면 중부내륙고속도로 97(성주창원휴게소)
20180573018,경상북도 성주군 초전면 중부내륙고속도로 98(성주양평휴게소)
20180573019,경상북도 성주군 초전면 중부내륙고속도로 97(성주창원휴게소)
20180573020,경상북도 성주군 초전면 중부내륙고속도로 98(성주양평휴게소)
20180573140,경상북도 성주군 성주읍 성주로 3216-1
20180574146,경상북도 칠곡군 왜관읍 칠곡대로 1751(3층)
20180574173,경상북도 칠곡군 동명면 한티로 502(A동 1~2층)
20180575019,경상북도 예천군 호명면 새움3로 30(제일프라자 1층 104호)
20180575024,경상북도 예천군 용궁면 용궁시장앞길 24
20180575083,경상북도 예천군 호명읍 양지로 17
20180575110,"경상북도 예천군 호명면 새움2로 18(JM스퀘어빌딩 108, 109호)"
20180581282,경상남도 창원시 의창구 북면 동전로110번길 8(플래츠나인 1층 105호)
20180581605,경상남도 창원시 의창구 북면 감계로110번길 54-15(1층 107호)
20180581825,경상남도 창원시 성산구 외동반림로 206(무학아파트 2층 20호 용호동)
20180581832,경상남도 창원시 의창구 평산로207번길 4(킹덤시티 1층 111호 서상동)
20180584078,경상남도 창원시 성산구 가음정로43번길 3(더원빌딩 1층 104호 가음동)
20180584598,경상남도 창원시 성산구 중앙대로 124(롯데백화점 지하층 상남동)
20180584604,경상남도 창원시 성산구 중앙대로 124(롯데백화점 3층 상남동)
20180584641,경상남도 창원시 성산구 마디미로16번길 7(진성빌딩 1층 102호 상남동)
20180587014,경상남도 창원시 마산합포구 현동로 56(가고파빌딩 105호 현동)
20180587228,"경상남도 창원시 마산합포구 동서동3길 16(103호 신포동1가, 신우희가로밀리온)"
20180587459,경상남도 창원시 마산합포구 3·15대로 9(월영 마크리움 주상복합 1층층 102호 월남동5가)
20180587461,경상남도 창원시 마산합포구 오동북11길 18(1층 오동동)
20180589183,경상남도 창원시 마산회원구 내서읍 삼계숲길 10(1층)
20180589451,경상남도 창원시 마산회원구 합성동7길 46(한국체대태권학원 지상1층 합성동)
20180591223,경상남도 창원시 진해구 충장로657번길 28(1층 107호 장천동)
20180591246,경상남도 창원시 진해구 충장로657번길 20(현대빌딩 1층 102호 장천동)
20180593577,경상남도 진주시 초북로20번길 27-3(1층 일부 초전동)
20180593800,경상남도 진주시 진주대로 1095(한화갤러리아백화점 7층 일부 평안동)
20180593838,경상남도 진주시 문산읍 월아산로 1098(1층 일부)
20180593923,경상남도 진주시 진주대로 1095(한화갤러리아백화점 7층일부 평안동)
20180593931,경상남도 진주시 정촌면 삼일로72번길 12(1층일부)
20180594492,경상남도 진주시 동진로 440(롯데몰진주점 5층일부 충무공동)
20180596160,경상남도 통영시 중앙로 141(중앙동)
20180596495,경상남도 통영시 광도면 죽림5로 56(525상가-4동 402호 주영더팰리스5차아파트)
20180598080,경상남도 사천시 사남면 월성1길 100(다인프라자 103호)
20180598118,경상남도 사천시 곤양면 서삼로 619(사천휴게소)
20180598119,경상남도 사천시 곤양면 묵실길 31-11(사천휴게소)
20180599042,경상남도 김해시 김해대로 2232(신세계백화점 김해점 4층 외동)
20180599215,경상남도 김해시 번화1로123번길 3-8(1층 102호 삼문동)
20180600131,경상남도 김해시 내외중앙로 89(메디존 1층 102호 내동)
20180600939,경상남도 김해시 율하2로97번길 14(1층 율하동)
20180601087,경상남도 김해시 계동로23번길 27(덕정센티빌딩 104호 관동동)
20180604203,경상남도 거제시 장평로 12(홈플러스거제점 지하1층 장평동)
20180604218,"경상남도 거제시 상동5길 100(118동 1층 107호 상동동, 거제 더샵 블루시티)"
20180604357,"경상남도 거제시 문동1길 42(301동 302~303호 문동동, 거제 센트럴 푸르지오)"
20180604410,경상남도 거제시 상동5길 82(1층 상동동)
20180604661,경상남도 거제시 장목면 거제북로 2501-40(한화리조트 거제 벨버디어 지하5층)
20180604662,경상남도 거제시 장목면 거제북로 2501-40(한화리조트 거제 벨버디어 지하2층)
20180604665,경상남도 거제시 장목면 거제북로 2501-40(한화리조트 거제 벨버디어 지하1층)
20180604670,"경상남도 거제시 장목면 거제북로 2501-40(한화리조트 거제 벨버디어 16,17층)"
20180604678,경상남도 거제시 장목면 거제북로 2501-40(한화리조트 거제 벨버디어 지하1층)
20180604679,경상남도 거제시 장목면 거제북로 2501-40(한화리조트 거제 벨버디어 지하1층)
20180604680,경상남도 거제시 장목면 거제북로 2501-40(한화리조트 거제 벨버디어 지하1층)
20180604681,경상남도 거제시 장목면 거제북로 2501-40(한화리조트 거제 벨버디어 지하1층)
20180604683,경상남도 거제시 장목면 거제북로 2501-40(한화리조트 거제 벨버디어 지하1층)
20180604684,경상남도 거제시 장목면 거제북로 2501-40(한화리조트 거제 벨버디어 지하1층)
20180604687,경상남도 거제시 장목면 거제북로 2501-40(한화리조트 거제 벨버디어 지하1층)
20180604744,경상남도 거제시 제산로 46(1층 양정동)
20180604879,경상남도 거제시 장평로8길 29(1층 일부호 장평동)
20180606375,경상남도 양산시 삼호8길 2(삼호동)
20180606514,경상남도 양산시 물금읍 물금중앙길 21(1층 [*미고시])
20180606630,"경상남도 양산시 어실로 380-45(지하1층 , 지상1층 어곡동)"
20180606705,경상남도 양산시 물금읍 백호2길 31-9(1층)
20180614107,경상남도 하동군 진교면 진교시장길 17-11(1층)
20180620207,제주특별자치도 제주시 첨단로 199(1층 영평동)
20180620414,제주특별자치도 제주시 한림읍 한림로 330(블루스프링호텔상가 1층)
20180620532,제주특별자치도 제주시 중앙로 320-1(1층 이도이동)
20180620852,제주특별자치도 제주시 애월읍 고내로7길 44(101호)
20180620855,제주특별자치도 제주시 광양14길 12(2층 이도이동)
20180620961,제주특별자치도 제주시 매촌2길 78(1층 도련일동)
20180621210,제주특별자치도 제주시 신성로 82-2(1층 도남동)
20180621298,제주특별자치도 제주시 수덕로 81(동원빌딩 1층 노형동)
20180621613,제주특별자치도 제주시 인다6길 53(1층 아라일동)
20180621745,제주특별자치도 제주시 노형14길 12(1층 노형동)
20180621838,제주특별자치도 제주시 조천읍 조함해안로 510(1층)
20180622368,제주특별자치도 제주시 도남로 51(1층 도남동)
20180624061,제주특별자치도 서귀포시 안덕면 신화역사로304번길 38(지하1층)
20180624110,제주특별자치도 서귀포시 안덕면 신화역사로304번길 38(지하1층)
20180624440,제주특별자치도 서귀포시 성산읍 성산중앙로40번길 14(1층)
20180624640,"제주특별자치도 서귀포시 안덕면 신화역사로304번길 89(1층,지하1층)"
20180624647,제주특별자치도 서귀포시 안덕면 신화역사로304번길 38(워터파크 실내 1층)
20180624648,제주특별자치도 서귀포시 안덕면 신화역사로304번길 98(테마파크 F202 1층)
20180624685,제주특별자치도 서귀포시 이어도로 640(김영관센터 강정동)
20180624784,제주특별자치도 서귀포시 안덕면 신화역사로304번길 38(지하1층)
20190026068,서울특별시 종로구 새문안로 75(1층 신문로1가)
20190029355,서울특별시 중구 을지로5길 26(미래에셋 센터원Mirae Asset CENTER1 지하2층 수하동)
20190029574,"서울특별시 중구 수표로12길 31(1,2층 초동)"
20190029609,서울특별시 중구 청계천로 100(시그니쳐타워 지하1층 수표동)
20190029610,서울특별시 중구 청계천로 100(시그니쳐타워 지하 1층 수표동)
20190029702,서울특별시 중구 서소문로 120(ENA Center 지하 2층 B 201호 서소문동)
20190029845,서울특별시 중구 마른내로 47(명보극장 1층 초동)
20190029876,서울특별시 중구 소공로 119(더 플라자 1층 태평로2가)
20190030252,서울특별시 중구 을지로14길 13(1층 을지로3가)
20190030355,서울특별시 중구 남대문로 81(롯데백화점 본점 지하1층 소공동)
20190030680,서울특별시 중구 남대문로 81(롯데백화점 14층 소공동)
20190033039,서울특별시 용산구 한강대로23길 55(아이파크몰서관 6층 703호 한강로3가)
20190033293,서울특별시 용산구 청파로 363(2층 서계동)
20190033512,"서울특별시 종로구 사직로8길 4(202동 102B호 사직동, 광화문 스페이스본)"
20190033575,서울특별시 용산구 청파로20길 95(서울드래곤시티 34층 한강로3가)
20190033614,"서울특별시 용산구 한강대로38가길 19(지1층,1층,2층 한강로2가)"
20190036139,서울특별시 송파구 삼학사로 47(더블유에스아이 빌딩 1층 삼전동)
20190036484,서울특별시 성동구 금호로 62(1층 금호동1가)
20190036544,서울특별시 성동구 금호로 105(상가동 지하4층 404호 금호동2가)
20190037033,서울특별시 성동구 서울숲2길 28-12(1층 성수동1가)
20190039146,서울특별시 광진구 능동로 253(태영빌딩 1층 군자동)
20190039534,서울특별시 광진구 능동로 92(롯데백화점 지하1층 자양동)
20190042331,서울특별시 동대문구 회기로 176(1층 회기동)
20190042794,"서울특별시 동대문구 왕산로 214(청량리역,롯데백화점 3층 전농동)"
20190042962,"서울특별시 동대문구 왕산로 214(청량리역,롯데백화점 지하2층 전농동)"
20190046342,서울특별시 중랑구 상봉중앙로 48(1층 상봉동)
20190046788,서울특별시 중랑구 망우로 305(1층 상봉동)
20190051170,서울특별시 성북구 동소문로 315(현대백화점미아점 9층 길음동)
20190051174,서울특별시 성북구 동소문로 315(현대백화점미아점 9층 길음동)
20190051176,서울특별시 성북구 동소문로 315(현대백화점미아점 9층 길음동)
20190051180,서울특별시 성북구 아리랑로 38(1층 동선동5가)
20190051186,서울특별시 성북구 동소문로 315(현대백화점미아점 9층 길음동)
20190053369,서울특별시 강북구 노해로8길 22(경남아너스빌 1층 105.107호 수유동)
20190053447,서울특별시 강북구 도봉로 62(롯데백화점 미아점 지하2층 미아동)
20190053761,서울특별시 강북구 도봉로 62(롯데백화점 미아점 8층 미아동)
20190056487,서울특별시 도봉구 마들로28길 58(1층 도봉동)
20190056691,서울특별시 도봉구 도당로27길 67(1층 도봉동)
20190059395,서울특별시 노원구 동일로 1414(롯데백화점 9층 상계동)
20190059499,서울특별시 노원구 동일로 1665(대은빌딩 1층 105호 상계동)
20190063173,서울특별시 은평구 진관1로 21-39(메이플카운티 103호 진관동)
20190063344,서울특별시 은평구 통일로 1021(지하2층 B2AM01호 진관동)
20190064100,서울특별시 은평구 진흥로12길 9-1(1층 녹번동)
20190066290,서울특별시 서대문구 신촌로 83(현대백화점신촌점 10층 창천동)
20190066779,서울특별시 서대문구 신촌로 83(현대백화점신촌점 지하1층 창천동)
20190066780,서울특별시 서대문구 연세로 8(3층 창천동)
20190066784,서울특별시 서대문구 신촌로 83(현대백화점신촌점 지하1층 창천동)
20190066785,서울특별시 서대문구 신촌로 83(현대백화점신촌점 지하1층 창천동)
20190069332,서울특별시 마포구 마포대로 53(마포트라팰리스 상가122호 도화동)
20190069351,서울특별시 마포구 마포대로 127(풍림브이아이피텔 1층 103호 공덕동)
20190069392,"서울특별시 마포구 희우정로 77(상가동 지하1층 111호 망원동, 마포한강아이파크)"
20190069685,"서울특별시 마포구 월드컵로1길 14(지하2층 B202호 합정동, 마포 한강 푸르지오)"
20190073191,서울특별시 양천구 목동동로12길 20(하버드 1층 103호 신정동)
20190076150,서울특별시 강서구 공항대로45길 63(3층 등촌동)
20190076169,서울특별시 강서구 하늘길 112(김포공항 국내선청사 3층 공항동)
20190076206,서울특별시 강서구 공항대로 260(이화여자대학교 제2부속병원 마곡동)
20190076523,서울특별시 강서구 공항대로 260(이화의대부속서울병원 지하1층 마곡동)
20190076524,서울특별시 강서구 공항대로 260(이화의대부속서울병원 지하1층 마곡동)
20190076525,서울특별시 강서구 공항대로 260(이화의대부속서울병원 지하1층 마곡동)
20190076526,서울특별시 강서구 공항대로 260(이화의대부속서울병원 지하1층 마곡동)
20190076556,"서울특별시 강서구 하늘길 38(김포공항, 롯데몰, 스카이시티 GF층 방화동)"
20190076711,"서울특별시 강서구 마곡중앙1로 72(판매시설동 1층 102호 마곡동, 마곡엠밸리10단지)"
20190076715,"서울특별시 강서구 하늘길 38(김포공항, 롯데몰, 스카이시티 지하2층 방화동)"
20190076838,서울특별시 강서구 공항대로 260(이화의대부속서울병원 지하 1층 마곡동)
20190077414,서울특별시 강서구 공항대로61길 14(1층 염창동)
20190077806,서울특별시 강서구 오정로 443-198(인서울27골프클럽 1층 오곡동)
20190078110,서울특별시 강서구 강서로56길 17(엔씨백화점 지하 1층 등촌동)
20190078123,"서울특별시 강서구 공항대로 209(1~2층 116,117,211,212,213,214호 마곡동)"
20190080475,서울특별시 구로구 디지털로26길 98(디지털탑프라자 201호 구로동)
20190080695,서울특별시 구로구 도림로 67(1층 구로동)
20190080762,서울특별시 구로구 개봉로16길 8(1층 개봉동)
20190080808,서울특별시 구로구 구일로10길 27(SK허브수 A동 1층 131호 구로동)
20190084158,서울특별시 금천구 디지털로 121(에이스가산타워 104호 일부104-1호 가산동)
20190084259,"서울특별시 금천구 시흥대로 291(310동 1층 155호 독산동, 금천롯데캐슬골드파크3차)"
20190084537,서울특별시 금천구 시흥대로56길 8(101동 102호 시흥동)
20190084538,서울특별시 금천구 문성로 37(1층 일부호 독산동)
20190085016,서울특별시 금천구 가산디지털1로 181(가산 더블유센터 지상1층 113호 가산동)
20190085146,서울특별시 금천구 벚꽃로 278(SJ테크노빌 지상3층 가산동)
20190086654,서울특별시 영등포구 영중로 15(타임스퀘어 지하1층 영등포동4가)
20190086679,서울특별시 영등포구 영중로 15(타임스퀘어 4층 415-2호 영등포동4가)
20190086889,서울특별시 영등포구 문래로 33(문래크라운팰리스 101동 101호 문래동6가)
20190086911,"서울특별시 영등포구 국회대로54길 10(12동 1층 2호 영등포동7가, 아크로타워 스퀘어)"
20190087465,"서울특별시 영등포구 당산로45길 1(당산 삼성쉐르빌 1층 101,102호 당산동5가)"
20190087480,서울특별시 영등포구 영중로 15(타임스퀘어 지하2층 영등포동4가)
20190087542,서울특별시 영등포구 영중로 15(타임스퀘어 지하1층 영등포동4가)
20190087572,서울특별시 영등포구 영중로 15(타임스퀘어 지하1층 영등포동4가)
20190087597,서울특별시 영등포구 경인로 846(롯데백화점 지하1층 영등포동)
20190087728,서울특별시 영등포구 영중로 15(타임스퀘어 4층 영등포동4가)
20190087729,서울특별시 영등포구 영중로 15(타임스퀘어 4층 영등포동4가)
20190087731,서울특별시 영등포구 영중로 15(타임스퀘어 4층 영등포동4가)
20190087906,서울특별시 영등포구 영중로 15(타임스퀘어 1층 영등포동4가)
20190091071,"서울특별시 동작구 사당로23길 112(후면상가동 B108호 사당동, 래미안 로이파크)"
20190091360,서울특별시 동작구 동작대로27다길 6(1층 사당동)
20190091418,"서울특별시 동작구 알마타길 6(상가동 105호 대방동, 파밀리에 하늘마루)"
20190091641,"서울특별시 동작구 상도로30길 40(1층 113호 상도동, 상도2차두산위브트레지움아파트)"
20190091892,서울특별시 동작구 장승배기로19길 30(1층 노량진동)
20190094193,서울특별시 관악구 봉천로 209(롯데백화점 7층 봉천동)
20190094346,서울특별시 관악구 남부순환로 1637(건중빌딩 1층 102호호 신림동)
20190094353,서울특별시 관악구 봉천로 209(롯데백화점 지하2층 봉천동)
20190094773,"서울특별시 관악구 신림로26길 24-8(B동 1층 101,109호 신림동, 세원맨션)"
20190095143,서울특별시 관악구 신림로 323(3층 신림동)
20190095340,서울특별시 관악구 봉천로 209(롯데백화점 지하1층 봉천동)
20190098057,"서울특별시 서초구 효령로68길 67(지층,1층 서초동)"
20190098228,서울특별시 서초구 서초대로77길 62(강남역 IPARK 지1층 비106호 서초동)
20190098517,"서울특별시 서초구 서초중앙로22길 25(1층 104,105호 서초동, 서초리시온)"
20190098636,서울특별시 서초구 동산로13길 10(1층 양재동)
20190099430,"서울특별시 서초구 서초대로38길 12(지하1층 서초동, 마제스타시티, 힐스테이트 서리풀)"
20190099564,"서울특별시 서초구 서초대로38길 12(지하1층 2-2호 서초동, 마제스타시티, 힐스테이트 서리풀)"
20190099709,"서울특별시 서초구 사임당로 178(108호,109호 서초동)"
20190100010,서울특별시 서초구 사평대로 205(CENTRALCITY 반포천 복개주차장 1층 FB105호 반포동)
20190100268,서울특별시 서초구 방배로13길 28(한울서리풀베아체 1층 102호 방배동)
20190105074,서울특별시 강남구 압구정로 165(현대백화점본점 지하1층 압구정동)
20190105076,서울특별시 강남구 영동대로 513(코엑스 지하1층 L104호 삼성동)
20190106001,서울특별시 강남구 도곡로 401(롯데백화점 지하1층 대치동)
20190106131,"서울특별시 강남구 삼성로81길 36(지하1,지상1층 대치동)"
20190106207,서울특별시 강남구 테헤란로 124(삼원타워 지하1층 131호 역삼동)
20190106658,서울특별시 강남구 테헤란로 110(켐브리지 강남빌딩 지하1층 역삼동)
20190107483,서울특별시 강남구 도곡로 532(태안빌딩 1층 대치동)
20190107489,"서울특별시 강남구 테헤란로4길 32(지상1층 103호 역삼동, 역삼동우정에쉐르1)"
20190107635,서울특별시 강남구 봉은사로4길 36(운현빌딩 지상1층 101호 역삼동)
20190107787,서울특별시 강남구 논현로 854(지상1층 신사동)
20190107788,서울특별시 강남구 논현로 854(지상2층 신사동)
20190107790,서울특별시 강남구 논현로 854(지상2층 신사동)
20190107797,서울특별시 강남구 논현로 854(지상2층 신사동)
20190108021,서울특별시 강남구 도곡로 401(롯데백화점 지하1층 대치동)
20190108608,"서울특별시 강남구 도산대로 421(청담동JS 빌딩 지상1층, 2층 청담동)"
20190108741,서울특별시 강남구 테헤란로 521(파르나스타워 지하1층 F-14호 삼성동)
20190108804,서울특별시 강남구 학동로12길 39(지상1층 102호 논현동)
20190108935,"서울특별시 강남구 언주로30길 56(상가동 지상1층 도곡동, 타워팰리스)"
20190109073,서울특별시 강남구 역삼로 148(1층 역삼동)
20190109121,서울특별시 강남구 논현로 854(지하2층 신사동)
20190109201,서울특별시 강남구 학동로4길 15(지상1층 101호 중 106호 논현동)
20190109256,"서울특별시 강남구 언주로 604(지하1층 107호 논현동, ACROHILLS논현)"
20190109385,서울특별시 강남구 학동로101길 7(지상2층 202호 청담동)
20190109500,서울특별시 강남구 삼성로81길 39(지상1층 대치동)
20190109542,서울특별시 강남구 강남대로124길 49(지하1층 논현동)
20190114370,서울특별시 송파구 충민로 66(NC백화점 송파점 패션관 7층 문정동)
20190114483,서울특별시 송파구 백제고분로40길 10(지층 1호 석촌동)
20190114785,서울특별시 송파구 올림픽로 240(롯데백화점  11층 잠실동)
20190114819,서울특별시 송파구 충민로 66(가든파이브라이프 엔씨백화점 영관2층 문정동)
20190114860,서울특별시 송파구 올림픽로 240(롯데백화점 잠실점 지하1층 잠실동)
20190115238,서울특별시 송파구 올림픽로 240(롯데월드 쇼핑몰 지하1층 잠실동)
20190115425,서울특별시 송파구 올림픽로35가길 16(홈플러스 잠실점 1층 신천동)
20190115784,"서울특별시 송파구 송파대로 111(호텔로203동 1층 105호 문정동, 파크하비오)"
20190115810,"서울특별시 송파구 송파대로 167(문정역테라타워 B동 1층 128,129호 문정동)"
20190115835,서울특별시 송파구 올림픽로 300(롯데백화점 에비뉴엘월드타워점 6층 신천동)
20190116276,서울특별시 송파구 올림픽로 240(롯데월드 어드벤처 지하1층 잠실동)
20190116831,서울특별시 송파구 송파대로37길 78(1층 석촌동)
20190116897,서울특별시 송파구 충민로 66(현대시티몰 가든파이브점 5층 문정동)
20190117007,서울특별시 송파구 올림픽로 300(롯데월드몰  5층 신천동)
20190117012,서울특별시 송파구 올림픽로 300(롯데월드몰 6층 신천동)
20190117069,서울특별시 송파구 올림픽로 300(롯데월드타워앤드롯데월드몰 6층 신천동)
20190117081,서울특별시 송파구 올림픽로 300(롯데월드몰점 6층 신천동)
20190117102,서울특별시 송파구 올림픽로 300(5층 신천동)
20190117117,서울특별시 송파구 올림픽로 300(롯데월드타워앤드롯데월드몰 3층 신천동)
20190117126,서울특별시 송파구 올림픽로 300(롯데월드타워앤드롯데월드몰 5층 신천동)
20190117171,"서울특별시 송파구 백제고분로48나길 4(1층 101호 방이동, 프라임하우스)"
20190117187,서울특별시 송파구 오금로46길 32(103호 가락동)
20190121157,서울특별시 강동구 천호대로 1005(현대백화점 12층 천호동)
20190126010,부산광역시 중구 구덕로34번길 5(1층 남포동2가)
20190126122,부산광역시 중구 중앙대로 2(롯데백화점광복점 지하 1층 중앙동7가)
20190126344,부산광역시 중구 남포길 47(1층 남포동2가)
20190128185,부산광역시 서구 구덕로322번길 65(1층 동대신동3가)
20190129016,부산광역시 동구 중앙대로 206(부산역사내 4층 초량동)
20190129242,부산광역시 동구 범일로 125(현대백화점 부산점 지상9층 범일동)
20190131144,부산광역시 부산진구 진연로9번길 68(1층 양정동)
20190131304,부산광역시 부산진구 동천로 58(A동 1층 102호 전포동)
20190131581,"부산광역시 부산진구 동성로 82(상가동 1층 103호 전포동, 부산전포사랑으로부영)"
20190131665,부산광역시 부산진구 가야대로 772(롯데백화점부산본점 9층 부전동)
20190131686,부산광역시 부산진구 가야대로 772(9층 부전동)
20190131690,부산광역시 부산진구 중앙대로 672(서면피에스타 1층 110호 부전동)
20190131702,부산광역시 부산진구 중앙대로 672(서면피에스타 5층 505호 부전동)
20190131716,부산광역시 부산진구 중앙대로 672(서면피에스타 6층 604호 부전동)
20190131739,부산광역시 부산진구 중앙대로 672(서면피에스타 13층 1305호 부전동)
20190131742,부산광역시 부산진구 중앙대로 672(삼정타워 6층 602호 부전동)
20190131743,부산광역시 부산진구 중앙대로 672(삼정타워 5층 507호 부전동)
20190131744,부산광역시 부산진구 중앙대로 672(5층 508호 부전동)
20190131790,부산광역시 부산진구 중앙대로 672(5층 501호 부전동)
20190131902,부산광역시 부산진구 중앙대로 672(삼정타워 8층 부전동)
20190132113,부산광역시 부산진구 가야대로 772(9층 부전동)
20190132226,부산광역시 부산진구 가야대로 772(지하1층 부전동)
20190132248,부산광역시 부산진구 서전로67번길 21(1층 전포동)
20190132499,부산광역시 부산진구 가야대로 772(지하1층 부전동)
20190134548,부산광역시 동래구 명안로86번길 58(1층 명장동)
20190137008,부산광역시 남구 용소로8번길 50(SD빌딩 1층 대연동)
20190137024,"부산광역시 남구 고동골로78번길 23(2동 3호 문현동, 한양아파트)"
20190137125,"부산광역시 남구 용소로21번길 75-1(1층 101호 대연동, 뜰에봄)"
20190137382,부산광역시 남구 전포대로 133(문현금융단지 IFC부산 복합시설 4층 근생 401일부호 문현동)
20190137383,부산광역시 남구 전포대로 133(문현금융단지 IFC부산 복합시설 4층 근생 401일부호 문현동)
20190139471,부산광역시 북구 금곡대로285번길 94(엘가 102호 화명동)
20190141019,부산광역시 해운대구 아랫반송로39번길 32(1층 반송동)
20190141356,부산광역시 해운대구 센텀남대로 35(신세계백화점센텀시티점 지하1층 일부호 우동)
20190141515,부산광역시 해운대구 센텀남대로 35(신세계백화점센텀시티점 9층 일부호 우동)
20190141571,부산광역시 해운대구 센텀4로 15(센텀시티 몰 4층 일부호 우동)
20190141922,"부산광역시 해운대구 송정중앙로 21(1,2층 송정동)"
20190142160,부산광역시 해운대구 센텀동로 6(홈플러스 센텀시티점 2층 우동)
20190142684,부산광역시 해운대구 해운대로 814(세종월드프라자 118호 좌동)
20190142702,부산광역시 해운대구 센텀동로 6(홈플러스 센텀시티점 2층 일부호 우동)
20190144177,부산광역시 사하구 승학로71번길 3(1층 당리동)
20190144231,부산광역시 사하구 장평로 282(1층 신평동)
20190144343,부산광역시 사하구 낙동대로302번길 24(1층 괴정동)
20190144612,"부산광역시 사하구 낙동대로516번길 48(8호 하단동, 하단에덴아파트)"
20190144748,부산광역시 사하구 동매로15번길 4(하단동)
20190144775,부산광역시 사하구 낙동남로 1413(아트몰링 16층 하단동)
20190144824,부산광역시 사하구 낙동남로 1413(아트몰링 16층 하단동)
20190147027,"부산광역시 금정구 금샘로 533(1,2층 남산동)"
20190147074,부산광역시 금정구 수림로66번길 81(1층 구서동)
20190147705,부산광역시 금정구 장전온천천로 45(1~3층 장전동)
20190149025,부산광역시 강서구 공항진입로 108(김해국제공항국제선터미널 3층 대저2동)
20190149451,부산광역시 강서구 낙동북로166번길 38(1층 일부 대저1동)
20190149585,부산광역시 강서구 명지국제6로 168(스타필드 시티 명지점 1층 1111호 명지동)
20190149629,부산광역시 강서구 명지국제6로 168(스타필드 시티 명지점 3층 3300호 명지동)
20190149669,부산광역시 강서구 신호이로 67(1층 일부호 신호동)
20190150118,부산광역시 연제구 연안로 9(1층 연산동)
20190150369,부산광역시 연제구 대리로6번길 115(1층 연산동)
20190150738,부산광역시 연제구 종합운동장로 7(홈플러스아시아드점 지하2층 거제동)
20190150741,부산광역시 연제구 종합운동장로 7(홈플러스아시아드점 지하2층 거제동)
20190152449,"부산광역시 수영구 수영로588번길 7(103호 광안동, 광안 협성엠파이어Ⅱ)"
20190152579,부산광역시 수영구 무학로 34(1층 광안동)
20190154411,부산광역시 사상구 사상로 200(엠시티빌딩 3층 301-1호 괘법동)
20190154615,부산광역시 사상구 양지로8번길 45-15(1층 주례동)
20190154622,"부산광역시 사상구 사상로 200(엠시티빌딩 1, 2층 107, 203호 괘법동)"
20190159099,"대구광역시 중구 중앙대로67길 11(401동 6호 남산동, 반월당역 서한포레스트)"
20190159395,"대구광역시 중구 남산로7길 7(303동 101호 남산동, 남산역 화성파크드림)"
20190159503,대구광역시 중구 동성로5길 25(401호 삼덕동1가)
20190161207,대구광역시 동구 동부로 149(신세계동대구복합환승센터 지하1층 신천동)
20190161245,대구광역시 동구 해동로 49-1(1층 지저동)
20190161413,대구광역시 동구 동대구로 454(8층 신천동)
20190161666,대구광역시 동구 화랑로91길 24(1층 방촌동)
20190162095,대구광역시 동구 이노밸리로 325(1층 103호 신서동)
20190162199,대구광역시 동구 동부로 149(신세계동대구복합환승센터 8층 신천동)
20190162318,"대구광역시 동구 팔공로 322-5(111동 1층 101호 봉무동, 봉무청구새들마을)"
20190164051,대구광역시 서구 달서로28길 5-12(비산동)
20190164147,대구광역시 서구 달서로 290-1(1층 원대동3가)
20190164242,대구광역시 서구 달구벌대로 1691(1층 102호 내당동)
20190167058,대구광역시 남구 현충로 170(호흡기전문질환센터 2층 대명동)
20190167350,대구광역시 남구 대명복개로 30(1층 대명동)
20190169138,"대구광역시 북구 팔거천동로 206(1층 105,106호 동천동)"
20190169376,"대구광역시 북구 침산로 153(1층 B9호 침산동, 명성푸르지오)"
20190169624,대구광역시 북구 관음중앙로 116(1층 관음동)
20190169653,대구광역시 북구 칠성로 41-1(1층 칠성동2가)
20190169901,"대구광역시 북구 옥산로17길 14(칠성동 리치프라자 1층 104,105호 칠성동2가)"
20190169903,대구광역시 북구 태평로 161(롯데백화점 대구역 지하2층 칠성동2가)
20190170440,대구광역시 북구 학정동로 42(1층 학정동)
20190170640,대구광역시 북구 옥산로17길 14(칠성동 리치프라자 1층 113호 칠성동2가)
20190175181,대구광역시 수성구 야구전설로 1(대구삼성라이온즈파크 2층 06호 연호동)
20190175225,대구광역시 수성구 상록로 43(1층 범어동)
20190175412,"대구광역시 수성구 달구벌대로637길 22-3(101동 점포1호 매호동, 매호리첸시아아파트)"
20190175418,대구광역시 수성구 신매로 30-1(1층 신매동)
20190175926,대구광역시 수성구 수성로 302(수성동2가)
20190176109,대구광역시 수성구 들안로1길 10-31(1층 상동)
20190176197,대구광역시 수성구 수성로43길 17-1(1층 중동)
20190176323,대구광역시 수성구 용학로 106-7(지하1층 두산동)
20190182015,대구광역시 달서구 월배로69안길 67(1층 송현동)
20190182376,대구광역시 달서구 달구벌대로 1035(계명대학교 동산의료원 새병원 지하1층 신당동)
20190182377,대구광역시 달서구 달구벌대로 1035(계명대학교 동산의료원 새병원 지하1층 신당동)
20190182378,대구광역시 달서구 달구벌대로 1035(계명대학교 동산의료원 새병원 지하1층 신당동)
20190182379,대구광역시 달서구 달구벌대로 1035(계명대학교 동산의료원 새병원 지하1층 신당동)
20190182380,대구광역시 달서구 달구벌대로 1035(계명대학교 동산의료원 새병원 지하1층 신당동)
20190182381,대구광역시 달서구 달구벌대로 1035(계명대학교 동산의료원 새병원 지하1층 신당동)
20190182428,대구광역시 달서구 달구벌대로 1035(계명대학교 동산의료원 새병원 지하1층 신당동)
20190182441,대구광역시 달서구 달구벌대로 1467(홈플러스 대구성서점 지하2층 용산동)
20190182458,대구광역시 달서구 달구벌대로 1035(계명대학교 동산의료원 새병원 지하1층 신당동)
20190183696,대구광역시 달서구 호산동로 159(1층 101호 호산동)
20190189050,대구광역시 달성군 구지면 과학마을로3길 9
20190189356,대구광역시 달성군 옥포읍 돌미상업로1길 21-22(1층 121~122호)
20190189413,대구광역시 달성군 화원읍 비슬로 2685
20190189653,대구광역시 달성군 현풍읍 테크노상업로 46(1층 102호)
20190189884,대구광역시 달성군 현풍읍 테크노상업로 26(116호)
20190192036,인천광역시 제물포구 신포로 16-1(1층 신생동)
20190192264,"인천광역시 영종구 신도시남로142번길 6(메가스타 영종 1동 106호, 107호 운서동)"
20190192269,인천광역시 영종구 영종해안남로321번길 186(파라다이스시티 플라자 1층 K101-1호 운서동)
20190192655,인천광역시 영종구 공항로 272(인천공항 제1여객터미널 일반동 3층 FB-P5-01호 운서동)
20190192717,인천광역시 영종구 공항로 272(인천공항 제1여객터미널 일반동  L/S 1층 3-36-05호 운서동)
20190192807,인천광역시 영종구 하늘달빛로 88(채운 에비뉴 1층 101호 중산동)
20190194093,인천광역시 제물포구 솔빛로 4(1층 송현동)
20190195168,인천광역시 미추홀구 연남로 35(롯데백화점 인천터미널점 6층 관교동)
20190195169,"인천광역시 미추홀구 연남로 35(인천종합터미널,롯데백화점 6층 관교동)"
20190195181,인천광역시 미추홀구 토금북로 33(용현동)
20190195353,"인천광역시 미추홀구 연남로 35(인천종합터미널,롯데백화점 지하1층 관교동)"
20190195359,"인천광역시 미추홀구 연남로 35(인천종합터미널,롯데백화점 지하1층 관교동)"
20190195428,"인천광역시 미추홀구 연남로 35(인천종합터미널,롯데백화점 지하1층 관교동)"
20190195642,"인천광역시 미추홀구 연남로 35(인천종합터미널,롯데백화점 지하1층 관교동)"
20190195645,인천광역시 미추홀구 연남로 35(롯데백화점 6층 관교동)
20190195656,인천광역시 미추홀구 연남로 35(롯데백화점 인천터미널점 6층 관교동)
20190195865,인천광역시 미추홀구 인하로77번길 8(용현동)
20190196171,인천광역시 미추홀구 숙골로 116(스카이프라자1 104.105호 도화동)
20190199142,인천광역시 연수구 컨벤시아대로230번길 42(송도아라플라자 1층 109호 송도동)
20190199181,인천광역시 연수구 앵고개로264번길 10-3(정오빌딩 2층 동춘동)
20190199227,"인천광역시 연수구 송도과학로16번길 33-2(송도 트리플스트리트 B동 138,213호 송도동)"
20190199363,인천광역시 연수구 옥련로 147(현프라자 103호 옥련동)
20190199443,인천광역시 연수구 먼우금로 88(상산빌딩 106호 동춘동)
20190199446,인천광역시 연수구 독배로40번길 29(대성빌딩 301호 옥련동)
20190199453,"인천광역시 연수구 센트럴로 123(송도컨벤시아 1층 M23,24호 송도동)"
20190199561,인천광역시 연수구 벚꽃로158번길 12(1층 일부호 연수동)
20190199694,인천광역시 연수구 먼우금로 256-1(1층 연수동)
20190199727,인천광역시 연수구 송도과학로16번길 33-3(송도 트리플스트리트 C동 103호 송도동)
20190200425,인천광역시 연수구 신송로 164(107호 송도동)
20190200474,"인천광역시 연수구 송도과학로27번길 15(104동 124,125호 송도동, 송도아메리칸타운아이파크)"
20190202028,인천광역시 남동구 서창남순환로215번길 36(리치프라자 1층 114호 서창동)
20190202042,"인천광역시 남동구 호구포로 214(대진메디컬프라자 1층 102일부호, 103호 논현동)"
20190202150,인천광역시 남동구 서창남순환로216번길 17(스카이플러스 1층 111호 서창동)
20190202335,인천광역시 남동구 석정로 518(엠타워 1동 1호 간석동)
20190202401,인천광역시 남동구 예술로226번길 17(구월프라움시티 A동 1층 106호 구월동)
20190203111,인천광역시 남동구 예술로 126(1층 116호 구월동)
20190203358,인천광역시 남동구 논현로46번길 14(리더스프라자 1층 104호 논현동)
20190203698,인천광역시 남동구 예술로192번길 39(우신빌딩 1층 구월동)
20190205744,"인천광역시 부평구 체육관로 14(삼산지구 복합시설 2층 201, 202, 203, 204호 삼산동)"
20190205849,인천광역시 부평구 시장로 19(로터스프라자 2층 부평동)
20190205861,인천광역시 부평구 장제로228번길 24(1층 일부호 부개동)
20190205995,인천광역시 부평구 길주로 641(근영프라자 1층 일부호 삼산동)
20190206085,인천광역시 부평구 경원대로 1220(1층 일부호 십정동)
20190206116,인천광역시 부평구 대정로36번길 21(2층 부평동)
20190208093,인천광역시 계양구 봉오대로 446(1층 일부호 효성동)
20190208136,인천광역시 계양구 임학동로 3(유림오피스텔 1층 101호 임학동)
20190208345,인천광역시 계양구 경명대로1029번길 19(1층 일부호 계산동)
20190208609,인천광역시 계양구 주부토로501번길 31(1층 일부호 계산동)
20190208742,인천광역시 계양구 도두리로 33(상산빌딩 1층 110호 계산동)
20190208782,인천광역시 계양구 오조산로45번길 12(유연프라자 2층 202호 계산동)
20190211203,인천광역시 서해구 가정로37번길 4(팩토리80 S101 일부호 가좌동)
20190211350,"인천광역시 서해구 염곡로 318(1층 석남동, 황해아파트)"
20190211567,인천광역시 검단구 완정로 172(서주빌딩 206호 마전동)
20190212474,인천광역시 서해구 새오개로111번안길 17(1층 일부호 신현동)
20190212798,"인천광역시 서해구 원적로 109(유니온프라자 108호,109호,110호 가좌동)"
20190212859,"인천광역시 검단구 원당대로 638(101호 당하동, 경원 하이뷰)"
20190214018,"인천광역시 강화군 화도면 해안남로1691번길 43-12(1,2동)"
20190217644,전남광주통합특별시 동구 중앙로 163(NC 웨이브 충장점 10층 충장로4가)
20190219014,전남광주통합특별시 서구 운천로 10-1(2층 금호동)
20190219021,전남광주통합특별시 서구 천변좌로 14(2층 광천동)
20190219311,"전남광주통합특별시 서구 화정로 211(상가동 101호 화정동, 유니버시아드 힐스테이트 2단지)"
20190219365,전남광주통합특별시 서구 금화로 240(롯데마트내 2층 풍암동)
20190219427,전남광주통합특별시 서구 무진대로 932(신세계백화점 지하1층 광천동)
20190219444,전남광주통합특별시 서구 무진대로 932(신세계백화점 지하1층 광천동)
20190219474,전남광주통합특별시 서구 무진대로 932(신세계백화점 지하1층 광천동)
20190219634,전남광주통합특별시 서구 상무중앙로 95(1층 치평동)
20190219723,전남광주통합특별시 서구 화운로125번길 1(1층 화정동)
20190222335,전남광주통합특별시 남구 광복마을길 75(1층 진월동)
20190224048,전남광주통합특별시 북구 동운로213번길 27-1(1층 운암동)
20190224615,"전남광주통합특별시 북구 비엔날레로 109(중흥아파트 107동 1층 1,2호 용봉동)"
20190224627,전남광주통합특별시 북구 양일로 54(1층 102호 연제동)
20190225014,전남광주통합특별시 북구 서강로 89(1층 106호 운암동)
20190225066,전남광주통합특별시 북구 북문대로 79(벽산 블루밍1차아파트 102동 1층 상가104호 운암동)
20190225200,전남광주통합특별시 북구 하서로483번길 2(1층 102호 본촌동)
20190225225,전남광주통합특별시 북구 군왕로 147-2(1층 두암동)
20190230006,전남광주통합특별시 광산구 사암로216번길 38-6(108호 우산동)
20190230276,"전남광주통합특별시 광산구 첨단강변로87번길 5(야스텍타워 2층 206,207호 쌍암동)"
20190230591,전남광주통합특별시 광산구 월계로 217(쌍암동 첨단프라자 1층 124일부호 쌍암동)
20190230786,전남광주통합특별시 광산구 첨단강변로99번길 51(1층 102호 쌍암동)
20190230989,전남광주통합특별시 광산구 임방울대로826번길 30(1층 108호 월계동)
20190231195,"전남광주통합특별시 광산구 임방울대로826번길 47(1층 101,102일부호 쌍암동)"
20190231237,전남광주통합특별시 광산구 임방울대로800번길 63(1층 월계동)
20190236744,대전광역시 중구 대흥로165번길 44(1층 대흥동)
20190236796,대전광역시 중구 중앙로130번길 9(1층 대흥동)
20190236826,대전광역시 중구 계룡로874번길 73(1층 오류동)
20190239496,대전광역시 서구 계룡로 598(롯데백화점 지하1층 괴정동)
20190240211,대전광역시 서구 대덕대로 211(갤러리아타임월드백화점 지하2층 일부 둔산동)
20190240298,대전광역시 서구 대덕대로 211(갤러리아타임월드백화점 지하2층 일부 둔산동)
20190240313,대전광역시 서구 도안동로11번길 45(KD U PLAZA 5층 510호 도안동)
20190240376,대전광역시 서구 도산로 41(1층 일부 도마동)
20190240690,대전광역시 서구 대덕대로 211(갤러리아타임월드백화점 11층 둔산동)
20190240829,대전광역시 서구 봉우로8번길 23(501일부호 관저동)
20190243178,대전광역시 유성구 학하중앙로59번길 5-13(지상1층 덕명동)
20190243817,대전광역시 유성구 계룡로 127(라마다호텔 지상3층 봉명동)
20190246454,대전광역시 대덕구 계족산로81번길 107(1층 송촌동)
20190246462,대전광역시 대덕구 중리로 48(1층 중리동)
20190249130,울산광역시 중구 종가5길 85(1층 유곡동)
20190249177,울산광역시 중구 종가6길 32(6층 601호 우정동)
20190249678,울산광역시 중구 종가2길 2-1(유곡동)
20190251105,"울산광역시 남구 동산로69번길 14(101호 신정동, 문수로2차아이파크2단지)"
20190251414,울산광역시 남구 대학로145번길 38(1층 무거동)
20190251632,울산광역시 남구 왕생로62번길 19(1층 달동)
20190251684,울산광역시 남구 삼산로 282(롯데호텔 1층 삼산동)
20190251984,울산광역시 남구 삼산로35번길 17(1층 신정동)
20190252058,울산광역시 남구 삼산로 261(현대백화점 12층 삼산동)
20190252396,울산광역시 남구 문수로335번길 6(1층 106호 옥동)
20190258041,울산광역시 북구 진장유통로 35(지상2층 진장동)
20190258254,울산광역시 북구 강동산하2로 7(블루마시티KCC스위첸 201동 지상3층 산하동)
20190258335,울산광역시 북구 괴정1길 114(지상1층 매곡동)
20190258522,울산광역시 북구 중산로 43(U-스타시티일동미라주 더 스타3단지 309동 지상1층 103호 중산동)
20190258566,울산광역시 북구 송정16길 20(지상1층 송정동)
20190258591,울산광역시 북구 송정16길 28(지상1층 101호일부호 송정동)
20190258763,울산광역시 북구 매산1로 17(신천CGV LEEPLEX 지상6층 신천동)
20190262399,세종특별자치시 조치원읍 대첩로 75(세종메디컬프라자 109호)
20190262541,세종특별자치시 시청대로 209(금강르네상스 1층 106호 보람동)
20190262762,세종특별자치시 보듬3로 91(해피라움4 1층 120호 아름동)
20190262831,"세종특별자치시 다정남로 130(가온마을11단지 근린생활시설 B동 1층 B-113A,B-114B호 다정동)"
20190262987,"세종특별자치시 다정남로 130(가온마을11단지 근린생활시설 B동 1층 B-103,B-104,B-105호 다정동)"
20190263346,"세종특별자치시 시청대로 547(근린생활시설동 1층 117호 반곡동, 수루배마을9단지)"
20190263494,"세종특별자치시 새롬중앙로 62-15(해피라움W 1층 137, 138호 새롬동)"
20190263710,"세종특별자치시 나성북로 30(퍼스트원 1층 196,197호 나성동)"
20190272056,경기도 수원시 팔달구 인계로 154(동수원뉴코아아울렛 8층 인계동)
20190272080,경기도 수원시 팔달구 덕영대로 924(AK플라자 6층 매산로1가)
20190272243,경기도 수원시 팔달구 덕영대로 924(AK플라자 6층 매산로1가)
20190272331,경기도 수원시 팔달구 덕영대로 924(AK플라자 지하1층 매산로1가)
20190272384,경기도 수원시 팔달구 동말로77번길 26(1층 화서동)
20190272394,경기도 수원시 팔달구 덕영대로 924(AK플라자 6층 매산로1가)
20190272416,경기도 수원시 팔달구 갓매산로 58(장영빌딩 1층 고등동)
20190272497,경기도 수원시 팔달구 인계로 154(동수원뉴코아아울렛 지하1층 인계동)
20190274304,경기도 수원시 영통구 권선로908번길 53(1층 105호 신동)
20190274364,경기도 수원시 영통구 센트럴타운로 103(더블유타워 1층 105호 이의동)
20190274463,경기도 수원시 영통구 영통로 100(세호프라자 1층 108호 망포동)
20190274520,"경기도 수원시 영통구 센트럴타운로 111(광교스타힐스 오피스텔 2층 201,202호 이의동)"
20190274556,경기도 수원시 영통구 영일로 3(1층 104호 영통동)
20190274613,경기도 수원시 영통구 광교중앙로 145(광교엘포트아이파크 1층 이의동)
20190274787,경기도 수원시 영통구 영통로200번길 59(1층 101호 102호중 일부호 영통동)
20190276150,경기도 수원시 장안구 조원로 71(1층 조원동)
20190278229,경기도 수원시 권선구 금호로 73-5(1층 금곡동)
20190278318,경기도 수원시 권선구 금곡로 219(리더스 빌딩 10층 금곡동)
20190278580,경기도 수원시 권선구 세화로 134(롯데몰 수원점 3층 서둔동)
20190278617,경기도 수원시 권선구 세화로 134(롯데몰 수원점 3층 서둔동)
20190282285,경기도 성남시 수정구 위례광장로 104(위례 한화 오벨리스크 센트럴스퀘어 2층 2246일부호 창곡동)
20190282325,경기도 성남시 수정구 위례광장로 21-6(정프라자 1층 가-103호 창곡동)
20190282509,"경기도 성남시 수정구 위례광장로 21-8(새움빌딩 1,2호 창곡동)"
20190282545,"경기도 성남시 수정구 산성대로 267(3층 319, 320호 신흥동)"
20190282581,경기도 성남시 수정구 위례서일로3길 4-6(1층 일부호 창곡동)
20190286013,경기도 성남시 분당구 야탑로81번길 11(NC백화점 지하1일부층 야탑동)
20190286206,경기도 성남시 분당구 판교역로146번길 20(현대백화점 판교점 지하1층 일부호 백현동)
20190286630,경기도 성남시 분당구 느티로 16(젤존타워1 1층 105호 정자동)
20190286631,경기도 성남시 분당구 판교로 497(1층 일부 야탑동)
20190286975,"경기도 성남시 분당구 판교역로 145(타워2동 1층 113호, 114호, 115호 백현동, 알파리움2단지)"
20190287293,"경기도 성남시 분당구 성남대로331번길 13(1층 117호, 118호 정자동)"
20190287372,경기도 성남시 분당구 판교역로146번길 20(현대백화점 판교점 지하1일부층 백현동)
20190287392,경기도 성남시 분당구 내정로129번길 33(1일부층 정자동)
20190287419,경기도 성남시 분당구 야탑로81번길 11(NC백화점 7일부층 야탑동)
20190287552,경기도 성남시 분당구 성남대로779번길 22(이매상가 1일부층 이매동)
20190288044,경기도 성남시 분당구 판교역로146번길 20(현대백화점 판교점 3일부층 백현동)
20190288134,"경기도 성남시 분당구 미금일로90번길 32(1층 108호, 109호, 110호 구미동)"
20190288244,"경기도 성남시 분당구 대왕판교로606번길 10(1층 112,113,114호 백현동, 알파리움1단지)"
20190290474,경기도 의정부시 평화로 525(의정부민자역사 지상9층 의정부동)
20190290501,경기도 의정부시 민락로 392(지상1층 낙양동)
20190290551,경기도 의정부시 평화로 525(의정부신세계백화점 9층 의정부동)
20190290611,경기도 의정부시 평화로 512(1층 의정부동)
20190290648,경기도 의정부시 청사로 38(삼성홈플러스 지상1층 금오동)
20190290649,경기도 의정부시 청사로 38(삼성홈플러스 지상1층 금오동)
20190290689,경기도 의정부시 청사로 38(삼성홈플러스 지상1층 금오동)
20190295058,경기도 안양시 만안구 장내로149번길 41(3층 일부호 안양동)
20190295093,경기도 안양시 만안구 박달로 516(1층 박달동)
20190297137,경기도 안양시 동안구 평촌대로 131(아카데미센터 1층 102일부호 호계동)
20190297171,경기도 안양시 동안구 동안로 119(범계뉴코아 일부 지2층 호계동)
20190299419,경기도 부천시 소사구 경인로120번길 26(103호 송내동)
20190299771,경기도 부천시 원미구 길주로 300(롯데백화점 지하1층일부 중동)
20190299995,경기도 부천시 소사구 성주로200번길 19(아람빌딩 1층 일부호 심곡본동)
20190300161,경기도 부천시 소사구 부천로 1(부천역사쇼핑몰 지하1층 B-03호 심곡본동)
20190300305,경기도 부천시 소사구 송내대로42번길 17(1층 일부호 송내동)
20190301004,경기도 부천시 소사구 옥길로 1(스타필드시티 부천 1층 일부호 옥길동)
20190301067,경기도 부천시 소사구 옥길로 1(스타필드시티 부천 4층 일부호 옥길동)
20190301167,경기도 부천시 소사구 소삼로 46(드림타워  A동 1층 104호 소사본동)
20190301236,"경기도 부천시 오정구 소사로 680(1층 102호,1031/2호 작동)"
20190301703,경기도 부천시 오정구 원종로 82(먼마루상가A 1층 일부호 원종동)
20190319181,경기도 광명시 오리로 912(1층 일부호 광명동)
20190319194,경기도 광명시 안재로2번길 21(1층 하안동)
20190319425,"경기도 광명시 신기로 21(GSsteelTower 1층 102,103호 일직동)"
20190319564,경기도 광명시 도덕로 63(에덴프라자 1층 106호~107호 광명동)
20190319615,경기도 광명시 오리로 857(일청빌딩 2층 205호 철산동)
20190319730,경기도 광명시 하안로 293-6(두원빌딩 2층 하안동)
20190321233,"경기도 평택시 상서재로 55(339동 01호 동삭동, 평택센트럴자이 3단지)"
20190321589,"경기도 평택시 비전5로 20-10(골든프라자-Ⅳ 1층 101, 102호 비전동)"
20190322059,경기도 평택시 평택로 51(평택민자역사AK백화점 7층 평택동)
20190323001,"경기도 평택시 이충로35번길 28-7(베스트대우프라자 101호,103호 이충동)"
20190323286,"경기도 평택시 관광특구로 19(롯데시네마 211호, 212호 서정동)"
20190328220,경기도 안산시 상록구 반석로 76(1층일부 본오동)
20190331032,경기도 안산시 단원구 석수로 45(1층일부 선부동)
20190331079,경기도 안산시 단원구 고잔1길 12(롯데백화점 지하1층일부 고잔동)
20190331094,경기도 안산시 단원구 고잔1길 12(롯데백화점 지하1층일부 고잔동)
20190331098,경기도 안산시 단원구 중앙대로 907(안산종합상가 2122호 고잔동)
20190331458,"경기도 안산시 단원구 예술대학로 17(안산중앙노블레스 206,207,208호 고잔동)"
20190331475,"경기도 안산시 단원구 달미로 63(한양프라자 127,128호 선부동)"
20190331516,"경기도 안산시 단원구 광덕대로 162(창진타운 129~133, 137~139호 고잔동)"
20190331541,경기도 안산시 단원구 초지로 90(태영프라자 117호 초지동)
20190331642,"경기도 안산시 단원구 광덕대로 194(스타맥스타워1 지하1층 12,13,14,15,16호 고잔동)"
20190331645,"경기도 안산시 단원구 광덕대로 194(스타맥스타워1 지하1층 85,86호 고잔동)"
20190331647,"경기도 안산시 단원구 광덕대로 194(스타맥스타워1 지하1층 6,7,8,9,10,11호 고잔동)"
20190331651,"경기도 안산시 단원구 광덕대로 194(스타맥스타워1 지하1층 104,105,108,109호 고잔동)"
20190331653,"경기도 안산시 단원구 광덕대로 194(스타맥스타워1 지하1층 122,123호 고잔동)"
20190331658,"경기도 안산시 단원구 광덕대로 194(스타맥스타워1 지하1층 76,77,78호 고잔동)"
20190331662,경기도 안산시 단원구 광덕대로 194(스타맥스타워1 지하1층 1~5호  고잔동)
20190331666,"경기도 안산시 단원구 광덕대로 194(스타맥스타워1 지하1층 18,19,20,21,21-1,22호 고잔동)"
20190331672,"경기도 안산시 단원구 광덕대로 194(스타맥스타워2 지하1층 1,2,3,4,5,6호 고잔동)"
20190331693,경기도 안산시 단원구 광덕3로 167-10(유니프라자 101호 고잔동)
20190339009,경기도 고양시 덕양구 무원로36번길 29(1전체층 행신동)
20190339500,경기도 고양시 덕양구 화중로 60(화정종합상가 108호 화정동)
20190339600,경기도 고양시 덕양구 고양대로 1955(스타필드 고양 1층 일부호 동산동)
20190341322,경기도 고양시 일산동구 숲속마을로 50-70(영진프라자 202일부호 풍동)
20190341393,경기도 고양시 일산동구 중앙로 1283(롯데백화점일산점 10층 일부호 장항동)
20190341567,경기도 고양시 일산동구 성현로 119(1동 1층 전체호 성석동)
20190341589,경기도 고양시 일산동구 대산로31번길 5-4(1층 일부호 정발산동)
20190341660,경기도 고양시 일산동구 정발산로 31-21(맥클린21 106호 장항동)
20190343167,경기도 고양시 일산서구 호수로838번길 74-112(1일부층 대화동)
20190343284,경기도 고양시 일산서구 킨텍스로 217-6(현대모터스튜디오고양 1층일부호 대화동)
20190343447,경기도 고양시 일산서구 호수로 817(킨텍스 현대백화점 지하1층 대화동)
20190343667,경기도 고양시 일산서구 중앙로 1496(롯데마트상가동 1층 일부호 주엽동)
20190345102,경기도 과천시 중앙로 429(1층 과천동)
20190345140,경기도 과천시 경마공원대로 107(한국마사회해피빌 1층 주암동)
20190346346,경기도 구리시 이문안로 93(동은빌딩 1층 좌103호 1층 수택동)
20190346552,"경기도 구리시 산마루로 18(101,102호 갈매동)"
20190346556,경기도 구리시 안골로 98(1층 수택동)
20190346677,경기도 구리시 경춘로 261(롯데백화점 구리점 지하1층 인창동)
20190346752,경기도 구리시 이문안로136번길 7(서라벌주차빌딩 105호 토평동)
20190349287,경기도 남양주시 화도읍 맷돌로91번길 4-14(지1층 일부호)
20190349343,경기도 남양주시 다산중앙로82번안길 143-17(다산지금지구 F2-8-4 1층 일부호 다산동)
20190349702,"경기도 남양주시 다산중앙로145번길 17(메트로타워Ⅰ 1층 105,106호 다산동)"
20190349807,경기도 남양주시 화도읍 창현로 51(1층일부)
20190352283,경기도 오산시 수목원로 466(1층 105호 금암동)
20190352688,경기도 오산시 원동로 22(302호 일부 원동)
20190354969,경기도 시흥시 은계번영길 5(은계푸리마타워 110호 은행동)
20190355136,경기도 시흥시 중심상가3길 24(1층 102호 정왕동)
20190355260,"경기도 시흥시 서울대학로278번길 8(아브뉴프랑 센트럴 레드 2층 B-227,B-228호 정왕동)"
20190355390,"경기도 시흥시 마유로 416(월드프라자 102,103,104호 정왕동)"
20190355426,경기도 시흥시 정왕대로 74(트윈프라자 A동 113호 정왕동)
20190355490,"경기도 시흥시 은계번영길 28(1층 106,107호 은행동)"
20190355559,"경기도 시흥시 월곶중앙로 53(1층 102호,103호 월곶동)"
20190355812,경기도 시흥시 배곧4로 32-29(파크뷰 1층 106호 정왕동)
20190355909,"경기도 시흥시 승지로 54(한일프라자 1층 102,103호 능곡동)"
20190358178,경기도 군포시 번영로 485(롯데 피트인 산본 8층 산본동)
20190358220,경기도 군포시 산본로323번길 16-30(성보빌딩 지층 2호 산본동)
20190358226,경기도 군포시 산본로 339(보람타워 1층 7.8호 산본동)
20190361500,경기도 하남시 미사대로 750(스타필드 하남 지하1층 지250호 신장동)
20190361668,경기도 하남시 미사강변중앙로111번안길 11(1층 일부 호 풍산동)
20190361762,경기도 하남시 하남대로802번길 66(1층 신장동)
20190361990,경기도 하남시 미사강변중앙로 174(해링턴타워 레이크파크 2층 207~212호 망월동)
20190362011,경기도 하남시 미사강변대로226번길 9(송하빌딩 2층 202호 망월동)
20190362040,경기도 하남시 하남대로802번길 68(아트빌딩 1층 신장동)
20190362257,경기도 하남시 미사대로 750(스타필드 하남 2층 신장동)
20190362290,"경기도 하남시 미사강변중앙로 181(1층 101호, 102호, 103호 망월동)"
20190362334,"경기도 하남시 미사강변동로 121(더랜드시티 2층 211,212,213호 망월동)"
20190362426,경기도 하남시 미사대로 750(스타필드 하남 1층 신장동)
20190362531,"경기도 하남시 미사강변중앙로 164(미타워 1층 112,113,114호 망월동)"
20190364195,경기도 용인시 처인구 명지로40번길 13(연세프라자 1층 102호 역북동)
20190364287,경기도 과천시 과천대로7길 26(센텀스퀘어B타워 1층 143호 갈현동)
20190364398,경기도 용인시 처인구 낙은로 38(SK빌딩 1층 일부 역북동)
20190364713,"경기도 용인시 처인구 고림로200번길 1(1층 102,103호 고림동)"
20190365251,경기도 용인시 처인구 백암면 백암로185번길 5(1층 일부)
20190367323,경기도 용인시 기흥구 신고매로 62(IKEA Korea 기흥점 지하1층 일부호 고매동)
20190367334,경기도 용인시 기흥구 한보라2로14번길 3-5(1층일부 보라동)
20190369737,경기도 용인시 수지구 수풍로117번길 2-1(지하 1층 일부호 동천동)
20190369754,경기도 용인시 수지구 성복2로 38(롯데몰성복점 4층 일부호 성복동)
20190369763,경기도 용인시 수지구 성복2로 38(롯데몰성복점 지하1층 일부호 성복동)
20190369775,경기도 용인시 수지구 성복2로 38(롯데몰성복점 지하 1층 일부호 성복동)
20190369776,경기도 용인시 수지구 성복2로 38(롯데몰성복점 지하1층 일부호 성복동)
20190369787,경기도 용인시 수지구 성복2로 38(롯데몰성복점 지하1층 일부호 성복동)
20190369790,경기도 용인시 수지구 성복2로 38(롯데몰성복점 지하1층 일부호 성복동)
20190369814,경기도 용인시 수지구 성복2로 38(롯데몰성복점 지하1층 일부호 성복동)
20190369824,경기도 용인시 수지구 성복2로 38(롯데몰성복점 4층 일부호 성복동)
20190369826,경기도 용인시 수지구 성복2로 38(롯데몰성복점 지하1층 일부호 성복동)
20190369830,경기도 용인시 수지구 성복2로 38(롯데몰성복점 지하1층 일부호 성복동)
20190369841,경기도 용인시 수지구 성복2로 38(롯데몰성복점 4층 일부호 성복동)
20190369843,경기도 용인시 수지구 성복2로 38(롯데몰성복점 4층 일부호 성복동)
20190369851,경기도 용인시 수지구 성복2로 38(롯데몰성복점 4층 일부호 성복동)
20190369857,경기도 용인시 수지구 성복2로 38(롯데몰성복점 지하1층 일부호 성복동)
20190369859,경기도 용인시 수지구 성복2로 38(롯데몰성복점 4층 일부호 성복동)
20190369863,경기도 용인시 수지구 성복2로 38(롯데몰성복점 지하1층 일부호 성복동)
20190369866,경기도 용인시 수지구 성복2로 38(롯데몰성복점 지하1층 일부호 성복동)
20190369867,경기도 용인시 수지구 성복2로 38(롯데몰성복점 4층 일부호 성복동)
20190369873,경기도 용인시 수지구 성복2로 38(롯데몰성복점 4층 일부호 성복동)
20190369875,경기도 용인시 수지구 성복2로 38(롯데몰성복점 4층 일부호 성복동)
20190369878,경기도 용인시 수지구 성복2로 38(롯데몰성복점 4층 일부호 성복동)
20190369879,경기도 용인시 수지구 성복2로 38(롯데몰성복점 지하1층 일부호 성복동)
20190369884,경기도 용인시 수지구 성복2로 38(롯데몰성복점 4층 일부호 성복동)
20190369894,경기도 용인시 수지구 성복2로 38(롯데몰성복점 지하1층 일부호 성복동)
20190370105,경기도 용인시 수지구 포은대로 536(주신세계 사우스시티 7층 일부호 죽전동)
20190370167,경기도 용인시 수지구 포은대로 536(주신세계 사우스시티 7층 일부호 죽전동)
20190370181,경기도 용인시 수지구 포은대로 536(주신세계 사우스시티 7층 일부호 죽전동)
20190370261,경기도 용인시 수지구 성복2로76번길 26-3(드림타워 2층 205호 성복동)
20190371054,경기도 파주시 미래로 369-27(106호 동패동)
20190372058,경기도 파주시 파주로 266(아이비타워 201호 동패동)
20190372164,경기도 파주시 문산읍 방촌로 1725(좋은빌딩3 109호)
20190372259,경기도 파주시 탄현면 필승로 200(파주프리미엄아울렛 푸드코트)
20190372273,경기도 파주시 탄현면 필승로 200(파주프리미엄아울렛 푸드코트 내)
20190372276,경기도 파주시 탄현면 필승로 200(파주프리미엄아울렛 푸드코트내 819호)
20190372297,경기도 파주시 탄현면 필승로 200(파주프리미엄아울렛2층 813호)
20190372606,경기도 파주시 탄현면 필승로 200(파주프리미엄아울렛 2층 713호)
20190372691,경기도 파주시 문산읍 방촌로 1721(우리메디컬프라자 101호)
20190372927,"경기도 파주시 청암로17번길 41(아이온프라자 106, 107호 목동동)"
20190372973,"경기도 파주시 문산읍 방촌로 1729(101, 102호)"
20190374021,"경기도 이천시 구만리로 191(안흥동, 롯데캐슬 골드스카이)"
20190374537,경기도 이천시 안흥로 53(1층 갈산동)
20190374710,경기도 이천시 마장면 오천로 49(1층 102호)
20190374895,경기도 이천시 마장면 중앙로5번길 6(드림주택 1층)
20190374927,경기도 이천시 마장면 중부고속도로 82(2층)
20190376367,"경기도 안성시 남파로 73-3(안성신소현코아루상가동 101,102호 신소현동)"
20190376611,경기도 안성시 석정2길 26(1층 석정동)
20190378190,경기도 김포시 김포한강7로 93(월드에비뉴주차빌딩 1층 102호 구래동)
20190378243,경기도 김포시 김포한강9로12번길 7-15(1층 전체호 구래동)
20190378654,경기도 김포시 고촌읍 은행영사정로23번길 23(상가동 지1층 20호 고촌행정타운한양수자인)
20190379011,경기도 김포시 김포한강8로162번길 7(서현프라자 1층 107~108호 마산동)
20190379032,경기도 김포시 김포한강1로97번길 56(1층 일부호 장기동)
20190379140,"경기도 김포시 김포한강7로22번길 174-116(101호, 103호 마산동)"
20190379385,"경기도 김포시 김포한강9로75번길 56(112,113일부호 구래동)"
20190379426,"경기도 김포시 김포한강8로 332(311동 1층 103호 구래동, 호반베르디움 더 레이크 3차)"
20190379501,경기도 김포시 양촌읍 봉수대로 1863-2(가동 1층)
20190380077,경기도 김포시 고촌읍 아라육로152번길 100(현대프리미엄아울렛 3층)
20190380087,경기도 김포시 고촌읍 아라육로152번길 100(현대프리미엄아울렛 3층)
20190380123,경기도 김포시 관순로 28(현중빌딩 1층 105호 사우동)
20190382079,경기도 화성시 동탄구 동탄순환대로 253(모닝그레이스빌딩 1동 1층 107호 산척동)
20190382387,경기도 화성시 동탄구 동탄순환대로 127-5(우성센트럴타워 1층 110호 산척동)
20190382569,"경기도 화성시 동탄구 동탄광역환승로 73(207동 지1층 E030호 오산동, 동탄역 반도유보라 아이비파크 8.0)"
20190382915,경기도 화성시 동탄구 동탄산척로2가길 33(1층 일부호 산척동)
20190383041,경기도 화성시 동탄구 동탄지성로 108(동탄삼성프라자 1층 102호 반송동)
20190383245,경기도 화성시 만세구 꽃내음2길 12-2(101호 새솔동)
20190383760,경기도 화성시 동탄구 동탄산척로2가길 11(1층 일부호 산척동)
20190383867,"경기도 화성시 동탄구 동탄광역환승로 63(106동 1층 131,132호 여울동, 동탄역 반도유보라 아이비파크 7.0)"
20190383958,경기도 화성시 동탄구 동탄순환대로5길 5-5(1층 송동)
20190384722,"경기도 화성시 동탄구 동탄대로시범길 134(판매시설동 지하1층 0012호,0013호 청계동, 시범 반도유보라 아이비파크4.0)"
20190384815,경기도 화성시 동탄구 동탄반송2길 15-1(1층 전체호 반송동)
20190385524,"경기도 화성시 동탄구 동탄대로시범길 134(지1층 0008,0009호 청계동, 시범 반도유보라 아이비파크4.0)"
20190385526,경기도 화성시 동탄구 동탄산척로2나길 6-4(1층 전부호 산척동)
20190385723,경기도 화성시 만세구 남양읍 역골로 29-16(1층 일부102호)
20190385886,"경기도 화성시 동탄구 동탄순환대로 249(효천프라자 2층 202,203호 산척동)"
20190385930,경기도 화성시 만세구 마도면 쌍송북로 111(1층 일부)
20190387170,경기도 광주시 신현로 28(나동 1층)
20190387806,경기도 광주시 도척면 도척윗로 278(곤지암리조트 스키장지구 스키하우스 2층)
20190388409,경기도 광주시 이배재로 150(1층 목현동)
20190389222,경기도 양주시 옥정동로7길 91(주건축물제1동 104호 옥정동)
20190389255,경기도 양주시 옥정로 139(다올스퀘어빌딩 102호 옥정동)
20190389436,경기도 양주시 옥정로 196(파스시티 118호 옥정동)
20190389808,경기도 양주시 옥정동로5다길 9(1층일부 옥정동)
20190389860,경기도 양주시 남면 개나리길 54(1층)
20190391083,경기도 포천시 소흘읍 태봉로166번길 11-10(1층)
20190391669,경기도 포천시 군내면 청군로 2856-93(주건축물제2동 2층)
20190393208,경기도 여주시 세종로 396-4(점봉프라자 108호 점봉동)
20190393235,경기도 여주시 세종로237번길 22-16(지하1층 교동)
20190393287,경기도 여주시 명품로 360(여주프리미엄아울렛 푸드코트 상거동)
20190393294,경기도 여주시 명품로 360(여주프리미엄아울렛 푸드코트 B100동 1층 135호 상거동)
20190393298,경기도 여주시 명품로 360(여주프리미엄아울렛 푸드코트 B100동 1층 125호 상거동)
20190393300,경기도 여주시 명품로 360(여주프리미엄아울렛 푸드코트 B100동 1층 134호 상거동)
20190393301,경기도 여주시 명품로 360(여주프리미엄아울렛 푸드코트B 100동 1층 130호 상거동)
20190396218,경기도 양평군 강하면 강남로 316(현대블룸비스타 B동 1층)
20190398121,"강원특별자치도 춘천시 방송길 77(1층 1115, 1135호 온의동, 춘천 센트럴타워 푸르지오)"
20190399003,강원특별자치도 춘천시 퇴계로145번길 7-13(퇴계동)
20190401041,강원특별자치도 원주시 지정면 무릉로 39(114호)
20190401495,"강원특별자치도 원주시 만대로 21-1(1층 101, 102호 무실동)"
20190401648,강원특별자치도 원주시 백간길 25(지1층 단계동)
20190401861,"강원특별자치도 원주시 지정면 신지정로 190(1층 101,102,103호)"
20190402104,강원특별자치도 원주시 백간공원길 15-2(1층 단계동)
20190402174,강원특별자치도 원주시 북원로 2235-4(1층 109호 단계동)
20190402188,강원특별자치도 원주시 다박골길 8(1층 원동)
20190402468,강원특별자치도 원주시 봉화로 26(1층 단계동)
20190402477,강원특별자치도 원주시 지정면 신지정로 322-1(2층 209호)
20190404008,강원특별자치도 강릉시 선수촌로 69(유천메타폴리스 1층 109호 홍제동)
20190404509,강원특별자치도 강릉시 경강로 2322(1층 포남동)
20190404763,강원특별자치도 강릉시 사천면 방동길 27(101호)
20190404772,강원특별자치도 강릉시 옥계면 동해고속도로 320(1층)
20190405004,강원특별자치도 강릉시 성덕로 316-11(1층 입암동)
20190405099,강원특별자치도 강릉시 선수촌로 72(103호 홍제동)
20190405129,강원특별자치도 강릉시 정원로 42(1층 교동)
20190407138,"강원특별자치도 동해시 평릉길 32(1층 109,110호 평릉동)"
20190407187,강원특별자치도 동해시 감추3길 7(1층 천곡동)
20190407202,강원특별자치도 동해시 한섬로 126-3(1층 102호 천곡동)
20190407220,강원특별자치도 동해시 동해대로 6188(해오름가족호텔 다동 1층 망상동)
20190407374,강원특별자치도 동해시 평원5길 12-3(1층 평릉동)
20190409100,강원특별자치도 태백시 황지로 13-1(황지동)
20190410028,강원특별자치도 속초시 조양로21번길 11(조양동)
20190410413,강원특별자치도 속초시 교동로7길 24(1층 103호 교동)
20190411077,강원특별자치도 삼척시 새천년도로 622(1층 갈천동)
20190414029,강원특별자치도 영월군 영월읍 제방안길 16-1(1층 120호)
20190414053,강원특별자치도 영월군 영월읍 제방안길 16-1(118호)
20190414067,강원특별자치도 영월군 영월읍 중앙1로 31
20190414091,강원특별자치도 영월군 영월읍 하송로 35
20190415068,강원특별자치도 평창군 대관령면 솔봉로 278-9(1동)
20190415082,강원특별자치도 평창군 진부면 청송로 90(1층)
20190415172,강원특별자치도 평창군 대관령면 눈마을길 23(1층)
20190416114,강원특별자치도 정선군 사북읍 하이원길 265(강원랜드 3층)
20190417092,강원특별자치도 철원군 동송읍 북원로 1148
20190417189,강원특별자치도 철원군 갈말읍 두루미로 84
20190421119,강원특별자치도 고성군 토성면 신평골길 8-25(켄싱턴리조트설악밸리)
20190426327,충청북도 청주시 상당구 산성로98번길 8-1(1층 금천동)
20190426374,충청북도 청주시 상당구 중흥로 191(1층 용암동)
20190426635,충청북도 청주시 상당구 중앙로 37(1층 북문로2가)
20190434169,충청북도 청주시 흥덕구 서현북로 36(1층 가경동)
20190434379,충청북도 청주시 흥덕구 비하로42번길 2(1층 101호 비하동)
20190434637,충청북도 청주시 흥덕구 오송읍 오송생명로 186(1층 103호)
20190434727,충청북도 청주시 흥덕구 직지대로 308(현대백화점 지하1층 복대동)
20190434898,충청북도 청주시 흥덕구 2순환로 1233(드림플러스 7층 일부호 가경동)
20190434904,충청북도 청주시 흥덕구 2순환로 1233(드림플러스 7층 일부호 가경동)
20190434908,충청북도 청주시 흥덕구 직지대로 308(현대백화점 6층 복대동)
20190435004,충청북도 청주시 흥덕구 직지대로 308(현대백화점 6층 일부호 복대동)
20190435047,충청북도 청주시 흥덕구 내수동로 16(1층 복대동)
20190438057,"충청북도 청주시 청원구 오창읍 중심상업로 30(1층 106,107호)"
20190438381,"충청북도 청주시 청원구 1순환로 142(1층 103,104,105호 율량동)"
20190442821,충청북도 충주시 호암수청2로 29(1층 104호 호암동)
20190444141,충청북도 제천시 강저로 246(1층 105호 강제동)
20190444362,충청북도 제천시 백운면 금봉로 365(클럽하우스동 2층)
20190444551,충청북도 제천시 소새로1길 11(1층 왕암동)
20190452479,충청북도 음성군 맹동면 장성1길 12(103호)
20190458060,충청남도 천안시 동남구 풍세면 풍세산단로 18-16(1층)
20190458081,충청남도 천안시 동남구 문암1길 71(1층 안서동)
20190458221,충청남도 천안시 동남구 만남로 48(7층 신부동)
20190458289,충청남도 천안시 동남구 만남로 43(본관2동 6층 신부동)
20190458291,충청남도 천안시 동남구 만남로 43(본관2동 6층 신부동)
20190458624,"충청남도 천안시 동남구 유량로 282(1,2층 유량동)"
20190458681,충청남도 천안시 동남구 광풍로 1800(1층 107호 청당동)
20190460031,충청남도 천안시 서북구 검은들3길 46(미래시티빌딩 7층 701~705호 불당동)
20190460106,충청남도 천안시 서북구 원두정10길 10(1동 1층 두정동)
20190460193,충청남도 천안시 서북구 공원로 227(지1층 불당동)
20190460357,충청남도 천안시 서북구 공원로 227(지하1층 불당동)
20190460592,"충청남도 천안시 서북구 불당26로 77(상가동 지하1층 143호 불당동, 천안불당 지웰더샵)"
20190460795,충청남도 천안시 서북구 공원로 227(8층 불당동)
20190460998,충청남도 천안시 서북구 미라8길 27-1(1층 쌍용동)
20190461069,충청남도 천안시 서북구 서부대로 700(J&J프라자 5층 성정동)
20190462554,"충청남도 당진시 송악읍 반촌로 140-38(101,102호)"
20190464043,충청남도 공주시 공주대학로 75(1층 신관동)
20190464423,충청남도 공주시 흑수골길 35(2층 신관동)
20190467122,충청남도 아산시 둔포면 아산밸리중앙로 80-13(정석프라자 1층 109호)
20190467169,충청남도 아산시 탕정면 탕정면로22번길 18(1층)
20190467197,충청남도 아산시 신창면 순천향로 321(1층)
20190467355,충청남도 아산시 신정로 713(지하1층 방축동)
20190467720,충청남도 아산시 시민로409번길 24-1(1층 온천동)
20190467901,"충청남도 아산시 둔포면 아산밸리중앙로 80-22(1층 101호,102호,107호)"
20190467923,충청남도 아산시 번영로234번길 16(3동 1층 1호 모종동)
20190469171,충청남도 서산시 예천1로 34(1층 103호 예천동)
20190469178,충청남도 서산시 성연면 성연5로 46(판매시설 1동 1층 103호 서산 골드클래스)
20190469409,충청남도 서산시 호수공원11로 30(1층 예천동)
20190469489,충청남도 서산시 호수공원7로 19(1층 101호 예천동)
20190469490,충청남도 서산시 성연면 성연3로 57-7(1층 104호)
20190470410,충청남도 논산시 대학로 87(1층 109호 내동)
20190477169,충청남도 홍성군 홍성읍 문화로 111
20190477263,충청남도 홍성군 홍성읍 소향길 66(1층)
20190477302,충청남도 홍성군 홍북읍 청사로48번길 10-1(태경프라자 1층 101호)
20190482195,"전북특별자치도 전주시 완산구 홍산1길 7(1층 137호 효자동2가, 전주 효자 SK Leaders VIEW)"
20190482503,"전북특별자치도 전주시 완산구 홍산1길 21(105동 1층 106호 효자동2가, 서희스타힐스)"
20190482822,전북특별자치도 전주시 완산구 모악로 4749(1층 평화동1가)
20190482938,전북특별자치도 전주시 완산구 평화18길 24-8(1층 평화동1가)
20190483086,전북특별자치도 전주시 완산구 새터로 52(1층 서신동)
20190485194,전북특별자치도 전주시 덕진구 세병로 137(에코시티자이2차상가 213동 1층 106호 송천동2가)
20190485388,"전북특별자치도 전주시 덕진구 천마산로 100(상가동 1층 105호 송천동1가, 진흥더블파크아파트)"
20190485566,전북특별자치도 전주시 덕진구 가리내6길 10(1층 일부호 덕진동2가)
20190485621,전북특별자치도 전주시 덕진구 안덕원로 373(1층 일부호 산정동)
20190485719,"전북특별자치도 전주시 덕진구 만성중앙로 45(센타프라자 1층 107호일부, 108호일부호 만성동)"
20190485750,전북특별자치도 전주시 덕진구 만성중앙로 17-8(1층 105.106호 만성동)
20190485860,전북특별자치도 전주시 덕진구 시천로 60(1층 일부호 송천동1가)
20190488156,전북특별자치도 군산시 나운로 69(나운동)
20190488575,전북특별자치도 군산시 궁포3로 7(101호 조촌동)
20190491183,전북특별자치도 익산시 선화로39길 27(남중동)
20190491210,전북특별자치도 익산시 선화로1길 16(모현동1가)
20190491468,전북특별자치도 익산시 선화로10길 24-2(1층 모현동1가)
20190491588,전북특별자치도 익산시 선화로6길 20(102호 모현동1가)
20190494242,전북특별자치도 정읍시 관통로 26-1(시기동)
20190494320,전북특별자치도 정읍시 중앙로 56(103호 연지동)
20190497139,전북특별자치도 김제시 금성로 147(102호 검산동)
20190498191,전북특별자치도 완주군 이서면 오공로 11-13(105호)
20190501050,전북특별자치도 장수군 장수읍 군청길 34
20190502092,전북특별자치도 임실군 임실읍 운수로 33-40(1층 102호)
20190504127,전북특별자치도 고창군 고창읍 월곡로 38
20190507383,전남광주통합특별시 목포시 청호로 167-1(1층 산정동)
20190507396,전남광주통합특별시 목포시 교육로 77(1층 상동)
20190510418,전남광주통합특별시 여수시 예울마루로 37-26(1층 110호 웅천동)
20190510534,전남광주통합특별시 여수시 소라면 안심산길 155(N동 4층)
20190511041,전남광주통합특별시 여수시 도원로 186(안산동)
20190513323,전남광주통합특별시 순천시 해룡면 신대로 118(1층)
20190514051,전남광주통합특별시 순천시 봉화2길 7(1층 조례동)
20190516193,전남광주통합특별시 나주시 우정로 169(1층 빛가람동)
20190516460,"전남광주통합특별시 나주시 상야1길 12(골든프라자A동 101,102호 빛가람동)"
20190517039,전남광주통합특별시 광양시 광양읍 용강로 75(1층중1층일부)
20190517140,전남광주통합특별시 광양시 중마로 498-1(2층중1층전부 중동)
20190517280,전남광주통합특별시 광양시 광양읍 인덕로 922(4층중2층일부)
20190517289,전남광주통합특별시 광양시 광양읍 서평로 69(3층중1층전부)
20190522102,전남광주통합특별시 고흥군 도화면 중심길 21
20190523058,전남광주통합특별시 보성군 보성읍 중앙로 96-1
20190524187,전남광주통합특별시 화순군 화순읍 중앙로 93-9
20190528079,전남광주통합특별시 영암군 삼호읍 난전로 83(1층)
20190529044,전남광주통합특별시 무안군 삼향읍 남악2로22번길 30(111호 뉴캐슬주상복합아파트)
20190529128,전남광주통합특별시 무안군 삼향읍 남악로162번길 80(3층)
20190529308,전남광주통합특별시 무안군 삼향읍 대죽서로 25-14(렉스리움오피스텔)
20190533128,전남광주통합특별시 완도군 완도읍 개포로 179
20190533218,전남광주통합특별시 완도군 완도읍 장보고대로 334(1층)
20190534057,전남광주통합특별시 진도군 의신면 송군길 30-40(웰컴센타 1층)
20190534061,전남광주통합특별시 진도군 의신면 송군길 30-40(웰컴센타 지하 1층)
20190534062,전남광주통합특별시 진도군 의신면 송군길 30-40(웰컴센타 지상 1층)
20190534063,전남광주통합특별시 진도군 의신면 송군길 30-40(웰컴센타 지하1층)
20190534064,전남광주통합특별시 진도군 의신면 송군길 30-40(웰컴센타 지하 1층)
20190534128,전남광주통합특별시 진도군 진도읍 쌍정1길 19
20190538221,경상북도 포항시 남구 구룡포읍 호미로221번길 15-2(2층)
20190538459,경상북도 포항시 남구 오천읍 냉천로302번길 62(1층)
20190538649,경상북도 포항시 남구 동해면 연오로7번길 1(1층 103호)
20190540250,경상북도 포항시 북구 학산로 62(롯데백화점 9층 학산동)
20190540517,경상북도 포항시 북구 새천년대로1076번길 22(104호 두호동)
20190541107,경상북도 포항시 북구 흥해읍 초곡지구로58번길 38-4(1층)
20190542546,경상북도 경주시 용황로10길 8(용강동)
20190547400,대구광역시 중구 남산로4길 160(1층 남산동)
20190552096,경상북도 구미시 고아읍 숭선로 151(1동 2층)
20190552718,경상북도 구미시 인동북길 7(1층 인의동)
20190553138,"경상북도 구미시 산동읍 신당1로2길 5(1동 1층 101,102호)"
20190553320,경상북도 구미시 형곡로 106(1층 형곡동)
20190558368,경상북도 영주시 대동로 20(가흥동)
20190558369,경상북도 영주시 대동로13번길 2-33(가흥동)
20190558382,경상북도 영주시 구성로 333(영주동)
20190559187,경상북도 영천시 망정로 43(1층 망정동)
20190559192,경상북도 영천시 무궁화길 20(2층 문외동)
20190560214,경상북도 상주시 천봉서로 110-8(연원동)
20190562062,경상북도 문경시 당교6길 8(모전동)
20190562161,경상북도 문경시 점촌5길 7(점촌동)
20190570102,경상북도 영덕군 병곡면 병곡1길 110(2층)
20190570114,경상북도 영덕군 영덕읍 덕곡길 122-1
20190572024,경상북도 고령군 대가야읍 중앙로 25-1(2층)
20190581190,경상남도 창원시 의창구 원이대로 277(고려상가 1층 101호 봉곡동)
20190581485,"경상남도 창원시 의창구 도계로 41(지상층 102호 도계동, 일호하이파이데파트)"
20190581611,경상남도 창원시 의창구 지귀로12번길 30(스카이빌딩 2층 202호 봉곡동)
20190584557,경상남도 창원시 성산구 중앙대로 124(롯데백화점 지하1층 상남동)
20190584640,경상남도 창원시 성산구 동산로 122(스카이웰빙파크 2층 214-1호 상남동)
20190587475,경상남도 창원시 마산합포구 용마로 90(1층 104호 산호동)
20190587547,경상남도 창원시 마산합포구 구산면 로봇랜드로 250(마리의주방 1층)
20190587548,경상남도 창원시 마산합포구 구산면 로봇랜드로 250(증기범퍼카 1층)
20190587550,경상남도 창원시 마산합포구 구산면 로봇랜드로 250(주조종동 1층)
20190587556,경상남도 창원시 마산합포구 구산면 로봇랜드로 250(로봇사피언스관 1층)
20190589256,경상남도 창원시 마산회원구 석전남8길 29(1층 석전동)
20190589572,경상남도 창원시 마산회원구 내서읍 호원로 311(호계리치프라자 101호)
20190591371,"경상남도 창원시 진해구 진해대로 752(롯데시네마 19,20호 석동)"
20190593319,"경상남도 진주시 충의로 20-4(106, 107, 203호 충무공동)"
20190593469,경상남도 진주시 충의로 20-33(동행빌딩 104호 충무공동)
20190593819,경상남도 진주시 하대로 89(1층  하대동)
20190593974,경상남도 진주시 진양호로 325(1층 신안동)
20190594160,경상남도 진주시 초북로20번길 6(1층 초전동)
20190594308,경상남도 진주시 강변길 7(1층 일부 호탄동)
20190594333,경상남도 진주시 가좌길74번길 11(1층 일부층 가좌동)
20190594626,경상남도 진주시 진주대로 1095(한화갤러리아백화점 지하1층 평안동)
20190594681,경상남도 진주시 금산면 중천로 84(1층 105호)
20190594937,경상남도 진주시 초전북로 73(1층 101호 초전동)
20190598142,경상남도 사천시 삼상로 108(1층 향촌동)
20190598304,경상남도 사천시 벌리9길 17(1층 벌리동)
20190599022,경상남도 김해시 진영읍 진산대로 63-27(1층)
20190599160,경상남도 김해시 율하3로 37(1층 101호 율하동)
20190599257,경상남도 김해시 진영읍 김해대로407번길 40-30(102호)
20190599273,경상남도 김해시 주촌면 천곡로157번길 16
20190599358,경상남도 김해시 인제로 149(1층 어방동)
20190599827,경상남도 김해시 주촌면 천곡로 159(1층)
20190600216,경상남도 김해시 금관대로 1192(1층 외동)
20190600431,경상남도 김해시 주촌면 선지로46번길 5-11(1층)
20190603439,경상남도 밀양시 약산로 32-1(1층 내이동)
20190604196,경상남도 거제시 장평로4길 35(1층 장평동)
20190604316,경상남도 거제시 둔덕면 하둔1길 23(주건축물제1동 1층)
20190606195,경상남도 양산시 하북면 통도사로 6(1층)
20190607294,경상남도 양산시 물금읍 청운로 177(오션프라자 1층 105호)
20190610069,경상남도 함안군 가야읍 가야로 83(1층 102호)
20190613004,경상남도 남해군 창선면 동부대로 2807-3
20190613095,경상남도 남해군 서면 남서대로 1680
20190614157,경상남도 하동군 화개면 화개로 23(주2동)
20190614213,"경상남도 하동군 하동읍 시장3길 6(주1, 1층)"
20190616118,경상남도 함양군 함양읍 함양로 1119
20190620075,제주특별자치도 제주시 인다6길 57(1층 아라일동)
20190620321,제주특별자치도 제주시 오일장중길 89-16(1층 도두일동)
20190620556,제주특별자치도 제주시 한경면 두신로 146(1층)
20190620668,제주특별자치도 제주시 연오로 39(2층 오라삼동)
20190620856,제주특별자치도 제주시 애월읍 하귀9길 56(1층)
20190621017,제주특별자치도 제주시 신대로12길 15(1층 연동)
20190621082,제주특별자치도 제주시 중앙로 230(중앙빌딩 4층 이도이동)
20190621369,제주특별자치도 제주시 화삼로1길 18(1층 화북일동)
20190621435,제주특별자치도 제주시 서광로 201(1층 삼도일동)
20190621857,제주특별자치도 제주시 일주동로 87(1층 화북일동)
20190621863,제주특별자치도 제주시 공항로 2(국제공항 국제선 3층 용담이동)
20190622456,제주특별자치도 제주시 동문로 101(1층 건입동)
20190622626,제주특별자치도 제주시 삼무로 67(지하1층 연동)
20190624042,제주특별자치도 서귀포시 동홍동로 9(1층 동홍동)
20190624117,제주특별자치도 서귀포시 성산읍 고성동서로56번길 2(1층)
20190624147,제주특별자치도 서귀포시 성산읍 해맞이해안로 2670(1층)
20190624389,"제주특별자치도 서귀포시 동홍동로 27(5,6호 동홍동)"
20190624395,제주특별자치도 서귀포시 안덕면 신화역사로304번길 38(지하 1층)
20190624486,제주특별자치도 서귀포시 표선면 표선동서로 234(1층)
20190624881,제주특별자치도 서귀포시 동홍남로 46(1층 동홍동)
20190624987,"제주특별자치도 서귀포시 대정읍 에듀시티로239번길 8(1층 131,132호)"
20190625079,제주특별자치도 서귀포시 대정읍 에듀시티로239번길 8(1층 111호)
20200025128,서울특별시 종로구 동호로 403(동서약국 1층 종로5가)
20200025183,서울특별시 종로구 대명길 9(4층 명륜4가)
20200025734,서울특별시 종로구 종로 1(교보생명빌딩 1층 종로1가)
20200025787,서울특별시 종로구 종로1길 42(이마빌딩 1층 수송동)
20200025816,서울특별시 종로구 평창문화로 75(글로리아타운 에이동 1층 107호 평창동)
20200029516,"서울특별시 중구 명동3길 36(1,2층 을지로2가)"
20200029536,서울특별시 중구 퇴계로90길 28(1층 101호 신당동)
20200029576,서울특별시 중구 퇴계로87길 39-4(1층 황학동)
20200029612,서울특별시 중구 퇴계로 213(일흥빌딩 1층 충무로4가)
20200029787,서울특별시 중구 남대문로 81(롯데백화점 본점 지하1층 소공동)
20200029839,서울특별시 중구 세종대로 136(파이낸스빌딩 지하1층 115호 태평로1가)
20200029843,서울특별시 중구 퇴계로 137(2층 충무로2가)
20200030165,서울특별시 중구 통일로 114(바비엥2 1층 104호 의주로1가)
20200030182,서울특별시 중구 삼일대로10길 36(3층 저동2가)
20200030403,서울특별시 중구 장충단로13길 20(지하2층 을지로6가)
20200033039,서울특별시 용산구 한강대로23길 55(아이파크몰 7층 한강로3가)
20200033058,서울특별시 용산구 한강대로23길 55(아이파크몰 1층 한강로3가)
20200033067,서울특별시 용산구 한강대로23길 55(아이파크몰 7층 한강로3가)
20200033071,서울특별시 용산구 한강대로23길 55(아이파크몰 7층 503호 한강로3가)
20200033072,서울특별시 용산구 한강대로23길 55(아이파크몰 7층 한강로3가)
20200033080,서울특별시 용산구 한강대로23길 55(아이파크몰 7층 한강로3가)
20200033089,서울특별시 용산구 한강대로23길 55(아이파크몰 7층 한강로3가)
20200033097,서울특별시 용산구 한강대로23길 55(아이파크몰 7층 한강로3가)
20200033102,서울특별시 용산구 한강대로23길 55(아이파크몰 7층 한강로3가)
20200033151,서울특별시 용산구 한강대로23길 55(아이파크몰 4층 한강로3가)
20200033202,"서울특별시 용산구 한남대로 91(117동 지2층 한남동, 나인원 한남)"
20200033222,"서울특별시 용산구 한남대로 91(117동 지2층 한남동, 나인원 한남)"
20200033224,"서울특별시 용산구 한강대로 95(지하1층 B148호 한강로2가, 래미안용산 더 센트럴)"
20200033226,"서울특별시 용산구 한남대로 91(117동 지2층 한남동, 나인원 한남)"
20200033240,"서울특별시 용산구 한남대로 91(지2층 한남동, 나인원 한남)"
20200033242,서울특별시 강남구 압구정로79길 19(레인 에비뉴 2층 202호 청담동)
20200033290,"서울특별시 용산구 한남대로 91(지하2층 한남동, 나인원 한남)"
20200033355,서울특별시 용산구 한강대로23길 55(용산아이파크몰 4층 6-1호 한강로3가)
20200033358,서울특별시 용산구 한강대로23길 55(용산아이파크몰 5층 한강로3가)
20200033369,서울특별시 용산구 대사관로 56(1층 한남동)
20200033500,서울특별시 용산구 한강대로52길 27(1층 한강로1가)
20200033594,"서울특별시 용산구 한남대로 91(지하2층 한남동, 나인원 한남)"
20200033760,서울특별시 용산구 한강대로23길 55(아이파크몰 6층 한강로3가)
20200033919,서울특별시 용산구 한강대로23길 55(아이파크몰 테이스트파크 6층 한강로3가)
20200033927,서울특별시 용산구 한강대로23길 55(아이파크몰 6층 한강로3가)
20200034076,서울특별시 용산구 청파로20길 95(서울드래곤시티 A동 2층 201호 한강로3가)
20200034112,"서울특별시 용산구 한강대로 205(1층 B2호 한강로1가, 용산파크자이)"
20200036262,서울특별시 성동구 연무장길 31-1(금호아파트 상가동 2층 성수동2가)
20200036681,"서울특별시 성동구 행당로 101(1층 101,102호 행당동)"
20200037064,서울특별시 성동구 금호로 54(2층 금호동1가)
20200037094,서울특별시 성동구 행당로 76(행당 한진타운 단지상가 1층 114호 행당동)
20200037246,서울특별시 성동구 마조로15길 2(1층 마장동)
20200040181,서울특별시 광진구 동일로20길 89(2층 자양동)
20200042178,서울특별시 동대문구 회기로25길 16(1층 회기동)
20200042527,서울특별시 동대문구 왕산로28길 55(1층 101호 용두동)
20200042808,서울특별시 동대문구 답십리로 169(1층 답십리동)
20200042869,서울특별시 동대문구 휘경로 5-1(2층 이문동)
20200042880,서울특별시 동대문구 왕산로 214(청량리역 3층 307호 전농동)
20200046069,서울특별시 중랑구 중랑역로 273(1층 묵동)
20200046121,"서울특별시 중랑구 용마산로115길 127(에스1001호 망우동, 한일써너스빌리젠시1단지)"
20200046444,"서울특별시 중랑구 망우로 203(1층 112호 중화동, 중화동주상복합)"
20200046582,서울특별시 중랑구 동일로114길 5(상봉동)
20200046753,서울특별시 중랑구 면목로39길 59(면목동)
20200050105,서울특별시 성북구 동소문로 315(현대백화점미아점 9층 길음동)
20200050125,서울특별시 성북구 동소문로 315(현대백화점미아점 9층 길음동)
20200050215,서울특별시 성북구 삼양로 76(1층 101호 길음동)
20200050294,서울특별시 성북구 동소문로 315(현대백화점미아점 2층 길음동)
20200050347,서울특별시 성북구 정릉로38바길 15(금성빌딩 1층 정릉동)
20200050494,"서울특별시 성북구 동소문로 248(105동 1층 13,14호 길음동, 길음삼부컨버니언아파트)"
20200050619,서울특별시 성북구 동소문로 315(현대백화점미아점 지하1층 길음동)
20200050635,서울특별시 성북구 동소문로 315(현대백화점미아점 지하1층 길음동)
20200050650,서울특별시 성북구 동소문로 315(현대백화점미아점 지하1층 길음동)
20200050651,서울특별시 성북구 동소문로 315(현대백화점미아점 지하1층 길음동)
20200050652,서울특별시 성북구 동소문로 315(현대백화점미아점 지하1층 길음동)
20200050784,서울특별시 성북구 종암로27길 18(1층 종암동)
20200050964,서울특별시 성북구 돌곶이로19길 8(1층 석관동)
20200053093,서울특별시 강북구 도봉로 62(롯데백화점 미아점 지하2층 미아동)
20200053514,"서울특별시 강북구 삼양로27길 19(제상가204동 제지2층 101호 미아동, 삼성래미안트리베라아파트)"
20200056451,서울특별시 도봉구 도당로 111(우정빌딩 1층 방학동)
20200056528,서울특별시 도봉구 방학로3길 114(1층 쌍문동)
20200059374,"서울특별시 노원구 동일로214길 21(제라상가동 제1층 105호 상계동, 상계주공4단지아파트)"
20200059389,서울특별시 노원구 한글비석로24라길 17(1층 일부우측호 상계동)
20200059457,서울특별시 노원구 마들로3길 15(월계이마트 1층 월계동)
20200059528,서울특별시 노원구 동일로 1414(롯데백화점 9층 상계동)
20200059642,서울특별시 노원구 동일로 1414(롯데백화점 9층 상계동)
20200059653,서울특별시 노원구 마들로3길 15(월계이마트 1층 월계동)
20200059657,서울특별시 노원구 동일로 1414(롯데백화점 9층 상계동)
20200059665,"서울특별시 노원구 석계로18길 23(1층 108호 월계동, 삼능스페이스향)"
20200059733,서울특별시 노원구 동일로 1405(국민은행노원지점 1층 상계동)
20200059973,"서울특별시 노원구 상계로23다길 13-8(101동 114호 상계동, 노원 아이파크)"
20200060069,서울특별시 노원구 동일로 1414(롯데백화점 9층 상계동)
20200060109,서울특별시 노원구 동일로239길 53(성원빌딩 상계동)
20200060149,서울특별시 노원구 광운로 52(세영전자학원 1층 101호 중 일부호 월계동)
20200063197,서울특별시 은평구 통일로 1050(롯데몰 은평점 4층 30호 진관동)
20200063526,서울특별시 은평구 은평로 127(1층 응암동)
20200063606,서울특별시 은평구 갈현로 209(1층 3호 갈현동)
20200063681,서울특별시 은평구 통일로 1050(롯데몰 은평점 4층 22호 진관동)
20200063743,서울특별시 은평구 역말로 40(무궁화빌딩 1층 맨 왼쪽코너호 역촌동)
20200063786,서울특별시 은평구 통일로 1050(롯데몰 은평점 4층 28호 진관동)
20200063894,"서울특별시 은평구 통일로 675(1,2층 녹번동)"
20200064182,"서울특별시 은평구 진관3로 67(909동 1층 제상가105호 진관동, 은평뉴타운 구파발)"
20200064254,서울특별시 은평구 응암로9길 13-1(1층 응암동)
20200064371,서울특별시 은평구 진관3로 37(은평구 뉴타운2지구 에코테라스 1층 106호 진관동)
20200066187,서울특별시 서대문구 증가로 112(1층 남가좌동)
20200066291,서울특별시 서대문구 증가로 122(백련빌딩 1층 남가좌동)
20200066309,"서울특별시 서대문구 경기대로 26-26(201동 지하1층 B102호 충정로3가, 더스타일하우스디센트럴)"
20200066362,서울특별시 서대문구 신촌로 223-1(1층 북아현동)
20200066561,"서울특별시 서대문구 통일로 510(지하2층 117-A호 홍은동, 북한산 더샵)"
20200066730,"서울특별시 서대문구 수색로 100(제3단지 제상가1동 제지1층 1-04호 북가좌동, DMC래미안e편한세상)"
20200066743,서울특별시 서대문구 가재울로 65(1층 남가좌동)
20200066983,서울특별시 서대문구 연희로 95(1층 연희동)
20200067007,서울특별시 서대문구 신촌로 83(현대백화점신촌점 지하1층 창천동)
20200069375,서울특별시 종로구 경희궁길 15(1층 신문로2가)
20200069509,서울특별시 마포구 성암로3길 21(1층 중동)
20200069984,"서울특별시 마포구 백범로 205(101동 지하2층 B219호 신공덕동, 펜트라우스)"
20200070690,서울특별시 마포구 월드컵로10길 5(1층 서교동)
20200071074,"서울특별시 마포구 창전로 60(서강빌딩 1층 104,105호 구수동)"
20200073728,"서울특별시 양천구 목동서로 291(제이월드빌 110호,111호,112호 신정동, 제이월드빌)"
20200073812,"서울특별시 양천구 신월로10길 8(1층 101호 신월동, 대림아파트)"
20200073853,서울특별시 양천구 목동동로 293(현대41타워 40~41층 목동)
20200073867,서울특별시 양천구 목동서로 377(이스타빌 A동 1층 108~109호 신정동)
20200074035,서울특별시 양천구 등촌로 102(호성빌딩 1층 목동)
20200074173,서울특별시 양천구 목동서로 57(현대파리지앙 1층 113호 목동)
20200074325,"서울특별시 양천구 목동동로 257(6층 목동, 현대하이페리온)"
20200076275,서울특별시 강서구 강서로56길 17(NC 강서점 9층 일부호 등촌동)
20200076282,서울특별시 강서구 강서로56길 17(엔씨백화점 9층 등촌동)
20200076312,"서울특별시 강서구 하늘길 38(김포공항, 롯데몰, 스카이시티 지하 2층 방화동)"
20200077032,"서울특별시 강서구 양천로 551-17(1층 104호 가양동, 한화비즈메트로1차)"
20200077744,"서울특별시 강서구 강서로 447(미르웰플러스오피스텔 1층 108, 109호 마곡동)"
20200077915,"서울특별시 강서구 하늘길 38(김포공항, 롯데몰, 스카이시티 지하2층 방화동)"
20200078074,"서울특별시 강서구 하늘길 38(김포공항, 롯데몰, 스카이시티 MF층 방화동)"
20200078263,서울특별시 강서구 마곡중앙6로 45(리더스퀘어마곡 1층 134호 마곡동)
20200080155,"서울특별시 구로구 개봉로3길 87(개봉한진아파트 상가2동 1층 108호 개봉동, 개봉한진아파트)"
20200080714,서울특별시 구로구 가마산로 180-2(1층 구로동)
20200081015,서울특별시 구로구 구로중앙로 152(NC백화점 6층 구로동)
20200081022,서울특별시 구로구 구로중앙로 152(NC백화점 6층 구로동)
20200081047,서울특별시 구로구 구로중앙로 152(NC백화점 지하1층 구로동)
20200081052,서울특별시 구로구 구로중앙로 152(NC백화점 지하1층 구로동)
20200081069,서울특별시 구로구 구로중앙로 152(NC백화점 지하1층 구로동)
20200081087,서울특별시 구로구 구로중앙로 152(NC백화점 7층 구로동)
20200081111,서울특별시 구로구 구로중앙로 152(NC백화점 6층 구로동)
20200081114,서울특별시 구로구 구로중앙로 152(NC백화점 지하1층 구로동)
20200081126,서울특별시 구로구 구로중앙로 152(NC백화점 지하1층 구로동)
20200081163,서울특별시 구로구 구로중앙로 152(NC백화점 6층 구로동)
20200081227,서울특별시 구로구 구로중앙로 152(NC백화점 6층 구로동)
20200081349,서울특별시 구로구 구로중앙로 152(NC백화점 6층 구로동)
20200081393,"서울특별시 구로구 중앙로8길 11(109동 1층 4호 고척동, 고척 월드메르디앙)"
20200081476,서울특별시 구로구 디지털로26길 111(제이앤케이디지털타워 지하010호 구로동)
20200084192,서울특별시 금천구 시흥대로 310(지상1층 독산동)
20200084260,서울특별시 금천구 디지털로10길 78(122호 일부 지상1층 가산동)
20200084364,서울특별시 금천구 시흥대로63길 48(지상1층 시흥동)
20200084658,서울특별시 금천구 금하로23길 40(금화빌딩 지상1층 시흥동)
20200084709,서울특별시 금천구 시흥대로 152(효림빌딩 지상2층 시흥동)
20200084741,"서울특별시 금천구 디지털로10길 69(지하1층 G05,G06호 가산동)"
20200086015,서울특별시 영등포구 영중로 9(신세계백화점타임스퀘어점 지하1층 영등포동4가)
20200086016,서울특별시 영등포구 영중로 9(신세계백화점타임스퀘어점 지하1층 영등포동4가)
20200086040,서울특별시 영등포구 영중로 9(신세계백화점 지하1층 영등포동4가)
20200086587,"서울특별시 영등포구 양평로 108(해성빌딩 지하1,지상1층 양평동4가)"
20200086604,"서울특별시 영등포구 양평로17길 9(상가에이동 1층 104호 양평동4가, 경남아너스빌)"
20200086858,서울특별시 영등포구 경인로 846(롯데백화점영등포점 지하1층 영등포동)
20200086874,서울특별시 영등포구 경인로 846(롯데백화점영등포점 10층 영등포동)
20200087073,서울특별시 영등포구 영중로 15(타임스퀘어 9층 영등포동4가)
20200087192,서울특별시 영등포구 영중로 15(타임스퀘어 지하2층 영등포동4가)
20200087254,서울특별시 영등포구 여의대로 56(한화손해보험빌딩 1층 103호 여의도동)
20200087518,서울특별시 영등포구 당산로36길 9-2(103호 당산동4가)
20200087595,서울특별시 영등포구 여의나루로 42(여의도종합상가 1층 103호 여의도동)
20200087860,서울특별시 영등포구 양평로 68(1층 101호 당산동6가)
20200087864,서울특별시 영등포구 의사당대로 8(삼환까뮤빌딩 지하1층 여의도동)
20200087927,서울특별시 영등포구 도신로 145(세종빌딩 1층 103호 도림동)
20200088026,"서울특별시 영등포구 국제금융로 78(홍우빌딩 214,215호 여의도동)"
20200088100,"서울특별시 영등포구 신길로 119(112동 지하1층 120호 신길동, 신길뉴타운 한화 꿈에그린)"
20200088164,서울특별시 영등포구 영중로 15(타임스퀘어 지하2층 영등포동4가)
20200091442,서울특별시 관악구 남부순환로 1667-1(2층 201호 봉천동)
20200092007,"서울특별시 동작구 상도로 349-1(준콤숭실빌딩 1, 2층 상도동)"
20200094032,서울특별시 관악구 복은4길 55(종근아카데미 1층 신림동)
20200094166,서울특별시 관악구 신림로 136(1층 신림동)
20200094426,서울특별시 관악구 호암로26길 52(1층 신림동)
20200094544,서울특별시 관악구 봉천로 590(1층 봉천동)
20200095260,서울특별시 관악구 봉천로 472(1층 봉천동)
20200098059,서울특별시 서초구 서초대로53길 19(상인빌딩 1층 서초동)
20200098202,서울특별시 서초구 신반포로33길 27(파스텔프라자 A동 1층 잠원동)
20200098304,"서울특별시 서초구 태봉로2길 65(상가동 104호 우면동, 서초네이처힐4단지)"
20200098585,"서울특별시 서초구 사임당로 31(궁현빌딩 102,103호 서초동)"
20200098724,"서울특별시 서초구 서초중앙로24길 27(G5센트럴프라자 115,116,122일부,123일부,124,125,126,127호 1층 서초동)"
20200098728,"서울특별시 서초구 서초대로 99(지하1,지상1~2층 방배동)"
20200098738,서울특별시 서초구 청계산로9길 70(1층 102호 내곡동)
20200098976,서울특별시 서초구 서초대로 301(동익성봉빌딩 지하1층 서초동)
20200099096,"서울특별시 서초구 강남대로 321(1층 104호 서초동, 서초동대우디오빌프라임)"
20200099108,서울특별시 서초구 반포대로30길 53(조광빌딩 지하1층 서초동)
20200099801,서울특별시 강남구 압구정로 114(신사빌딩 지상1층 신사동)
20200100148,서울특별시 서초구 신반포로 194(본관 1층 점포 19호 반포동)
20200100178,"서울특별시 서초구 서초대로53길 26(1동 2층 201호 서초동, 호원빌딩)"
20200100272,"서울특별시 강동구 올림픽로78길 60(이스턴스퀘어동 1층 4-106호 천호동, 강동 밀레니얼 중흥S-클래스)"
20200100292,서울특별시 서초구 남부순환로 2406(예술의전당 오페라극장 지하1층 서초동)
20200100361,서울특별시 서초구 신반포로 176(신세계백화점 3층 반포동)
20200105363,서울특별시 강남구 가로수길 16(지상2층 신사동)
20200105389,서울특별시 강남구 테헤란로87길 58(컨벤션별관 지하2층 2A06호 삼성동)
20200105688,서울특별시 강남구 영동대로 506(유니온타 지상18층 삼성동)
20200105865,서울특별시 강남구 삼성로 721(룩희 819 지상1층 청담동)
20200105926,서울특별시 강남구 압구정로 343(갤러리아백화점 지하1층 압구정동)
20200105954,서울특별시 강남구 봉은사로74길 19(대성 지상1층 삼성동)
20200105957,서울특별시 강남구 선릉로64길 7(1층 101호 대치동)
20200106030,서울특별시 강남구 봉은사로 451(지상1층 102호 삼성동)
20200106077,서울특별시 강남구 삼성로75길 15(지하1층 대치동)
20200106205,서울특별시 강남구 영동대로 520(아이파크타워 지하1층 삼성동)
20200106915,서울특별시 강남구 양재천로 179(1층 도곡동)
20200106989,"서울특별시 강남구 테헤란로14길 34(지상1층 상가102호 역삼동, 역삼동 EG SoulLeader)"
20200107141,서울특별시 강남구 봉은사로82길 30(지상1층 101호 삼성동)
20200107148,서울특별시 강남구 영동대로 513(코엑스 지하1층 O-107호 삼성동)
20200107249,서울특별시 강남구 테헤란로 521(파르나스타워 지하1층 F-20호 삼성동)
20200107319,서울특별시 강남구 도산대로45길 16-8(지상1층 신사동)
20200107502,서울특별시 강남구 강남대로100길 10(지상1층 102호 역삼동)
20200107818,서울특별시 강남구 도곡로 401(롯데백화점 지하1층 대치동)
20200107851,서울특별시 강남구 도산대로 153(지상19층 신사동)
20200107870,"서울특별시 강남구 밤고개로1길 10(수서현대벤쳐빌 지하2층 비217,217-1호 수서동)"
20200107941,서울특별시 강남구 강남대로152길 46(지상2층 신사동)
20200107988,서울특별시 강남구 테헤란로 521(파르나스타워 지하1층 F-25호 삼성동)
20200108063,서울특별시 강남구 논현로 645(엘리에나호텔 지상1층 논현동)
20200108081,"서울특별시 강남구 영동대로 607(랜드마크빌딩 지상1,2층 삼성동)"
20200108142,서울특별시 강남구 테헤란로69길 5(지상1층 삼성동)
20200108161,서울특별시 강남구 테헤란로34길 6(태광타워 1층 101호 역삼동)
20200108356,서울특별시 강남구 테헤란로 517(현대백화점 지하1층 삼성동)
20200108454,서울특별시 강남구 역삼로 146(동아빌딩 1층 역삼동)
20200108540,서울특별시 강남구 봉은사로26길 23(지하1층 2호 역삼동)
20200108766,서울특별시 강남구 도산대로49길 31(아뜨레빌딩 1층 106호 신사동)
20200109193,서울특별시 강남구 도곡로 401(롯데백화점 지하1층 대치동)
20200114021,서울특별시 송파구 올림픽로35길 123(향군타워 1층 신천동)
20200114068,"서울특별시 송파구 올림픽로 269(2층 신천동, 롯데캐슬골드)"
20200114150,"서울특별시 송파구 송파대로 345(3A동 1001호 가락동, 헬리오시티)"
20200114195,서울특별시 송파구 새말로 62(송파 푸르지오시티 1층 상가119호 문정동)
20200114688,서울특별시 송파구 올림픽로 300(롯데월드몰 5층 신천동)
20200114745,서울특별시 송파구 올림픽로 300(롯데월드타워앤드롯데월드몰 122층 신천동)
20200115590,"서울특별시 송파구 법원로 128(문정에스케이브이원지엘메트로시티 B동 129호, 130호 문정동)"
20200115643,서울특별시 송파구 올림픽로 300(롯데월드몰 6층 신천동)
20200115718,"서울특별시 송파구 올림픽로 300(롯데월드타워앤드롯데월드몰 캐쥬얼동  5,6층 신천동)"
20200115895,서울특별시 송파구 올림픽로 424(올림픽공원 B1동 방이동)
20200116150,서울특별시 송파구 백제고분로17길 49(1층 103호 잠실동)
20200116331,서울특별시 송파구 올림픽로 240(롯데월드 쇼핑몰 지하1층 잠실동)
20200116462,서울특별시 송파구 올림픽로 300(롯데월드타워앤드롯데월드몰 지하1층 신천동)
20200116721,서울특별시 송파구 백제고분로 285(조광빌딩 1층 석촌동)
20200116723,서울특별시 송파구 백제고분로 184(1층 잠실동)
20200116763,서울특별시 송파구 올림픽로 300(롯데월드몰 지하1층 신천동)
20200116790,"서울특별시 송파구 마천로 315(101동 101호 마천동, 현대그린빌)"
20200116978,서울특별시 송파구 올림픽로 240(롯데월드 어드벤처 2층 잠실동)
20200117016,서울특별시 송파구 올림픽로 300(롯데월드타워앤드롯데월드몰 지하1층 신천동)
20200117057,서울특별시 송파구 올림픽로 240(롯데월드 어드벤처 2층 잠실동)
20200117062,서울특별시 송파구 올림픽로 300(롯데월드몰 6층 신천동)
20200120546,서울특별시 강동구 아리수로91길 28(트리피움오피스텔 1층 101호 강일동)
20200120559,서울특별시 강동구 풍성로 231(1층 101호 둔촌동)
20200120797,"서울특별시 강동구 성안로27길 18(1층 1호,2호 천호동)"
20200120800,"서울특별시 강동구 양재대로 1471(1층 103호,110호 길동)"
20200120866,서울특별시 강동구 상일로15길 6(재도빌딩 1층 고덕동)
20200121247,서울특별시 강동구 아리수로74길 35-33(1층 102호 고덕동)
20200121283,서울특별시 강동구 아리수로 421(MIDC빌딩 1층 106호 강일동)
20200126217,부산광역시 중구 중앙대로 2(롯데백화점광복점 지하1층 중앙동7가)
20200126241,부산광역시 중구 해관로 1(희남빌딩 지상1층 동광동1가)
20200126243,부산광역시 중구 중앙대로 2(롯데백화점광복점 아쿠아몰 4층 중앙동7가)
20200126254,부산광역시 중구 중앙대로 2(롯데백화점광복점 지하 1층 중앙동7가)
20200126264,부산광역시 중구 중앙대로 2(롯데백화점광복점 본관10층 중앙동7가)
20200128093,부산광역시 서구 송도해변로 113(메리어트 호텔 A동 19층 암남동)
20200128200,부산광역시 서구 흑교로109번길 6(1층 부용동1가)
20200128202,부산광역시 서구 해돋이로 18(2층 남부민동)
20200129237,부산광역시 동구 범일로 125(현대백화점 부산점 9층 범일동)
20200129257,부산광역시 동구 중앙대로 175(1~3층 초량동)
20200130027,부산광역시 영도구 절영로 50(1층 남항동1가)
20200131083,부산광역시 부산진구 동평로 184(부암동)
20200131530,"부산광역시 부산진구 가야대로 613(상가동 1층 101호 가야동, 유림아파트)"
20200131589,"부산광역시 부산진구 동평로235번길 21(1층 106호 연지동, 삼선빌라)"
20200131701,부산광역시 부산진구 초읍천로108번길 73(1층 초읍동)
20200131727,부산광역시 부산진구 동평로291번길 5(1층 연지동)
20200132011,부산광역시 부산진구 전포대로 195(2층 전포동)
20200132077,부산광역시 부산진구 가야대로 772(9층 부전동)
20200132267,부산광역시 부산진구 동천로132번길 10(2층 전포동)
20200132414,부산광역시 부산진구 서전로38번길 43-8(1층 일부호 전포동)
20200134367,부산광역시 동래구 여고북로 10(1층 사직동)
20200134473,부산광역시 동래구 충렬대로181번길 22(대동병원장례식 F동 지하2층 명륜동)
20200134621,부산광역시 동래구 석사로 6(1층 사직동)
20200134625,부산광역시 동래구 명륜로94번길 23(1층 명륜동)
20200134901,"부산광역시 동래구 충렬대로428번길 30(1층 101호 안락동, 보해이브)"
20200137033,부산광역시 남구 석포로 83(대연동)
20200137186,부산광역시 남구 수영로 224(1층 대연동)
20200137653,부산광역시 남구 용소로8번길 14(1층 대연동)
20200139259,부산광역시 북구 화명신도시로 132(위너스타워 101호 화명동)
20200139539,부산광역시 북구 만덕1로 4(2층 만덕동)
20200139583,부산광역시 북구 금곡대로616번길 13(1층 금곡동)
20200139620,부산광역시 북구 금곡대로 310(1층 화명동)
20200141103,"부산광역시 해운대구 좌동순환로468번가길 81(2,3층 중동)"
20200141699,부산광역시 해운대구 대천로 84(2층 좌동)
20200142067,부산광역시 해운대구 센텀3로 20(벡스코 비지니스호텔 1층 101호 우동)
20200142268,부산광역시 해운대구 해운대로 535(도미노피자 1층 우동)
20200142493,부산광역시 해운대구 센텀4로 15(센텀시티 몰 4층 우동)
20200142512,부산광역시 해운대구 센텀4로 15(센텀시티 몰 4층 우동)
20200142806,"부산광역시 해운대구 달맞이길 30(지상99층 중동, 엘시티)"
20200144367,부산광역시 중구 보수대로44번길 26-1(1층 부평동3가)
20200144380,부산광역시 사하구 낙동남로 1403(1층 하단동)
20200144601,부산광역시 사하구 낙동대로536번길 14(1층 하단동)
20200144705,부산광역시 사하구 장림번영로 71(8호동 장림동)
20200147397,부산광역시 금정구 장전로12번길 30(동엽빌딩 1층 장전동)
20200147735,부산광역시 금정구 금정로 89-1(1층 장전동)
20200149190,"부산광역시 강서구 명지국제8로 286(201, 204호 명지동)"
20200149606,부산광역시 강서구 명지국제2로28번길 23(Neo Western Square 2동 1층 102호 명지동)
20200149695,부산광역시 강서구 명지국제5로148번길 14(1층 101호 명지동)
20200149834,부산광역시 강서구 명지오션시티4로 61(이건빌딩 1층 103호 명지동)
20200150086,부산광역시 연제구 종합운동장로 7(홈플러스아시아드점  B2층 거제동)
20200150494,부산광역시 연제구 중앙대로 1173(1층 거제동)
20200150498,부산광역시 연제구 종합운동장로 7(홈플러스아시아드점 거제동)
20200150631,"부산광역시 연제구 거제대로 160(2호 일부호 거제동, 동광)"
20200152139,부산광역시 수영구 수영로464번길 6(목원빌딩 1층 남천동)
20200152275,부산광역시 수영구 광안해변로 311(114호 민락동)
20200154072,"부산광역시 사상구 냉정로 131(1층 주례동, 에펠가방)"
20200154117,부산광역시 사상구 사상로 135(삼보빌딩 1층 감전동)
20200154330,부산광역시 사상구 덕상로 54(1층 덕포동)
20200154369,부산광역시 사상구 대동로 140(지하2층 학장동)
20200156002,부산광역시 기장군 기장읍 동부산관광3로 17
20200156035,부산광역시 기장군 기장읍 동부산관광3로 17
20200156374,부산광역시 기장군 기장읍 기장해안로 147(롯데몰 3층)
20200156454,부산광역시 기장군 장안읍 정관로 1133(부산프리미엄아울렛 1600동 지하2층 545호)
20200156474,부산광역시 기장군 기장읍 기장해안로 268-31(E104호)
20200156527,부산광역시 기장군 일광읍 해빛로 13(101호)
20200156542,부산광역시 기장군 기장읍 차성로 265(1층)
20200156770,부산광역시 기장군 기장읍 차성로 275(1층)
20200156791,부산광역시 기장군 기장읍 기장해안로 147(롯데몰 동부산점 3층 A315호)
20200159009,대구광역시 중구 공평로 97-1(1층 동문동)
20200159264,대구광역시 중구 중앙대로 376-20(1층 덕산동)
20200159404,"대구광역시 중구 동성로6길 61(1층 101,102호 공평동)"
20200159576,대구광역시 중구 동성로3길 62(2층 공평동)
20200159606,대구광역시 중구 명덕로 91-1(1층 남산동)
20200161350,대구광역시 동구 효신로 69(1층 신천동)
20200161481,대구광역시 동구 동부로 149(신세계동대구복합환승센터 8층 신천동)
20200161624,대구광역시 동구 동부로 149(신세계동대구복합환승센터 8층 신천동)
20200161881,대구광역시 동구 안심로16길 47(율하동 타임스퀘어 2층 202호 율하동)
20200161884,"대구광역시 동구 동촌로 100(502동 1층 110호 검사동, 태왕아너스 르네상스)"
20200162265,대구광역시 동구 동부로26길 6(대구메리어트호텔 및 서비스드레지던스 3층 신천동)
20200162308,대구광역시 동구 동부로26길 6(대구 메리어트 호텔 및 서비스드 레지던스 3층 신천동)
20200162309,대구광역시 동구 동부로26길 6(대구 메리어트 호텔 및 서비스드 레지던스 4층 신천동)
20200162310,대구광역시 동구 안심로16길 47(율하동 타임스퀘어 1층 107호 율하동)
20200164030,대구광역시 서구 서대구로 187(1층 평리동)
20200164196,대구광역시 서구 달서로 56(1층 내당동)
20200164274,대구광역시 서구 북비산로80길 13-1(1층 비산동)
20200164460,대구광역시 서구 국채보상로 258(1층 평리동)
20200167125,대구광역시 남구 봉덕로20길 10(1층 봉덕동)
20200169355,대구광역시 북구 태평로 161(롯데백화점 대구역 지하2층 칠성동2가)
20200169493,"대구광역시 북구 관음로 295(202동 지하1층 103호 읍내동, 학정역 효성해링턴 플레이스)"
20200169802,대구광역시 북구 침산로 144(1층 침산동)
20200169847,대구광역시 북구 연경중앙로2길 11(1층 연경동)
20200169888,대구광역시 북구 동화천로 237(1층 102호 연경동)
20200170123,대구광역시 북구 연경지묘로 6(센텀빌딩 103호 연경동)
20200175174,"대구광역시 수성구 달구벌대로 3304(상가110동 2호 신매동, 사월화성파크드림)"
20200175286,대구광역시 수성구 신매로6길 3(1층 신매동)
20200175369,대구광역시 수성구 시지로14길 17(1층 시지동)
20200175816,대구광역시 수성구 만촌로24길 38(1층 만촌동)
20200182004,대구광역시 달서구 와룡로 1(1층 본동)
20200182615,대구광역시 달서구 상화로29길 17(1층 진천동)
20200182954,대구광역시 달서구 달구벌대로 1467(홈플러스 대구성서점 지하2층 용산동)
20200183023,대구광역시 달서구 조암로 32(신월성미소지움 1층 115호 월성동)
20200183707,대구광역시 달서구 학산로 245(1층 송현동)
20200189249,대구광역시 달성군 다사읍 세천로 160(303동 지1층 107호 북죽곡엠코타운더솔레뉴)
20200192725,인천광역시 영종구 하늘중앙로225번길 3(영종M타워 1층 103호 중산동)
20200194091,인천광역시 제물포구 송현로 38(송현프라자 1층 102호 송현동)
20200194133,인천광역시 제물포구 송현로 33(황금프라자 103호 송현동)
20200195254,인천광역시 미추홀구 경인로 306(올레오 1층 101.102호 도화동)
20200195441,"인천광역시 미추홀구 구월로19번길 36(D동 5,6호 주안동)"
20200195597,인천광역시 미추홀구 매소홀로576번길 18(문학동)
20200195624,"인천광역시 미추홀구 주안로 116(주안리가스퀘어 B103.104,105,105A호 주안동)"
20200195719,인천광역시 미추홀구 경인로 426(1층 주안동)
20200196198,"인천광역시 미추홀구 매소홀로 137(윤성아파트 상가동 102,103,104호 용현동)"
20200199052,인천광역시 연수구 청능대로 210(스퀘어원 3층 일부호 동춘동)
20200199128,인천광역시 연수구 인천타워대로 99(애니오션빌딩 119호 송도동)
20200199200,인천광역시 연수구 청능대로 210(스퀘어원 3층 동춘동)
20200199210,"인천광역시 연수구 센트럴로 123(송도컨벤시아 1층 M01,M02호 송도동)"
20200199236,인천광역시 연수구 하모니로138번길 11(송도캐슬센트럴파크 101동 110호 송도동)
20200199273,"인천광역시 연수구 센트럴로 123(송도컨벤시아 M동 1층 4호, 5호 송도동)"
20200199314,인천광역시 연수구 센트럴로 123(송도컨벤시아 1층 M03호 송도동)
20200199624,인천광역시 연수구 송도과학로 56(송도테크노파크 BT센터 지상1층 101호 송도동)
20200199659,"인천광역시 연수구 랜드마크로 110(상가1동 113호 송도동, 호반베르디움 EDU CITY)"
20200199792,인천광역시 연수구 송도과학로16번길 33-1(송도 트리플스트리트 A동 2층 207-1호 송도동)
20200199924,인천광역시 연수구 송도국제대로 123(현대프리미엄 아울렛 송도점 지하1층 G2델리4호 송도동)
20200199939,인천광역시 연수구 신송로 170(에이스프라자3차 1층 105호 송도동)
20200200010,인천광역시 연수구 독배로 68(유진메디타워 107호 옥련동)
20200200043,"인천광역시 연수구 벚꽃로 130-3(1층 A-103호 연수동, 연수푸르지오1단지)"
20200200089,"인천광역시 연수구 랜드마크로 68(301동 1층 9호,10호 송도동, 랜드마크시티센트럴더샵)"
20200200121,"인천광역시 연수구 컨벤시아대로 80(402동 1층 115호,116호 송도동, 인천송도힐스테이트)"
20200200128,인천광역시 연수구 송도미래로 47(1층 105호 송도동)
20200200388,인천광역시 연수구 청능대로 210(스퀘어원 3층 동춘동)
20200200441,인천광역시 연수구 하모니로 158(송도타임스페이스 B26호 송도동)
20200200623,인천광역시 연수구 아트센터대로 222(아트센터 인천콘서트홀 1층 일부호 송도동)
20200202264,인천광역시 남동구 만수서로83번길 10(1층 만수동)
20200202518,인천광역시 남동구 구월로72번길 26(1층 일부호 간석동)
20200202959,인천광역시 남동구 인하로 629(원준프라자 1층 일부호 구월동)
20200203132,인천광역시 남동구 담방로47번길 8-14(1층 일부호 만수동)
20200203218,인천광역시 남동구 석정로 572(1층 일부호 간석동)
20200203289,인천광역시 남동구 구월말로120번길 15(1층 일부호 만수동)
20200203335,인천광역시 남동구 논현로46번길 51(유승테라폴리스 1층 118호 논현동)
20200203587,"인천광역시 남동구 주안로259번길 6(1층 106,107호 간석동)"
20200203672,인천광역시 남동구 인하로 559(센트럴프라자 1층 105호 구월동)
20200203732,인천광역시 남동구 서창남순환로215번길 35(승민프라자 1층 113호 서창동)
20200203806,인천광역시 남동구 만수서로83번길 20(1층 일부호 만수동)
20200205211,인천광역시 부평구 안남로 440(1층 일부호 청천동)
20200205468,인천광역시 부평구 부평대로63번길 10-4(1~2층 부평동)
20200205565,인천광역시 부평구 안남로417번길 20(2층 청천동)
20200205630,인천광역시 부평구 장제로257번길 9-7(1층 갈산동)
20200205693,인천광역시 부평구 부평대로 15(부평서파빌딩 7층 부평동)
20200205730,인천광역시 부평구 부평대로38번길 26(1층 부평동)
20200206043,인천광역시 부평구 충선로149번길 2(1층 일부호 부개동)
20200206239,인천광역시 부평구 동수로 69(SM빌딩 2층 부평동)
20200206297,인천광역시 부평구 마장로 437(1층 일부호 청천동)
20200208020,인천광역시 계양구 장제로 879(1층 일부호 임학동)
20200211090,"인천광역시 검단구 원당대로835번길 4(B동 101호 원당동, 미진연립)"
20200211151,인천광역시 서해구 염곡로498번안길 25(1층 가정동)
20200211396,인천광역시 검단구 원당대로 117(106호 오류동)
20200211442,인천광역시 검단구 봉수대로 1274(1층 왕길동)
20200211503,인천광역시 검단구 고산로 43(106호 원당동)
20200211975,인천광역시 서해구 심곡로 18(가동 1층 일부호 심곡동)
20200212104,인천광역시 서해구 건지로284번길 54(1층 가좌동)
20200212304,인천광역시 서해구 옥빛로7번길 3(1층 청라동)
20200212402,인천광역시 서해구 고래울로43번길 9-1(1층 일부 가좌동)
20200212443,인천광역시 서해구 청라커낼로260번길 11(진성프라자 114호 청라동)
20200212700,인천광역시 서해구 건지로 264(109호 가좌동)
20200212899,인천광역시 서해구 청라한내로162번길 4-14(1층 일부호 청라동)
20200214317,인천광역시 강화군 강화읍 강화대로393번길 5(1층 102호)
20200217022,전남광주통합특별시 동구 장동로 4(1층 장동)
20200217208,전남광주통합특별시 동구 중앙로 218(1층 궁동)
20200219278,"전남광주통합특별시 서구 화운로 24(상가2동 102호 화정동, 유니버시아드 힐스테이트 3단지)"
20200219336,전남광주통합특별시 서구 무진대로 919(2층 광천동)
20200219474,전남광주통합특별시 서구 상무화원로3번길 26(1층 치평동)
20200219604,전남광주통합특별시 서구 내방로 415(광천 중해마루힐 주상복합 상가동 1층 101호 농성동)
20200219681,"전남광주통합특별시 서구 시청로 53(2층 202,203,204호일부 치평동)"
20200219687,전남광주통합특별시 서구 상무중앙로 29(한산빌딩 1층 치평동)
20200219808,전남광주통합특별시 서구 동천로 10(1층 동천동)
20200219836,전남광주통합특별시 서구 칠성로 14(1층 유촌동)
20200220064,전남광주통합특별시 서구 화정로244번길 27(1층 101~102호 화정동)
20200220104,전남광주통합특별시 서구 화개중앙로 55(화개빌딩 1층 금호동)
20200220115,전남광주통합특별시 서구 쌍촌로 6-1(1층 쌍촌동)
20200222255,전남광주통합특별시 남구 서문대로663번길 10(1층 진월동)
20200222294,전남광주통합특별시 남구 효우2로26번길 7(1층 행암동)
20200222484,전남광주통합특별시 남구 백운로 69(1층 백운동)
20200224249,전남광주통합특별시 북구 문산로 27(1층 문흥동)
20200224449,전남광주통합특별시 북구 북문대로 167(2층 운암동)
20200224582,"전남광주통합특별시 북구 양산제로 95(상가동 1층 109호 연제동, 광주 연제 골드클래스)"
20200224583,전남광주통합특별시 북구 첨단연신로 97(1층 102호 신용동)
20200224598,전남광주통합특별시 북구 중가로 115(1층 중흥동)
20200224682,전남광주통합특별시 북구 반룡로27번길 9(1층 용봉동)
20200225158,전남광주통합특별시 북구 첨단과기로208번길 43-10(1층 106-b호 오룡동)
20200225232,전남광주통합특별시 북구 첨단연신로91번길 20-14(만강빌딩 1층 신용동)
20200230080,전남광주통합특별시 광산구 신가삼효로 14-3(1층 신가동)
20200230164,"전남광주통합특별시 광산구 사암로383번길 39(1층 116,117호 하남동)"
20200230249,전남광주통합특별시 광산구 하남대로 278-1(1층 운남동)
20200230296,전남광주통합특별시 광산구 선운중앙로 50(1층 108호 선암동)
20200230400,전남광주통합특별시 광산구 선운로 7(1층 선암동)
20200230421,전남광주통합특별시 광산구 목련로153번길 79(1층 운남동)
20200230517,전남광주통합특별시 광산구 송정로 56(1층 송정동)
20200230528,전남광주통합특별시 광산구 우산로95번길 44(1층 107호 우산동)
20200230651,전남광주통합특별시 광산구 용아로379번길 40(1층 하남동)
20200230788,전남광주통합특별시 광산구 송정로 34(1층 송정동)
20200230861,전남광주통합특별시 광산구 장신로 98(비블럭 3층 장덕동)
20200230964,전남광주통합특별시 광산구 용아로379번길 45(1층 산정동)
20200231026,"전남광주통합특별시 광산구 소촌로152번길 20(1층 102,103호 소촌동, 온세계 아트빌)"
20200231166,"전남광주통합특별시 광산구 목련로21번길 20(131동 1층 상가1-105호 산정동, 하남2지구 중흥S-클래스)"
20200231256,전남광주통합특별시 광산구 광산로 10(1층 송정동)
20200234634,대전광역시 동구 산내로 1339(1층 낭월동)
20200236504,대전광역시 중구 계백로 1606-1(1층 유천동)
20200239577,대전광역시 서구 계룡로 598(롯데백화점 지하1층 일부호 괴정동)
20200239673,대전광역시 서구 관저중로64번길 63(105~6호 관저동)
20200239781,대전광역시 서구 계룡로 598(롯데백화점 지하1층 일부 괴정동)
20200239892,대전광역시 서구 도안남로 146(101호 관저동)
20200240059,대전광역시 서구 구봉산북로15번길 6(1층 관저동)
20200240356,대전광역시 서구 계룡로 598(롯데백화점 지하1층 일부 괴정동)
20200240415,대전광역시 서구 대덕대로 211(갤러리아타임월드백화점 11층 일부 둔산동)
20200240516,대전광역시 서구 대덕대로 219(1층 일부 둔산동)
20200240602,대전광역시 서구 대덕대로 211(갤러리아타임월드백화점 11층 일부 둔산동)
20200240706,대전광역시 서구 대덕대로 211(갤러리아타임월드백화점 11층 일부 둔산동)
20200240734,대전광역시 서구 대덕대로 127(1층 일부 갈마동)
20200243082,"대전광역시 유성구 은구비로 18(지상1층 117호 지족동, 가나파로스빌1)"
20200243159,대전광역시 유성구 동서대로179번길 71(지상1층 덕명동)
20200243184,"대전광역시 유성구 도안북로 85-31(스타타워 지상1층 103, 104, 105, 106호 용계동)"
20200243188,대전광역시 유성구 대학로 44(지상1층 106~110호 봉명동)
20200243240,대전광역시 유성구 관들5길 77-33(1층 관평동)
20200243453,대전광역시 유성구 문화원로 95(지상1층 봉명동)
20200243628,대전광역시 유성구 봉명로 27-27(지상1층 원신흥동)
20200243638,대전광역시 유성구 테크노중앙로 123(현대프리미엄아울렛 대전점 판매시설동 지상3층 3142호 용산동)
20200243659,대전광역시 유성구 테크노중앙로 123(현대프리미엄아울렛 대전점 판매시설동 지상1층 1125호 용산동)
20200243665,대전광역시 유성구 테크노중앙로 123(현대프리미엄아울렛 대전점 판매시설동 지상3층 3208호 용산동)
20200243669,대전광역시 유성구 테크노중앙로 123(현대프리미엄아울렛 대전점 판매시설동 지상3층 3203-5호 용산동)
20200243670,대전광역시 유성구 테크노중앙로 123(현대프리미엄아울렛 대전점 판매시설동 지상3층 3203-1호 용산동)
20200243672,대전광역시 유성구 테크노중앙로 123(현대프리미엄아울렛 대전점 판매시설동 지상3층 3203-6호 용산동)
20200243673,대전광역시 유성구 테크노중앙로 123(현대프리미엄아울렛 대전점 판매시설동 지상3층 3203-2호 용산동)
20200243674,대전광역시 유성구 테크노중앙로 123(현대프리미엄아울렛 대전점 판매시설동 지상3층 3203-3호 용산동)
20200243675,대전광역시 유성구 테크노중앙로 123(현대프리미엄아울렛 대전점 판매시설동 지상3층 3203-4호 용산동)
20200243676,대전광역시 유성구 테크노중앙로 123(현대프리미엄아울렛 대전점 판매시설동 지상3층 3204호 용산동)
20200243680,대전광역시 유성구 문지로315번길 2(지상1층 문지동)
20200243687,대전광역시 유성구 테크노중앙로 123(현대프리미엄아울렛 대전점 판매시설동 지상3층 3206호 용산동)
20200243688,대전광역시 유성구 테크노중앙로 123(현대프리미엄아울렛 대전점 판매시설동 지상3층 3205호 용산동)
20200243999,대전광역시 유성구 대학로 86(포커스타운 1층 107호 궁동)
20200246218,대전광역시 대덕구 한밭대로972번길 97(1층 오정동)
20200246304,대전광역시 대덕구 덕암로 226(1층 덕암동)
20200246315,대전광역시 대덕구 동춘당로126번길 2(아이프라자 1층 102호 송촌동)
20200249191,울산광역시 중구 종가2길 40(1층 102호 유곡동)
20200249415,"울산광역시 중구 번영로 475(홈플러스울산점 2층 X1, YC호 복산동)"
20200251054,울산광역시 남구 돋질로239번길 4-5(1층 달동)
20200251412,울산광역시 남구 삼산중로131번길 26(1층 삼산동)
20200251421,울산광역시 남구 삼산중로74번길 23(A동 4층 삼산동)
20200251630,울산광역시 남구 삼산중로 7(1층 달동)
20200251808,울산광역시 남구 문수로366번길 17(1층 옥동)
20200252027,울산광역시 울주군 범서읍 장검길 83(1층 102호)
20200252452,울산광역시 남구 신정로34번길 18(1층 달동)
20200256159,울산광역시 동구 대송9길 54(1층 화정동)
20200256235,울산광역시 동구 방어진순환도로 931(지상1층 서부동)
20200256287,울산광역시 동구 방어진순환도로 899(서부동)
20200256421,울산광역시 동구 일산진2길 15(지상1층 일산동)
20200258012,울산광역시 북구 음달길 9-1(지상1층 천곡동)
20200258035,"울산광역시 북구 박상진4로 72(지상1층 101호 화봉동, 지웰푸르지오)"
20200258223,울산광역시 북구 송정16길 32(지상1층 송정동)
20200258412,울산광역시 북구 동대중앙로 3(지상1층 호계동)
20200258459,"울산광역시 북구 박상진4로 72(지하1층 123호 화봉동, 지웰푸르지오)"
20200258536,울산광역시 북구 당수골1길 6(지상2층 매곡동)
20200258733,울산광역시 북구 명촌로 29(지상1층 진장동)
20200258837,울산광역시 북구 매산4로 58(지상1층 신천동)
20200260859,울산광역시 울주군 범서읍 구영로 162(1층)
20200260863,울산광역시 울주군 삼동면 함양울산고속도로 133(휴게소동 1층)
20200260864,울산광역시 울주군 삼동면 함양울산고속도로 134(휴게소동 1층)
20200262386,"세종특별자치시 보듬3로 73(402동 지1층 102,103호 아름동, 범지기마을 11단지)"
20200262488,세종특별자치시 조치원읍 충현로 72(101동 104호 조치원삼일아파트)
20200262648,"세종특별자치시 소담1로 12(지엘플렉스1 1층 116,117호 소담동)"
20200263116,세종특별자치시 보듬7로 20(세종충남대학교병원 B2장례식장층 도담동)
20200263222,세종특별자치시 조치원읍 대첩로 38(1층)
20200263472,세종특별자치시 마음안1로 137(가락마을18단지 근린생활시설 상가 10동 1층 104호 고운동)
20200272070,경기도 수원시 팔달구 경수대로 597(상원빌딩 1층 지동)
20200272147,경기도 수원시 팔달구 매산로 32(1층 매산로2가)
20200272252,"경기도 수원시 팔달구 권광로 246(1층 114호 인계동, 래미안 노블클래스)"
20200272270,경기도 수원시 팔달구 덕영대로 924(AK플라자 6층 매산로1가)
20200272399,경기도 수원시 팔달구 덕영대로 924(AK플라자 6층 매산로1가)
20200272558,경기도 수원시 팔달구 덕영대로 924(AK플라자 6층 매산로1가)
20200274105,경기도 수원시 영통구 광교중앙로 124(갤러리아 광교 지하1층 하동)
20200274126,경기도 수원시 영통구 광교중앙로 124(갤러리아 광교 지하1층 하동)
20200274131,경기도 수원시 영통구 광교중앙로 124(갤러리아 광교 4층 하동)
20200274144,경기도 수원시 영통구 광교중앙로 124(갤러리아 광교 지하1층 하동)
20200274150,경기도 수원시 영통구 광교중앙로 124(갤러리아 광교 9층 하동)
20200274153,경기도 수원시 영통구 광교중앙로 124(갤러리아 광교 9층 하동)
20200274157,경기도 수원시 영통구 광교중앙로 124(갤러리아 광교 9층 하동)
20200274161,경기도 수원시 영통구 광교중앙로 124(갤러리아 광교 9층 하동)
20200274162,경기도 수원시 영통구 광교중앙로 124(갤러리아 광교 9층 하동)
20200274163,경기도 수원시 영통구 광교중앙로 124(갤러리아 광교 9층 하동)
20200274165,경기도 수원시 영통구 광교중앙로 124(갤러리아 광교 9층 하동)
20200274173,경기도 수원시 영통구 광교중앙로 124(갤러리아 광교 9층 하동)
20200274174,경기도 수원시 영통구 광교중앙로 124(갤러리아 광교 9층 하동)
20200274181,경기도 수원시 영통구 광교중앙로 124(갤러리아 광교 10층 하동)
20200274182,경기도 수원시 영통구 광교중앙로 124(갤러리아 광교 10층 하동)
20200274183,경기도 수원시 영통구 광교중앙로 124(갤러리아 광교 10층 하동)
20200274209,경기도 수원시 영통구 영통로 163-6(1층 망포동)
20200274229,경기도 수원시 영통구 권선로908번길 52-22(디알프라자 주건축물 제1동 1층 103호 신동)
20200274329,경기도 수원시 영통구 도청로 10(롯데아울렛 광교점 3층 이의동)
20200274371,"경기도 수원시 영통구 대학3로 1(104,105호 이의동)"
20200274648,경기도 수원시 영통구 도청로 10(광교센트럴푸르지오시티 3층 이의동)
20200274760,경기도 수원시 영통구 도청로18번길 26(힐스테이트광교중앙역 3층 313~317호 이의동)
20200274765,경기도 수원시 영통구 청명로 65(1층 영통동)
20200274771,경기도 수원시 영통구 웰빙타운로36번길 46-234(이의동)
20200274790,경기도 수원시 영통구 청명남로4번길 13-6(102호 영통동)
20200274834,경기도 수원시 영통구 광교호수공원로 300(포레나 광교 지하1층 하동)
20200276019,경기도 수원시 장안구 장안로 26(영진빌딩 102호 영화동)
20200276138,경기도 수원시 장안구 금당로 46(101-1호 조원동)
20200276169,경기도 수원시 장안구 천천로 100(3층 302호 천천동)
20200276278,경기도 수원시 장안구 송정로 45-2(1층 코너호 송죽동)
20200278028,경기도 수원시 권선구 금곡로102번길 48(1층 102호 금곡동)
20200278031,경기도 수원시 권선구 세화로 134(롯데몰 수원점 3층 서둔동)
20200278041,경기도 수원시 권선구 세화로 134(롯데몰 수원점 3층 서둔동)
20200278318,경기도 수원시 권선구 금곡로 213(딜라이트 1층 102호 금곡동)
20200278339,경기도 수원시 권선구 세화로 134(롯데몰 수원점 3층 서둔동)
20200278514,경기도 수원시 권선구 권선로639번길 6(1층 일부호 권선동)
20200282078,경기도 성남시 수정구 수정로171번길 10(성남시의료원 지하2층 일부호 태평동)
20200282310,경기도 성남시 수정구 남문로 8-1(2층 태평동)
20200282344,경기도 성남시 수정구 헌릉로 993(지하1층 B108호 창곡동)
20200282371,경기도 성남시 수정구 수정로 292(1층 일부호 신흥동)
20200284034,경기도 성남시 중원구 금상로 50(1층 일부호 상대원동)
20200284417,경기도 성남시 중원구 희망로 324(1층 일부호 상대원동)
20200286372,경기도 성남시 분당구 매화로 56(중탑조합상가 1층 102호 야탑동)
20200287033,경기도 성남시 분당구 발이봉남로3번길 8(1층 일부102호 수내동)
20200287201,경기도 성남시 분당구 판교역로 231(에이치스퀘어 에스동 1층 107호 삼평동)
20200287556,경기도 성남시 분당구 판교공원로3길 6(1층 일부102호 판교동)
20200287571,경기도 성남시 분당구 판교역로146번길 20(현대백화점 판교점 5층 일부호 백현동)
20200287582,경기도 성남시 분당구 판교역로146번길 20(현대백화점 판교점 9층 일부호 백현동)
20200287606,경기도 성남시 분당구 서현로 377(거송빌딩 1층 일부분당중앙교회 교육관 일부호 서현동)
20200288048,경기도 성남시 분당구 판교역로146번길 2(그래비티 타워 2층 일부호 백현동)
20200288074,경기도 성남시 분당구 판교역로146번길 2(그래비티 타워 1층 일부호 백현동)
20200288243,경기도 성남시 분당구 분당내곡로 151(1층 111호 삼평동)
20200290233,"경기도 의정부시 평화로 375(회룡프라자 지상1층 116,117호 호원동)"
20200290886,경기도 의정부시 서광로 135(센타프라자 지상1층 103호 산곡동)
20200290936,경기도 의정부시 평화로 525(신세계백화점 의정부점 지상9층 의정부동)
20200290960,"경기도 의정부시 용민로 64(웰링턴 지상1층 103,104호 용현동)"
20200291343,경기도 의정부시 신촌로 22(의정부 SK VIEW 상가동 지상1층 109호 가능동)
20200291585,경기도 의정부시 금오로 108-16(혜원빌딩 지상1층 금오동)
20200295211,경기도 안양시 만안구 만안로 259(203호 안양동)
20200297099,경기도 안양시 동안구 관평로79번길 8(1층 평촌동)
20200297318,"경기도 안양시 동안구 시민대로 180(G.SQURE, 롯데백화점 평촌점 지하1층 호계동)"
20200297328,경기도 안양시 동안구 동편로 22(안양KTOWN오피스텔 지상1층 106호 관양동)
20200297383,경기도 안양시 동안구 경수대로 493-10(1층 일부호 호계동)
20200297439,경기도 안양시 동안구 시민대로 317(대한스마트타워 지상1층 121호 관양동)
20200297444,"경기도 안양시 동안구 시민대로 180(G.SQURE, 롯데백화점 평촌점 지하 1층 호계동)"
20200299068,경기도 부천시 소사구 경인로536번길 34(1층 일부호 괴안동)
20200299428,경기도 부천시 오정구 삼작로339번길 3(1층 일부호 여월동)
20200299888,경기도 부천시 소사구 범안로 118(101호 범박동)
20200301334,"경기도 부천시 원미구 수도로 29(101 일부호 약대동, SJ성진힐스)"
20200301821,경기도 부천시 소사구 양지로 208(지음프라자 1층 104호 옥길동)
20200319384,"경기도 광명시 양지로 11(유-플래닛 광명역 유-스트리트몰 에이-1동 에이124,125호 일직동)"
20200319500,"경기도 광명시 밤일안로 7(2층, 3층 하안동)"
20200319611,"경기도 광명시 소하로92번길 6-9(뉴골드프라자 101,102호 소하동)"
20200319627,경기도 광명시 일직로 17(롯데아울렛 5층 일부호 일직동)
20200319716,경기도 광명시 일직로12번길 11(서현빌딩 105호 일직동)
20200319745,경기도 광명시 일직로 72(광명무역센터 B동 1층 103호 일직동)
20200321183,경기도 평택시 팽성읍 동서촌로 73(1층)
20200321420,경기도 평택시 팽성읍 부용로55번길 22(1층)
20200321440,"경기도 평택시 만세로 1845(엘도라도 시티 1층 104,105호 비전동)"
20200321470,경기도 평택시 비전5로 20-9(골든타워 129-130호 비전동)
20200321508,경기도 평택시 중앙2로 48-1(1~2층 합정동)
20200321656,경기도 평택시 고덕국제3길 132(1층 고덕동)
20200321954,경기도 평택시 팽성읍 동서촌로97번길 13(1층)
20200321960,"경기도 평택시 평남로 996(상가동 107호 비전동, 평택소사벌푸르지오)"
20200323062,경기도 평택시 송탄로 385(이한렉스빌플러스 120호 지산동)
20200323347,경기도 평택시 고덕여염12길 40(1층)
20200323447,경기도 평택시 고덕국제3길 124(1층)
20200323628,경기도 평택시 지산로 58(1층 102호 지산동)
20200324294,경기도 평택시 청북읍 안청로 346(에이스 플라자ACE PLAZA 115호)
20200324380,경기도 평택시 포승읍 여술4길 18-14(1층)
20200325083,"경기도 동두천시 동두천로 129(내행프라자 103,104호 지행동)"
20200328026,경기도 안산시 상록구 선진6길 84(1층 일부호 사동)
20200328077,경기도 안산시 상록구 해안로 776(그랑시티자이 LIFE AVENUE 105호 사동)
20200328219,경기도 안산시 상록구 본원로 41(1층 일부 본오동)
20200328239,경기도 안산시 상록구 용신로 248(1층 일부 사동)
20200328263,경기도 안산시 상록구 해양1로 199(그랑시티자이 PORT AVENUE 156호 사동)
20200328488,경기도 안산시 상록구 초당로 26-1(1층 일부 사동)
20200331019,경기도 안산시 단원구 선부광장1로 69(산호한양아파트 상가동 102호 선부동)
20200331108,경기도 안산시 단원구 화랑로 160(초지역메이저타운푸르지오메트로단지 상가동 101~103호 초지동)
20200331230,경기도 안산시 단원구 광덕대로 268(안산 고잔 줌시티 110호 고잔동)
20200331531,"경기도 안산시 단원구 광덕대로 194(스타맥스타워1 지하1층 49,50,57,58호 고잔동)"
20200331640,경기도 안산시 단원구 화정로1길 5(1층일부 와동)
20200339001,경기도 고양시 덕양구 고양대로 1955(스타필드 고양 지하1층 일부호 동산동)
20200339141,경기도 고양시 덕양구 충장로 8(행신로터스플레이스 5층 501일부호 행신동)
20200339153,"경기도 고양시 덕양구 원흥4로 9(1층 103,104전체호 원흥동)"
20200339298,"경기도 고양시 덕양구 충장로 8(행신 로터스플레이스 1층 107호,108호,109호 행신동)"
20200339351,경기도 고양시 덕양구 도래울로 42-11(1층 일부호 도내동)
20200339450,경기도 고양시 덕양구 권율대로 690(203동 1층 102전체호 원흥동)
20200339457,경기도 고양시 덕양구 화중로152번길 6-14(1층 일부호 화정동)
20200339576,경기도 고양시 덕양구 고양대로 1955(스타필드 고양 3층 일부잇토피아내호 동산동)
20200339604,경기도 고양시 덕양구 신원로 36(1층 105호 신원동)
20200339813,경기도 고양시 덕양구 신원로1길 24(1층 신원동)
20200339909,경기도 고양시 덕양구 동송로 33(이편한세상시티삼송 상가동 1층 1-062호 동산동)
20200341263,경기도 고양시 일산동구 강송로225번길 46(2층 일부호 마두동)
20200341313,"경기도 고양시 일산동구 태극로 8(상가동-1동 1층 110,111호 장항동, 킨텍스원시티 1블럭)"
20200341422,경기도 고양시 일산동구 중앙로 1283(롯데백화점일산점 판매동 10층 일부호 장항동)
20200341441,경기도 고양시 일산동구 강석로 33(백석동 대우IAAN 104호 백석동)
20200341459,경기도 고양시 일산동구 중앙로 1283(롯데백화점일산점 판매동 10층 일부호 장항동)
20200341603,경기도 고양시 일산동구 고양대로 1025(1층 일부호 식사동)
20200341776,경기도 고양시 일산동구 중앙로1275번길 60-31(에메랄드빌딩 1층 107호 장항동)
20200343043,경기도 고양시 일산서구 호수로 817(현대백화점킨텍스점 8층 일부호 대화동)
20200343117,경기도 고양시 일산서구 산현로 15(무광프라자 102호 탄현동)
20200343121,경기도 고양시 일산서구 킨텍스로 217-59(킨텍스 제2전시장 B2-2 대화동)
20200343176,"경기도 고양시 일산서구 한류월드로 300(고양원마운트 1003,1096,1097호 대화동)"
20200343269,경기도 고양시 일산서구 호수로 817(현대백화점킨텍스점 8층 일부 대화동)
20200343366,경기도 고양시 일산서구 호수로 817(현대백화점 킨텍스점 지하1층 일부호 대화동)
20200343449,경기도 고양시 일산서구 대화로398번길 7-4(1층일부 대화동)
20200346153,경기도 구리시 경춘로 261(롯데백화점 구리점 지하1층 인창동)
20200346254,"경기도 구리시 경춘북로 252(831동 197호 갈매동, 갈매역아이파크)"
20200346419,경기도 구리시 경춘로 261(롯데백화점 구리점 8층 인창동)
20200346771,경기도 구리시 동구릉로53번길 4(인창동)
20200348002,경기도 남양주시 다산순환로 355(으뜸웰 타워 2층 204호 다산동)
20200348112,경기도 남양주시 다산지금로 124-73(주1동 1층 일부 다산동)
20200348517,경기도 남양주시 화도읍 경춘로2290번길 4(남양주월산사랑으로부영1단지 상가1동 101일부호)
20200348683,경기도 남양주시 미금로 239(112호 다산동)
20200348985,경기도 남양주시 호평로67번길 11(1층 일부호 호평동)
20200349192,경기도 남양주시 별내5로5번길 4-23(1층 일부 별내동)
20200349194,경기도 남양주시 가운로1길 17(마이라이프 103호 다산동)
20200349262,경기도 남양주시 진접읍 해밀예당3로 59(폴리프라자Ⅱ 101호)
20200349459,"경기도 남양주시 다산지금로 131(105, 106호 다산동)"
20200349622,경기도 남양주시 다산중앙로123번길 22-8(리더스퀘어 111호 다산동)
20200349685,경기도 남양주시 평내로29번길 51-26(1층 일부호 평내동)
20200350051,경기도 남양주시 미금로42번길 9(1층일부 다산동)
20200350172,경기도 남양주시 다산순환로 50(현대프리미엄아울렛 SPACE1-A154호 다산동)
20200350188,경기도 남양주시 다산순환로 50(현대프리미엄아울렛 SPACE1-A119호 다산동)
20200350193,경기도 남양주시 다산순환로 50(현대프리미엄아울렛 SPACE1-A102호 다산동)
20200350196,경기도 남양주시 다산순환로 50(현대프리미엄아울렛 SPACE1-A150호 다산동)
20200350197,경기도 남양주시 다산순환로 50(현대프리미엄아울렛 SPACE1-A155호 다산동)
20200350233,경기도 남양주시 다산순환로 50(현대프리미엄아울렛 SPACE1-A357호 다산동)
20200350240,경기도 남양주시 다산순환로 50(현대프리미엄아울렛 SPACE1- A355호 다산동)
20200350241,경기도 남양주시 다산순환로 50(현대프리미엄아울렛SPACE1-A179호 및 A157-4호일부 다산동)
20200350242,경기도 남양주시 다산순환로 50(현대프리미엄아울렛 SPACE1-B131호 다산동)
20200350286,경기도 남양주시 다산순환로 50(현대프리미엄아울렛 SPACE1-B360호 다산동)
20200350287,경기도 남양주시 다산순환로 50(현대프리미엄아울렛 SPACE1-A153호 다산동)
20200350290,경기도 남양주시 다산순환로 50(현대프리미엄아울렛SPACE1-A358호 다산동)
20200350364,경기도 남양주시 진접읍 해밀예당1로 219(삼성프라자 108호)
20200352095,"경기도 오산시 운천로 80-11(운암프라자2차 105,106호 오산동)"
20200352317,경기도 오산시 궐리사로 82(혜민BD 105호 궐동)
20200352336,경기도 오산시 내삼미로80번길 36-7(1층 101호 수청동)
20200352504,경기도 오산시 수청로 30-4(1층 일부 수청동)
20200352519,경기도 오산시 수청로 197(백현프라자 201호 금암동)
20200352550,경기도 오산시 운천로 99(가동 1층 오산동)
20200352624,경기도 오산시 원동로 6(파크스퀘어 1층 116호 원동)
20200352690,경기도 오산시 경기대로658번길 30(쉴낙원오산동탄장례식장 지하1층 내삼미동)
20200352711,경기도 오산시 오산로160번길 11(원동프라자 102호 원동)
20200354130,"경기도 시흥시 남왕길 40(푸르벨라프라자 101, 102호 목감동)"
20200354143,경기도 시흥시 배곧4로 32-9(골든프라자 1층 111호 배곧동)
20200354969,경기도 시흥시 은계로142번길 3-15(1층 일부호 은행동)
20200355428,"경기도 시흥시 목감남서로 9-15(1층 107,108호 조남동)"
20200355668,경기도 시흥시 서울대학로264번길 7(시흥배곧 아브뉴프랑 센트럴 퍼플 A동 2층 242~245호 배곧동)
20200356229,경기도 시흥시 목감둘레로 59-9(1층 106호 조남동)
20200356293,"경기도 시흥시 장현순환로 81(근린생활시설2동 지1층 15호 장현동, 시흥능곡역 모아미래도 에듀포레)"
20200358130,경기도 군포시 번영로 485(롯데 피트인 산본 7층 산본동)
20200358391,경기도 군포시 산본천로 194(1층 산본동)
20200360095,"경기도 의왕시 경수대로 262(1층 121호 오전동, 서해그랑블)"
20200360306,"경기도 의왕시 내손중앙로 4(지하 117,118호 내손동)"
20200360433,경기도 의왕시 장안남북로 11(가현하우스 102호 삼동)
20200360455,"경기도 의왕시 경수대로 262(1층 116호 오전동, 서해그랑블)"
20200361090,경기도 하남시 신장1로9번길 31(1층 신장동)
20200361194,"경기도 하남시 미사대로 456(라파르코 3층 310,311,312,313호 망월동)"
20200361237,경기도 하남시 미사강변서로 16(하우스디스마트밸리 1층 알103호 풍산동)
20200361591,경기도 하남시 미사강변중앙로111번안길 27(1층 풍산동)
20200361742,경기도 하남시 미사강변한강로 155(미사강변 SK V1 center148-2호 제외 1층 144-1~150-1호 망월동)
20200362034,경기도 하남시 미사강변중앙로111번길 28(1층 풍산동)
20200362218,경기도 하남시 하남대로 786-1(1층 신장동)
20200362219,경기도 하남시 미사강변서로 30(지식산업센터 1층 103호 풍산동)
20200364354,경기도 용인시 처인구 남사읍 한숲로 54(아곡프라자 104호)
20200364371,경기도 용인시 처인구 포곡읍 전대리 524
20200364602,경기도 용인시 처인구 남사읍 한숲로 45(한숲스퀘어옐로우 1층 139호)
20200366302,경기도 용인시 기흥구 동백죽전대로 363(용인세브란스병원 지1층 일부호 중동)
20200366700,경기도 광명시 일직로 43(GIDC 지하 1층 L063호 일직동)
20200366718,경기도 용인시 기흥구 동백5로 22(쥬네브문월드빌딩 1층 102호 중동)
20200366884,"경기도 용인시 기흥구 동백죽전대로 455-11(B229,B230호 동백동, 동백호수공원 두산위브더제니스)"
20200366983,경기도 용인시 기흥구 중부대로 184(힉스유타워A동  B246호 영덕동)
20200367312,"경기도 용인시 기흥구 기흥역로58번길 10(근린생활시설동 지1층 3-B108호 구갈동, 기흥역 센트럴 푸르지오)"
20200369174,경기도 용인시 수지구 광교중앙로295번길 9(212호 상현동)
20200369262,경기도 용인시 수지구 현암로 27(1층 일부호 죽전동)
20200369660,경기도 용인시 수지구 성복2로 38(롯데몰성복점 4층 일부호 성복동)
20200369837,경기도 용인시 수지구 광교중앙로 316(1층 109호 상현동)
20200371419,경기도 파주시 문발로 302(롯데프리미엄아울렛 A블럭 3층일부 문발동)
20200371503,경기도 파주시 책향기로 423(두손비채-I 제1층 131호 129호 동패동)
20200371831,경기도 파주시 문발로 302(롯데프리미엄아울렛 A블럭 3층일부 문발동)
20200371884,경기도 파주시 책향기로 277(1층 일부 문발동)
20200371888,경기도 파주시 탄현면 헤이리마을길 54(1~2층)
20200372172,경기도 파주시 탄현면 약산골길 7-43(1층)
20200372502,경기도 파주시 경의로 1074(삼융시네마 209호 야당동)
20200372512,경기도 파주시 금빛로 19(파주프라임타워 1층 103호 금촌동)
20200372627,경기도 파주시 경의로 1010(월드스테이 111호 야당동)
20200374190,경기도 이천시 모가면 사실로 979-10(1층)
20200374369,경기도 이천시 설봉로 7(1층 관고동)
20200376255,경기도 안성시 공도읍 공도2로 7-17(1층)
20200376304,경기도 안성시 공도읍 대신두길 28(안성팜랜드 56푸드코트 1층)
20200376337,경기도 안성시 공도읍 공도1로 14
20200376571,경기도 안성시 동산밑2길 27(1층 우측호 금산동)
20200376573,경기도 안성시 공도읍 서동대로 3930-39(스타필드 안성 2층 2323호)
20200376581,경기도 안성시 공도읍 서동대로 3930-39(스타필드 안성 2층 2320호)
20200376584,경기도 안성시 공도읍 서동대로 3930-39(스타필드 안성 2층 2324호)
20200376585,경기도 안성시 공도읍 서동대로 3930-39(스타필드 안성 1층 1338호)
20200376589,경기도 안성시 공도읍 서동대로 3930-39(스타필드 안성 1층 1340호)
20200376599,경기도 안성시 공도읍 서동대로 3930-39(스타필드 안성 1층 1310호)
20200376601,경기도 안성시 공도읍 서동대로 3930-39(스타필드 안성 2층 2314호)
20200376607,경기도 안성시 공도읍 서동대로 3930-39(스타필드 안성 2층 2315호)
20200376608,경기도 안성시 공도읍 서동대로 3930-39(스타필드 안성 2층 2316호)
20200376609,경기도 안성시 공도읍 서동대로 3930-39(스타필드 안성 1층 1312호)
20200376621,경기도 안성시 공도읍 서동대로 3930-39(스타필드 안성 2층 2319호)
20200376629,경기도 안성시 공도읍 서동대로 3930-39(스타필드 안성 2층 2322호)
20200376632,경기도 안성시 공도읍 서동대로 3930-39(스타필드 안성 2층 2312호)
20200376694,경기도 안성시 공도읍 서동대로 3930-39(스타필드 안성 2층 2302호)
20200376723,경기도 안성시 공도읍 서동대로 3930-39(스타필드 안성 L2층 2270호)
20200376724,경기도 안성시 공도읍 서동대로 3930-39(스타필드 안성 1층 1311호)
20200376726,경기도 안성시 공도읍 서동대로 3930-39(스타필드 안성 2층 2304호)
20200376727,경기도 안성시 공도읍 서동대로 3930-39(스타필드 안성 1층 1302호)
20200376734,경기도 안성시 공도읍 서동대로 3930-39(스타필드 안성 1층 1308호)
20200376736,경기도 안성시 공도읍 서동대로 3930-39(스타필드 안성 1층 1305호)
20200376752,경기도 안성시 공도읍 서동대로 3930-39(스타필드 안성 4층 4100호)
20200378004,경기도 김포시 돌문로86번길 6-15(1층 사우동)
20200378549,경기도 김포시 양촌읍 양곡2로60번길 28-18(1층 101호)
20200378705,경기도 김포시 김포한강2로23번길 78(지오빌딩 1층 108호 장기동)
20200378751,경기도 김포시 태장로 784(2층 206호 장기동)
20200378990,경기도 김포시 김포한강8로148번길 8-35(1층 101호 마산동)
20200379366,경기도 김포시 통진읍 조강로 78(1층 101 일부호)
20200379574,"경기도 김포시 걸포2로 83(1층 105호 걸포동, 한강메트로자이1단지)"
20200379724,경기도 김포시 걸포2로 23(1층 103호 걸포동)
20200380272,경기도 김포시 사우로9번길 20-10(103동 사우동)
20200380365,경기도 김포시 풍무로 128(웰라움퍼펙트시티 5층 502호 풍무동)
20200382172,경기도 화성시 효행구 봉담읍 샘마을길 57(금당빌딩 1층 일부)
20200382262,경기도 화성시 동탄구 동탄순환대로 706(에듀프라자2 1층 106호 영천동)
20200382425,경기도 화성시 만세구 남양읍 역골동로 97(1동 1층 일부102호)
20200382468,"경기도 화성시 동탄구 동탄대로 181(판매시설B동 지하2층 CB214,CB215호 송동, 동탄린스트라우스더레이크)"
20200382542,경기도 화성시 만세구 남양읍 역골로 21(1층 일부104호)
20200382772,경기도 화성시 동탄구 동탄장지천5길 20-9(102호 장지동)
20200383144,"경기도 화성시 만세구 수노을1로 235(122동 1층 105호 새솔동, 더 펠리체 휴먼빌 아파트)"
20200383271,경기도 화성시 동탄구 왕배산3길 19(1층 전체호 목동)
20200383403,"경기도 화성시 만세구 수노을중앙로 126(송산 나이스프라자 1동 1층 104,105호 새솔동)"
20200383594,"경기도 화성시 효행구 봉담읍 동화길 51(프리미엄원희캐슬 봉담 1층 116,117호)"
20200383673,"경기도 화성시 동탄구 동탄대로 646-4(동탄역 메가비즈타워 B동 1층 111,112,113,114,115,116호 영천동)"
20200383969,경기도 화성시 병점구 효행로 1051(메인프라자 1층 111호 진안동)
20200384006,"경기도 화성시 만세구 꽃내음1길 19-26(105,106호 새솔동)"
20200384067,"경기도 화성시 동탄구 동탄순환대로 127-17(동탄2우성메디피아 1층 121호,122호 산척동)"
20200384330,경기도 화성시 동탄구 여울로4길 27(1층 일부102호 능동)
20200384868,경기도 화성시 동탄구 동탄치동천로3길 28-1(1층 101호 영천동)
20200385032,경기도 화성시 만세구 남양읍 역골중앙로 119(104호)
20200385120,경기도 화성시 동탄구 노작로 147(돌모루프라자 1층 108호 반송동)
20200385421,경기도 화성시 동탄구 동탄공원로1길 6-11(1층 전체호 반송동)
20200385943,경기도 화성시 동탄구 동탄산척로2가길 31(1층 일부호 산척동)
20200387072,경기도 광주시 도척면 도척윗로 278(2층)
20200387164,경기도 광주시 능평로 47(1층)
20200387453,경기도 광주시 순암로 302(1층 중대동)
20200387474,경기도 광주시 오포로 516(1층 문형동)
20200387662,"경기도 광주시 경안로 10(2,3층 경안동)"
20200387816,경기도 광주시 벼루개로 20(이레타워 1층 106호 태전동)
20200388152,경기도 광주시 초월읍 경충대로 1255(도담빌딩 1층)
20200388353,경기도 광주시 퇴촌면 광동로 32(대원빌딩 1층)
20200389077,경기도 양주시 화합로 1361(일부 1층 덕정동)
20200389185,경기도 양주시 옥정로 200(옥정 시네엠디프라자 7층 옥정동)
20200389212,경기도 양주시 평화로 1409(1층일부 덕계동)
20200389519,경기도 양주시 옥정동로5바길 7-3(1층 옥정동)
20200389946,경기도 양주시 옥정동로3길 16(1층일부103호 옥정동)
20200391305,경기도 포천시 영북면 영북로 120(1층)
20200393026,경기도 여주시 명품1로 76(B1~B2층 연라동)
20200393275,경기도 여주시 여양로233번길 5-22(2동 101호 천송동)
20200398126,강원특별자치도 춘천시 보안길 77(1층 103호 후평동)
20200398689,강원특별자치도 춘천시 백령로 171-1(효자동)
20200398771,"강원특별자치도 춘천시 동면 춘천로449번길 12-1(1층 101,102호)"
20200399171,강원특별자치도 춘천시 동내면 공지로 70-51
20200401092,강원특별자치도 원주시 금불1길 60-6(1층 단계동)
20200401109,강원특별자치도 원주시 능라동길 47(1층 109호 무실동)
20200401261,강원특별자치도 원주시 흥업면 남원로 65(1층)
20200401652,강원특별자치도 원주시 북원로 2714(태장동)
20200401687,강원특별자치도 원주시 봉화서부로 24-1(1층 단계동)
20200401913,강원특별자치도 원주시 단관공원길 88-4(1층 단구동)
20200401985,강원특별자치도 원주시 단구로 173(명륜동)
20200402490,강원특별자치도 원주시 능라동길 51(104호 무실동)
20200404153,강원특별자치도 강릉시 성덕로 316-11(1층 입암동)
20200404199,"강원특별자치도 강릉시 경포로 489-6(2동, 6~7호. 1층 안현동)"
20200404524,강원특별자치도 강릉시 하슬라로232번길 25-3(1층 교동)
20200404657,강원특별자치도 강릉시 정원로 52(1층 교동)
20200404987,강원특별자치도 강릉시 성덕포남로 17(입암동)
20200407093,강원특별자치도 동해시 한섬로 111-7(5층 천곡동)
20200407160,강원특별자치도 동해시 효자남길 41-20(1층 동회동)
20200407296,강원특별자치도 동해시 효자남길 27-1(1층 108호 동회동)
20200407314,강원특별자치도 동해시 감추4길 5(천곡종합재래시장 1층 102호 천곡동)
20200409037,강원특별자치도 태백시 대학길 84(101호 황지동)
20200409124,강원특별자치도 태백시 감천로 14(1층 황지동)
20200410412,강원특별자치도 속초시 대포항길 186(롯데리조트속초 9층 대포동)
20200411035,강원특별자치도 삼척시 하실길 36(102호 교동)
20200412028,강원특별자치도 홍천군 홍천읍 홍천로 372(미진타워)
20200414032,강원특별자치도 영월군 영월읍 관풍헌길 35(1층)
20200414084,강원특별자치도 영월군 영월읍 덕포우회길 6
20200414102,강원특별자치도 영월군 영월읍 덕포시장길 23
20200414116,강원특별자치도 영월군 영월읍 관풍헌길 59(1층 1호)
20200417043,강원특별자치도 철원군 동송읍 금학로 210
20200417127,강원특별자치도 철원군 동송읍 금학로210번길 7-12
20200418099,강원특별자치도 화천군 상서면 영서로 7737(1층)
20200419032,강원특별자치도 양구군 양구읍 사명길 123
20200420028,강원특별자치도 인제군 기린면 기린로 37-1(2층)
20200421045,강원특별자치도 고성군 죽왕면 심층수길 96(101호)
20200421046,강원특별자치도 고성군 죽왕면 심층수길 96(201호)
20200421130,강원특별자치도 고성군 토성면 동해대로 4800(캔싱턴리조트 설악비치)
20200426192,"충청북도 청주시 상당구 용담로 7(주5동 1층 129호, 130호 문화동, 문화동 센트럴칸타빌)"
20200426196,충청북도 청주시 상당구 남일면 단재로 480-2(2층 201호)
20200426256,충청북도 청주시 상당구 중고개로 115(위너프라자 1층 109호 용암동)
20200426321,충청북도 청주시 상당구 중고개로125번길 19(1~4층 용암동)
20200426746,"충청북도 청주시 상당구 중고개로141번길 13-20(113,114호 용암동)"
20200430014,충청북도 청주시 서원구 1순환로 1109(호인리더스빌딩 1층 110호 분평동)
20200434182,충청북도 청주시 흥덕구 대농로 49-1(에스와이스타몰 B동 1층 102호 복대동)
20200434196,충청북도 청주시 흥덕구 오송읍 오송생명14로 363(1층)
20200434353,"충청북도 청주시 흥덕구 옥산면 가락길 28(1층 3, 4호)"
20200434501,"충청북도 청주시 흥덕구 오송읍 오송생명로 208-8(1층 104, 105호)"
20200434740,충청북도 청주시 흥덕구 직지대로 308(현대백화점 충청점 지하1층 일부호 복대동)
20200434828,충청북도 청주시 흥덕구 직지대로 649(2~3층 봉명동)
20200435103,충청북도 청주시 흥덕구 직지대로 308(현대백화점 충청점 6층 일부호 복대동)
20200435119,충청북도 청주시 흥덕구 오송읍 오송생명로 186(113호)
20200435126,충청북도 청주시 흥덕구 2순환로 1112(1층 비하동)
20200435159,충청북도 청주시 흥덕구 직지대로 308(현대백화점 충청점 6층 일부호 복대동)
20200438323,충청북도 청주시 청원구 오창읍 주성1길 9(산토리니빌딩 1층 103호)
20200438596,충청북도 청주시 청원구 상당로 273-2(1층 내덕동)
20200442525,충청북도 충주시 예성로 155(1층 성서동)
20200442559,"충청북도 충주시 호암수청1로 51(신화빌딩 1층 103,104호 호암동)"
20200444009,충청북도 제천시 독순로11길 14(1층 중앙로2가)
20200444275,충청북도 제천시 내토로69안길 6(101호 고암동)
20200448021,충청북도 영동군 영동읍 중앙로3길 2-1
20200448091,"충청북도 영동군 영동읍 동정로 30(1-2층 102호, 201호 골든렉시움 오피스텔)"
20200448119,충청북도 영동군 상촌면 민주지산로 3014-2
20200454054,충청북도 단양군 단양읍 소노길 10(소노벨 단양 지하 1층)
20200458005,충청남도 천안시 동남구 청수11로 26(1층 103호 청당동)
20200458182,"충청남도 천안시 동남구 만남로 43(신세계백화점충청점,천안종합버스터미널 본관1동 6층 신부동)"
20200458219,충청남도 천안시 동남구 만남로 43(신세계백화점충청점 본관2동 6층 신부동)
20200458220,충청남도 천안시 동남구 안서3길 9(101동 지하1층 B102호 안서동)
20200458242,"충청남도 천안시 동남구 만남로 43(신세계백화점충청점,천안종합버스터미널 B동 6층 신부동)"
20200458245,충청남도 천안시 동남구 성남면 소노로 1(1동 3층)
20200458249,충청남도 천안시 동남구 성남면 종합휴양지로 200(1동 1층 대명리조트)
20200458401,충청남도 천안시 동남구 청수4로 18(104호 청당동)
20200458446,충청남도 천안시 동남구 만남로 43(본관1동 5층 신부동)
20200458618,충청남도 천안시 동남구 청수로 130(1층 구성동)
20200460157,충청남도 천안시 서북구 성성8로 14-27(1층 성성동)
20200460323,"충청남도 천안시 서북구 공원로 177(2동 지하2층 110,111,112호 불당동, 천안불당 시티프라디움)"
20200460571,충청남도 천안시 서북구 쌍용12길 14-6(1층 쌍용동)
20200460589,충청남도 천안시 서북구 직산읍 봉주로 62(1층)
20200462073,충청남도 당진시 우두1로 88(읍내동)
20200464061,충청남도 공주시 공주대학로 95(2층 신관동)
20200467095,충청남도 아산시 탕정면 탕정면로22번길 15-3(1층 102호)
20200467214,충청남도 아산시 배방읍 용연로 84-20(1층)
20200467420,충청남도 아산시 탕정면 탕정면로8번길 97-3(1층)
20200467438,충청남도 아산시 신정호길 33-1(2층 방축동)
20200467578,충청남도 아산시 온천대로 1682(1층 풍기동)
20200467834,"충청남도 아산시 모종로 5(1층 110호,111호 모종동)"
20200470269,충청남도 논산시 벌곡면 대둔로 800-1
20200472028,충청남도 계룡시 두마면 농소로 63(제근린생활시설 2동 제지1층 112호 계룡 푸르지오 더 퍼스트)
20200472123,충청남도 계룡시 엄사면 번영로 52
20200474086,충청남도 부여군 규암면 백제문로 387(롯데프리미엄아울렛 2층)
20200474100,충청남도 부여군 부여읍 석탑로41번길 15
20200477033,충청남도 홍성군 홍성읍 법원로 16(1층 103호)
20200477080,충청남도 홍성군 홍북읍 의향로 283(골든타워 111호)
20200477245,충청남도 홍성군 홍북읍 청사로174번길 2(한승갤러리 1층 101호)
20200478003,충청남도 예산군 덕산면 온천단지3로 45-7(스파캐슬)
20200478044,충청남도 예산군 예산읍 역전로 133
20200479051,충청남도 태안군 태안읍 군청13길 15(1층)
20200479096,충청남도 태안군 안면읍 꽃지해안로 204(아일랜드리솜 1동 지하1층)
20200479097,충청남도 태안군 안면읍 꽃지해안로 204(아일랜드리솜 1동 지하1층)
20200479102,충청남도 태안군 안면읍 꽃지해안로 204(아일랜드리솜 1동 2층)
20200479107,충청남도 태안군 안면읍 꽃지해안로 204(아일랜드리솜 10동 3층)
20200479117,충청남도 태안군 태안읍 동백로 251(2층)
20200482304,"전북특별자치도 전주시 완산구 당산로 11-1(쌍용서신아파트 상가2동 1층 1,2호 서신동)"
20200482457,전북특별자치도 전주시 완산구 마전들로 56(1층 효자동3가)
20200482464,전북특별자치도 전주시 완산구 홍산남로 50(1층 103호 효자동2가)
20200482633,전북특별자치도 전주시 완산구 황강서원로 6(1층 효자동3가)
20200482744,전북특별자치도 전주시 완산구 모악로 4669(2층 평화동2가)
20200482788,전북특별자치도 전주시 완산구 효천중앙로 55(주건축물제1동 1층 106호 효자동2가)
20200482931,전북특별자치도 전주시 완산구 홍산로 14(1층 삼천동2가)
20200483174,전북특별자치도 전주시 완산구 서신천변4길 12-4(1층 서신동)
20200483209,전북특별자치도 전주시 완산구 온고을로 2(롯데백화점 6층 서신동)
20200485138,전북특별자치도 전주시 덕진구 천마산로 32(1층 106호 송천동1가)
20200485184,전북특별자치도 전주시 덕진구 건산로 264(1층 일부호 인후동1가)
20200485363,전북특별자치도 전주시 덕진구 천마산로 54(1층 101호 송천동1가)
20200485516,전북특별자치도 전주시 덕진구 명륜4길 18-5(1층 일부호 금암동)
20200485671,전북특별자치도 전주시 덕진구 기린대로 800(더메이호텔 1층 일부호 팔복동1가)
20200485672,전북특별자치도 전주시 덕진구 기린대로 800(더메이호텔 1층 일부호 팔복동1가)
20200485788,"전북특별자치도 전주시 덕진구 세병1길 36(1층 107,108호 송천동2가)"
20200485878,"전북특별자치도 전주시 덕진구 만성중앙로 53-46(M-PLEX 1층 102,103호 만성동)"
20200485892,"전북특별자치도 전주시 덕진구 기린대로 411(1,2,3층 금암동)"
20200485970,"전북특별자치도 전주시 덕진구 만성중앙로 51(1층 101,102호 만성동)"
20200488255,전북특별자치도 군산시 중앙로 43(대명동)
20200488591,"전북특별자치도 군산시 대명4길 9(1층 106,107호 금암동, 레비뉴스테이)"
20200494238,전북특별자치도 정읍시 충정로 70(101호 상동)
20200494260,전북특별자치도 정읍시 충정로 72-2(상동)
20200496177,전북특별자치도 남원시 충정로 133-3(향교동)
20200497054,전북특별자치도 김제시 검산택지길 41(101호 검산동)
20200497075,전북특별자치도 김제시 금성로 143(예승빌딩 105호 검산동)
20200498050,전북특별자치도 완주군 이서면 출판로 42(101호)
20200500013,전북특별자치도 무주군 무주읍 단천로 151(1동 1층 101호 다온누리)
20200504101,전북특별자치도 고창군 고창읍 보릿골로 136
20200505125,전북특별자치도 부안군 부안읍 예술회관길 23
20200507046,전남광주통합특별시 목포시 옥암로 45(1층 상동)
20200507075,전남광주통합특별시 목포시 원형로 44-2(1층 상동)
20200507127,전남광주통합특별시 목포시 옥암로 173(1층 석현동)
20200507293,전남광주통합특별시 목포시 옥암로 182(경현빌딩 1층 석현동)
20200507313,전남광주통합특별시 목포시 연산백련로 4-13(110호 연산동)
20200507327,전남광주통합특별시 목포시 영산로565번길 18(1층 상동)
20200507480,전남광주통합특별시 목포시 영산로565번길 18(1층 상동)
20200507603,전남광주통합특별시 목포시 터진목로21번길 2-1(1층 산정동)
20200507900,전남광주통합특별시 목포시 남악2로9번길 10-11(1층 옥암동)
20200510404,전남광주통합특별시 여수시 예울마루로 37-53(1층 108호 웅천동)
20200510563,전남광주통합특별시 여수시 시청서3길 25-2(1층 학동)
20200510581,전남광주통합특별시 여수시 선소로 31(1층 학동)
20200510584,전남광주통합특별시 여수시 돌산읍 강남로 11(라마다 프라자 바이 윈덤 여수 5층)
20200510644,전남광주통합특별시 여수시 소라면 안심산길 155(N동 5층)
20200511067,"전남광주통합특별시 여수시 예울마루로 37-53(1층 101호, 102호 웅천동)"
20200513010,전남광주통합특별시 순천시 해룡면 향매로 59(신대타운 1층 106호)
20200513093,전남광주통합특별시 순천시 삼산로 112(1층 용당동)
20200513171,"전남광주통합특별시 순천시 백강로 367(1,2층 조례동)"
20200513193,전남광주통합특별시 순천시 해룡면 향매로 59(신대타운 1층 101호)
20200513493,전남광주통합특별시 순천시 비봉길 84(1층 조례동)
20200513527,전남광주통합특별시 순천시 해룡면 신대1길 4-21(1층 103호)
20200516089,전남광주통합특별시 나주시 나주역길 56(나주역 3층일부 송월동)
20200516445,전남광주통합특별시 나주시 남평읍 강변2길 27-1(102호)
20200517463,전남광주통합특별시 광양시 성황8길 11(1층중 1층전부 성황동)
20200519185,전남광주통합특별시 담양군 창평면 창평로 594
20200520038,전남광주통합특별시 곡성군 곡성읍 읍내8길 11-1
20200521052,전남광주통합특별시 구례군 구례읍 로터리길 24-1
20200522029,전남광주통합특별시 고흥군 고흥읍 장전신전길 3-7
20200523040,전남광주통합특별시 보성군 보성읍 송재로 177-1
20200524024,전남광주통합특별시 화순군 화순읍 만연로 66-5(1층)
20200524080,전남광주통합특별시 화순군 화순읍 대교로 51(1층)
20200525109,전남광주통합특별시 장흥군 부산면 남해고속도로 41(장흥통합 휴게소)
20200527077,전남광주통합특별시 해남군 해남읍 해남로 160-12(1층)
20200527134,전남광주통합특별시 해남군 해남읍 구교3길 8-3
20200527170,전남광주통합특별시 해남군 송지면 산정1길 46
20200528016,전남광주통합특별시 영암군 삼호읍 대불주거로 60
20200528114,전남광주통합특별시 영암군 삼호읍 용당로 84
20200529009,전남광주통합특별시 무안군 삼향읍 남악3로82번길 41(영산주차타워 1층 109호)
20200529031,전남광주통합특별시 무안군 삼향읍 남악로162번길 80(3층)
20200529070,전남광주통합특별시 무안군 삼향읍 남악로162번길 80(롯데아울렛 3층)
20200529076,전남광주통합특별시 무안군 삼향읍 남악로162번길 80(3층)
20200529080,전남광주통합특별시 무안군 삼향읍 남악로162번길 80(3층)
20200529257,전남광주통합특별시 무안군 무안읍 창포로 19-10(1층 107호)
20200529276,전남광주통합특별시 무안군 삼향읍 남악4로60번다길 1(101호)
20200530077,전남광주통합특별시 함평군 함평읍 서부길 53-4(1층)
20200531159,전남광주통합특별시 영광군 영광읍 대하길 111(외1필지 1층)
20200533006,전남광주통합특별시 완도군 완도읍 개포로114번길 23-10(1층)
20200533062,전남광주통합특별시 완도군 완도읍 해변공원로 43
20200535057,전남광주통합특별시 신안군 암태면 박달로 84
20200535058,전남광주통합특별시 신안군 압해읍 무지개길 321
20200538869,경상북도 포항시 남구 동해안로 6363(현대제철주식회사 133동 1층 송내동)
20200540593,경상북도 포항시 북구 흥해읍 초곡지구로58번길 24-6(1층)
20200540746,경상북도 포항시 북구 장량중앙로 81(431동 1층 116호 양덕동)
20200542219,경상북도 경주시 태종로791번길 18(1층 황오동)
20200542275,경상북도 경주시 용황로10길 12(용강동)
20200542302,경상북도 경주시 보문로 182-27(경주한화리조트 북군동)
20200542312,경상북도 경주시 보문로 338(라한셀렉트 경주 신평동)
20200542313,경상북도 경주시 보문로 338(라한셀렉트 경주 신평동)
20200542314,경상북도 경주시 보문로 338(라한셀렉트 경주 신평동)
20200542317,경상북도 경주시 보문로 338(라한셀렉트 경주 1층 신평동)
20200542318,경상북도 경주시 보문로 338(라한셀렉트 경주 신평동)
20200542319,경상북도 경주시 보문로 338(라한셀렉트 경주 1층 신평동)
20200542320,경상북도 경주시 보문로 338(라한셀렉트 경주 신평동)
20200542325,경상북도 경주시 보문로 544(경주월드/서라벌청소년수련관 A-11동 2층 천군동)
20200542494,경상북도 경주시 황성로 35-3(102호 황성동)
20200542926,경상북도 경주시 포석로1068번길 17-3(황남동)
20200543071,"경상북도 경주시 영불로 261(5동 13,14호 진현동)"
20200545407,경상북도 김천시 혁신6로 63(중흥에스클래스프라디움 상가동 상가2동 1층 112호 율곡동)
20200547339,경상북도 안동시 경북대로 347(1층 옥동)
20200547434,경상북도 안동시 복주2길 46(2층 옥동)
20200547535,경상북도 안동시 제비원로 159(1층 당북동)
20200552602,경상북도 구미시 인동중앙로3길 29(영무메트로 1층 106호 황상동)
20200552649,경상북도 구미시 상사서로18길 4(1동 1층 사곡동)
20200558052,경상북도 영주시 대동로70번길 4-7(가흥동)
20200559028,경상북도 영천시 망정3길 7(망정동)
20200559175,경상북도 영천시 충효로 62(문외동)
20200560063,경상북도 상주시 동수4길 22(무양동)
20200564262,경상북도 경산시 원효로32길 42(계양동)
20200564517,경상북도 경산시 경안로39길 38(중방동)
20200564616,경상북도 경산시 펜타힐즈2로 37(힐즈스퀘어3 106호 중산동)
20200564630,경상북도 경산시 펜타힐즈2로 65(펜타힐즈 더원 205호 중산동)
20200564700,경상북도 경산시 하양읍 대경로 661-2(101호)
20200570004,경상북도 영덕군 영덕읍 중앙길 49(2층)
20200570027,경상북도 영덕군 축산면 축산항1길 30-4
20200570107,경상북도 영덕군 영덕읍 덕곡길 102
20200572070,경상북도 고령군 다산면 상곡길 40(1층)
20200573042,경상북도 성주군 성주읍 시장1길 14-28
20200573119,경상북도 성주군 성주읍 성주순환로2길 6
20200575021,경상북도 예천군 호명읍 수변로 125(서진타워 1층 107호)
20200575145,경상북도 예천군 예천읍 한천길 7
20200581545,경상남도 창원시 성산구 원이대로 320(더시티세븐S-105호 대원동)
20200581647,"경상남도 창원시 의창구 도계로50번길 5-7(1층 101호 도계동, 기전맨션)"
20200581670,경상남도 창원시 의창구 중동중앙로 47(어반브릭스스튜디오스트리트몰 1층 1082호 중동)
20200584087,경상남도 창원시 성산구 가양로124번길 13(X-mall빌딩 1층 107호 대방동)
20200584614,경상남도 창원시 성산구 중앙대로100번길 13(6층 일부호 상남동)
20200587213,경상남도 창원시 마산합포구 월영동서로 17(파이브스타즈 빌딩 1층 102호 해운동)
20200587321,"경상남도 창원시 마산합포구 산호북1길 15(102동 상가 104호 산호동, 삼성타운)"
20200587604,경상남도 창원시 마산합포구 3·15대로 137(1층 중앙동1가)
20200591031,경상남도 창원시 진해구 냉천남로 3(M타워 3층 301호 자은동)
20200591267,"경상남도 창원시 진해구 남영로55번길 6-17(1층 105,106호 남문동)"
20200591478,경상남도 창원시 진해구 냉천로 160(1층 109호 자은동)
20200593385,경상남도 진주시 모덕로 175(1층 상대동)
20200593467,경상남도 진주시 정촌면 화개천로 96(1층일부)
20200593525,경상남도 진주시 관문로 7(127호 가좌동)
20200593648,경상남도 진주시 호탄길21번길 6(1층 호탄동)
20200593724,경상남도 진주시 진양호로 145(1층 평거동)
20200593749,"경상남도 진주시 관문로 7(134,135호 가좌동)"
20200593888,경상남도 진주시 에나로 146(112호 충무공동)
20200594135,경상남도 진주시 도동로223번길 20(1층일부 하대동)
20200594257,경상남도 진주시 초북로20번길 20(1층 일부 초전동)
20200596055,경상남도 통영시 광도면 신죽1길 12(613동 상가 5호 주영더팰리스6차아파트)
20200596283,경상남도 통영시 새터길 68(1층 서호동)
20200596438,경상남도 통영시 무전6길 22-5(1층 무전동)
20200596466,경상남도 통영시 광도면 신죽2길 1(102호)
20200598323,경상남도 사천시 정동면 반룡1로 52(상가동 106호 사천 KCC 스위첸)
20200599238,경상남도 김해시 율하2로 111(301호 율하동)
20200599366,경상남도 김해시 삼문로 12(3층 308호 대청동)
20200600141,경상남도 김해시 율하뜰천길 22(1층 장유동)
20200600193,경상남도 김해시 김해대로 2232(신세계백화점 김해점 4층 외동)
20200600921,경상남도 김해시 율하2로 224(1층 율하동)
20200601027,경상남도 김해시 번화1로56번길 30(에코스타뷰 107호 대청동)
20200604101,경상남도 거제시 옥포대첩로2길 40-1(옥포동)
20200604223,경상남도 거제시 아주로3길 10(지하1층 아주동)
20200604527,경상남도 거제시 수양로 456-10(1층 수월동)
20200604612,경상남도 거제시 해명로 25(1층 수월동)
20200604638,경상남도 거제시 장평1로 33(1동 1층 장평동)
20200604883,경상남도 거제시 장평로 12(지하1층 장평동)
20200606174,경상남도 양산시 신덕계5길 23-6(103~105호 덕계동)
20200606396,경상남도 양산시 하북면 경부고속도로 31-1(경부선 통도사부산방향휴게소 1층)
20200606595,경상남도 양산시 하북면 신평7길 6(1층 일부)
20200606948,경상남도 양산시 덕계5길 7-21(101호 덕계동)
20200607090,경상남도 양산시 양산역로 105(107호 중부동)
20200620025,"제주특별자치도 제주시 성신로 18-5(지하1층 001호 연동, 조양빌라트)"
20200620079,제주특별자치도 제주시 중앙로 596(제1호 1층 아라일동)
20200620087,제주특별자치도 제주시 민오름길 14(1~2층 오라이동)
20200620333,제주특별자치도 제주시 도두항서길 65(1층 도두일동)
20200620339,제주특별자치도 제주시 중앙로 20(천마타워 1층 102호 삼도이동)
20200620664,제주특별자치도 제주시 용화로 40(1층 용담이동)
20200620822,제주특별자치도 제주시 조천읍 함덕18길 19(1층)
20200621005,제주특별자치도 제주시 조천읍 함덕30길 14-5(1층)
20200621315,제주특별자치도 제주시 국기로 36(1층 101호 연동)
20200621330,제주특별자치도 제주시 조천읍 신북로 479-2(3층)
20200621441,제주특별자치도 제주시 공항로 2(여객청사 4층 용담이동)
20200621457,제주특별자치도 제주시 공항로 2(국제공항 여객청사 1층 용담이동)
20200621468,제주특별자치도 제주시 우도면 우도해안길 464(제1동 1층)
20200621494,제주특별자치도 제주시 한경면 용금로 859(1층)
20200621686,제주특별자치도 제주시 구좌읍 세평항로 37(1층 101호 가온누리)
20200621903,제주특별자치도 제주시 신대로7길 7(1층 연동)
20200622031,제주특별자치도 제주시 조천읍 신북로 572(1층)
20200622211,제주특별자치도 제주시 연북로 18(노형이타스 2 지하1층 지101호 노형동)
20200622221,제주특별자치도 제주시 승천로 70(1층 아라이동)
20200622222,제주특별자치도 제주시 화삼로 19(삼화빌딩 1층 화북일동)
20200622453,제주특별자치도 제주시 우정로 81(1층 외도일동)
20200622529,제주특별자치도 제주시 중앙로 393(1~2층 아라이동)
20200622570,"제주특별자치도 제주시 원노형8길 6(1층 102호 노형동, 상원주택)"
20200624073,제주특별자치도 서귀포시 서호남로 65(2층 201호 서호동)
20200624670,제주특별자치도 서귀포시 막숙포로 118(더그랜드섬오름호스텔 1층 법환동)
20200624715,제주특별자치도 서귀포시 516로 147(1층 토평동)
20200625046,제주특별자치도 서귀포시 중문관광로72번길 60(신관 1층 색달동)
20200625050,제주특별자치도 서귀포시 중문관광로72번길 60(본관 지2층 색달동)
20210025147,서울특별시 종로구 자하문로 85(1층 신교동)
20210025353,서울특별시 종로구 새문안로2길 10(지하1층 104호 신문로2가)
20210025390,서울특별시 종로구 종로 19(르메이에르종로타운1 B1층 제비105-2호 종로1가)
20210025455,"서울특별시 종로구 청계천로 81(1,2,3,4층 관철동)"
20210025530,"서울특별시 종로구 평창문화로 75(글로리아타운 비동 102,103호 평창동)"
20210025537,서울특별시 종로구 율곡로 65(1층 재동)
20210025704,서울특별시 종로구 평창문화로 169(3~5층 평창동)
20210025880,서울특별시 종로구 대학로10길 16(1층 동숭동)
20210025962,서울특별시 종로구 창덕궁1길 38(1-2층 계동)
20210029364,서울특별시 중구 남대문로 81(13층 소공동)
20210029471,서울특별시 중구 남대문로 81(지하1층 소공동)
20210029730,서울특별시 중구 남대문로 81(5층 소공동)
20210029984,서울특별시 중구 장충단로13길 20(지하2층 을지로6가)
20210030107,서울특별시 중구 청계천로 24(1층 102호 다동)
20210030201,서울특별시 중구 세종대로 64(1층 태평로2가)
20210030514,서울특별시 중구 한강대로 416(1층 남대문로5가)
20210033020,서울특별시 용산구 한강대로23길 55(아이파크몰 4층 한강로3가)
20210033050,서울특별시 용산구 한강대로23길 55(아이파크몰 리빙파크 4층 한강로3가)
20210033123,서울특별시 용산구 한강대로23길 55(아이파크몰 패션파크 1층 한강로3가)
20210033444,서울특별시 용산구 한강대로23길 55(용산역 4층 602-001호 한강로3가)
20210033514,서울특별시 용산구 한강대로23길 55(용산역 4층 471-001호 한강로3가)
20210033572,서울특별시 용산구 한강대로23길 55(용산역 7층 한강로3가)
20210033616,서울특별시 용산구 한강대로23길 55(용산역 5층 한강로3가)
20210033650,"서울특별시 용산구 독서당로 78(지하1,1층 한남동)"
20210033695,서울특별시 용산구 서빙고로 40(1층 한강로3가)
20210033842,서울특별시 용산구 한강대로 297(우신빌딩 1층 갈월동)
20210033969,서울특별시 용산구 한강대로23길 55(용산역 7층 한강로3가)
20210033998,"서울특별시 용산구 원효로90길 11(업무동 1층 103호 원효로1가, 용산더프라임)"
20210034031,"서울특별시 용산구 한강대로 95(1층 113호 한강로2가, 래미안용산 더 센트럴)"
20210034074,서울특별시 용산구 한강대로23길 55(용산역 4층 11-3호 한강로3가)
20210034154,서울특별시 용산구 한강대로23길 55(용산역 테이스트파크 6층 한강로3가)
20210034245,서울특별시 용산구 한강대로23길 55(용산역 테이스트파크 6층 3-003호 한강로3가)
20210036157,서울특별시 성동구 왕십리광장로 17(1층 행당동)
20210036235,"서울특별시 성동구 연무장5가길 25(성수역 SK V1 Tower 2층 201,202,203호 성수동2가)"
20210036427,서울특별시 성동구 마장로35길 76(상가동 3층 303호 마장동)
20210037228,"서울특별시 성동구 무학로6길 50(101동 2층 236-4호 도선동, 성동삼성쉐르빌)"
20210040205,서울특별시 광진구 능동로13길 65(화양동)
20210042071,서울특별시 동대문구 황물로 168(한성아펠시티 1층 120호 답십리동)
20210042430,"서울특별시 동대문구 왕산로 214(청량리역,롯데백화점 지하2층 전농동)"
20210042726,"서울특별시 동대문구 왕산로 214(청량리역,롯데백화점 801호 전농동)"
20210042795,"서울특별시 동대문구 천호대로 289(한일노벨리아 102,103호 답십리동)"
20210046006,서울특별시 중랑구 면목로 421(1층 면목동)
20210046476,서울특별시 중랑구 겸재로54길 21(금동빌딩 1층 면목동)
20210046666,"서울특별시 중랑구 용마산로86길 9-27(1층 104호 면목동, 면목동신성미소지움아파트)"
20210047027,서울특별시 중랑구 상봉중앙로 59(1층 상봉동)
20210050053,서울특별시 성북구 종암로 105(1층 종암동)
20210050471,"서울특별시 성북구 오패산로 46(주상가동 1층 104호 하월곡동, 월곡두산위브아파트)"
20210050545,서울특별시 성북구 아리랑로 48(1층 동선동5가)
20210053144,서울특별시 강북구 도봉로 62(롯데백화점 미아점 9층 미아동)
20210053528,서울특별시 강북구 덕릉로 147(선경빌딩 1층 번동)
20210053529,서울특별시 강북구 노해로 70(우림빌딩 1층 수유동)
20210056449,"서울특별시 도봉구 해등로 139(1층 101호,102호 창동, 미소애아파트)"
20210059183,서울특별시 노원구 동일로 1414(롯데백화점 지하1층 상계동)
20210059249,서울특별시 노원구 동일로 1414(롯데백화점 지상1층 상계동)
20210059352,서울특별시 노원구 동일로 1414(롯데백화점 2층 상계동)
20210059412,서울특별시 노원구 동일로 1401(상아빌딩 1층 상계동)
20210059452,서울특별시 노원구 동일로204가길 46(2001아울렛 8층 중계동)
20210059881,"서울특별시 노원구 초안산로2라길 26(상가동 101호 월계동, 월계센트럴아이파크아파트)"
20210060038,"서울특별시 노원구 동일로 1701(1층 117,118호 상계동, 희성오피앙)"
20210063076,"서울특별시 은평구 갈현로33길 24(제상가동 제1층 4,5호 갈현동, 갈현동현대아파트)"
20210063105,서울특별시 은평구 통일로 1050(롯데몰 은평점 4층 진관동)
20210063471,서울특별시 은평구 연서로 252(세종빌딩 1층 불광동)
20210063839,서울특별시 은평구 통일로 1050(롯데몰 은평점 4층 진관동)
20210064023,서울특별시 은평구 갈현로 309-2(1층 갈현동)
20210064220,서울특별시 은평구 진흥로 161(1층 대조동)
20210064221,서울특별시 은평구 통일로 1020(은평뉴타운 신한 헤센스마트 1층 M106호 진관동)
20210066061,"서울특별시 서대문구 북아현로1길 50(상가1동 지1층 106호 북아현동, 신촌푸르지오)"
20210066663,"서울특별시 서대문구 신촌로35길 10(제402엠동 제지1층 제비401호 북아현동, 이편한세상신촌)"
20210066834,서울특별시 서대문구 거북골로 13(1층 홍은동)
20210069949,서울특별시 마포구 토정로31길 67(창희빌딩 1층 101호 대흥동)
20210069996,서울특별시 마포구 독막로3길 34(1층 서교동)
20210070037,서울특별시 마포구 신촌로4길 5-21(1층 동교동)
20210070378,서울특별시 마포구 양화로 186(LC TOWER 9층 동교동)
20210070379,서울특별시 마포구 양화로 186(LC TOWER 7층 동교동)
20210070576,서울특별시 마포구 독막로3길 21(1층 서교동)
20210070613,서울특별시 마포구 월드컵북로 336(1층 상암동)
20210070700,서울특별시 마포구 방울내로11길 4(1층 망원동)
20210070770,서울특별시 마포구 양화로 186(LC TOWER 1층 101호 동교동)
20210070949,서울특별시 마포구 동교로 114(태복빌딩 1층 101호 서교동)
20210071051,서울특별시 마포구 백범로28길 22(일양빌딩 신관 1층 염리동)
20210071052,서울특별시 마포구 어울마당로 76-1(석영빌딩 2~4층 서교동)
20210071241,서울특별시 마포구 마포대로4길 30-3(1층 도화동)
20210071324,서울특별시 마포구 월드컵북로 218(102호 성산동)
20210071471,서울특별시 마포구 양화로 141(롯데호텔 L7홍대 1층 동교동)
20210073033,"서울특별시 양천구 목동서로 57(현대파리지앙 1층,2층 118호,119호,219호,220호,221호 목동)"
20210073855,서울특별시 양천구 신월로 371(1층 신정동)
20210073860,서울특별시 양천구 중앙로 277(1층 신정동)
20210073922,서울특별시 양천구 은행정로 20(진경빌딩 2층 신정동)
20210074078,"서울특별시 양천구 목동동로 257(6층 목동, 현대하이페리온)"
20210074182,"서울특별시 양천구 목동동로 257(6층 목동, 현대하이페리온)"
20210074261,"서울특별시 양천구 목동동로 257(6층 목동, 현대하이페리온)"
20210074659,"서울특별시 양천구 목동남로2길 60-7(지하 1층 2호 신정동, 양천중앙하이츠)"
20210076058,서울특별시 강서구 화곡로 164(화곡빌딩 1층 화곡동)
20210076740,서울특별시 강서구 공항대로 236(2층 마곡동)
20210076935,"서울특별시 강서구 하늘길 38(김포공항, 롯데몰, 스카이시티 지하2층 방화동)"
20210077477,"서울특별시 강서구 강서로 211(1층 106, 107호 화곡동)"
20210077485,서울특별시 강서구 양천로 683(1층 103호 염창동)
20210077758,"서울특별시 강서구 하늘길 38(김포공항, 롯데몰, 스카이시티 지하1층 방화동)"
20210077889,서울특별시 강서구 초록마을로 12(1층 화곡동)
20210078063,서울특별시 강서구 마곡중앙6로 66(퀸즈파크텐 1층 103호 마곡동)
20210080063,서울특별시 구로구 새말로 75(1층 구로동)
20210080154,"서울특별시 구로구 경인로67길 23(1층 108-110호 신도림동, 신도림2차푸르지오)"
20210080881,서울특별시 구로구 오리로 1160(1층 오류동)
20210081110,서울특별시 구로구 구로중앙로 152(NC백화점 6층 구로동)
20210081192,서울특별시 구로구 구로중앙로 152(NC백화점 6층 구로동)
20210081358,"경기도 광명시 목감로268번길 13(1층 101호,102호 광명동)"
20210081401,"서울특별시 구로구 오류로 61(1층 103호 오류동, 청담파우제)"
20210084280,서울특별시 금천구 디지털로10길 9(현대시티아울렛 가산점 6층 가산동)
20210084628,서울특별시 금천구 벚꽃로 298(대륭포스트타워6차 지하 1층 B138호 가산동)
20210084685,"서울특별시 금천구 가산디지털1로 225(에이스 가산 포휴 1층 105,106,107호 가산동)"
20210084773,서울특별시 금천구 가산로 143(1층 102호 가산동)
20210086039,서울특별시 영등포구 의사당대로 16(서여의도 비즈니스호텔 지하2층 여의도동)
20210086082,경기도 고양시 덕양구 고양대로 1955(스타필드 고양 지하1층 일부호 동산동)
20210086258,서울특별시 영등포구 여의대로 108(더현대서울 3층 여의도동)
20210086259,서울특별시 영등포구 여의대로 108(더현대서울 지하1층 여의도동)
20210086268,서울특별시 영등포구 여의대로 108(파크원 타워1 1층 여의도동)
20210086271,서울특별시 영등포구 여의대로 108(현대백화점 지하1층 여의도동)
20210086301,서울특별시 영등포구 여의대로 108(더현대서울 5층 여의도동)
20210086308,서울특별시 영등포구 여의대로 108(더현대서울 6층 여의도동)
20210086331,서울특별시 영등포구 여의대로 108(더현대서울 6층 여의도동)
20210086346,서울특별시 영등포구 여의대로 108(더현대서울 지하1층 여의도동)
20210086348,서울특별시 영등포구 여의대로 108(더현대서울 지하1층 여의도동)
20210086352,서울특별시 영등포구 여의대로 108(더현대서울 지하1층 여의도동)
20210086356,서울특별시 영등포구 여의대로 108(더현대서울 지하1층 여의도동)
20210086357,서울특별시 영등포구 여의대로 108(더현대서울 지하1층 여의도동)
20210086362,서울특별시 영등포구 여의대로 108(더현대서울 6층 여의도동)
20210086423,서울특별시 영등포구 여의대로 108(더현대서울 5층 여의도동)
20210086425,서울특별시 영등포구 여의대로 108(더현대서울 6층 여의도동)
20210086426,서울특별시 영등포구 여의대로 108(더현대서울 6층 여의도동)
20210086427,서울특별시 영등포구 여의대로 108(더현대서울 6층 여의도동)
20210086448,"서울특별시 영등포구 국제금융로 78(홍우빌딩 1층 121호, 122호 여의도동)"
20210086451,서울특별시 영등포구 여의대로 108(더현대서울  지하1층 여의도동)
20210086468,서울특별시 영등포구 여의대로 108(더현대서울 지하1층 여의도동)
20210086469,서울특별시 영등포구 여의대로 108(더현대서울 지하1층 여의도동)
20210086470,서울특별시 영등포구 여의대로 108(더현대서울 지하1층 여의도동)
20210086474,서울특별시 영등포구 여의대로 108(더현대서울 지하1층 여의도동)
20210086475,서울특별시 영등포구 여의대로 108(더현대서울 지하1층 여의도동)
20210086479,서울특별시 영등포구 여의대로 108(더현대서울 지하1층 여의도동)
20210086485,서울특별시 영등포구 여의대로 108(더현대서울 지하1층 여의도동)
20210086662,서울특별시 영등포구 영중로 9(신세계백화점 타임스퀘어점 지하1층 영등포동4가)
20210086792,"서울특별시 영등포구 선유서로24길 6(상가동 109호 양평동1가, 영등포 중흥 S-CLASS)"
20210086794,서울특별시 영등포구 여의대로 108(파크원 더현대서울 6층 여의도동)
20210086951,"서울특별시 영등포구 선유서로24길 6(105호 양평동1가, 영등포 중흥 S-CLASS)"
20210087239,서울특별시 영등포구 경인로 846(롯데백화점 영등포점 7층 영등포동)
20210087358,서울특별시 영등포구 신길로 39(썬프라자 1층 대림동)
20210087573,서울특별시 영등포구 경인로 846(롯데백화점 영등포점 10층 영등포동)
20210087978,서울특별시 영등포구 당산로 219(1~3층 당산동5가)
20210087980,"서울특별시 영등포구 의사당대로 82(하나금융투자빌딩 1,2층 여의도동)"
20210087981,서울특별시 영등포구 국제금융로2길 32(여의도파이낸스타워 1층 여의도동)
20210088047,서울특별시 영등포구 경인로 846(롯데백화점영등포점 지하1층 영등포동)
20210091174,서울특별시 동작구 양녕로25길 6(1층 상도동)
20210091214,서울특별시 동작구 보라매로 78(성진빌딩 1층 신대방동)
20210091533,서울특별시 동작구 사당로 155(인더네이처 지하1층 B01호 사당동)
20210091660,"서울특별시 동작구 사당로 300(1층 112호 사당동, 이수자이)"
20210094667,서울특별시 관악구 봉천로23나길 47(1층 101호 봉천동)
20210094759,서울특별시 관악구 난곡로 189(명성빌딩 1층 신림동)
20210095107,서울특별시 관악구 신림로 330(포도몰 9층 신림동)
20210095146,서울특별시 관악구 서림길 117(1층 신림동)
20210095194,서울특별시 관악구 신림로 330(포도몰 8층 신림동)
20210095210,서울특별시 관악구 신림로 330(타임스트림 9층 신림동)
20210095223,서울특별시 관악구 관악로16길 36(2층 봉천동)
20210095310,서울특별시 관악구 신림로 330(포도몰 1층 신림동)
20210095500,서울특별시 관악구 쑥고개로 50(제1층 제103호 봉천동)
20210098042,서울특별시 서초구 강남대로43길 31(1층 서초동)
20210098291,서울특별시 서초구 잠원로 51(뉴코아백화점 1관 5층 잠원동)
20210098402,"서울특별시 서초구 사임당로 115(지하1층 B101,B102호 서초동, 헤센 파크힐)"
20210098557,서울특별시 서초구 잠원로 51(뉴코아아울렛 강남점  3관 1층 잠원동)
20210098647,"서울특별시 서초구 서래로5길 2(B1층, 1층~3층 반포동)"
20210098693,서울특별시 서초구 잠원로 69(킴스클럽 1층 잠원동)
20210098737,"서울특별시 서초구 서초대로 346(1타운 1층 101호 서초동, 서초동 동아빌라트)"
20210098754,서울특별시 서초구 남부순환로 2620(1층 양재동)
20210099336,서울특별시 서초구 반포대로 300(덕성빌딩 1층 잠원동)
20210099340,서울특별시 서초구 강남대로 253(준타워 2층 서초동)
20210099422,"서울특별시 서초구 효령로 22(1층 103호, 105호, 106호 방배동)"
20210099528,서울특별시 서초구 서래로 38(2층 반포동)
20210100080,서울특별시 서초구 동광로 8(리스빌 1층 방배동)
20210100136,서울특별시 서초구 방배로 269(삼호상가 1층 108호 방배동)
20210100463,서울특별시 서초구 신반포로 176(3층 반포동)
20210105142,서울특별시 강남구 테헤란로 422(KT타워 지상1층 대치동)
20210105232,"서울특별시 강남구 선릉로145길 14(1,2층 논현동)"
20210105620,서울특별시 강남구 영동대로 513(코엑스 지하1층 I103호 삼성동)
20210105644,서울특별시 강남구 일원로9길 18(지상1층 101호 일원동)
20210105648,"서울특별시 강남구 언주로 604(지하1층 117호 논현동, ACROHILLS논현)"
20210105650,서울특별시 강남구 봉은사로 451(지상1층 101호 삼성동)
20210105653,"서울특별시 강남구 압구정로 306(지상1층 107호,108호 신사동)"
20210105753,서울특별시 강남구 영동대로 513(코엑스 지하1층 I113호 삼성동)
20210106174,서울특별시 강남구 선릉로131길 8(노벨빌딩 지상1층 101호 논현동)
20210106579,서울특별시 강남구 봉은사로 150(삼정관광호텔 지상1층 역삼동)
20210106581,서울특별시 강남구 테헤란로 231(센터필드 조선팰리스강남24층 역삼동)
20210106583,서울특별시 강남구 테헤란로 231(센터필드 조선팰리스강남24층 역삼동)
20210106584,서울특별시 강남구 테헤란로 231(센터필드 조선팰리스강남36층 역삼동)
20210106585,서울특별시 강남구 테헤란로 231(센터필드  조선팰리스강남36층 역삼동)
20210106718,"서울특별시 강남구 강남대로128길 27(지상2층 202호 논현동, 새호시티라이프빌딩)"
20210106997,서울특별시 강남구 일원로 115(삼성생명 일원역 빌딩 지상1층 111호 일원동)
20210107009,서울특별시 강남구 밤고개로 99(수서역사 지하2층 SB26-3호 수서동)
20210107032,서울특별시 강남구 영동대로 513(코엑스 지하1층 삼성동)
20210107092,서울특별시 강남구 영동대로 513(코엑스 지하1층 I105호 삼성동)
20210107190,서울특별시 강남구 자곡로 202(강남힐스테이트에코 지상1층 107-1호 자곡동)
20210107311,서울특별시 강남구 학동로 342(에스케이 허브블루 지상1층 113호 논현동)
20210107361,서울특별시 강남구 논현로94길 13(지상2층 역삼동)
20210107497,서울특별시 강남구 테헤란로 231(센터필드 지하2층 WB06호 역삼동)
20210107505,서울특별시 강남구 테헤란로 231(센터필드 지하2층 WB05호 역삼동)
20210107538,서울특별시 강남구 테헤란로 231(센터필드 지하2층 WB03호 역삼동)
20210107611,서울특별시 강남구 언주로98길 30(리에바움 오피스텔 지상1층 101호 역삼동)
20210107688,서울특별시 강남구 논현로 58(동진빌딩 지상1층 개포동)
20210107707,서울특별시 강남구 테헤란로 231(센터필드 더？스앳센터필드 쇼핑몰동 지하2층 WB02호 역삼동)
20210107863,서울특별시 강남구 도곡로 401(롯데백화점 지하1층 대치동)
20210108220,서울특별시 강남구 개포로82길 7(삼성빌딩 지상2층 4호 개포동)
20210108378,서울특별시 강남구 테헤란로 231(센터필드 지상1층 E101호 역삼동)
20210108421,"서울특별시 강남구 선릉로 660(지상1층 에프108호 삼성동, 브라운스톤 레전드)"
20210108469,서울특별시 강남구 테헤란로 231(센터필드 지상1층 E103호 역삼동)
20210108718,서울특별시 강남구 테헤란로 231(센터필드 지상2층 E203호 역삼동)
20210108780,서울특별시 강남구 논현로28길 54(덕원빌딩 지상1층 도곡동)
20210108781,서울특별시 강남구 테헤란로 521(파르나스타워 지하1층 F-22호 삼성동)
20210108966,서울특별시 강남구 압구정로79길 59(지상1층 청담동)
20210109144,서울특별시 강남구 테헤란로 316(메트라이프타워 지하1층 역삼동)
20210109300,"서울특별시 강남구 도산대로49길 35(지상1층 3,4호 신사동)"
20210109356,서울특별시 강남구 선릉로6길 12(지상1층 1호 개포동)
20210109365,서울특별시 강남구 언주로148길 14(청호불교문화원 가동 지상2층 논현동)
20210109397,서울특별시 강남구 선릉로68길 7(지상1층 104호 대치동)
20210109698,서울특별시 강남구 도산대로15길 11(지하1층 신사동)
20210109752,"서울특별시 강남구 압구정로36길 12(메디컬뱅크 지상1층 105호,106호 신사동)"
20210114501,서울특별시 송파구 충민로 66(가든파이브라이프 영관 2층 문정동)
20210114568,서울특별시 송파구 충민로 66(가든파이브라이프 NC백화점 영관 2층 문정동)
20210114811,서울특별시 송파구 올림픽로 240(롯데백화점 잠실점 지하1층 잠실동)
20210114866,서울특별시 송파구 올림픽로 300(롯데월드타워앤드롯데월드몰 5층 신천동)
20210114907,"서울특별시 송파구 양재대로 1222(올림픽프라자 1층 212,213호 방이동)"
20210115096,"서울특별시 송파구 올림픽로 269(2층 신천동, 롯데캐슬골드)"
20210115108,"서울특별시 송파구 오금로 551(근린생활시설2 1층 108호 거여동, e편한세상 송파 파크센트럴)"
20210115344,서울특별시 송파구 올림픽로 240(롯데백화점 11층 잠실동)
20210115642,서울특별시 송파구 올림픽로 300(롯데월드몰 5층 신천동)
20210115685,"서울특별시 송파구 올림픽로 269(지하1층 신천동, 롯데캐슬골드)"
20210115722,"서울특별시 송파구 위례광장로 290(상가 1층 138,139호 장지동, 위례중앙푸르지오2단지)"
20210115854,서울특별시 송파구 올림픽로 300(롯데월드타워앤드롯데월드몰 지하1층 신천동)
20210115925,서울특별시 송파구 올림픽로 300(롯데월드타워앤드롯데월드몰 5층 신천동)
20210116065,서울특별시 송파구 오금로20길 4(1층 송파동)
20210116098,"서울특별시 송파구 삼전로 82(청성빌딩 103,104호 삼전동)"
20210116141,서울특별시 송파구 올림픽로 300(롯데월드몰 지하1층 신천동)
20210116454,서울특별시 송파구 올림픽로35길 137(한국광고문화회관 1층 신천동)
20210116455,서울특별시 송파구 백제고분로 275(1층 석촌동)
20210116693,서울특별시 송파구 올림픽로 300(롯데월드타워앤드롯데월드몰 지하1층 신천동)
20210116732,서울특별시 송파구 올림픽로 300(롯데월드타워앤드롯데월드몰 지하1층 신천동)
20210116789,서울특별시 송파구 충민로 66(가든파이브 NC송파점 패션관 7층 문정동)
20210117002,서울특별시 송파구 충민로 66(NC백화점 패션관 7층 문정동)
20210117025,서울특별시 송파구 올림픽로 300(롯데월드몰 B1층 신천동)
20210117045,서울특별시 송파구 올림픽로 300(롯데월드몰 B1층 신천동)
20210120164,서울특별시 강동구 구천면로24길 20-9(1층 천호동)
20210120879,"서울특별시 강동구 아리수로93길 27(강일타워 1층 104,105호 강일동)"
20210121075,서울특별시 강동구 성안로3길 86(GK빌딩 1층 성내동)
20210121213,"서울특별시 강동구 아리수로97길 68(상가동 105호 강일동, 강일리버파크2단지아파트)"
20210121605,"서울특별시 강동구 천중로35길 99-17(101호 천호동, 다성이즈빌)"
20210121708,서울특별시 강동구 명일로 216(1층 길동)
20210126169,부산광역시 중구 중앙대로 2(롯데백화점광복점 지하1층 중앙동7가)
20210126204,부산광역시 중구 중앙대로 2(롯데백화점광복점 지하1층 중앙동7가)
20210126208,부산광역시 중구 중앙대로 2(롯데백화점광복점 지하1층 중앙동7가)
20210126288,부산광역시 중구 중앙대로 2(롯데백화점광복점 4층 중앙동7가)
20210126298,부산광역시 중구 중앙대로 2(롯데백화점광복점 10층 중앙동7가)
20210126304,부산광역시 중구 대청로99번길 15-2(1층 대청동4가)
20210128028,부산광역시 서구 구덕로 303-1(1층 서대신동2가)
20210128082,"부산광역시 서구 암남공원로 39(301동 지하4층 107호 암남동, 송도 풍림아이원)"
20210129127,부산광역시 동구 조방로 14(동일타워 1층 판매-2 104호 범일동)
20210129257,부산광역시 동구 범일로 125(현대백화점 부산점 9층 범일동)
20210129276,부산광역시 동구 고관로29번길 51-1(초량동)
20210131219,부산광역시 부산진구 동성로 59(1층 전포동)
20210131358,"부산광역시 부산진구 엄광로250번길 4(C동 101호 가야동, 금동빌라)"
20210131461,부산광역시 부산진구 가야대로 772(지하1층 부전동)
20210131602,부산광역시 부산진구 서전로 19(큐브빌딩 1층 103호 부전동)
20210131833,부산광역시 부산진구 성지로 58(1층 연지동)
20210131913,부산광역시 부산진구 동평로183번길 144(1층 연지동)
20210132289,부산광역시 부산진구 동성로87번길 7(1층 우측호 전포동)
20210132297,부산광역시 부산진구 엄광로 52-1(1층 개금동)
20210132337,부산광역시 부산진구 백양순환로17번길 5-2(1층 당감동)
20210132372,부산광역시 부산진구 가야대로 772(롯데백화점부산본점 지하1층 부전동)
20210132484,부산광역시 부산진구 서면로 39(KT&G 상상마당부산 8층 부전동)
20210134207,부산광역시 동래구 금강로 11(세기빌딩 온천동)
20210134314,부산광역시 동래구 사직로 45(사직야구장 4층 B1호 사직동)
20210134573,부산광역시 동래구 아시아드대로 203(1층 온천동)
20210134577,부산광역시 동래구 중앙대로 1393(롯데백화점 8층 온천동)
20210134720,부산광역시 동래구 중앙대로 1393(롯데백화점 지하1층 온천동)
20210134770,부산광역시 동래구 중앙대로 1393(롯데백화점 8층 온천동)
20210134775,부산광역시 동래구 중앙대로 1393(롯데백화점 1층 온천동)
20210137272,부산광역시 남구 동명로 139(1층 일부호 용호동)
20210137416,"부산광역시 남구 분포로 145(스퀘어동 1층 1025호 용호동, 더블유)"
20210137459,부산광역시 남구 수영로 256(1일부층 대연동)
20210137470,"부산광역시 남구 고동골로 29(111동 2층 219, 220호 문현동, 국제금융시티 문현베스티움 아파트)"
20210137474,부산광역시 남구 문현로 30-1(1층 일부호 문현동)
20210137743,부산광역시 남구 수영로 346(1층 일부호 대연동)
20210137779,부산광역시 남구 동명로145번길 80(1층 용호동)
20210137832,"부산광역시 남구 못골로12번길 35(1층 104,105호 대연동)"
20210141225,"부산광역시 해운대구 달맞이길 30(99층 일부호 중동, 엘시티)"
20210141239,부산광역시 해운대구 센텀동로 6(홈플러스 센텀시티점 1층 일부호 우동)
20210141240,부산광역시 해운대구 센텀동로 6(홈플러스 센텀시티점 1층 일부호 우동)
20210141346,부산광역시 해운대구 센텀동로 6(홈플러스 센텀시티점 2층 일부호 우동)
20210141573,"부산광역시 해운대구 달맞이길 30(99층 9801호 일부호 중동, 엘시티)"
20210141586,부산광역시 해운대구 센텀남대로 35(신세계백화점센텀시티점 지하1층 우동)
20210141725,부산광역시 해운대구 센텀4로 15(센텀시티 몰 4층 일부호 우동)
20210141754,부산광역시 해운대구 해운대로 723(하모니타워마브러스 103동 1층 112호 중동)
20210141937,부산광역시 해운대구 센텀남대로 35(신세계백화점센텀시티점 4층 우동)
20210141940,부산광역시 해운대구 재반로118번길 14(2층 일부호 재송동)
20210141970,부산광역시 해운대구 대천로 92-12(2층 좌동)
20210142030,부산광역시 해운대구 해운대로 793(해운대자생한방병원 1층 108호 좌동)
20210142411,부산광역시 해운대구 마린시티3로 51(더샵해운대아델리스 2층 206호 우동)
20210144482,"부산광역시 사하구 다대로 328(103동 107호 장림동, 사하 리버팰리스)"
20210144765,부산광역시 사하구 낙동남로 1413(아트몰링 15층 하단동)
20210149161,부산광역시 강서구 명지국제1로 56-1(플러스타워 122호 명지동)
20210149199,부산광역시 강서구 명지국제1로 60-1(SR빌딩 710호 명지동)
20210149244,부산광역시 강서구 명지오션시티4로 96(104호 명지동)
20210149281,부산광역시 강서구 명지국제7로 38(신라스테이 서부산점 3층 일부호 명지동)
20210149450,부산광역시 강서구 명지국제11로 70(1층 명지동)
20210149452,부산광역시 강서구 명지국제6로 107(2층 일부호 명지동)
20210149454,부산광역시 강서구 공항진입로 108(김해공항 국내선 3층 일부호 대저2동)
20210149527,부산광역시 강서구 신호이로49번길 11(1층 104호 신호동)
20210150057,부산광역시 연제구 좌수영로 241(지하 3층 일부호 연산동)
20210150060,부산광역시 연제구 좌수영로 241(지하3층 연산동)
20210150092,부산광역시 연제구 좌수영로 241(이마트 트레이더스 연산점 연산동)
20210150584,부산광역시 연제구 종합운동장로 7(홈플러스 아시아드점 지하2층 거제동)
20210150661,"부산광역시 연제구 종합운동장로28번길 7(101동 1층 103호 거제동, 부산 아시아드 코오롱 하늘채 아파트)"
20210152101,부산광역시 수영구 수영로666번길 6(1층 104호 광안동)
20210152200,부산광역시 수영구 광안로62번길 21(광안청일디오브오션뷰 102호 광안동)
20210152571,부산광역시 수영구 수영로 517(센터럴타워 1층 102호 광안동)
20210152637,"부산광역시 수영구 수영로652번길 6(1층 102호 광안동, 정원센텀뷰)"
20210152650,부산광역시 수영구 수영로464번길 9(준정빌딩 1층 남천동)
20210152676,부산광역시 수영구 광안로 21(2층 광안동)
20210154554,부산광역시 사상구 엄궁북로 23(1층 엄궁동)
20210156028,부산광역시 기장군 일광읍 해빛6로 43-19(1층)
20210156095,부산광역시 기장군 기장읍 대청로45번길 61(1층)
20210156157,부산광역시 기장군 정관읍 모전로 77-1
20210156227,"부산광역시 기장군 일광읍 해빛1로 5(104호,105일부호)"
20210156333,부산광역시 기장군 기장읍 기장해안로 147(롯데몰 동부산점 3층 A322호)
20210156372,부산광역시 기장군 정관읍 달산1길 2
20210156434,부산광역시 기장군 정관읍 달산길 10-4(1층)
20210156452,부산광역시 기장군 기장읍 기장해안로 268-32(아난티 앳부산코브 K동 1호)
20210156674,부산광역시 기장군 기장읍 기장해안로 147(롯데몰 동부산점 1층 B106호)
20210156733,부산광역시 기장군 기장읍 동부산관광로 42(3동 1층)
20210156871,부산광역시 기장군 기장읍 기장해안로 147(롯데몰 동부산점 3층)
20210156939,"부산광역시 기장군 정관읍 정관6로 31(109,110호)"
20210159146,"대구광역시 중구 달구벌대로450길 16-6(1,2층 대봉동)"
20210159423,대구광역시 중구 남성로 7-1(1층 남성로)
20210159498,대구광역시 중구 동덕로 86(지상1층 대봉동)
20210159499,대구광역시 중구 달구벌대로 1965(지상1층 대신동)
20210159502,대구광역시 중구 달구벌대로 2232-18(1층 대봉동)
20210159548,대구광역시 중구 남산로7길 41-1(1층 남산동)
20210159585,대구광역시 중구 동성로5길 6(동성로3가)
20210159819,대구광역시 중구 국채보상로 679-22(1층 동인동2가)
20210159947,대구광역시 중구 달구벌대로 2077(현대백화점 지하1층 계산동2가)
20210161024,대구광역시 동구 동화천로77길 2(다올빌딩 1층 지묘동)
20210161043,대구광역시 동구 동부로 149(신세계동대구복합환승센터 8층 신천동)
20210161127,대구광역시 동구 경안로101길 16(1층 서호동)
20210161206,대구광역시 동구 첨단로 30(이노빌딩 2층 202호 신서동)
20210161474,대구광역시 동구 동부로 149(신세계동대구복합환승센터 지하 1층 신천동)
20210161552,대구광역시 동구 이노밸리로 166(109호 각산동)
20210161592,대구광역시 동구 팔공로49길 16(이시아폴리스 라이프스타일 센터 1층 봉무동)
20210161649,대구광역시 동구 팔공로51길 37(1층 103호 봉무동)
20210161900,대구광역시 동구 동부로26길 16(동대구역 부띠끄시티 드라마오피스텔 1층 103호 신천동)
20210161978,대구광역시 동구 안심로22길 60-3(1층 106호 율하동)
20210162275,대구광역시 동구 동부로 149(신세계동대구복합환승센터 8층 신천동)
20210162322,대구광역시 동구 동촌로 273(1층 방촌동)
20210162325,대구광역시 동구 동화천로72길 14(1층 지묘동)
20210162418,대구광역시 동구 해동로 33-1(1층 지저동)
20210162425,대구광역시 동구 안심로22길 60-13(광장프라자2 1층 102호 율하동)
20210162451,"대구광역시 동구 첨복로 33(코아루파크뷰 1층 105,106호 신서동)"
20210164047,대구광역시 서구 국채보상로 197(1층 평리동)
20210164208,대구광역시 서구 북비산로75길 3(1층 비산동)
20210164293,대구광역시 서구 와룡로 307(지하1층 B125호 중리동)
20210164428,대구광역시 서구 와룡로 307(지하1층 B137호 중리동)
20210167322,대구광역시 남구 봉덕로 66(1층 봉덕동)
20210167398,대구광역시 남구 장전1길 36(1층 대명동)
20210167574,대구광역시 남구 계명중앙1길 19(1층 대명동)
20210169075,대구광역시 북구 태전로1길 34(1층 태전동)
20210169379,대구광역시 북구 태평로 161(롯데백화점 대구역 10층 칠성동2가)
20210169614,대구광역시 북구 동암로12길 8(칠곡홈플러스 1층 동천동)
20210169617,대구광역시 북구 동암로12길 8(칠곡홈플러스 1층 동천동)
20210169695,대구광역시 북구 검단로 8(롯데마트 1층 복현동)
20210169748,대구광역시 북구 태평로 161(롯데백화점 대구역 지하2층 칠성동2가)
20210169812,대구광역시 북구 산격로 90-1(1층 산격동)
20210169844,"대구광역시 북구 동천로 135-5(1층 105,106,107호 동천동)"
20210169860,대구광역시 북구 침산남로 165-2(1층 침산동)
20210169891,대구광역시 북구 노원로 50(노원동3가)
20210170175,대구광역시 북구 동화천로 290(4층 401호 연경동)
20210170262,대구광역시 북구 내곡로 32(1층 103호 사수동)
20210170279,대구광역시 북구 대천로18길 4-20(1층 동천동)
20210170433,"대구광역시 북구 도남길 76(119동 B107호 국우동, 힐스테이트 데시앙 도남1단지)"
20210170526,대구광역시 북구 태평로 161(롯데백화점 대구역 지하2층 칠성동2가)
20210170537,대구광역시 북구 학정로 431(1층 101호 동천동)
20210170572,대구광역시 북구 구암로65길 2-1(1층 구암동)
20210175031,대구광역시 수성구 청수로9길 3(1층 중동)
20210175177,대구광역시 수성구 야구전설로 1(대구삼성라이온즈파크 2층 5호 연호동)
20210175178,대구광역시 수성구 야구전설로 1(대구삼성라이온즈파크 2층 9호 연호동)
20210175179,대구광역시 수성구 야구전설로 1(대구삼성라이온즈파크 2층 10호 연호동)
20210175184,대구광역시 수성구 야구전설로 1(대구삼성라이온즈파크 5층 3호 연호동)
20210175246,"대구광역시 수성구 고산로 70(4-16동 1층 3호 신매동, 청솔타운)"
20210175380,대구광역시 수성구 동대구로 149(코아시스아파트 105동 1층 108호 109호 황금동)
20210175420,대구광역시 수성구 알파시티1로35길 17(1층 대흥동)
20210175608,대구광역시 수성구 용학로 106-7(제6동 지하1층 두산동)
20210176433,대구광역시 수성구 알파시티1로32길 28-17(2층 대흥동)
20210176434,대구광역시 수성구 달구벌대로480길 21(1층 범어동)
20210182028,대구광역시 달서구 이곡동로 24(신세계주차빌딩 1층 이곡동)
20210182101,대구광역시 달서구 와룡로43길 69(1층 용산동)
20210182663,대구광역시 달서구 조암남로 85(주건축물제1동 1층 112호 월성동)
20210182668,대구광역시 달서구 달구벌대로 1467(홈플러스 대구성서점 지하2층 용산동)
20210182723,대구광역시 달서구 조암남로26길 29(건호빌딩 1층 대천동)
20210182872,대구광역시 달서구 월배로 461(1층 송현동)
20210182891,대구광역시 달서구 달구벌대로 1467(홈플러스 대구성서점 지하2층 용산동)
20210182903,대구광역시 달서구 달구벌대로 1467(홈플러스 대구성서점 지하2층 용산동)
20210182941,대구광역시 달서구 장기로 206(죽전역 클래식명가 1층 105호 감삼동)
20210182987,"대구광역시 달서구 갈밭로 52(1층 104,105호 대곡동)"
20210183168,대구광역시 달서구 조암로6길 6-45(1층 월성동)
20210183336,대구광역시 달서구 성서로 419(1층 이곡동)
20210183601,대구광역시 달서구 조암로 9(테라스빌딩 주건축물제1동 1층 105호 월성동)
20210189262,대구광역시 달성군 다사읍 왕선로 48(1층)
20210189789,대구광역시 달성군 가창면 우록길 127(2층)
20210189792,대구광역시 달성군 가창면 우록길 127(1층)
20210192246,인천광역시 영종구 월촌길 76(1층 105호 중산동)
20210192411,"인천광역시 영종구 햇내로28번길 12(더예스클라우드 B동 109,110호 운서동)"
20210192627,인천광역시 영종구 영종대로196번길 25(1층 108호 운서동)
20210192716,인천광역시 영종구 운남로 156(순영빌딩 1층 101호 운남동)
20210194053,인천광역시 제물포구 금곡로 32(1층 금곡동)
20210195117,"인천광역시 미추홀구 미추로 61(1층 105호 숭의동, 광해리드빌)"
20210195232,인천광역시 미추홀구 석바위로 34(1층 주안동)
20210195535,인천광역시 미추홀구 매소홀로 618(문학경기장 1루매표소 3동 2층 문학동)
20210196033,인천광역시 미추홀구 독정이로 32(1층 용현동)
20210196274,"인천광역시 미추홀구 주안로 지하 86(주안역 지하도상가 오픈23,280,281호 주안동)"
20210196383,"인천광역시 미추홀구 연남로 35(인천종합터미널,롯데백화점 지하1층 관교동)"
20210196424,인천광역시 미추홀구 낙섬중로 80(1층 1호 용현동)
20210199025,인천광역시 연수구 앵고개로246번길 43(조이빌딩 2층 201호 일부호 동춘동)
20210199055,인천광역시 연수구 청능대로55번길 15(1층 일부호 청학동)
20210199502,인천광역시 연수구 신송로 154(더 제니스 120호 송도동)
20210199694,인천광역시 연수구 아트센터대로 107(커낼워크D3 AUTUMN 301동 1층 126호 송도동)
20210199780,인천광역시 연수구 아트센터대로168번길 100(한라 웨스턴파크 송도 1층 190호 송도동)
20210199844,인천광역시 연수구 송도국제대로 123(현대프리미엄 아울렛 송도점 3층 일부호 송도동)
20210199920,인천광역시 연수구 센트럴로 415(힐스테이트 송도 더테라스 판매시설동 116호 송도동)
20210200085,인천광역시 연수구 송도국제대로 123(현대프리미엄 아울렛 송도점 지하1층 일부호 송도동)
20210200096,인천광역시 연수구 송도국제대로 123(현대프리미엄 아울렛 송도점 지하1층 일부테넌트A7호 송도동)
20210200158,인천광역시 연수구 아트센터대로 87(커낼워크D4 WINTER 401동 1층 124호 송도동)
20210200206,인천광역시 연수구 청능대로 210(스퀘어원 3층 일부호 동춘동)
20210200288,인천광역시 연수구 먼우금로251번길 8-20(1층 일부호 연수동)
20210200343,인천광역시 연수구 신송로 170(에이스프라자3차 102호 송도동)
20210200392,인천광역시 연수구 테크노파크로 180(다동 지상1층 송도동)
20210200421,인천광역시 연수구 앵고개로 250(연수메디칼빌딩 1층 102호 동춘동)
20210200453,인천광역시 연수구 독배로 68(유진메디타워 1층 104호 옥련동)
20210200594,"인천광역시 연수구 청량로 145(1,2,3층 옥련동)"
20210200647,"인천광역시 연수구 해돋이로 168-2(103,104,105,106호 송도동)"
20210202252,"인천광역시 연수구 센트럴로 123(송도컨벤시아 지상1층 M08,M09호 송도동)"
20210202454,인천광역시 남동구 서창남순환로 223(아페리온 A동 1층 127호 서창동)
20210202866,인천광역시 남동구 논고개로123번길 14(1층 일부호 논현동)
20210203002,인천광역시 남동구 앵고개로847번길 72(논현시티 1층 104호 논현동)
20210203133,인천광역시 남동구 소래역로 28(조은프라자 1층 112호 논현동)
20210203138,인천광역시 남동구 문화로 111(1층 구월동)
20210203640,인천광역시 남동구 선수촌공원로23번길 20(중앙주차타워 1층 115호 구월동)
20210205024,인천광역시 부평구 부평문화로 14(101호 일부호 부평동)
20210205474,"인천광역시 부평구 동수로 80(402상가동 1층 112호 부평동, 부평역 화성파크드림)"
20210205607,인천광역시 부평구 부평문화로 72-2(1층 부평동)
20210205636,인천광역시 부평구 열우물로 18(동암역 대우 마이빌 1층 102호 십정동)
20210205753,인천광역시 부평구 길주로 633(삼산메디캐슬 1층 110호 삼산동)
20210205766,인천광역시 부평구 부흥로360번길 36(빌리지M 1층 102호 부평동)
20210206030,인천광역시 부평구 부평북로 380(1층 일부호 삼산동)
20210206144,"인천광역시 부평구 광장로 16(부평민자역사 본건물 나호 지하1층 24,25호 부평동)"
20210206202,인천광역시 부평구 주부토로 69(오델리아 107호 부평동)
20210206266,인천광역시 부평구 평천로 341(1층 일부호 갈산동)
20210208004,인천광역시 계양구 계산시장길 25-1(1층 일부호 계산동)
20210208116,인천광역시 계양구 계산새로 19(1층 일부호 계산동)
20210208161,"인천광역시 계양구 계양문화로 119(1층 117호 용종동, 인천 계양 코아루 센트럴파크)"
20210208210,인천광역시 계양구 계산시장길 30(1층 일부호 계산동)
20210208282,"인천광역시 계양구 아나지로 332(201동 1층 114-1호 작전동, 계양 우림카이저팰리스)"
20210208304,인천광역시 계양구 오조산로7번길 4(성우프라자 101.102호 작전동)
20210208460,인천광역시 계양구 장제로1009번길 2(1층 일부호 박촌동)
20210208534,인천광역시 계양구 봉오대로555번길 14(썬프라자 1층 107.108호 효성동)
20210208681,인천광역시 계양구 안산로21번길 7(1층 일부호 계산동)
20210208683,인천광역시 계양구 계양대로 164(2층 일부호 계산동)
20210208776,인천광역시 계양구 오조산공원로 22(계양프라자 1층 102호 용종동)
20210211288,인천광역시 서해구 장고개로 268(1층 일부호 가좌동)
20210211597,"인천광역시 서해구 서곶로 253(1층 일부, 2층 심곡동)"
20210212234,"인천광역시 서해구 청라커낼로288번길 26(186,187호 청라동)"
20210212433,인천광역시 검단구 서곶로 876(105호 마전동)
20210212542,인천광역시 서해구 건지로249번길 26(1층 일부호 석남동)
20210212757,인천광역시 검단구 원당대로 865(대산프라자 107호 원당동)
20210212900,인천광역시 서해구 가정로 369(서경 플러스 존 B102호일부 신현동)
20210212999,인천광역시 서해구 승학로 568(1층일부 검암동)
20210213098,"인천광역시 검단구 서로3로 112(206,207호 당하동)"
20210213222,"인천광역시 검단구 원당대로 1045(101,102,201,202호 원당동)"
20210217007,전남광주통합특별시 동구 독립로 268(롯데백화점 지하 1층 대인동)
20210217016,"전남광주통합특별시 동구 남문로 555(1동 1층 106호 용산동, 다보애주상복합APT)"
20210217027,전남광주통합특별시 동구 독립로 268(롯데백화점 지하 1층 대인동)
20210217028,전남광주통합특별시 동구 독립로 268(롯데백화점 지하 1층 대인동)
20210217037,전남광주통합특별시 동구 독립로 268(롯데백화점 지하 1층 대인동)
20210217052,전남광주통합특별시 동구 독립로 268(롯데백화점 지하1층 대인동)
20210217059,전남광주통합특별시 동구 의재로 46(1층 학동)
20210217066,전남광주통합특별시 동구 의재로35번길 22(1층 학동)
20210217085,전남광주통합특별시 동구 독립로 268(롯데백화점 10층 대인동)
20210217253,전남광주통합특별시 동구 동계천로 14-1(1층 대인동)
20210217332,전남광주통합특별시 동구 충장로안길 18(2층 황금동)
20210217346,전남광주통합특별시 동구 독립로 268(롯데백화점 광주점 지하1층 대인동)
20210217351,전남광주통합특별시 동구 동계천로 14(1층 대인동)
20210217473,전남광주통합특별시 동구 독립로 268(롯데백화점 광주점 지하1층 대인동)
20210219640,전남광주통합특별시 서구 운천로 117(1층 쌍촌동)
20210219641,전남광주통합특별시 서구 상무대로 1070(1층 화정동)
20210219858,전남광주통합특별시 서구 금호운천길 99(상무 푸르지오 114동 지하1층 105호 쌍촌동)
20210219867,"전남광주통합특별시 서구 내방로 349(1층 101호 화정동, 유탑유블레스)"
20210219870,전남광주통합특별시 서구 무진대로 904(유스퀘어광천터미널 1층 광천동)
20210219983,전남광주통합특별시 서구 상무대로1147번길 7(영무예다음 3층 306호 농성동)
20210220031,전남광주통합특별시 서구 금호운천길 102(케이폴타워 1층 106호 쌍촌동)
20210220072,"전남광주통합특별시 서구 대남대로487번길 14(1,2층 농성동)"
20210222041,전남광주통합특별시 남구 서문대로749번마길 28(중흥아파트 상가동 1층 106호 진월동)
20210222245,전남광주통합특별시 남구 서문대로 671(1층 103호 진월동)
20210224299,전남광주통합특별시 북구 천변우로79번길 77-1(한국아델리움 상가동 1층 104호 임동)
20210224375,전남광주통합특별시 북구 설죽로202번길 90(1층 용봉동)
20210224859,전남광주통합특별시 북구 서하로 339(1층 문흥동)
20210230026,전남광주통합특별시 광산구 풍영로 251(멍거빌딩 1층 장덕동)
20210230414,전남광주통합특별시 광산구 장신로147번길 6(1층 104호 수완동)
20210230583,전남광주통합특별시 광산구 용아로379번길 10(1층 하남동)
20210230682,전남광주통합특별시 광산구 사암로 339(1층 월곡동)
20210230746,전남광주통합특별시 광산구 풍영로 222(1층 장덕동)
20210230772,전남광주통합특별시 광산구 월계로 223-7(미르채프라자 1층 106호 쌍암동)
20210230865,전남광주통합특별시 광산구 내상로 81(1층 송정동)
20210231136,"전남광주통합특별시 광산구 임방울대로826번길 42(더첨단 시너지타워2 1,2층 109호 월계동)"
20210231169,전남광주통합특별시 광산구 장신로 280-20(1층 신창동)
20210231381,전남광주통합특별시 광산구 단전둘레길 54(1층 하남동)
20210234055,대전광역시 동구 동대전로 82(1층 대동)
20210234201,대전광역시 동구 동산초교로22번길 45(A동 1층 홍도동)
20210236071,대전광역시 중구 동서대로 1385-5(1층 목동)
20210236083,대전광역시 중구 동서대로 1385-5(2층 목동)
20210236109,대전광역시 중구 유천로102번길 19-1(1층 유천동)
20210236763,대전광역시 중구 중앙로 141(NC백화점 8층 선화동)
20210239321,대전광역시 서구 관저중로 98(리틀파워존 7-3호 관저동)
20210239378,대전광역시 서구 계룡로 598(롯데백화점 지하1층 일부호 괴정동)
20210239454,대전광역시 서구 가장로 39-1(1층 일부호 괴정동)
20210239571,대전광역시 서구 계룡로 598(롯데백화점 9층 일부호 괴정동)
20210239572,대전광역시 서구 계룡로 598(롯데백화점 9층 일부호 괴정동)
20210239624,대전광역시 서구 계룡로 598(롯데백화점 9층 일부호 괴정동)
20210239654,대전광역시 서구 계룡로 598(롯데백화점 9층 일부호 괴정동)
20210239725,대전광역시 서구 월평북로 83(1층 월평동)
20210240087,대전광역시 서구 도마로 30(1층 도마동)
20210240578,대전광역시 서구 대덕대로 211(갤러리아타임월드백화점 11층 일부호 둔산동)
20210243830,대전광역시 유성구 와룡로 3(지상1층 송강동)
20210243996,대전광역시 유성구 엑스포로 1(신세계엑스포점 지상1층 T1-1호 도룡동)
20210244004,대전광역시 유성구 엑스포로 1(신세계엑스포점 지상7층 F76호 도룡동)
20210244026,대전광역시 유성구 엑스포로 1(신세계엑스포점 지상7층 F75호 도룡동)
20210244042,대전광역시 유성구 엑스포로 1(신세계엑스포점 지상7층 F74호 도룡동)
20210244061,대전광역시 유성구 엑스포로 1(신세계엑스포점 지상7층 F61호 도룡동)
20210244086,대전광역시 유성구 엑스포로 1(신세계엑스포점 지상7층 도룡동)
20210244090,대전광역시 유성구 은구비서로3번길 8-21(지상1층 지족동)
20210244105,대전광역시 유성구 엑스포로 1(신세계엑스포점 지상7층 F65호 도룡동)
20210244106,대전광역시 유성구 엑스포로 1(신세계엑스포점 지상7층 F66호 도룡동)
20210244107,대전광역시 유성구 엑스포로 1(신세계엑스포점 지상7층 F71호 도룡동)
20210244112,대전광역시 유성구 엑스포로 1(신세계엑스포점 지상8층 도룡동)
20210244120,대전광역시 유성구 엑스포로 1(신세계엑스포점 지하1층 A14호 도룡동)
20210244126,대전광역시 유성구 엑스포로 1(신세계엑스포점 지상9층 H9호 도룡동)
20210244127,대전광역시 유성구 엑스포로 1(신세계엑스포점 지상7층 F70호 도룡동)
20210244128,대전광역시 유성구 엑스포로 1(신세계엑스포점 지상7층 F68호 도룡동)
20210244130,대전광역시 유성구 엑스포로 1(신세계엑스포점 지상7층 F64호 도룡동)
20210244134,대전광역시 유성구 엑스포로 1(신세계엑스포점 지상3층 C57호 도룡동)
20210244136,대전광역시 유성구 엑스포로 1(신세계엑스포점 지하1층 A61호 도룡동)
20210244138,대전광역시 유성구 엑스포로 1(신세계엑스포점 지상7층 F63호 도룡동)
20210244171,대전광역시 유성구 엑스포로 1(신세계엑스포점  지하1층 A19호 도룡동)
20210246405,대전광역시 대덕구 대덕대로 1578(1층 석봉동)
20210249289,울산광역시 중구 백양로 88-1(1층 성안동)
20210249348,울산광역시 중구 태화로 195(1층 태화동)
20210249403,울산광역시 중구 성안로 184(1층 103호 성안동)
20210251484,울산광역시 남구 번영로246번길 22(1층 삼산동)
20210251608,울산광역시 남구 삼산로 288(롯데백화점 지하1층 삼산동)
20210251657,울산광역시 남구 삼산로 288(롯데백화점 지하1층 삼산동)
20210251721,"울산광역시 남구 월평로171번길 26(115호 신정동, 신정 지웰)"
20210251730,울산광역시 남구 번영로75번길 23(1층 달동)
20210251799,울산광역시 남구 선암호수길 86-1(1~2층 선암동)
20210251855,울산광역시 남구 중앙로 34(1층 야음동)
20210252067,"울산광역시 남구 수암로149번길 9(105호 야음동, 대하미르빌주상복합아파트)"
20210252192,울산광역시 남구 야음로6번길 11-2(1층 야음동)
20210252499,울산광역시 남구 중앙로 6(1층 야음동)
20210256193,울산광역시 동구 진성4길 55(1층 전하동)
20210256425,울산광역시 동구 진성14길 77(7호 전하동)
20210258087,울산광역시 북구 매곡본길 24-6(대하그린 상가동 지상1층 101호 매곡동)
20210258383,울산광역시 북구 명촌15길 3-1(지상1층 명촌동)
20210258408,울산광역시 북구 동대중앙로 8(지상1층 호계동)
20210260145,울산광역시 울주군 청량읍 상남길 46(1층)
20210260200,울산광역시 울주군 삼남읍 남상평3길 50(1층)
20210260573,울산광역시 울주군 언양읍 북문6길 5(103호)
20210260705,울산광역시 울주군 청량읍 상남길 25(상가동 108호 울주상남골드클래스)
20210262108,세종특별자치시 가름로 143(KT&G 세종타워B 1층 일부호 어진동)
20210262237,"세종특별자치시 한누리대로 2009(펠리체타워2 1층 105,106,107호 소담동)"
20210262238,세종특별자치시 도움3로 105-8(신목빌딩 1층 106호 종촌동)
20210262385,세종특별자치시 도움3로 105-6(스마트빌딩 1층 103호 종촌동)
20210262728,세종특별자치시 보듬3로 6(라온프라이빗시티Ⅱ 1층 107호 도담동)
20210262896,세종특별자치시 한누리대로 1839(수루배마을2단지 근린생활시설 상가B동 지1층 111호 반곡동)
20210263061,"세종특별자치시 대평로 75(해비치빌딩 1층 103, 104호 대평동)"
20210263118,세종특별자치시 새롬중앙로 33(새뜸프라자 1층 110호 새롬동)
20210263352,세종특별자치시 절재로 194(중앙타운 1층 107-1일부호 어진동)
20210272094,경기도 수원시 팔달구 세지로 188(1층 인계동)
20210272309,경기도 수원시 팔달구 팔달문로153번길 2(정훈빌딩 1층 우만동)
20210272317,경기도 수원시 팔달구 덕영대로 924(AK플라자 지하1층 매산로1가)
20210272328,경기도 수원시 팔달구 덕영대로 924(AK플라자 6층 매산로1가)
20210272457,"경기도 수원시 팔달구 중부대로 80(상가1동 1층 5호 인계동, 인계한양수자인)"
20210272474,경기도 수원시 팔달구 경수대로443번길 11(1층 101호 인계동)
20210274010,경기도 수원시 영통구 동수원로 290(1층 매탄동)
20210274108,"경기도 수원시 영통구 센트럴타운로 92(대림프라자 1층 106,107호 이의동)"
20210274285,경기도 수원시 영통구 센트럴파크로127번길 138(1층 이의동)
20210274356,경기도 수원시 영통구 대학1로54번길 19(1층 이의동)
20210274442,경기도 수원시 영통구 영통로112번길 30(나눔빌딩 1층 일부호 망포동)
20210274627,경기도 수원시 영통구 동수원로537번길 36-9(1층 일부호 원천동)
20210274764,경기도 수원시 영통구 권선로908번길 30(1층 105호106호 신동)
20210276035,경기도 수원시 장안구 정자로 28(1층 우측호 천천동)
20210276100,경기도 수원시 장안구 장안로 110(평산시티텔 1층 105호 정자동)
20210278027,경기도 수원시 권선구 경수대로 270(터미널동 5층 권선동)
20210278056,경기도 수원시 팔달구 세지로174번길 16-1(1층 인계동)
20210278089,경기도 수원시 권선구 경수대로 270(5층 권선동)
20210278245,경기도 수원시 권선구 세화로 134(롯데몰 수원점 지하 1층 서둔동)
20210278255,경기도 수원시 권선구 금호로 83-8(1층 101호 금곡동)
20210278287,경기도 수원시 권선구 삼천병마로1592번길 3-4(1층 일부호 오목천동)
20210278356,"경기도 수원시 권선구 경수대로 270(터미널동, 할인점동 5층 권선동)"
20210278397,"경기도 수원시 권선구 서수원로577번길 341(상가동 지1층 B101호 금곡동, 수원모아미래도센트럴타운1단지)"
20210278456,"경기도 수원시 권선구 경수대로 270(터미널동, 할인점동 6층 권선동)"
20210282034,경기도 성남시 수정구 성남대로1194번길 3(성남밀란체3 104호 수진동)
20210282322,경기도 성남시 수정구 청계산로2길 15(1층 고등동)
20210282408,경기도 성남시 수정구 창업로 18(파미어스몰 지1층 시네마홀일부호 시흥동)
20210282631,"경기도 성남시 수정구 위례광장로 322(아이플렉스 114, 115호 창곡동)"
20210286097,"경기도 성남시 분당구 장미로92번길 2(1층,2층일부호 야탑동)"
20210286107,경기도 성남시 분당구 정자일로 155(분당두산타워 7층 일부호 정자동)
20210286632,경기도 성남시 분당구 서현로494번길 6(1층 분당동)
20210286672,경기도 성남시 분당구 장미로92번길 9(지1층 일부B101호호 야탑동)
20210287223,"경기도 성남시 분당구 서판교로 160(스타식스밸리 1층 106, 107, 108호 판교동)"
20210287225,"경기도 성남시 분당구 성남대로 52(그랜드프라자 1층 103, 104호 구미동)"
20210287229,경기도 성남시 분당구 매화로 43(동영빌딩 1층 일부호 야탑동)
20210287431,"경기도 성남시 분당구 동판교로52번길 9-9(지하1층, 지상1층 백현동)"
20210287568,"경기도 성남시 분당구 동판교로177번길 25(1층 149호 삼평동, 판교 호반 써밋 플레이스)"
20210287755,경기도 용인시 수지구 죽전로 136(월드프라자 1층 107호 일부호 죽전동)
20210287897,경기도 성남시 분당구 분당로53번길 20(이랜드분당프라자 1층 105호 서현동)
20210287962,경기도 성남시 분당구 판교역로146번길 20(현대백화점 판교점 9층 일부호 백현동)
20210288014,경기도 성남시 분당구 미금로 45(진도훼미리프라자 1층 110호 구미동)
20210288196,경기도 성남시 분당구 성남대로926번길 6(야탑 대덕프라자 2층 209호 야탑동)
20210290034,"경기도 의정부시 장곡로226번길 83(상가동 1층 103호 장암동, 장암 더샵 포레스트)"
20210290066,"경기도 의정부시 서광로 210(121동 지하2층 B228호 고산동, 의정부 고산 대방노블랜드 에듀파크 아파트)"
20210290126,경기도 의정부시 백석로52번길 31-20(1층 호원동)
20210290150,"경기도 의정부시 시민로 145(주건축물제1동 지상1층 113호 의정부동, 이안 더 센트로 의정부)"
20210290162,"경기도 의정부시 신흥로232번길 5-31(지상1층 101, 102, 103호 의정부동, 아이비타워)"
20210290546,경기도 의정부시 승지로 13(만복빌딩 지상1층 민락동)
20210291052,경기도 의정부시 부용로 95(현대프라자 지상 1층 102호 금오동)
20210291608,"경기도 의정부시 용민로 74(지상1층 110호 용현동, 베르우스M)"
20210291643,경기도 의정부시 동일로 713(을지타워 지상2층 205호 금오동)
20210291778,경기도 의정부시 범골로35번길 66(지상1층 호원동)
20210295014,"경기도 안양시 만안구 안양로 507(1층 108호 석수동, 삼우수피아아파트)"
20210295076,경기도 안양시 만안구 박달로 572-2(1층 안양동)
20210295101,경기도 안양시 만안구 수리산로47번길 30(1층 안양동)
20210295276,경기도 안양시 만안구 석천로 164-1(1층 석수동)
20210295293,"경기도 안양시 만안구 안양로 96(근린생활시설동 1층 148호 안양동, 안양 명학역유보라 더스마트)"
20210297053,경기도 안양시 동안구 시민대로 180(롯데백화점 평촌점 지하1층 호계동)
20210297073,경기도 안양시 동안구 경수대로 567(지상 1층 호계동)
20210297117,경기도 안양시 동안구 귀인로190번길 103(103호 평촌동)
20210297136,경기도 안양시 동안구 동편로20번길 9(스마트넷빌딩 지상1층 102호 관양동)
20210297200,경기도 안양시 동안구 시민대로 311(금강스마트빌딩 140호 관양동)
20210297219,경기도 안양시 동안구 갈산로 65(지상1층 호계동)
20210297296,경기도 안양시 동안구 동안로 119(9층 호계동)
20210297312,경기도 안양시 동안구 호성로 31-5(윈하우스 1층 호계동)
20210297340,"경기도 안양시 동안구 귀인로 108(101, 102호 호계동)"
20210297408,경기도 안양시 동안구 동편로 16(1층 108호 관양동)
20210297443,경기도 안양시 동안구 관악대로374번길 12(1층 103호 관양동)
20210297475,경기도 안양시 동안구 관평로170번길 43(훼미리타운 131호 관양동)
20210299314,"경기도 부천시 원미구 송내대로 239(5400호 일부,5401호,5402호 상동)"
20210299364,경기도 부천시 오정구 중동로 413(1층 삼정동)
20210299469,경기도 부천시 원미구 부천로 8(1층 일부 심곡동)
20210299661,경기도 부천시 원미구 부일로 448(프리존 빌딩 104호 심곡동)
20210299711,"경기도 부천시 원미구 평천로 679(119동 103호 일부호 약대동, 부천아이파크)"
20210299811,경기도 부천시 원미구 부흥로315번길 62(필-그린타워 111호 중동)
20210299818,"경기도 부천시 오정구 역곡로456번길 47(1층 101호 고강동, 창우아이빌)"
20210299887,경기도 부천시 오정구 고강로40번길 58(1층 일부호 원종동)
20210300217,경기도 부천시 원미구 상동로117번길 37(진성프라자 102호 상동)
20210300363,경기도 부천시 소사구 양지로67번길 34(1층 일부호 범박동)
20210300639,"경기도 부천시 원미구 부흥로 181(세민메가트랜스 1층 103,104호 중동)"
20210300698,경기도 부천시 소사구 범안로 45(1층 일부호 괴안동)
20210301058,"경기도 부천시 오정구 고리울로51번길 43(1층 102호 고강동, 아이원팰리스)"
20210301103,경기도 부천시 원미구 길주로 180(현대백화점 중동점 8층 일부 중동)
20210301137,"경기도 부천시 오정구 원종로 106(1층 104호 고강동, 플로리아)"
20210301153,경기도 부천시 오정구 원종로24번길 28(신진타워맨션 103호 원종동)
20210301155,경기도 부천시 원미구 부천로366번길 78(예담팰리스 1층 105호 도당동)
20210301212,경기도 부천시 소사구 양지로 205(부천옥길 서영아너시티2 1층 144호 옥길동)
20210301379,경기도 부천시 원미구 역곡로 24(덕산빌딩 1층 104호 역곡동)
20210301564,경기도 부천시 원미구 조마루로385번길 92(부천테크노밸리 U1 center 125호 원미동)
20210301784,경기도 부천시 원미구 신흥로 178(위브더스테이트 상가3동 213호 중동)
20210301847,"경기도 부천시 원미구 송내대로 239(소풍 5419호,5420호,5427호 일부,5428호 일부 상동)"
20210319029,"경기도 광명시 하안로 204(104호 소하동, 동양1차아파트)"
20210319364,경기도 광명시 일직로 17(롯데아울렛 5층 일부호 일직동)
20210319469,경기도 광명시 광명로 858(1층 2호 광명동)
20210319487,경기도 광명시 시청로 32(1층 일부호 철산동)
20210319814,"경기도 광명시 양지로 19(어반브릭스B동 1층 104,105호 일직동)"
20210319850,경기도 광명시 양지로 19(어반브릭스B동 1층 131호 일직동)
20210319881,"경기도 광명시 양지로 19(어반브릭스B동 2층 219,220호 일직동)"
20210321212,경기도 평택시 비전5로 10(센트럴돔 1층 1047호 비전동)
20210321722,경기도 평택시 평남로 1015(서재프라자 1층 103호 동삭동)
20210322056,경기도 평택시 서동대로 3867(1층 일부호 용이동)
20210322273,경기도 평택시 평택5로20번길 39(합정동 타임스퀘어 1층 104호 합정동)
20210322363,경기도 평택시 동삭1로22번길 19-9(1층 104호 동삭동)
20210323319,경기도 평택시 진위면 엘지로 55-59
20210323552,경기도 평택시 고덕면 고덕국제3길 26(101호)
20210323560,"경기도 평택시 쇼핑로 36-2(1층, 2층 신장동)"
20210324116,경기도 평택시 안중읍 송담5길 35(1층 102호)
20210324306,경기도 평택시 안중읍 송담5길 57(1층)
20210324410,경기도 평택시 청북읍 안청로8길 28(1층)
20210325149,경기도 동두천시 평화로2313번길 7-5(1층 101호 지행동)
20210328105,경기도 안산시 상록구 부곡로 87(1층 일부 부곡동)
20210328136,"경기도 안산시 상록구 중보로 49(숭실프라자 1층 105호,106호 이동)"
20210328236,경기도 안산시 상록구 항가울로 46(1층 일부 사동)
20210328264,경기도 안산시 상록구 석호로 348(1층 본오동)
20210328267,"경기도 안산시 상록구 안산대학로 110(103,104,105호 일동)"
20210328292,"경기도 안산시 상록구 본삼로 39(601호,602호,603호 본오동)"
20210331090,경기도 안산시 단원구 선부로 165-1(1층 일부 선부동)
20210331131,경기도 안산시 단원구 중앙대로 873(롯데백화점 신관 지하1층 일부 고잔동)
20210331388,"경기도 안산시 단원구 광덕대로 137(밀레니엄 1 101, 102호 고잔동)"
20210331406,경기도 안산시 단원구 이삭로 14(모범빌딩 1층일부103호 고잔동)
20210331432,경기도 안산시 단원구 신길로 9-3(태인오피스텔  110호 신길동)
20210331516,경기도 안산시 단원구 당곡로 27(고잔리슈빌S 111호 고잔동)
20210331689,경기도 안산시 단원구 고잔2길 65(경신씨티프라자 110호 고잔동)
20210339060,경기도 고양시 덕양구 권율대로 420(이케아 고양점 P1층 일부호 도내동)
20210339101,경기도 고양시 덕양구 동산1로1길 23-12(101일부호 동산동)
20210339110,경기도 고양시 덕양구 꽃마을로 4(123호 향동동)
20210339342,경기도 고양시 덕양구 권율대로 671(원흥역 푸르지오 105호 원흥동)
20210339346,경기도 고양시 덕양구 푸른마을로 6(고양 e PLAZA 상가동 1층 125-2호 고양동)
20210339358,경기도 고양시 덕양구 푸른마을로 30(서정프라자 1층 106호 고양동)
20210339367,경기도 고양시 덕양구 고양대로1384번길 19-15(새롬프라자 1층 109호 성사동)
20210339538,경기도 고양시 덕양구 꽃내음2길 84(1층 향동동)
20210339547,경기도 고양시 덕양구 고양대로 1955(스타필드 고양 3층 일부호 동산동)
20210339590,경기도 고양시 덕양구 고양대로 1955(스타필드 고양 1층 일부호 동산동)
20210339680,경기도 고양시 덕양구 동송로 30(삼송 더샵 미디어시티 근린생활시설 110호 동산동)
20210339740,"경기도 고양시 덕양구 능곡로13번길 15(상가동 1층 106호 토당동, 한강 능곡역 성원상떼빌)"
20210339756,"경기도 고양시 덕양구 통일로 760(107, 154호 관산동, 더퍼스트프라임)"
20210339762,경기도 고양시 덕양구 동세로 22-3(1층 일부호 동산동)
20210339772,경기도 고양시 덕양구 중앙로 450(명성프라자 110호 행신동)
20210339815,경기도 고양시 덕양구 화신로260번길 58(비전프라자 2층 203호 화정동)
20210339825,경기도 고양시 덕양구 화신로 263(브릿지타워BRIDGE TOWER 2층 206호 화정동)
20210339880,경기도 고양시 덕양구 마상로113번길 68(104일부호 주교동)
20210341065,경기도 고양시 일산동구 위시티3로 52(정우빌딩 1층 일부호 식사동)
20210341134,경기도 고양시 일산동구 숲속마을로 18(웰빙타운 1층 106호 풍동)
20210341144,"경기도 고양시 일산동구 중산로 103(거풍프라자 106전체호, 107전체호 중산동)"
20210341320,경기도 고양시 일산동구 위시티3로 53-10(1층 일부호 식사동)
20210341487,"경기도 고양시 일산동구 호수로 606(코오롱레이크폴리스I 1층 B-106호, 107호 장항동)"
20210341496,"경기도 고양시 일산동구 중앙로 1080(남정골드프라자 101,102호 백석동)"
20210341628,경기도 고양시 일산동구 중앙로 1283(롯데백화점일산점 판매동 1층 일부호 장항동)
20210341759,"경기도 고양시 일산동구 장백로 19(더루벤스카운티 112, 113호 백석동)"
20210341763,경기도 고양시 일산동구 중앙로 1206(뉴코아백화점일산점 9층 일부호 마두동)
20210341841,경기도 고양시 일산동구 백마로 195(일산방송COMPLEX방송관련시설 1-1173호 장항동)
20210343060,경기도 고양시 일산서구 하이파크2로 40(금문프라자 101호 덕이동)
20210343319,경기도 고양시 일산서구 일현로 89(101일부호 탄현동)
20210343344,"경기도 고양시 일산서구 일산로 511(태성프라자 101, 102호 일산동)"
20210343345,"경기도 고양시 일산서구 일산로 774(1층 일부내부106,107호 대화동)"
20210345129,경기도 과천시 새술막길 14(과천농협 1층 중앙동)
20210346469,"경기도 구리시 갈매순환로 206(109, 110호 갈매동)"
20210346583,경기도 구리시 경춘로 261(롯데백화점 구리점 8층 인창동)
20210346591,"전남광주통합특별시 서구 월드컵4강로42번길 59(1층, 102호 화정동)"
20210346661,"경기도 구리시 검배로 73(1,2층 수택동)"
20210348180,경기도 남양주시 호평로68번길 1(1층 호평동)
20210348605,경기도 남양주시 진건읍 진건오남로 77(심미에셈빌 102~103호)
20210348836,경기도 남양주시 다산지금로 124-50(1층 다산동)
20210348898,경기도 남양주시 다산지금로 127(보람 프라자 주건축물제1동 103호 다산동)
20210349018,경기도 남양주시 금곡로 72(센타프라자 106호 금곡동)
20210349341,경기도 남양주시 화도읍 경춘로 1943(미리내 1층일부)
20210349486,경기도 남양주시 다산순환로 325(다산아이파크 상가동 106호 다산동)
20210349737,경기도 남양주시 화도읍 녹촌로 11(주공아파트102호일부)
20210349817,경기도 남양주시 진접읍 해밀예당1로 28(진접농협 연평지점 1층 일부)
20210350561,경기도 남양주시 화도읍 창현로 27(창현빌딩 1층 일부)
20210350610,경기도 남양주시 다산순환로 50(현대프리미엄아울렛 SPACE1 1층 A-186호 다산동)
20210350676,경기도 남양주시 진접읍 해밀예당1로 8-12(가동 2층)
20210350799,경기도 남양주시 경춘로1350번길 35(리치플러스 1층 103호 평내동)
20210352069,경기도 오산시 수목원로468번길 12(W파크타워 2층 205호 금암동)
20210352133,경기도 오산시 수목원로 602(1층 109호 110호 세교동)
20210352200,경기도 오산시 운천로 51(1층 102호 원동)
20210352236,"경기도 오산시 내삼미로79번길 27(1층 117호, 118호 수청동)"
20210352620,경기도 오산시 궐동로 20(1층 101호 궐동)
20210352744,경기도 오산시 대호로 63(1층 102호 궐동)
20210355108,경기도 시흥시 장현서3길 8(1층 일부호 장현동)
20210355337,경기도 시흥시 봉우재로 32(1층 정왕동)
20210355362,경기도 시흥시 서촌상가2길 9(1층 일부호 정왕동)
20210355393,경기도 시흥시 장현서2길 5(1층 장현동)
20210356016,경기도 시흥시 장곡로49번길 7(1층 일부호 장곡동)
20210356039,경기도 시흥시 장현서3길 4(1층 일부호 장현동)
20210358033,경기도 군포시 송부로 36(백산프라자 101호 도마교동)
20210358456,"경기도 군포시 금당로 23(지1층 B01호 당동, 루시아)"
20210358585,경기도 군포시 군포로 767(1층 일부호 산본동)
20210358638,경기도 군포시 고산로151번길 21(신세기프라자 1층 105호 당정동)
20210360002,경기도 의왕시 복지로 100-1(1층 내손동)
20210360131,경기도 의왕시 능안길 113(4층 401호 내손동)
20210360355,경기도 의왕시 바라산로 1(롯데백화점 아울렛타임빌라스푸드홀층 3층 학의동)
20210360363,경기도 의왕시 백운호수로3길 14(1층 학의동)
20210360364,경기도 의왕시 바라산로 1(롯데백화점 아울렛타임빌라스푸드홀층 3층 학의동)
20210360365,경기도 의왕시 바라산로 1(롯데백화점 아울렛타임빌라스글라스하우스층 4층 학의동)
20210360369,경기도 의왕시 바라산로 1(롯데백화점 아울렛타임빌라스푸드홀층 3층 학의동)
20210360374,경기도 의왕시 바라산로 1(롯데백화점 아울렛타임빌라스푸드홀층 3층 학의동)
20210360383,경기도 의왕시 바라산로 1(롯데백화점 아울렛타임빌라스3층 푸드홀층 학의동)
20210360391,경기도 의왕시 바라산로 1(롯데백화점 아울렛타임빌라스 3층 푸드홀층 학의동)
20210360393,경기도 의왕시 바라산로 1(롯데백화점 아울렛타임빌라스3층 푸드홀층 학의동)
20210360396,경기도 의왕시 바라산로 1(롯데백화점 아울렛타임빌라스 푸드홀층3층 학의동)
20210360398,경기도 의왕시 바라산로 1(롯데백화점 아울렛타임빌라스 푸드홀층3층 학의동)
20210360409,경기도 의왕시 바라산로 1(롯데백화점 아울렛타임빌라스 2층 학의동)
20210360410,경기도 의왕시 바라산로 1(롯데백화점 아울렛타임빌라스 2층 학의동)
20210360417,경기도 의왕시 바라산로 1(롯데백화점 아울렛타임빌라스 2층 학의동)
20210360427,경기도 의왕시 바라산로 1(롯데백화점 아울렛타임빌라스 2층 학의동)
20210360436,경기도 의왕시 바라산로 1(롯데백화점 아울렛타임빌라스 3층 푸드홀층 학의동)
20210360443,경기도 의왕시 바라산로 1(롯데백화점 아울렛타임빌라스3층 푸드홀층 학의동)
20210360458,경기도 의왕시 바라산로 1(롯데백화점 아울렛타임빌라스3층 푸드홀층 학의동)
20210360494,"경기도 의왕시 봇들로 60(스마일투 103,104-1,105-1호 포일동)"
20210360511,경기도 의왕시 내손공원2길 25(1층 101호 내손동)
20210361102,경기도 하남시 미사대로 750(스타필드 하남 2층 신장동)
20210361331,경기도 하남시 위례대로 200(스타필드시티 위례점 4층 4109호 학암동)
20210361434,"경기도 하남시 미사강변남로 125(미사역마이움푸르지오 102동 1층 122,123의 일부호 망월동)"
20210361445,"경기도 하남시 미사대로 410(미사강변 오벨리스크 3층 314, 315, 316, 317, 318호 망월동)"
20210361455,경기도 하남시 미사강변한강로354번길 10(YE HOUSE 1층 망월동)
20210361485,경기도 하남시 미사대로 750(스타필드 하남 L2층 2142호 신장동)
20210361720,"경기도 하남시 미사강변한강로 270-1(미사강변 호반 써밋 201동 1층 151,152호 망월동)"
20210361808,경기도 하남시 위례학암로13번길 34(1층 학암동)
20210361822,경기도 하남시 미사대로 750(스타필드 하남 지하1층 신장동)
20210362191,경기도 하남시 미사강변중앙로198번길 35(우성르보아리버 1층 105호 망월동)
20210362313,경기도 하남시 미사대로 520(C동 1층 132호 덕풍동)
20210362487,경기도 하남시 위례대로 220(위례 지웰푸르지오 상가동 1층 104A호 학암동)
20210362500,"경기도 하남시 감일백제로 97(메인프라자 1층 107, 108호 감이동)"
20210362800,경기도 하남시 미사대로 750(스타필드 하남 지하1층 G269호 신장동)
20210364274,경기도 용인시 처인구 모현읍 백옥대로2384번길 21-31(1층 일부호)
20210364341,경기도 용인시 처인구 포곡읍 에버랜드로 199(삼성에버랜드)
20210364384,경기도 용인시 처인구 주북로94번길 30-1(용인휴게소 고림동)
20210364479,경기도 용인시 처인구 포곡읍 에버랜드로 199(삼성에버랜드 1층)
20210364536,경기도 용인시 처인구 모현읍 오산로13번길 36-2(1~2층)
20210364605,경기도 용인시 처인구 명지로40번길 9(지석프라자 1층 106호 역북동)
20210364624,경기도 용인시 처인구 모현읍 오포로 101(1층 일부)
20210364810,경기도 용인시 처인구 금령로71번길 12-10(1층 일부 김량장동)
20210364949,경기도 용인시 처인구 금령로71번길 12-10(1층 104호 김량장동)
20210365097,경기도 용인시 처인구 양지면 남곡로 29(1층)
20210366259,경기도 용인시 기흥구 새천년로26번길 2(센타프라자 110호 신갈동)
20210366684,경기도 용인시 기흥구 서천동로91번길 4-4(1층 102호 농서동)
20210366767,"경기도 용인시 기흥구 흥덕1로 97(1층 103,108호 영덕동)"
20210366869,경기도 용인시 기흥구 동백중앙로 283(골드프라자 A동 1층 111호 중동)
20210367085,경기도 용인시 기흥구 공세로 191(신갈호수쉼터 1층 공세동)
20210369638,경기도 용인시 수지구 풍덕천로181번길 5-1(1층 풍덕천동)
20210369689,경기도 용인시 수지구 성복2로 38(성복역 롯데캐슬 골드타운 지하1층 일부호 성복동)
20210369690,경기도 용인시 수지구 포은대로 536(주신세계백화점경기점 지하2층 일부호 죽전동)
20210369736,경기도 용인시 수지구 현암로 111(진성프라자 1층 104호 죽전동)
20210369836,경기도 용인시 수지구 성복2로 38(롯데몰 수지점 지하1층 일부호 성복동)
20210369936,경기도 용인시 수지구 성복2로 38(성복역 롯데캐슬 골드타운 4층 일부호 성복동)
20210369980,경기도 용인시 수지구 포은대로 536(주신세계 사우스시티 지하1층 일부호 죽전동)
20210369985,경기도 용인시 수지구 포은대로 536(주신세계 사우스시티 7층 일부호 죽전동)
20210371225,경기도 파주시 돌단풍길 69(1층 일부 문발동)
20210371238,경기도 파주시 가온로 174(1층 일부 와동동)
20210371752,경기도 파주시 문산읍 방촌로 1719-10(와우시티에이동 113호)
20210372045,경기도 파주시 가람로21번길 7-5(1층 109호 와동동)
20210372287,경기도 파주시 숲속노을로 265(토우 105-106호 문발동)
20210372333,경기도 파주시 경의로 1114(에펠타워 103호104호 야당동)
20210372386,"경기도 파주시 경의로 1024(1층 103,104,105,106,107,108호 야당동)"
20210372888,"경기도 파주시 가온로 122(열린프라자1 1층 105,105-1호 목동동)"
20210373004,경기도 파주시 탄현면 필승로 396(1층일부)
20210373005,경기도 파주시 탄현면 필승로 396(파주장단콩웰빙마루 1층)
20210374141,경기도 이천시 마장면 중앙로10번길 16-11(1동 1층)
20210374520,경기도 이천시 부발읍 경충대로2092번길 23(105호)
20210374624,경기도 이천시 사음로 26(1동 1층 사음동)
20210376035,경기도 안성시 공도읍 서동대로 3930-39(스타필드 안성 3층 3115호)
20210376227,경기도 안성시 죽산면 죽주로 248(1층)
20210376260,경기도 안성시 죽산면 중서길 1(1층)
20210376443,경기도 안성시 공도읍 대신두길 28(안성팜랜드 주66)
20210376588,경기도 안성시 서운면 평택제천고속도로 40(안성맞춤휴게소-제천방향 가동 1층)
20210376591,경기도 안성시 공도읍 공도로 159(가동 1층 103호)
20210378061,경기도 김포시 고촌읍 아라육로152번길 100(현대프리미엄아울렛 EAST 1동 3층 579호)
20210378181,경기도 김포시 고촌읍 인향로24번길 66-4(1층)
20210378321,경기도 김포시 통진읍 김포대로2250번길 48(1동 1층 101호)
20210378334,경기도 김포시 고촌읍 수기로 115(센트럴타워 1층 103호)
20210378350,경기도 김포시 풍무로68번길 44(113호 풍무동)
20210378455,경기도 김포시 고촌읍 은행영사정로 33(1동 1층 101-1호)
20210378501,경기도 김포시 김포한강9로76번길 41(연세프라자 2층 202호 구래동)
20210379146,경기도 김포시 고촌읍 아라육로152번길 100(현대프리미엄아울렛 190호)
20210379251,경기도 김포시 김포한강9로75번길 56(디에스프라자 1층 113호 구래동)
20210379427,"경기도 김포시 고촌읍 고송로 6(스카이스퀘어 3 1층 104,105호)"
20210379634,경기도 김포시 김포한강11로 288-37(101호 운양동)
20210379725,경기도 김포시 사우중로 92(1층 106호 사우동)
20210379746,경기도 김포시 양촌읍 양곡2로60번길 28-54(101호)
20210379808,경기도 김포시 김포한강7로 93(월드에비뉴주차빌딩 1층 113호 구래동)
20210380235,"경기도 김포시 김포한강2로 69(상가동 1층 103호 장기동, 초당마을 래미안 한강)"
20210380299,경기도 김포시 고촌읍 아라육로152번길 100(현대프리미엄아울렛 EAST동 107호)
20210380390,경기도 김포시 김포한강2로24번길 78-82(102호 장기동)
20210382269,경기도 화성시 만세구 향남읍 행정서로3길 4-14(1동 1층 전부호)
20210382418,경기도 화성시 동탄구 동탄기흥로520번가길 9-1(1층 전체호 영천동)
20210382445,경기도 화성시 효행구 봉담읍 동화길 89(주공프라자 1층 111호)
20210382693,경기도 화성시 효행구 봉담읍 와우로 96(A동 1층 일부호)
20210383582,경기도 화성시 만세구 꽃내음2길 3-10(몽고지1동 1층 일부호 새솔동)
20210383727,경기도 화성시 동탄구 동탄장지천5길 4-8(1층 일부104호 장지동)
20210383814,경기도 화성시 만세구 남양읍 남양성지로 12(우림아파트 상가B동 1층 107호)
20210383917,"경기도 화성시 동탄구 동탄영천로 81-5(골드프라자 2층 209,210호 영천동)"
20210384242,"경기도 화성시 동탄구 동탄기흥로 585(1층 126호,127호 영천동, 힐스테이트 동탄역)"
20210384295,"경기도 화성시 동탄구 동탄지성로 84(PARK PLAZA 1층 101호, 102호 반송동)"
20210384471,경기도 화성시 동탄구 동탄역로 160(동탄역 롯데캐슬 판매시설 지1층 일부호 오산동)
20210384515,경기도 화성시 동탄구 동탄역로 160(롯데백화점 지하1층 일부호 오산동)
20210384557,경기도 화성시 동탄구 동탄역로 160(동탄역 롯데캐슬 판매시설 지1층 일부호 오산동)
20210384592,경기도 화성시 병점구 동탄지성로 424(1층 전체호 반월동)
20210384609,경기도 화성시 동탄구 동탄역로 160(동탄역 롯데캐슬 판매시설 지1층 쇼핑몰 일부호 오산동)
20210384622,경기도 화성시 동탄구 동탄역로 160(동탄역 롯데캐슬 판매시설 지1층 쇼핑몰 일부호 오산동)
20210384691,경기도 화성시 동탄구 동탄역로 160(동탄역 롯데캐슬 판매시설동 지1층 일부호 오산동)
20210384717,경기도 화성시 동탄구 동탄역로 160(동탄역 롯데캐슬 판매시설 지1층 쇼핑물의 일부호 오산동)
20210384740,경기도 화성시 동탄구 동탄역로 160(동탄역 롯데캐슬 판매시설 지1층 일부호 오산동)
20210384797,경기도 화성시 동탄구 동탄역로 160(동탄역 롯데캐슬 판매시설 지1층 쇼핑몰 일부호 오산동)
20210384807,경기도 화성시 동탄구 동탄역로 160(동탄역 롯데캐슬 판매시설 지1층 쇼핑몰 일부호 오산동)
20210384819,경기도 화성시 동탄구 동탄역로 160(동탄역 롯데캐슬 판매시설 1층 일부호 오산동)
20210384824,경기도 화성시 동탄구 동탄역로 160(동탄역 롯데캐슬 판매시설 지하1층 일부호 오산동)
20210384834,경기도 화성시 동탄구 동탄역로 160(동탄역 롯데캐슬 판매시설 지2층 일부호 오산동)
20210384855,경기도 화성시 동탄구 동탄역로 160(동탄역 롯데캐슬 판매시설 지1층 쇼핑몰 일부호 오산동)
20210384857,경기도 화성시 동탄구 동탄역로 160(동탄역 롯데캐슬 판매시설 지1층 쇼핑몰 일부호 오산동)
20210384864,경기도 화성시 동탄구 동탄역로 160(동탄역 롯데캐슬 판매시설 2층 일부호 오산동)
20210384870,경기도 화성시 동탄구 동탄역로 160(동탄역 롯데캐슬 판매시설 지1층 쇼핑몰 일부호 오산동)
20210384872,경기도 화성시 동탄구 동탄역로 160(동탄역 롯데캐슬 판매시설 2층 일부호 오산동)
20210384898,경기도 화성시 동탄구 동탄역로 160(동탄역 롯데캐슬 판매시설 3층 일부호 오산동)
20210384907,경기도 화성시 동탄구 동탄역로 160(동탄역 롯데캐슬 판매시설 지1층 쇼핑몰 일부호 오산동)
20210384913,경기도 화성시 동탄구 동탄역로 160(롯데캐슬 판매시설동 지1층 쇼핑몰의 일부호 여울동)
20210385006,경기도 화성시 동탄구 동탄역로 160(동탄역 롯데캐슬 판매시설 지1층 쇼핑몰 일부호 오산동)
20210385050,경기도 화성시 동탄구 동탄역로 160(동탄역로 롯데캐슬 판매시설 지1층 쇼핑몰 일부호 오산동)
20210385112,경기도 화성시 동탄구 지산2길 6(1동 1층 일부호 영천동)
20210385153,경기도 화성시 만세구 향남읍 하길로 9(상가동 102호 화성향남오색마을사랑으로부영11단지)
20210385786,경기도 화성시 만세구 송산면 사강로 193(1층 일부)
20210385883,경기도 화성시 만세구 향남읍 상신하길로135번길 6-2(1층 일부호101호)
20210385930,경기도 화성시 만세구 송산면 사강로 201(B동 1층 일부호)
20210386112,"경기도 화성시 동탄구 동탄영천로 81-9(동탄 로얄프라자 1층 105호, 106호 영천동)"
20210386493,"경기도 화성시 동탄구 동탄영천로 108-10(1층 101호 영천동, 동탄2 LH2단지)"
20210387215,경기도 광주시 중앙로 332(1층 송정동)
20210387400,경기도 광주시 능평로 221(1층)
20210387430,경기도 광주시 태전로 118(1층 태전동)
20210388023,경기도 광주시 순암로 365(1층 103호 중대동)
20210388145,경기도 광주시 역동로 20(1층 역동)
20210388182,경기도 광주시 고불로 82(103호 태전동)
20210388206,경기도 광주시 장지1길 28(대광프라자 103호 장지동)
20210388380,경기도 광주시 도척면 도척윗로 278
20210389019,경기도 양주시 화합로 1481(LK 프라자 1층일부106호 고암동)
20210389069,"경기도 양주시 옥정로 152(1층, 111호 옥정동)"
20210389111,"경기도 양주시 회천중앙로 221(덕계역프라자 113,114호 덕계동)"
20210389413,"경기도 양주시 옥정로 142(메디컬프라자2, 102호 옥정동)"
20210389728,경기도 양주시 평화로 1408(1층일부 덕계동)
20210389732,경기도 양주시 송랑로 108(A동 1층 만송동)
20210389819,경기도 양주시 고읍남로 23(메가시티프라자 105호 일부 광사동)
20210393063,경기도 여주시 세종로79번길 5(홍문동)
20210393115,경기도 여주시 북내면 중암1길 36(2층)
20210393240,경기도 여주시 가남읍 경충대로 1472-30(1층 108호)
20210394154,경기도 연천군 전곡읍 전곡로164번길 6-1(1층)
20210395069,경기도 가평군 가평읍 장터2길 6-6(1층)
20210396140,경기도 양평군 서종면 수대울길 139(리오네즈)
20210396224,경기도 양평군 용문면 다문북길 64
20210398530,강원특별자치도 춘천시 동면 춘천순환로 613(103호)
20210398588,강원특별자치도 춘천시 아침길 3(1층 조양동)
20210401114,강원특별자치도 원주시 현충로322번길 14(태장동)
20210401118,강원특별자치도 원주시 문막읍 건등로 48
20210401142,강원특별자치도 원주시 단구로 371(1층 우측상가호 단구동)
20210401320,강원특별자치도 원주시 태장둔치길 27(태장동)
20210401463,강원특별자치도 원주시 지정면 신지정로 153-29
20210401508,강원특별자치도 원주시 지정면 지정로 1393
20210401862,강원특별자치도 원주시 흥양로51번길 5(1층 태장동)
20210401912,강원특별자치도 원주시 현충로322번길 14(1층 태장동)
20210401980,강원특별자치도 원주시 건강로 17(스타타워II 1층 101호 반곡동)
20210402070,강원특별자치도 원주시 문막읍 건등로 24(성우빌딩 101호)
20210402233,강원특별자치도 원주시 우산로 104(우산동)
20210402404,강원특별자치도 원주시 황금로 6(2층 132호 반곡동)
20210404277,강원특별자치도 강릉시 경포로463번길 23(101호 안현동)
20210404424,강원특별자치도 강릉시 주문진읍 항구로 40(B104호 강릉주문진풍림아이원하버뷰)
20210404504,"강원특별자치도 강릉시 경강로 2498(1층 105호 송정동, 강릉 송정 신원아침도시)"
20210404555,강원특별자치도 강릉시 회산로 351(102호 회산동)
20210407056,강원특별자치도 동해시 효자남길 33-34(1층 쇄운동)
20210407105,강원특별자치도 동해시 이원길 156-7(1층 이도동)
20210407183,강원특별자치도 동해시 발한로 79(1층 103호 부곡동)
20210410062,강원특별자치도 속초시 대포항길 186(롯데리조트속초 대포동)
20210410443,강원특별자치도 속초시 미시령로2983번길 102(장사동)
20210412286,강원특별자치도 홍천군 홍천읍 연봉서로3길 5
20210413015,강원특별자치도 횡성군 횡성읍 태기로 36
20210413077,강원특별자치도 횡성군 횡성읍 읍상로 22-1
20210414043,강원특별자치도 영월군 영월읍 단종로 20(2층)
20210414044,강원특별자치도 영월군 영월읍 제방안길 16-1(112호)
20210415167,강원특별자치도 평창군 봉평면 기풍8길 51-5
20210415192,"강원특별자치도 평창군 봉평면 태기로 151(해피밸리아파트, 상가 102호)"
20210416113,강원특별자치도 정선군 사북읍 사북중앙로 36(1층)
20210418015,강원특별자치도 화천군 화천읍 중앙로7길 38(1층)
20210418075,강원특별자치도 화천군 화천읍 중앙로6길 42(1층)
20210420014,강원특별자치도 인제군 기린면 내린천로 4024-1(1층)
20210420031,강원특별자치도 인제군 인제읍 인제로 189(1층)
20210421123,강원특별자치도 고성군 토성면 미시령옛길 1153(소노펠리체 델피노 10층)
20210422066,강원특별자치도 양양군 양양읍 남문로 18-16
20210422118,강원특별자치도 양양군 현남면 인구항길 17(브리드호텔 1층)
20210426199,"충청북도 청주시 상당구 중고개로141번길 11-17(1층 109,110호 용암동)"
20210426211,충청북도 청주시 상당구 중고개로125번길 9-2(1층 용암동)
20210426273,충청북도 청주시 상당구 영운천로133번길 5(1층 용정동)
20210426368,충청북도 청주시 상당구 중고개로 115(1층 104호 용암동)
20210426411,"충청북도 청주시 상당구 중고개로 129(1층 101,102호 용암동)"
20210426706,충청북도 청주시 상당구 문의면 당진영덕고속도로 123(문의휴게소)
20210426707,충청북도 청주시 상당구 문의면 당진영덕고속도로 123(문의휴게소 1층)
20210430545,충청북도 청주시 서원구 복대로 23(1층 104호 개신동)
20210430566,충청북도 청주시 서원구 1순환로 694(1층 사창동)
20210434145,충청북도 청주시 흥덕구 오송읍 오송생명7로 166(1층 일부호)
20210434500,"충청북도 청주시 흥덕구 직지대로436번길 76(직지스마트타워 101일부,102호 송정동)"
20210434595,"충청북도 청주시 흥덕구 오송읍 오송생명로 178(301,302,309호)"
20210438340,충청북도 청주시 청원구 사뜸로 29(1층 율량동)
20210438369,충청북도 청주시 청원구 대성로300번길 11(지하1층 내덕동)
20210438656,충청북도 청주시 청원구 율량로 34(1층 주중동)
20210442347,충청북도 충주시 예성로 156-1(1층 성서동)
20210442559,"충청북도 충주시 중앙탑면 기업도시로 214(1층 107호,108호)"
20210442702,충청북도 충주시 중앙탑면 원앙길 8-5(1층)
20210444180,충청북도 제천시 백운면 금봉로 365(레스트리동 지하층 B104호)
20210444181,충청북도 제천시 백운면 금봉로 365(레스트리동 지하층 B201호)
20210444346,충청북도 제천시 백운면 금봉로 365(클럽하우스동 2층 22호)
20210444524,충청북도 제천시 백운면 금봉로 365(클럽하우스동 3층 16호)
20210447065,충청북도 옥천군 옥천읍 문장로 93(1층)
20210449055,충청북도 증평군 증평읍 초중로 29(1층 105호)
20210449123,충청북도 증평군 증평읍 광장로 105-1(1층)
20210450148,충청북도 진천군 덕산읍 용몽로 106
20210454031,충청북도 단양군 단양읍 소노길 10(소노벨 단양 지하 1층)
20210458180,충청남도 천안시 동남구 통정11로 57(1층 신방동)
20210458255,충청남도 천안시 동남구 만남로 43(본관2동 6층 신부동)
20210458422,충청남도 천안시 동남구 청수7로 6-14(1층 청당동)
20210458536,충청남도 천안시 동남구 만남로 43(신세계백화점아라리오점 본관2동 1층 신부동)
20210460019,충청남도 천안시 서북구 성정두정로 98(1층 두정동)
20210460125,충청남도 천안시 서북구 불당대로 291(1층 쌍용동)
20210460209,충청남도 천안시 서북구 미라9길 23(1층 쌍용동)
20210460236,충청남도 천안시 서북구 충무로 187(이마트천안점 1층 쌍용동)
20210460344,"충청남도 천안시 서북구 검은들3길 34(두성베르겐 1층 103,104호 불당동)"
20210460544,충청남도 천안시 서북구 공원로 227(갤러리아 센터시티 지하1층 불당동)
20210462491,충청남도 당진시 북문로1길 27-16(읍내동)
20210464029,충청남도 공주시 유구읍 시장길 33-2(1층)
20210464267,충청남도 공주시 탄천면 논산천안고속도로 27(탄천하행휴게소 1층)
20210464270,충청남도 공주시 탄천면 논산천안고속도로 27(탄천하행휴게소 1층)
20210464351,충청남도 공주시 유구읍 시장길 25-1(A동 2호)
20210464365,충청남도 공주시 이인면 논산천안고속도로 32(이인상행휴게소)
20210464366,충청남도 공주시 이인면 논산천안고속도로 32(이인상행휴게소)
20210465156,충청남도 보령시 지장골길 75(1층 죽정동)
20210465263,충청남도 보령시 명천로 91(1층 109호 명천동)
20210465275,충청남도 보령시 작은오랏6길 26(동대동)
20210467454,충청남도 아산시 배방읍 새아산로 20-10(1층 103호)
20210467533,충청남도 아산시 탕정면 탕정면로8번길 33-1(1층)
20210467714,충청남도 아산시 모종남로22번길 8(1층 106호 모종동)
20210467723,충청남도 아산시 둔포면 아산밸리중앙로 80-13(1층 110호)
20210467762,충청남도 아산시 시민로409번길 10-20(1층 온천동)
20210467971,충청남도 아산시 탕정면 매곡한들3길 21-3(1층 101호)
20210468139,충청남도 아산시 신창면 남성길 141(1층)
20210469250,충청남도 서산시 성연면 성연3로 57-30(근린생활시설1동 B106호 고운라피네 서산테크노밸리)
20210469302,"충청남도 서산시 예천5로 32(상가1동 1층 107호 예천동, 서산 예천2지구 중흥S-클래스 더퍼스트)"
20210469320,충청남도 서산시 해미면 해운로 13(1층 101호)
20210469512,충청남도 서산시 성연면 성연2로 44(1층 105호)
20210472020,충청남도 계룡시 엄사면 번영로 84
20210472029,충청남도 계룡시 엄사면 전원로 77(101호)
20210472100,충청남도 계룡시 새터산길 22-11(금암동)
20210473130,충청남도 금산군 금산읍 금산로 1522
20210474042,충청남도 부여군 규암면 백제문로 387(롯데프리미엄아울렛 2층)
20210476091,충청남도 청양군 청양읍 중앙로5길 20-1(c블럭 다동 1층 118호)
20210482250,전북특별자치도 전주시 완산구 홍산로 260(엠스퀘어 1층 102호 효자동3가)
20210482426,"전북특별자치도 전주시 완산구 홍산4길 6(1층 106.107호 효자동3가, 골든시티)"
20210482578,"전북특별자치도 전주시 완산구 전주천서로 445(상가동 1층 B-105호 서신동, 서신 아이파크 e-편한세상)"
20210482624,전북특별자치도 전주시 완산구 온고을로 2(롯데백화점 6층 서신동)
20210482672,전북특별자치도 전주시 완산구 백제대로 133(도미노피자 1층 효자동1가)
20210482682,전북특별자치도 전주시 완산구 전룡로 32(1층 서신동)
20210483215,전북특별자치도 전주시 완산구 태평1길 32(1층 다가동4가)
20210485089,전북특별자치도 전주시 덕진구 사평로 71(1층 덕진동1가)
20210485228,전북특별자치도 전주시 덕진구 조경단로 57(1층 일부호 금암동)
20210485272,전북특별자치도 전주시 덕진구 기린대로 499(1동 1층 107호 덕진동1가)
20210485280,"전북특별자치도 전주시 덕진구 붓내3길 18(1층 105, 106호 송천동2가)"
20210485476,전북특별자치도 전주시 덕진구 기지로 68(107호 중동)
20210485562,전북특별자치도 전주시 덕진구 팽나무5길 15(1층 101호 인후동1가)
20210485583,전북특별자치도 전주시 덕진구 시천로 88(1층 일부호 송천동1가)
20210485851,전북특별자치도 전주시 덕진구 세병2길 10(로마네시티 현대썬앤빌 전주 4층 C-401호 송천동2가)
20210488081,전북특별자치도 군산시 상나운로 118(1층 나운동)
20210488440,전북특별자치도 군산시 정자로 13(2동 1층 106호 내흥동)
20210488461,전북특별자치도 군산시 황룡로 10(1층 103호 미룡동)
20210488482,전북특별자치도 군산시 백토로 142(A동 101호 나운동)
20210491001,전북특별자치도 익산시 인북로 215(1층 남중동)
20210491658,전북특별자치도 익산시 학곤로4길 42(1층 송학동)
20210494129,전북특별자치도 정읍시 수성택지6길 20(수성동)
20210494231,전북특별자치도 정읍시 초산약수1길 9(시기동)
20210494254,전북특별자치도 정읍시 학산로 91(1층 상동)
20210496075,전북특별자치도 남원시 동문로 43(1층 동충동)
20210496246,전북특별자치도 남원시 양림길 48(새벽유기농만나 어현동)
20210496255,전북특별자치도 남원시 시청로 23-1(1층 도통동)
20210496263,"전북특별자치도 남원시 용성로 222(1,2층 도통동)"
20210497161,전북특별자치도 김제시 신풍길 144(제일오투그란데아파트 상가 105동 101호 신풍동)
20210497210,전북특별자치도 김제시 검산택지5길 33-8(검산동)
20210497226,전북특별자치도 김제시 두월로 377(검산동)
20210498010,전북특별자치도 완주군 봉동읍 둔산1로 107(115동 103호 라송 센트럴카운티)
20210498133,전북특별자치도 완주군 봉동읍 봉동동서로 152
20210498167,전북특별자치도 완주군 봉동읍 원둔산1길 31
20210498213,전북특별자치도 완주군 봉동읍 봉동로 466-19(1층 현대사원아파트)
20210498219,전북특별자치도 완주군 봉동읍 낙평장기로 10(2동 102호 봉동 광신프로그레스 아파트)
20210500012,"전북특별자치도 무주군 무주읍 주계로 92-10(2층 202,203호)"
20210501030,전북특별자치도 장수군 장수읍 논개사당길 65(누리파크)
20210502088,전북특별자치도 임실군 임실읍 봉황11길 116(꼬앙꼬앙)
20210503059,전북특별자치도 순창군 팔덕면 강천산길 86(1층)
20210503063,전북특별자치도 순창군 순창읍 남계로 104(1층)
20210504148,전북특별자치도 고창군 무장면 무장읍성길 28(선화네떡방앗간)
20210505042,전북특별자치도 김제시 금성로 96(104호 신풍동)
20210505136,전북특별자치도 부안군 부안읍 석정로 252(1층 102호)
20210507347,전남광주통합특별시 목포시 석현로 27(1층 석현동)
20210507589,전남광주통합특별시 목포시 하당로30번길 1(1층 상동)
20210510026,전남광주통합특별시 여수시 문수로 35-1(은혜빌딩 1층 문수동)
20210510232,전남광주통합특별시 여수시 돌산읍 강남동로 43(1층)
20210510266,"전남광주통합특별시 여수시 문수1길 26(115동 B01,B02호 문수동, 피오레아파트)"
20210510282,"전남광주통합특별시 여수시 박람회길 46(동성노블힐스 1차 105동 113,114호 덕충동)"
20210510392,전남광주통합특별시 여수시 국포1로 36(롯데마트 3층 국동)
20210510393,전남광주통합특별시 여수시 국포1로 36(롯데마트 3층 국동)
20210510394,전남광주통합특별시 여수시 국포1로 36(롯데마트 3층 국동)
20210510395,전남광주통합특별시 여수시 국포1로 36(롯데마트 3층 국동)
20210510627,전남광주통합특별시 여수시 문수로 52(1층 문수동)
20210510707,전남광주통합특별시 여수시 웅천남4로 17(포레나 여수 웅천 디 아일랜드 A동 L-2호 웅천동)
20210510827,전남광주통합특별시 여수시 안산3길 5-25(안산동)
20210511050,전남광주통합특별시 여수시 진남상가길 8-2(중앙동)
20210511054,전남광주통합특별시 여수시 돌산읍 강남9길 17
20210513004,"전남광주통합특별시 순천시 용당삼산로 63(119동 105호 용당동, 덕진 순천의 봄 아파트)"
20210513008,전남광주통합특별시 순천시 대석길 51(2층 연향동)
20210513015,전남광주통합특별시 순천시 삼산로 94(1층 용당동)
20210513041,"전남광주통합특별시 순천시 용당삼산로 29(상가동 103호일부호 용당동, e편한세상 순천 1단지)"
20210513624,전남광주통합특별시 순천시 조례2길 40(1층 조례동)
20210513756,전남광주통합특별시 순천시 남신월3길 19(1층 조례동)
20210513935,전남광주통합특별시 순천시 해룡면 조례못등3길 12-8(1층)
20210516376,전남광주통합특별시 나주시 남평읍 강변2길 15(1층 101호)
20210517069,전남광주통합특별시 광양시 광양읍 서평10길 21(1층중 1층 일부)
20210517343,"전남광주통합특별시 광양시 시청로 62(101동 106호 중동, e편한세상 광양)"
20210517362,전남광주통합특별시 광양시 광양읍 예구7길 33-4(1층중1층전부)
20210517407,전남광주통합특별시 광양시 광양읍 유당로 63(1층중1층일부)
20210517500,전남광주통합특별시 광양시 광양읍 와룡길 43(상가동 지하2층 201호 남해오네뜨)
20210519030,전남광주통합특별시 담양군 수북면 한수동로 578
20210519085,전남광주통합특별시 담양군 월산면 도개길 185
20210519170,전남광주통합특별시 담양군 담양읍 중앙로 63-1
20210524157,전남광주통합특별시 화순군 화순읍 쌍충로 13-20(114동 105호 화순 삼천 한양립스 아파트)
20210524205,전남광주통합특별시 화순군 화순읍 일심2길 7-1(1층 2호)
20210528110,전남광주통합특별시 영암군 삼호읍 대불주거로1길 82(103호)
20210529138,전남광주통합특별시 무안군 삼향읍 남악5로34번길 11-4(1층)
20210529347,전남광주통합특별시 무안군 삼향읍 남악3로82번가길 34(102호)
20210529381,전남광주통합특별시 무안군 삼향읍 대죽서로 41(110호)
20210529396,전남광주통합특별시 무안군 일로읍 오남로1길 9-2(103호)
20210531111,전남광주통합특별시 영광군 염산면 천년로 4-1
20210532168,전남광주통합특별시 장성군 장성읍 영천로 114-1
20210534030,전남광주통합특별시 진도군 진도읍 남동1길 57-8(2층)
20210538608,경상북도 포항시 남구 희망대로 644(지하1층 대잠동)
20210538922,경상북도 포항시 남구 오천읍 원동로 4(엠파이어상가 1층 114호)
20210539006,경상북도 포항시 남구 대이로60번길 8(1층 대잠동)
20210540243,경상북도 포항시 북구 법원로 9(1층 장성동)
20210540416,경상북도 포항시 북구 우창로 4(1층 상가 2호 우현동)
20210540660,경상북도 포항시 북구 흥해읍 초곡지구로52번길 14(1층)
20210540672,"경상북도 포항시 북구 흥해읍 초곡지구로 68(1층 103,104호)"
20210540755,경상북도 포항시 북구 흥해읍 초곡지구로58번길 38-6(1층)
20210540988,경상북도 포항시 북구 우창동로 70(테라스31 1층 109호 우현동)
20210541079,경상북도 포항시 북구 학산로 62(롯데백화점 9층 학산동)
20210542208,"경상북도 경주시 용황로7길 8(302동 310호 용강동, 협성휴포레용황)"
20210542323,경상북도 경주시 산내면 문복로 225(1층)
20210542621,경상북도 경주시 안강읍 화전길 50(B동 1호)
20210543091,경상북도 경주시 용황로 91-2(1동 101호 용강동)
20210545260,경상북도 김천시 봉산면 경부고속도로 213(경부고속도로 추풍령휴게소 1층)
20210545261,경상북도 김천시 봉산면 경부고속도로 213(경부고속도로 추풍령휴게소 1층)
20210545303,경상북도 김천시 봉산면 경부고속도로 214-1(추풍령휴게소 서울방향 1층)
20210545304,경상북도 김천시 봉산면 경부고속도로 214-1(추풍령휴게소 서울방향 1층)
20210545432,경상북도 김천시 혁신8로 5(율곡테크노밸리 1층 126호 율곡동)
20210547119,"경상북도 안동시 앙실로 25(104동 1층 6호 수상동, 안동 코오롱하늘채)"
20210547129,경상북도 안동시 제비원로 170(경안타운 102동 107-1호 금곡동)
20210552182,경상북도 구미시 봉곡남로 102-1(1층 봉곡동)
20210552499,경상북도 구미시 고아읍 들성로 222(1동 1층)
20210552671,"경상북도 구미시 산동읍 신당2로 57(1동 1층 108,109호)"
20210552749,"경상북도 구미시 인동가산로 20(1동 1,2층 진평동)"
20210553185,경상북도 구미시 선산읍 남문로 30-1(1층)
20210553577,"경상북도 구미시 송정대로 99(송정 유성푸르나임 1층 103,104호 송정동)"
20210558077,경상북도 영주시 지천로 107(1층 휴천동)
20210558271,경상북도 영주시 구성로 377(영주동)
20210558299,경상북도 영주시 서원로 221-10(1층 101호 하망동)
20210558383,경상북도 영주시 대동로31번길 25-9(가흥동)
20210559142,경상북도 영천시 호국로 139(망정동)
20210560082,경상북도 상주시 낙동면 영남제일로 608
20210560138,경상북도 상주시 상산로 254-9(남성동)
20210560225,경상북도 상주시 동수1길 88(서문동)
20210562096,경상북도 문경시 돈달로 20(2층 모전동)
20210562183,경상북도 문경시 점촌1길 14-1(1층 점촌동)
20210564049,경상북도 경산시 남매공원로1길 7(109호 계양동)
20210564330,경상북도 경산시 하양읍 대학로 1514(1층)
20210564960,"경상북도 경산시 청운2로 74(101동 지하층 상가110호 조영동, 강산애아파트 2차)"
20210564967,경상북도 경산시 남매공원로1길 7(106호 계양동)
20210567005,경상북도 의성군 옥산면 노천길 79
20210570165,경상북도 영덕군 영덕읍 중앙길 111(1층)
20210572069,경상북도 고령군 대가야읍 왕릉로 79
20210574100,경상북도 칠곡군 석적읍 서중리1길 2(1층)
20210574101,경상북도 칠곡군 석적읍 북중리3길 42(1층 102호)
20210574416,경상북도 칠곡군 석적읍 유학로 9(1층)
20210575031,경상북도 예천군 호명읍 새움3로 16(No.1 타워 115호)
20210575130,경상북도 예천군 호명읍 행복7길 10(예천축산농협 경북도청점 2층)
20210575146,"경상북도 예천군 호명면 새움2로 18(JM스퀘어빌딩 110, 111호)"
20210577024,경상북도 울진군 북면 울진북로 2095(성용빌딩 1층 105호)
20210577051,경상북도 울진군 울진읍 읍내1길 3
20210581154,경상남도 창원시 의창구 용동로57번길 8(한마음병원지하1층 푸드엠파이어 사림동)
20210581155,경상남도 창원시 의창구 용동로57번길 8(한마음병원지하1층푸드엠파이어 사림동)
20210581213,경상남도 창원시 의창구 용동로 45(현대썬앤빌더스퀘어A동202-1호 2층 사림동)
20210581522,경상남도 창원시 의창구 북면 감계로 221(상가2동 지하1층 101호 창원 감계 푸르지오)
20210581640,경상남도 창원시 의창구 태복산로31번길 40(1층 일부 도계동)
20210581794,경상남도 창원시 의창구 남산로 32(벽산블루밍아파트C단지1층 102호103호 팔용동)
20210584005,경상남도 창원시 성산구 반송로50번길 17(거성상가 1층 일부호 반지동)
20210584294,경상남도 창원시 성산구 중앙대로 124(롯데백화점 지하1층 일부호 상남동)
20210584317,경상남도 창원시 성산구 중앙대로 124(롯데백화점 지하1층 일부호 상남동)
20210584863,경상남도 창원시 성산구 용지로169번길 11-15(엑센트빌딩 1층 101호 용호동)
20210587004,경상남도 창원시 마산합포구 진동면 신서촌2길 20(1층 101호)
20210587335,"경상남도 창원시 마산합포구 현동1길 8(109호 현동, 중흥에스클래스프라디움3차)"
20210589091,"경상남도 창원시 마산회원구 삼호로 80(2층 양덕동, 메트로시티 2단지)"
20210589103,"경상남도 창원시 마산회원구 삼호로 80(양덕동, 메트로시티 2단지)"
20210591075,"경상남도 창원시 진해구 신항동로 141(1층 104호 용원동, 애플타운 헤리티지)"
20210591092,경상남도 창원시 진해구 냉천로 160(103호 자은동)
20210591093,경상남도 창원시 진해구 이동로 34(1층 이동)
20210591249,경상남도 창원시 진해구 냉천로 106(상가동 104호 자은동)
20210591384,경상남도 창원시 진해구 남영로 59(1층 104호 남문동)
20210591385,경상남도 창원시 진해구 벚꽃로 78-1(1층 일부호 충무동)
20210591575,경상남도 창원시 진해구 냉천남로 3-28(1층 111호 자은동)
20210593069,경상남도 진주시 진양호로563번길 6-7(가제A동2호 1층일부 장대동)
20210593155,경상남도 진주시 에나로127번길 30(드림어반스퀘어 4층 407호 충무공동)
20210593671,"경상남도 진주시 개양로 100(상가106동 108호 가좌동, 스카이 시티프라디움)"
20210593717,"경상남도 진주시 개양로 100(상가동 1층 107동 110호 가좌동, 스카이 시티프라디움)"
20210593768,경상남도 진주시 서장대로 271-2(1층일부 이현동)
20210593773,"경상남도 진주시 에나로 142(솔레어빌딩 주1동 1층 109호, 110호 충무공동)"
20210594119,경상남도 진주시 향교로12번길 4(1층 평안동)
20210596093,경상남도 통영시 광도면 죽림4로 52(1층)
20210596183,경상남도 통영시 광도면 죽림5로 56(523동 206호 주영 더 팰리스 5차아파트)
20210596214,경상남도 통영시 통영해안로 365(1층 동호동)
20210596497,"경상남도 통영시 북신로 22(119동 101호 북신동, 통영 해모로 오션힐 아파트)"
20210598173,경상남도 사천시 숲뫼길 87(1층 향촌동)
20210598248,경상남도 사천시 주공로 26-10(1층 벌리동)
20210599181,경상남도 김해시 김해대로1902번길 39(1층 구산동)
20210599888,경상남도 김해시 번화2로 2(아쿠아빌딩 108호 삼문동)
20210599962,경상남도 김해시 주촌면 천곡로15번길 20(1층)
20210600262,경상남도 김해시 삼계로205번길 15(1층 삼계동)
20210600350,경상남도 김해시 장유로 469(롯데아울렛 3층 신문동)
20210600887,경상남도 김해시 주촌면 선지로46번길 5(1층)
20210601010,경상남도 김해시 해반천로278번길 6(1층 삼계동)
20210601045,경상남도 김해시 삼계중앙로 30(1층 101호 삼계동)
20210604053,경상남도 거제시 수양로 454-3(1층 101호 수월동)
20210604055,경상남도 거제시 장평로 12(홈플러스 거제점 지하1층 장평동)
20210604555,경상남도 거제시 장목면 거제북로 2501-40(한화리조트 거제 벨버디어 지하3층 실내수영장스낵바호)
20210604795,"경상남도 거제시 성산로 33(상가113동 1층 103호 옥포동, e편한세상 옥포아파트 1단지)"
20210604821,경상남도 거제시 일운면 옥림길 141(1층)
20210606326,경상남도 양산시 물금읍 물금로 41(상가동 101호 양산물금양우내안애5차리버파크)
20210606379,경상남도 양산시 물금읍 새실로 159(나래메트로시티 E동 115호)
20210606579,경상남도 양산시 평산로 34(1층 평산동)
20210607507,경상남도 양산시 덕계서로 175-2(1층 덕계동)
20210607777,경상남도 양산시 동면 내송큰들로 141(상가동 122호)
20210611169,경상남도 창녕군 남지읍 문화길 66-1(1층)
20210612065,경상남도 고성군 고성읍 중앙로 46(1층)
20210620343,"제주특별자치도 제주시 동문로4길 9(동문공설시장, 동문공영주차장 지하1층 A-7호 일도일동)"
20210620736,제주특별자치도 제주시 애월읍 곽지9길 39(2층)
20210620877,제주특별자치도 제주시 박성내동길 49-1(1층 아라이동)
20210620883,제주특별자치도 제주시 동화로1길 9(1층 화북일동)
20210621006,제주특별자치도 제주시 애월읍 고내로9길 1(1층)
20210621148,제주특별자치도 제주시 월성로 26(1층 용담이동)
20210621635,제주특별자치도 제주시 연동7길 22(1층 연동)
20210621808,"제주특별자치도 제주시 수덕5길 35(102호 노형동, 대원빌라)"
20210621874,제주특별자치도 제주시 아란7길 3-2(1층 아라일동)
20210622058,제주특별자치도 제주시 동화로 7(1층 화북일동)
20210622065,제주특별자치도 제주시 한경면 중산간서로 3632(1층)
20210622096,충청남도 예산군 예산읍 예산시장길 2(174호)
20210622212,제주특별자치도 제주시 과원북4길 95(1층 연동)
20210622546,제주특별자치도 제주시 한라대학로 114(제1동 지1층 노형동)
20210622839,제주특별자치도 제주시 중앙로 291(복강빌딩 1층 이도이동)
20210624012,제주특별자치도 서귀포시 동홍남로 50(동홍동)
20210624647,제주특별자치도 서귀포시 신서귀로 118(서호동)
20210624661,제주특별자치도 서귀포시 대정읍 글로벌에듀로 370(이노에듀파크 138호)
20210624727,제주특별자치도 서귀포시 안덕면 신화역사로304번길 38(지하1층)
20210624754,제주특별자치도 서귀포시 대포로 174(2층 대포동)
20210624814,제주특별자치도 서귀포시 천제연로 221(1층 중문동)
20210624927,제주특별자치도 서귀포시 대청로 29(1층 105호 강정동)
20210626025,"경기도 하남시 신우실로 65(2층 204, 205호 감일동)"
20210626027,경기도 하남시 미사대로 750(스타필드 하남 B1층 B114호 신장동)
20210626091,경기도 하남시 미사대로 750(스타필드 하남 지1층 G273호 신장동)
20220027271,서울특별시 종로구 삼일대로15길 24(1층 관철동)
20220027452,서울특별시 종로구 새문안로 82(에스타워 1층 신문로1가)
20220027513,서울특별시 종로구 윤보선길 16-1(1층 안국동)
20220027531,서울특별시 종로구 우정국로 26(센트로폴리스 지상1층 Retail 1R-7호 공평동)
20220027777,서울특별시 종로구 종로3길 17(D타워 3층 301~303호 청진동)
20220027835,"서울특별시 종로구 송월길 155(4102호 교북동, 경희궁자이 4단지)"
20220032085,서울특별시 중구 마른내로 28(2층 초동)
20220032179,서울특별시 중구 덕수궁길 7(5층 태평로2가)
20220032219,서울특별시 중구 남대문로 81(14층 소공동)
20220032342,"서울특별시 중구 남대문로9길 40(2층 206,207,208,209호 다동)"
20220032344,서울특별시 중구 을지로 170(을지트윈타워 을지로4가)
20220032368,서울특별시 중구 장충단로13길 20(14층 을지로6가)
20220032408,서울특별시 중구 다산로 147(2층 신당동)
20220032606,서울특별시 중구 세종대로 14(2층 남대문로5가)
20220032862,서울특별시 중구 남대문로 81(13층 소공동)
20220032880,서울특별시 중구 남대문로 81(지하1층 소공동)
20220032917,서울특별시 중구 남대문로 81(지하1층 소공동)
20220032998,서울특별시 중구 남대문로5길 15(지하2층 북창동)
20220033034,서울특별시 중구 한강대로 416(1층 남대문로5가)
20220033052,서울특별시 중구 을지로 224(2층 을지로5가)
20220033208,"서울특별시 중구 퇴계로 100(지하1층 B106, B109호 회현동2가)"
20220037140,서울특별시 용산구 한강대로23길 55(아이파크몰 테이스트파크 4층 2-2호 한강로3가)
20220037152,서울특별시 용산구 한강대로23길 55(용산역 리빙파크 D7 7층 한강로3가)
20220037248,서울특별시 용산구 청파로 378(한국철도공사 4층 306호 동자동)
20220037288,서울특별시 용산구 청파로 378(한국철도공사 4층 303호 동자동)
20220037289,서울특별시 용산구 청파로 378(한국철도공사 4층 302호 동자동)
20220037654,"서울특별시 용산구 한남대로 91(지하2층 한남동, 나인원 한남)"
20220037938,서울특별시 용산구 한강대로23길 55(용산아이파크몰 4층 한강로3가)
20220037954,서울특별시 용산구 한강대로23길 55(테이스티파크 7층 한강로3가)
20220037982,서울특별시 용산구 한강대로23길 55(용산아이파크몰 4층 한강로3가)
20220037984,서울특별시 용산구 한강대로23길 55(용산아이파크몰 7층 한강로3가)
20220038009,서울특별시 용산구 한강대로23길 55(아이파크몰 7층 한강로3가)
20220038038,"서울특별시 용산구 이태원로 167(1,2,3층 이태원동)"
20220038194,서울특별시 용산구 한강대로23길 55(아이파크몰 패션파크 5층 한강로3가)
20220041144,서울특별시 성동구 금호산2길 29-5(1층 101호 금호동3가)
20220041308,"서울특별시 성동구 매봉길 48(1층 101, 102, 103, 104호 옥수동)"
20220041379,"서울특별시 성동구 왕십리로 410(J동 1층 125호 하왕십리동, 센트라스)"
20220041704,"서울특별시 성동구 연무장길 39-25(1, 2층 성수동2가)"
20220042032,서울특별시 성동구 왕십리로 287-1(장원이불수예 1층 행당동)
20220042073,"서울특별시 성동구 무학로 33(156동 1층 106호 하왕십리동, 텐즈힐)"
20220042165,"서울특별시 성동구 왕십리로 83-21(디타워 스트리트동 지1층 B101-1호 성수동1가, 아크로 서울포레스트)"
20220045470,서울특별시 광진구 능동로13길 9(1층 화양동)
20220045575,서울특별시 광진구 아차산로33길 49(2층 화양동)
20220046054,서울특별시 광진구 광나루로 533(화우A동 1층 구의동)
20220046116,서울특별시 광진구 능동로 400(보건복지행정타운 1층 128호 중곡동)
20220049282,서울특별시 동대문구 장한로26나길 59(1층 장안동)
20220049614,"서울특별시 동대문구 답십리로66길 81(1층 109호 장안동, 로얄연립)"
20220050122,"서울특별시 동대문구 왕산로 249-1(1층 101호, 102호 청량리동)"
20220054119,서울특별시 중랑구 중랑역로 143-1(1층 묵동)
20220054254,서울특별시 중랑구 용마산로 408(gs25시 1층 면목동)
20220054283,서울특별시 중랑구 면목로 231-1(1층 101호 면목동)
20220054305,"서울특별시 중랑구 면목로 490(101호 상봉동, 상봉타워)"
20220054401,서울특별시 중랑구 동일로101길 11(1층 면목동)
20220054694,서울특별시 중랑구 용마산로 490(대아빌딩 가동 1층 우측호 망우동)
20220054906,"서울특별시 중랑구 동일로126길 92(201동 101호 상봉동, 시온빌라트)"
20220054978,"서울특별시 중랑구 겸재로 240(지상 1층 105호 면목동, 행복오피스텔)"
20220055053,서울특별시 중랑구 면목로48길 37(1층 면목동)
20220055138,"서울특별시 중랑구 면목로 256(지하1층 B103,B104호 면목동, 세윤팰리스)"
20220059657,서울특별시 성북구 동소문로 115-1(1~2층 동선동4가)
20220059950,"서울특별시 성북구 화랑로 237(지하1층 B3,B4,B5호 장위동)"
20220060115,서울특별시 성북구 돌곶이로40길 46(일원 꿈의숲아이파크 단지내상가 6동 1호 장위동)
20220063255,"서울특별시 강북구 도봉로 315(111호 수유동, 에피소드 수유 838)"
20220063752,서울특별시 강북구 삼양로 423(1층 수유동)
20220063813,서울특별시 강북구 도봉로 62(롯데백화점 미아점 지하2층 미아동)
20220063893,"서울특별시 강북구 솔매로 131(1,2층 미아동)"
20220067223,서울특별시 도봉구 도봉로 684(방학역 모비우스스퀘어 8층 방학동)
20220067273,서울특별시 도봉구 방학로6가길 68(1층 방학동)
20220067508,"서울특별시 도봉구 도봉로 504(1층 102호 창동, 스마트트라움)"
20220067594,서울특별시 도봉구 도봉로110바길 18(1층 창동)
20220071018,서울특별시 노원구 동일로 1000(와이엔타워 1층 104호 공릉동)
20220071214,"서울특별시 노원구 덕릉로71길 5(상가동 1층 103,104호 중계동, 성원아파트)"
20220071295,"서울특별시 노원구 동일로 1701(1층 120호 상계동, 희성오피앙)"
20220071881,"서울특별시 노원구 동일로 1368(롯데프라자빌딩 1층 101,105호 상계동)"
20220076059,서울특별시 은평구 통일로 1050(롯데몰 은평점 4층 진관동)
20220076069,서울특별시 은평구 진흥로16길 2(1층 녹번동)
20220076503,서울특별시 은평구 통일로 1050(롯데몰 은평점 4층 진관동)
20220076798,"서울특별시 은평구 응암로 305(1층 103호 응암동, 드림캐시아)"
20220076807,"서울특별시 은평구 진관3로 11(1층 110호 진관동, 은평뉴타운 힐데스하임)"
20220076955,"서울특별시 은평구 서오릉로2길 12(1층 101호 녹번동, 거장메카)"
20220077105,서울특별시 은평구 통일로66길 10-1(1층 101호 불광동)
20220080102,서울특별시 서대문구 북아현로14길 16(1층 북아현동)
20220080479,서울특별시 서대문구 신촌로 109(신촌르메이에르타운5 1층 102호 창천동)
20220080564,서울특별시 서대문구 증가로 229(1층 북가좌동)
20220080595,서울특별시 서대문구 신촌로 83(현대백화점신촌점 지하1층 창천동)
20220081294,"서울특별시 서대문구 홍제내길 52(1,2층 홍제동)"
20220084811,서울특별시 마포구 월드컵북로 375(DMC 이안상암1단지 1층 108호 상암동)
20220085571,서울특별시 마포구 마포대로 8(지하1층 마포동)
20220085573,서울특별시 마포구 마포대로 8(22층 마포동)
20220085575,"서울특별시 마포구 마포대로 8(나루 20층 2001,2002,2003호 마포동)"
20220085613,서울특별시 마포구 어울마당로 134(2층 서교동)
20220085726,"서울특별시 마포구 마포대로 144(마포T타운 B1층 C,D호 공덕동)"
20220085746,서울특별시 서대문구 연세로12길 30(1층 창천동)
20220086091,"서울특별시 마포구 마포대로 109(지1층 B111호 공덕동, 롯데캐슬프레지던트)"
20220086419,서울특별시 마포구 양화로 141(롯데호텔 L7홍대 19층 동교동)
20220086464,서울특별시 마포구 와우산로38길 4(지층 일부층 동교동)
20220086603,"서울특별시 마포구 마포대로 63-8(삼창프라자빌딩 지1층 19,20호 도화동)"
20220089072,서울특별시 양천구 신월로 200(1층 신월동)
20220089238,서울특별시 양천구 목동동로 233-3(삼성화재서비스빌딩 102호 목동)
20220089948,"서울특별시 양천구 목동동로 257(지상 1층 목동, 현대하이페리온)"
20220090040,"서울특별시 양천구 목동동로 257(지하 2층 목동, 현대하이페리온)"
20220090041,"서울특별시 양천구 목동동로 257(지하 2층 목동, 현대하이페리온)"
20220090042,"서울특별시 양천구 목동동로 257(지하2층 목동, 현대하이페리온)"
20220090043,"서울특별시 양천구 목동동로 257(지하2층 목동, 현대하이페리온)"
20220090044,"서울특별시 양천구 목동동로 257(지하2층 목동, 현대하이페리온)"
20220090049,"서울특별시 양천구 목동동로 257(지하 2층 목동, 현대하이페리온)"
20220090389,"서울특별시 양천구 목동동로 257(1층 목동, 현대하이페리온)"
20220093123,"서울특별시 강서구 등촌로 211(A동 1층 101호 등촌동, 한울팰리스)"
20220093457,"서울특별시 강서구 하늘길 38(김포공항, 롯데몰, 스카이시티 MF층 방화동)"
20220093736,서울특별시 강서구 공항대로8길 41(1층 좌측 102호 공항동)
20220094283,서울특별시 강서구 공항대로 186(로뎀타워 1층 111호 마곡동)
20220094619,"서울특별시 강서구 화곡로 398(홈플러스강서점앤본사사옥 1층 XG, Y12호 등촌동)"
20220094795,"서울특별시 강서구 공항대로45길 68-6(2층 203호 등촌동, 서광등촌마을아파트)"
20220094810,서울특별시 강서구 공항대로65길 26(태선빌딩 1층 102호 염창동)
20220094894,서울특별시 강서구 공항대로 290(1층 105호 내발산동)
20220094934,서울특별시 강서구 마곡서로 101(동익드미라벨복합빌딩 1층 161호 마곡동)
20220094961,"서울특별시 강서구 등촌로13길 40(지하1층 B02호 화곡동, 엘케이드림빌)"
20220095061,서울특별시 강서구 하늘길 38(지하1층 방화동)
20220095216,서울특별시 강서구 양천로 570(NH서울축산농협 NH서울타워 1층 111호 등촌동)
20220095269,서울특별시 강서구 강서로5라길 191(1층 화곡동)
20220095389,서울특별시 강서구 양천로 570(NH서울축산농협 NH서울타워 1층 106~108호 등촌동)
20220095395,"서울특별시 강서구 하늘길 38(김포공항, 롯데몰, 스카이시티 GF층 방화동)"
20220099106,서울특별시 구로구 가마산로 198(1층 구로동)
20220099208,서울특별시 구로구 새말로 22(1층 구로동)
20220099321,서울특별시 구로구 고척로 148-2(1층 고척동)
20220099423,서울특별시 구로구 새말로 102(신도림포스빌 127호 구로동)
20220099512,서울특별시 구로구 디지털로 306(대륭포스트타워2차 1층 103호 구로동)
20220099627,"서울특별시 구로구 경인로43길 49(1층 B-101호MB-F01-009-001호 고척동, 고척아이파크)"
20220099635,서울특별시 구로구 중앙로 105(1층 고척동)
20220099656,"서울특별시 구로구 경인로43길 49(1층 D-102MD-F01-007-001호 고척동, 고척아이파크)"
20220099668,"서울특별시 구로구 경인로43길 49(B-101MB-F01-026-001호 고척동, 고척아이파크)"
20220099712,"서울특별시 구로구 경인로43길 49(1층 D-101MD-F01-004-001호 고척동, 고척아이파크)"
20220099716,"서울특별시 구로구 경인로43길 49(2층 C-201MC-F02-004-001호 고척동, 고척아이파크)"
20220099721,"서울특별시 구로구 경인로43길 49(1층 A-102MA-F01-017-001호 고척동, 고척아이파크)"
20220099733,"서울특별시 구로구 경인로43길 49(2층 D-201MD-F02-002,003-001호 고척동, 고척아이파크)"
20220099745,"서울특별시 구로구 경인로43길 49(2층 D-201MD-F02-001-001호 고척동, 고척아이파크)"
20220103597,서울특별시 금천구 가산디지털1로 186(제이플라츠 지하 1층 B118-1호 가산동)
20220106329,서울특별시 영등포구 영중로 9(신세계백화점 지하1층 영등포동4가)
20220106800,서울특별시 서초구 효령로31길 81(1층 방배동)
20220106807,서울특별시 영등포구 선유로49길 23(선유도역2차 아이에스비즈타워 1층 108호 양평동4가)
20220106816,서울특별시 영등포구 국제금융로 10(서울 국제금융 센터 아이에프씨몰동 지하1층 147호 여의도동)
20220107161,서울특별시 영등포구 대림로 140(1층 대림동)
20220107577,서울특별시 영등포구 영중로 15(타임스퀘어 지하1층 영등포동4가)
20220107611,서울특별시 영등포구 양평로25길 8(URBAN322 지하1층 7호 양평동5가)
20220107678,서울특별시 영등포구 영중로 15(타임스퀘어 지하1층 영등포동4가)
20220107787,서울특별시 영등포구 영중로 15(타임스퀘어 지하1층 149호 영등포동4가)
20220112064,서울특별시 동작구 사당로 189(1층 사당동)
20220112377,"서울특별시 동작구 여의대방로22길 121(제상가동 제1층 1430호 신대방동, 보라매자이 더 포레스트)"
20220112523,서울특별시 동작구 노량진로 161(1층 104호 노량진동)
20220112813,서울특별시 동작구 상도로 370(1층 상도동)
20220116991,서울특별시 관악구 봉천로 209(롯데백화점 7층 봉천동)
20220117226,서울특별시 관악구 신림로 312(2층 제1호 신림동)
20220117363,서울특별시 관악구 난곡로 171(2층 신림동)
20220117380,서울특별시 관악구 국회단지2길 40(1층 봉천동)
20220121264,서울특별시 서초구 남부순환로 2406(지하1층 서초동)
20220121593,"서울특별시 서초구 서초대로 2(이수파이브 1,2층 방배동)"
20220121765,서울특별시 서초구 신반포로 176(신세계 센트럴시티 1M층 M4호 반포동)
20220122629,서울특별시 서초구 사평대로 205(센트럴시티 파미에스테이션 1층 FP103-1호 반포동)
20220122807,"서울특별시 서초구 마방로10길 2(1, 2층 양재동)"
20220122971,서울특별시 서초구 서래로 43(1층 반포동)
20220123436,서울특별시 서초구 사평대로 205(센트럴시티 파미에스테이션 2층 FP203호 반포동)
20220123497,서울특별시 서초구 바우뫼로 198(1층 양재동)
20220129005,서울특별시 강남구 논현로94길 32(여산빌딩 2층 역삼동)
20220129388,서울특별시 강남구 선릉로121길 11(향원빌딩 지상1층 논현동)
20220129483,"서울특별시 강남구 헌릉로590길 63(지상1층 105호 세곡동, 강남데시앙파크)"
20220129837,서울특별시 강남구 강남대로 352(지상1층 역삼동)
20220129862,"서울특별시 강남구 도곡로13길 19(지하1층 105호 역삼동, 역삼동 롯데캐슬 노블)"
20220129887,서울특별시 강남구 언주로 631(지상2층 202호 논현동)
20220129892,서울특별시 강남구 강남대로 310(유니온센터오피스텔 지상1층 101호 역삼동)
20220129984,"서울특별시 강남구 테헤란로 521(파르나스몰 지하1층 F-5,6호 삼성동)"
20220130222,서울특별시 강남구 남부순환로351길 8(지하1층 도곡동)
20220130325,"서울특별시 강남구 논현로20길 22(지상1층 101호 개포동, YH빌리지)"
20220130427,서울특별시 강남구 테헤란로 203(서울인터내셔널타워 지상2층 역삼동)
20220130459,서울특별시 강남구 강남대로 318(TOWER837 지상1층 102호 역삼동)
20220130522,"서울특별시 강남구 압구정로 216(코끼리상가 지상1층 16,17,18,19호 신사동)"
20220130653,서울특별시 강남구 테헤란로7길 22(과학기술회관 증축관 지하1층 105호 역삼동)
20220130679,서울특별시 강남구 강남대로98길 11(메트로 빌딩 지상1층 역삼동)
20220130784,"서울특별시 강남구 언주로 732(세종빌딩 지상1층,지상2층 논현동)"
20220130859,서울특별시 강남구 영동대로 513(코엑스 지하1층 I-114호 삼성동)
20220130886,서울특별시 강남구 테헤란로7길 22(과학기술회관 지하1층 104호 역삼동)
20220130920,서울특별시 강남구 테헤란로 231(센터필드 지하2층 WB50호 역삼동)
20220130985,"서울특별시 강남구 학동로 343(포바강남타워 지하1층 B102, B103호 논현동)"
20220131025,"서울특별시 강남구 압구정로2길 46(지상2층 201-1호 신사동, ---------)"
20220131106,서울특별시 강남구 도곡로 112(서한빌딩 지상1층 103호 도곡동)
20220131137,서울특별시 강남구 선릉로 709(지상1층 102호 논현동)
20220131248,서울특별시 강남구 테헤란로 124(삼원타워 지하1층 B135호 역삼동)
20220131336,서울특별시 강남구 봉은사로114길 12(대웅제약빌딩 별관동 지상1층 삼성동)
20220131352,"서울특별시 강남구 봉은사로 125(지상1층 101호 논현동, 리스트 강남List Gangnam)"
20220131440,서울특별시 강남구 강남대로162길 35(지상1층 일부호 신사동)
20220131650,서울특별시 강남구 도산대로66길 13(지하2층 청담동)
20220131857,서울특별시 강남구 테헤란로 231(센터필드 지상1층 E105호 역삼동)
20220131895,서울특별시 서초구 남부순환로337가길 33(1층 104호 서초동)
20220131937,서울특별시 강남구 언주로164길 17(지하1층 신사동)
20220132021,"서울특별시 강남구 테헤란로52길 16(상가-2동 지하1층 19호 역삼동, 테헤란아이파크)"
20220132195,서울특별시 강남구 언주로170길 22(지상1층 신사동)
20220132210,서울특별시 강남구 도산대로59길 13(위드윤영 6층 청담동)
20220132324,서울특별시 강남구 강남대로 422(지상1층 역삼동)
20220132376,서울특별시 강남구 강남대로146길 25(지하1층 논현동)
20220132699,서울특별시 강남구 학동로 401(금하빌딩 지하1층 청담동)
20220132701,"서울특별시 강남구 봉은사로 474(지상1층 102호 삼성동, 쌍용 플래티넘)"
20220132928,서울특별시 강남구 도산대로1길 36(지상1층 103호 신사동)
20220133054,서울특별시 강남구 테헤란로 419(강남파이낸스플라자 지상1층 삼성동)
20220133252,서울특별시 강남구 테헤란로 517(현대백화점 지하1층 삼성동)
20220133514,서울특별시 강남구 논현로 645(엘리에나호텔 7층 논현동)
20220133640,서울특별시 강남구 강남대로94길 10(지상3층 1호 역삼동)
20220133698,서울특별시 강남구 선릉로64길 23(지상1층 101호 대치동)
20220139137,서울특별시 송파구 삼전로7길 16(1층 101호 잠실동)
20220139270,서울특별시 송파구 백제고분로40길 10(지층 1호 석촌동)
20220139329,서울특별시 송파구 충민로 66(가든파이브라이프 영관 2층 문정동)
20220139643,서울특별시 송파구 올림픽로 240(롯데백화점 지하1층 잠실동)
20220139700,서울특별시 송파구 충민로 66(가든파이브 NC백화점 7층 문정동)
20220139813,서울특별시 송파구 올림픽로 240(롯데월드 어드벤처동 지하3층 아이스가든 14호IG-B3F-14호 잠실동)
20220140429,"서울특별시 송파구 가락로12길 4(1층 113호 석촌동, 파크팰리스)"
20220140466,"서울특별시 송파구 가락로 78(1층 102호,103호,104호,107호.108호 석촌동)"
20220140538,서울특별시 송파구 올림픽로 300(롯데월드타워앤드롯데월드몰 6층 신천동)
20220140539,서울특별시 송파구 올림픽로 300(롯데월드몰 캐주얼동 6층 신천동)
20220140550,서울특별시 송파구 송파대로39길 1(1층 석촌동)
20220140568,서울특별시 송파구 오금로11길 45(사보이시티잠실 2층 214호 방이동)
20220140635,서울특별시 송파구 올림픽로 300(롯데월드몰 2층 신천동)
20220140697,"서울특별시 송파구 송파대로 437(덕일빌딩 1층,2층 석촌동)"
20220140878,서울특별시 송파구 올림픽로 300(롯데월드몰 6층 신천동)
20220141007,서울특별시 송파구 송파대로 471(지상2층 석촌동)
20220141017,서울특별시 송파구 충민로 66(가든파이브라이프 NC백화점 패션관 7층 문정동)
20220141039,"서울특별시 송파구 올림픽로 269(1층 신천동, 롯데캐슬골드)"
20220141044,"서울특별시 송파구 위례광장로 136(제상가-3동 제1층 제씨-106호 장지동, 위례아이파크)"
20220141148,"서울특별시 송파구 양재대로72길 5(상가1층 104-1호, 104-2호 오금동, 올림픽파크 센트레빌)"
20220141219,서울특별시 송파구 올림픽로 300(롯데월드몰 6층 신천동)
20220141253,"서울특별시 송파구 송파대로 473(2층 201호 석촌동, 양지473)"
20220141287,서울특별시 송파구 올림픽로 240(롯데백화점 잠실점 11층 잠실동)
20220141441,서울특별시 송파구 올림픽로 240(롯데월드 AD-3F-04호 잠실동)
20220141481,서울특별시 송파구 올림픽로 300(롯데잠실 에비뉴엘 6층 신천동)
20220141525,서울특별시 송파구 올림픽로 300(롯데월드타워앤드롯데월드몰 지하 1층 신천동)
20220141606,서울특별시 송파구 올림픽로 240(롯데백화점 잠실점 11층 잠실동)
20220141676,서울특별시 송파구 백제고분로7길 16-20(1층 잠실동)
20220141727,"서울특별시 송파구 석촌호수로 284(1층 102-108호 송파동, 현대레이크빌)"
20220141786,서울특별시 송파구 올림픽로 240(롯데월드 지하1층 잠실동)
20220141795,서울특별시 송파구 올림픽로 300(넥스트뮤지엄 2층 신천동)
20220146773,"서울특별시 강동구 고덕로 399(메가스퀘어동 1층 158호 고덕동, 고덕센트럴푸르지오)"
20220147058,서울특별시 강동구 천호대로219다길 7-21(1층 101호 상일동)
20220147316,서울특별시 강동구 고덕로 109(암사종합상가 1층 암사동)
20220147445,서울특별시 강동구 천호대로 1005(현대백화점 지2층 천호동)
20220147740,서울특별시 강동구 양재대로85길 15(이화빌딩 2층 201호 성내동)
20220147745,"서울특별시 강동구 올림픽로 757(1층 101호 암사동, 헬마빌딩)"
20220154158,부산광역시 중구 중앙대로 2(롯데백화점광복점 10층 중앙동7가)
20220154209,부산광역시 중구 중앙대로 2(롯데백화점광복점 지하 1층 중앙동7가)
20220154288,부산광역시 중구 중앙대로 2(롯데백화점광복점 지하1층 중앙동7가)
20220157072,"부산광역시 서구 보수대로154번길 29(301동 108호 동대신동1가, 동대신역 비스타 동원 아파트)"
20220157261,"부산광역시 서구 암남공원로 39(301동 111호 암남동, 송도 풍림아이원)"
20220159112,부산광역시 동구 중앙대로 206(한국철도공사부산지역본부 2층 초량동)
20220161297,부산광역시 영도구 동삼오션로 30(162호 동삼동)
20220161302,부산광역시 영도구 웃서발로 35(1층 동삼동)
20220163207,부산광역시 부산진구 범일로 176(1층 103호 범천동)
20220163222,부산광역시 부산진구 서전로46번길 85(1층 전포동)
20220163303,부산광역시 부산진구 중앙대로680번가길 11-5(1층 일부호 부전동)
20220163328,부산광역시 부산진구 가야대로 772(롯데백화점부산본점 9층 부전동)
20220163486,부산광역시 부산진구 가야대로 772(롯데백화점부산본점 지하1층 부전동)
20220163624,부산광역시 부산진구 동천로 58(1동 1층 일부호 전포동)
20220164136,부산광역시 부산진구 새싹로 182(1층 연지동)
20220164261,부산광역시 부산진구 중앙대로 672(삼정타워 5층 502호 부전동)
20220164310,부산광역시 부산진구 서전로68번길 131(1층 전포동)
20220164313,부산광역시 부산진구 가야대로 772(롯데백화점부산본점 9층 부전동)
20220167024,부산광역시 동래구 동래로 106(1층 명륜동)
20220167776,부산광역시 동래구 석사북로 51(1층 온천동)
20220171126,부산광역시 남구 석포로 18(1층 감만동)
20220171717,부산광역시 남구 수영로208번길 15(1층 103호 대연동)
20220174190,부산광역시 북구 화명대로12번길 79(1층 화명동)
20220174283,부산광역시 북구 금곡대로303번길 25(명신프라자 2층 203호 화명동)
20220174327,부산광역시 북구 낙동대로1780번길 46(구포시장 공영주차장 1층 103~104호 구포동)
20220174379,부산광역시 북구 덕천로247번길 7(1층 만덕동)
20220174396,"부산광역시 북구 효열로 1(근린생활시설동 107호 금곡동, 율리벽산블루밍아파트)"
20220174436,부산광역시 북구 낙동대로 1684(20층 구포동)
20220174557,부산광역시 북구 화명신도시로 112(화명동)
20220177024,부산광역시 해운대구 해운대로123번길 36(1층 재송동)
20220177063,부산광역시 해운대구 송정강변로 89(1~3층 송정동)
20220177276,부산광역시 해운대구 센텀5로 41(103일부호 우동)
20220177348,부산광역시 해운대구 센텀남대로 59(롯데백화점센텀시티점 지하1층 우동)
20220177401,부산광역시 해운대구 센텀중앙로 90(큐비이센텀 114호 재송동)
20220177431,부산광역시 해운대구 해운대로 139(1층 재송동)
20220177503,부산광역시 해운대구 센텀남대로 35(신세계백화점센텀시티점 지하1층 일부호 우동)
20220177518,부산광역시 해운대구 센텀2로 20(센텀타워메디컬 1층 104호 우동)
20220177652,부산광역시 해운대구 센텀남대로 35(신세계백화점센텀시티점 지하1층 일부호 우동)
20220177831,부산광역시 해운대구 구남로8번길 7-3(1층 우동)
20220178095,부산광역시 해운대구 센텀남대로 35(신세계백화점센텀시티점 지하1층 일부호 우동)
20220178350,"부산광역시 해운대구 달맞이길 2-2(2, 3층 중동)"
20220178488,부산광역시 해운대구 구남로29번길 26(1층 일부호 중동)
20220178602,부산광역시 해운대구 센텀남대로 35(신세계백화점센텀시티점 3층 일부호 우동)
20220178629,부산광역시 해운대구 센텀남대로 35(신세계백화점센텀시티점 지하1층 우동)
20220181042,부산광역시 사하구 다대낙조2길 85(506호 다대동)
20220181110,부산광역시 사하구 장림번영로 6(1층 장림동)
20220181123,부산광역시 사하구 낙동남로 1413(아트몰링 15층 하단동)
20220181379,"부산광역시 사하구 감천로 207(지하1층 B101호 감천동, 신도아파트)"
20220181481,부산광역시 사하구 낙동남로 1413(아트몰링 14층 하단동)
20220181546,부산광역시 사하구 낙동대로 412(동남빌딩 1층 당리동)
20220181595,"부산광역시 사하구 낙동대로233번길 5(샘터빌딩 1,2층 괴정동)"
20220181639,부산광역시 사하구 동매로 167(1층 당리동)
20220181695,부산광역시 사하구 윤공단로 140(1층 다대동)
20220185089,부산광역시 금정구 수림로85번길 50-1(1층 장전동)
20220185094,부산광역시 금정구 금샘로 383(1층 구서동)
20220185303,부산광역시 금정구 수림로20번길 19(효정빌딩 1층 부곡동)
20220185692,부산광역시 금정구 금강로 267(1층 장전동)
20220188082,부산광역시 강서구 명지국제1로 56-2(제이티프라자 106호 명지동)
20220188814,부산광역시 강서구 명지국제6로 168(스타필드 시티 명지점 3층 3302호 명지동)
20220188820,부산광역시 강서구 공항진입로 108(김해공항 국제선 3층 대저2동)
20220188846,부산광역시 강서구 명지오션시티8로30번길 21(1층 명지동)
20220188866,부산광역시 강서구 명지국제6로 168(스타필드 시티 명지점 1층 1150호 명지동)
20220190421,"부산광역시 연제구 안연로 33(C동 105호 연산동, 더샵 파크시티)"
20220190690,부산광역시 연제구 아시아드대로 84(1층 일부호 거제동)
20220190741,"부산광역시 연제구 신촌로 24-10(1층 101호 연산동, 연산지음)"
20220190777,부산광역시 연제구 연수로 89(신세계연제점E마트 1층 연산동)
20220190779,부산광역시 연제구 연수로 89(신세계연제점E마트 1층 연산동)
20220190785,부산광역시 연제구 중앙천로 2-1(1층 연산동)
20220193410,부산광역시 수영구 민락수변로17번길 56(2층 B-4호 민락동)
20220193507,"부산광역시 수영구 수영로 700(1-2층 101호,202호 광안동, 베스테이 센트럴뷰)"
20220193787,부산광역시 수영구 수영로507번길 57-5(1층 광안동)
20220196470,부산광역시 사상구 사상로 225(1층 괘법동)
20220199158,부산광역시 기장군 기장읍 동부산관광로 42(30 R03동)
20220199163,부산광역시 기장군 기장읍 동부산관광로 42(52 W09동)
20220199168,부산광역시 기장군 기장읍 동부산관광로 42(16동 U06호)
20220199169,부산광역시 기장군 기장읍 동부산관광로 42(48동 W09-e호)
20220199183,부산광역시 기장군 기장읍 동부산관광로 42(25 J13동)
20220199186,부산광역시 기장군 기장읍 동부산관광로 42(36 R09동)
20220199192,부산광역시 기장군 기장읍 동부산관광로 42(49 W07-f동)
20220199193,부산광역시 기장군 기장읍 동부산관광로 42(50 W07-g동)
20220199276,부산광역시 기장군 기장읍 동부산관광로 42(1~3층 30R03호)
20220199425,부산광역시 기장군 기장읍 동부산관광7로 17(오시리아 스위첸 마티에 105동 25층)
20220199551,부산광역시 기장군 기장읍 기장해안로 147(롯데몰 동부산점 3층)
20220199552,부산광역시 기장군 기장읍 기장해안로 147(롯데몰 동부산점 3층)
20220199553,부산광역시 기장군 기장읍 기장해안로 147(롯데몰 동부산점 3층)
20220199561,부산광역시 기장군 기장읍 기장해안로 147(롯데몰 동부산점 3층)
20220199563,부산광역시 기장군 기장읍 기장해안로 147(롯데몰 동부산점 3층)
20220199609,부산광역시 기장군 기장읍 동부산관광7로 17(마티에 오시리아 26층)
20220199692,부산광역시 기장군 기장읍 기장해안로 147(롯데몰 동부산점 3층)
20220199937,부산광역시 기장군 기장읍 기장해안로 147(롯데몰 동부산점 3층)
20220204405,대구광역시 중구 남산로12길 20(1층 남산동)
20220204417,대구광역시 중구 달구벌대로 2077(현대백화점 8층 계산동2가)
20220204567,대구광역시 중구 재마루길 94(1층 남산동)
20220204659,대구광역시 중구 달구벌대로 2077(현대백화점 지하1층 계산동2가)
20220204660,대구광역시 중구 달구벌대로 2077(현대백화점 지하1층 계산동2가)
20220204679,"대구광역시 중구 동성로 37-1(3,4층 동성로2가)"
20220204917,대구광역시 중구 달구벌대로 2077(현대백화점 지하1층 계산동2가)
20220204945,대구광역시 중구 달구벌대로 2077(현대백화점 지하1층 계산동2가)
20220204952,대구광역시 중구 달구벌대로 2095(삼성생명 2층 덕산동)
20220204960,대구광역시 중구 달구벌대로 2077(현대백화점 지하1층 계산동2가)
20220204963,대구광역시 중구 달구벌대로 2077(현대백화점 지하1층 계산동2가)
20220207370,"대구광역시 동구 신암로16길 25(상가동 116호 신천동, 신천자이아파트)"
20220207382,대구광역시 동구 신성로 17(1층 신암동)
20220207568,대구광역시 동구 동부로 149(신세계동대구복합환승센터 지하1층 신천동)
20220207656,대구광역시 동구 반야월로26길 64(1층 율하동)
20220207728,대구광역시 동구 동대구로 550(동대구역 3층 신암동)
20220207811,대구광역시 동구 반야월로 311-11(1층 신서동)
20220208137,대구광역시 동구 안심로22길 40-7(동흥타워 1층 110호 율하동)
20220211123,"대구광역시 서구 국채보상로50길 20(224동 103호 평리동, 평리 푸르지오)"
20220211140,대구광역시 서구 서대구로 40(1층 내당동)
20220211192,대구광역시 서구 와룡로 527(3층 이현동)
20220211228,대구광역시 서구 달구벌대로361길 5-8(1층 내당동)
20220211390,"대구광역시 서구 와룡로 307(1층 113-115,132-145호 중리동)"
20220215054,대구광역시 남구 현충로 157(1층 대명동)
20220215321,"대구광역시 남구 중앙대로 187(교대역하늘채뉴센트원 301동 B106호 대명동, 교대역하늘채뉴센트원)"
20220215336,대구광역시 남구 중앙대로51길 21(1층 대명동)
20220215362,대구광역시 남구 계명중앙1길 43(1층 대명동)
20220215509,대구광역시 남구 삼각지5길 47(1층 대명동)
20220218025,대구광역시 북구 호암로 51(에이동 2층 3호 침산동)
20220218086,대구광역시 북구 원대로 93(1층 노원동1가)
20220218599,대구광역시 북구 칠곡중앙대로77길 5-3(1층 태전동)
20220218664,"대구광역시 북구 도남길 16(219동 1층 108호 국우동, 힐스테이트데시앙 도남 2단지)"
20220218730,대구광역시 북구 학정로 149(한우리메디칼타워 A동 1층 104호 태전동)
20220218737,대구광역시 북구 침산남로 136(1층 1호 침산동)
20220218877,대구광역시 북구 도남길 33(2층 국우동)
20220219046,대구광역시 북구 유통단지로 80(호텔인터불고엑스코 2층 산격동)
20220219138,대구광역시 북구 칠곡중앙대로69길 23(1층 태전동)
20220219484,대구광역시 북구 침산로 93(스펙트럼시티 4층 칠성동2가)
20220225056,"대구광역시 수성구 상록로 15(1층 156호, 157호, 158호, 159호호 범어동, 범어센트럴푸르지오)"
20220225398,대구광역시 수성구 용학로 234(1층 지산동)
20220225761,"대구광역시 수성구 청솔로14길 15(상가동 지하1층 B106호 범어동, 범어에일린의뜰)"
20220226194,대구광역시 수성구 범어로19길 59(1층 범어동)
20220226386,대구광역시 수성구 알파시티2로3길 14(1층 시지동)
20220233102,대구광역시 달서구 학산로7길 87(1층 본동)
20220233368,대구광역시 달서구 구마로12길 7(1층 본동)
20220233531,대구광역시 달서구 장산2길 26(1층 용산동)
20220233616,대구광역시 달서구 월배로40길 120(1층 상인동)
20220233691,대구광역시 달서구 달구벌대로 1467(홈플러스 대구성서점 지하2층 용산동)
20220233812,대구광역시 달서구 용산로 64(1층 장기동)
20220234277,대구광역시 달서구 조암로 32(신월성미소지움 1층 103호 월성동)
20220234358,대구광역시 달서구 월배로28길 17(1층 진천동)
20220234372,"대구광역시 달서구 송현로7길 10(1221동 1층 102호 상인동, 상인화성파크드림1단지아파트)"
20220234618,대구광역시 달서구 송현로 38(1~2층 송현동)
20220234633,"대구광역시 달서구 와룡로 123(301동 2층 201호 감삼동, 죽전역 동화아이위시)"
20220241312,대구광역시 달성군 다사읍 세천로 160(302동 109호 북죽곡엠코타운더솔레뉴)
20220241501,"대구광역시 달성군 유가읍 테크노상업로4길 17-9(101,102,103호)"
20220246015,인천광역시 제물포구 우현로87번길 10(2층 인현동)
20220246060,인천광역시 제물포구 제물량로166번길 1-21(1층 신생동)
20220246152,인천광역시 영종구 넙디로 38(1층 106호 운서동)
20220246460,"인천광역시 영종구 넙디로 60(1층 104,105호 운서동)"
20220246548,"인천광역시 미추홀구 참외전로 268(오피스텔상가 201동 108,109호 숭의동, 스타디움 센트럴시티)"
20220246785,인천광역시 영종구 영종해안남로321번길 208(그랜드하얏트인천 이스트타워 1층 운서동)
20220247010,인천광역시 영종구 제2터미널대로 446(인천국제공항 제2여객터미널 일반동 1층 운서동)
20220251031,인천광역시 미추홀구 주승로 234(1층 관교동)
20220251203,인천광역시 미추홀구 미추홀대로719번길 4(부성PINE 1층 주안동)
20220251229,인천광역시 미추홀구 용정공원로83번길 59(드림빌딩 101호 용현동)
20220251281,인천광역시 미추홀구 주승로 246(1층 관교동)
20220251409,인천광역시 미추홀구 독정이로 118(1층 숭의동)
20220251535,인천광역시 미추홀구 주안로 45(제1층 제3호 주안동)
20220251803,"인천광역시 미추홀구 참외전로 268(302동 B209호 숭의동, 스타디움 센트럴시티)"
20220251875,인천광역시 미추홀구 미추홀대로 577(1층 주안동)
20220251906,인천광역시 미추홀구 인하로 309-1(1층 주안동)
20220252061,"인천광역시 미추홀구 숙골로87번길 5(204동 1층 1-29호 도화동, 더샵 인천스카이타워 2단지)"
20220252147,인천광역시 미추홀구 송림로 255(110호 도화동)
20220252274,인천광역시 미추홀구 미추로 33(1층 숭의동)
20220252383,"인천광역시 미추홀구 경인로 372(2층 2163호 주안동, 포레나 미추홀)"
20220256047,"인천광역시 연수구 하모니로 158(송도타임스페이스 지상3층 D-319,320호 송도동)"
20220256229,인천광역시 연수구 청능대로 210(스퀘어원 지상5층 일부호 동춘동)
20220256288,"인천광역시 연수구 벚꽃로 106(연수광장프라자 지상1층 114,115호 청학동)"
20220256361,인천광역시 연수구 청능대로 210(스퀘어원 지상3층 일부호 동춘동)
20220256400,인천광역시 연수구 해돋이로 160-19(카리스 프라자 주건축물1 지상2층 207호 송도동)
20220256512,인천광역시 연수구 해돋이로 114(서운프라자 1층 일부107호 송도동)
20220256544,인천광역시 연수구 용담로118번길 21(미지프라임빌 지상1층 101호 연수동)
20220257100,인천광역시 연수구 센트럴로 263(송도국제업무단지 C8-2블럭 업무복합시설 업무시설동 지상3층 일부호 송도동)
20220257333,인천광역시 연수구 송도과학로16번길 33-4(송도 트리플스트리트 D동 지상1층 123c호 송도동)
20220257698,인천광역시 연수구 먼우금로 197(이리옴프라자 지상1층 106호 청학동)
20220257712,인천광역시 연수구 청능대로 210(스퀘어원 3층 일부호 동춘동)
20220257773,인천광역시 연수구 해돋이로 171(엘지전자 베스트샵 송도점 1층 송도동)
20220257821,인천광역시 연수구 송도국제대로 123(현대프리미엄 아울렛 송도점 지1층 일부[G4델리4]호 송도동)
20220257904,"인천광역시 연수구 송도과학로16번길 33-1(송도 트리플스트리트 A동 2층 202b,203호 송도동)"
20220260415,인천광역시 남동구 구월로372번길 79(1층 일부호 만수동)
20220260485,인천광역시 남동구 만의골로189번길 6(2층 장수동)
20220260541,인천광역시 남동구 앵고개로847번길 64(골든프라자 1층 107호 논현동)
20220260660,"인천광역시 남동구 논고개로123번길 17(아이플렉스 1층 136호, 137호 논현동)"
20220260688,인천광역시 남동구 앵고개로847번길 50(토브 타워 1층 110호 논현동)
20220260703,인천광역시 남동구 담방로48번길 24(1층 일부호 만수동)
20220261332,인천광역시 남동구 호구포로 221(남동메디칼센터 1층 104호 논현동)
20220261409,인천광역시 남동구 호구포로 189(남동테크노타워 1층 104호 고잔동)
20220261427,인천광역시 남동구 인하로411번길 36-7(1층 일부호 구월동)
20220261700,인천광역시 남동구 구월로 341(유니콘빌딩 1층 일부호 만수동)
20220264017,인천광역시 부평구 평천로 158(럭스96 1층 102호 청천동)
20220264081,인천광역시 부평구 체육관로 14(삼산지구 복합시설 1층 119호 삼산동)
20220264201,인천광역시 부평구 충선로209번길 13(SM프라자 1층 112호 삼산동)
20220264274,인천광역시 부평구 충선로311번길 19-6(1층 일부 삼산동)
20220264414,인천광역시 부평구 부평북로 399(삼산주공프라자 1층 104호 삼산동)
20220264496,인천광역시 부평구 경인로1099번길 2(세영빌딩 1층 일부호 일신동)
20220264918,인천광역시 부평구 배곶남로21번길 8-14(1층 일부호 십정동)
20220265027,"인천광역시 부평구 아트센터로 118(가동상가동 1층 101호 십정동, 동암신동아아파트)"
20220265124,"인천광역시 부평구 부일로 11(104호 부평동, 아이앤비아파트)"
20220265141,인천광역시 부평구 부평문화로 186-1(1층 부개동)
20220265316,"인천광역시 부평구 주부토로 236(인천 테크노밸리 U1 CENTER A동 1층 104,105호 및 122,123호 갈산동)"
20220265444,"인천광역시 부평구 열우물로 90(상가동F동 204호 십정동, 더샵부평센트럴시티)"
20220268183,인천광역시 계양구 장제로 718(상록메디컬센타 1층 104호 작전동)
20220268209,인천광역시 계양구 계산시장길 25-19(1층 일부호 계산동)
20220268396,인천광역시 계양구 도두리로 33(상산빌딩 1층 103호 계산동)
20220272085,인천광역시 서해구 크리스탈로 94(113호 청라동)
20220272189,인천광역시 검단구 검단로768번1길 11-6(103호 불로동)
20220272397,"인천광역시 서해구 가정로 437(303동 B236호 가정동, 루원시티 SK Leaders' VIEW)"
20220272530,인천광역시 서해구 청라한내로 96(102호 청라동)
20220272835,인천광역시 서해구 크리스탈로102번길 22(136호 청라동)
20220273018,인천광역시 서해구 청라에메랄드로 99(지젤엠청라 제지1층 제비039호 청라동)
20220273228,인천광역시 검단구 마전로 121(102호 마전동)
20220273553,인천광역시 검단구 완정로202번길 12(1동 101호 마전동)
20220273650,인천광역시 검단구 이음5로 76(서영아너시티2차 109호 원당동)
20220273862,"인천광역시 검단구 이음5로 34(제일프라자 103,104호 원당동)"
20220273988,"인천광역시 서해구 경서로31번길 15(102호 경서동, 북청라하우스토리)"
20220274202,"인천광역시 검단구 이음2로 29(상가601동 103호 당하동, 파라곤 센트럴파크)"
20220274214,"인천광역시 검단구 이음2로 29(601동 104호 당하동, 파라곤 센트럴파크)"
20220274241,"인천광역시 검단구 오동로 32(상가동 105호 왕길동, 검단자이2단지)"
20220276139,인천광역시 강화군 강화읍 신문길 25
20220276399,인천광역시 강화군 선원면 시리미로 56-1(1층)
20220282138,전남광주통합특별시 동구 의재로 65(2층 학동)
20220282209,"전남광주통합특별시 동구 백서로176번길 2-1(1층 101호 서석동, 서석동 468-31 공동주택)"
20220282326,"전남광주통합특별시 동구 남문로 589(404동 1층 103호 용산동, 무등산골드클래스2차)"
20220285520,"전남광주통합특별시 서구 치평로 18(골든사우나 1층 110,111호 치평동)"
20220285612,전남광주통합특별시 서구 군분로179번길 18(1층 화정동)
20220285744,전남광주통합특별시 서구 금화로383번길 14(1층 화정동)
20220285807,"전남광주통합특별시 서구 월드컵4강로42번길 59(1층, 101-1호 화정동)"
20220285849,전남광주통합특별시 서구 죽봉대로 80(1층 농성동)
20220285987,전남광주통합특별시 서구 상무연하로 11(1층 치평동)
20220289029,전남광주통합특별시 남구 군분로48번길 2(1층 월산동)
20220289051,전남광주통합특별시 남구 효우2로26번길 18(1동 1층 107호 행암동)
20220289578,전남광주통합특별시 남구 군분로 136(1층 월산동)
20220289594,전남광주통합특별시 남구 봉선로 12(1층 주월동)
20220292222,전남광주통합특별시 북구 동운로 98-14(동림3지구 한국아델리움 더숲 2단지 근린생활시설 1층 동림동)
20220292278,"전남광주통합특별시 북구 설죽로 416(상가1동 1층 101호 삼각동, 신일곡골드클래스)"
20220292537,전남광주통합특별시 북구 용주로 28(1층 용봉동)
20220292626,전남광주통합특별시 북구 면앙로155번길 6(1층 두암동)
20220292841,전남광주통합특별시 북구 첨단연신로107번길 11(1층 108호 신용동)
20220292937,전남광주통합특별시 북구 우치로 948(1~3층 용전동)
20220293137,전남광주통합특별시 북구 비엔날레로 109-1(1층 용봉동)
20220293267,전남광주통합특별시 북구 동문대로 200(삼성홈플러스 1층 두암동)
20220299308,"전남광주통합특별시 광산구 광산로20번길 28(102동 1층 109호 송정동, 광신프로그레스)"
20220299793,전남광주통합특별시 광산구 풍영로229번안길 2-2(1층 장덕동)
20220299870,전남광주통합특별시 광산구 임방울대로826번길 30(1층 113호 월계동)
20220299877,전남광주통합특별시 광산구 임방울대로332번길 9-18(2층 수완동)
20220300101,전남광주통합특별시 광산구 도산로9번길 43(1~2층 도산동)
20220305277,대전광역시 동구 한남로 3(1층 홍도동)
20220305362,대전광역시 동구 중앙로 215(대전역 3층 정동)
20220305725,대전광역시 동구 동대전로46번길 7(103호 대동)
20220308099,대전광역시 중구 대둔산로 391(2층 산성동)
20220308171,대전광역시 중구 목동로 25(목동빌딩 1층 목동)
20220312509,"대전광역시 서구 도솔로388번길 52(1층 106호 괴정동, 나이스 팰리스)"
20220312879,대전광역시 서구 관저로 24(1층 일부호 관저동)
20220313710,대전광역시 서구 둔산중로32번길 35(1층 103호 둔산동)
20220317010,대전광역시 유성구 노은로 166(계룡프라자 지상1층 109호 지족동)
20220317229,대전광역시 유성구 테크노중앙로 32(대덕테크노벨리 지상1층 107호 관평동)
20220317329,대전광역시 유성구 관들3길 77-8(지상1층 관평동)
20220317330,대전광역시 유성구 반석로11번길 8(지상1층 103호 반석동)
20220317839,대전광역시 유성구 계룡로 119(NC대전유성점 지상9층 9-7호 봉명동)
20220317845,대전광역시 유성구 계룡로 119(NC대전유성점 지상10층 10-1호 봉명동)
20220317846,대전광역시 유성구 계룡로 119(NC대전유성점 지상9층 9-10호 봉명동)
20220317847,대전광역시 유성구 계룡로 119(NC대전유성점 지상9층 9-17호 봉명동)
20220317860,대전광역시 유성구 계룡로 119(NC대전유성점 지상9층 9-15호 봉명동)
20220317871,대전광역시 유성구 계룡로 119(NC대전유성점 지상9층 9-8호 봉명동)
20220317945,대전광역시 유성구 계룡로 119(NC 대전유성점 지상9층 9-5호 봉명동)
20220317946,대전광역시 유성구 계룡로 119(NC 대전유성점 지상9층 9-6호 봉명동)
20220317947,대전광역시 유성구 계룡로 119(NC 대전유성점 지상9층 9-13호 봉명동)
20220317948,대전광역시 유성구 계룡로 119(NC 대전유성점 지상9층 9-16호 봉명동)
20220318040,대전광역시 유성구 계룡로 119(NC대전유성점 지상9층 9-12호 봉명동)
20220318167,대전광역시 유성구 테크노중앙로 123(현대프리미엄아울렛 대전점 판매시설동 지상3층 3207호 용산동)
20220318449,대전광역시 유성구 계룡로 119(NC대전유성점 지상9층 9-4호 봉명동)
20220318477,대전광역시 유성구 계룡로 119(NC대전유성점 지상9층 9-14호 봉명동)
20220318522,대전광역시 유성구 계룡로 119(NC대전유성점 지상9층 9-3호 봉명동)
20220318732,대전광역시 유성구 테크노2로 187(미건테크노월드 지상1층 1008호 용산동)
20220318759,대전광역시 유성구 자운로221번길 98(창조레스텔 지상1층 104호 신봉동)
20220318886,대전광역시 유성구 엑스포로 1(신세계엑스포점 지상40층 T39-1호 도룡동)
20220318913,대전광역시 유성구 계룡로 119(NC대전유성점 지상9층 9-11호 봉명동)
20220321058,세종특별자치시 집현중앙7로 6(지식산업센터 주1동 1층 B102호 집현동)
20220326156,울산광역시 중구 신기8길 17(1층 태화동)
20220326190,울산광역시 중구 동천서로 56(1층 104호 서동)
20220326366,"울산광역시 중구 명륜로 40(103호 우정동, 삼우아파트)"
20220326550,울산광역시 중구 종가로 313(타워더모스트 우정혁신도시 1층 126호 우정동)
20220326566,울산광역시 중구 종가5길 77-3(1층 유곡동)
20220329403,울산광역시 남구 달삼로75번길 13(1층 삼산동)
20220329422,"울산광역시 남구 삼산로 288(롯데백화점, 울산고속버스터미널 8층 삼산동)"
20220329493,울산광역시 남구 대공원로 231-3(1층 신정동)
20220329528,울산광역시 남구 삼산로 283(소망빌딩 1층 삼산동)
20220329652,울산광역시 남구 산업로 654(태화강역 3층 삼산동)
20220329699,울산광역시 남구 삼산중로48번길 13(1층 삼산동)
20220329787,"울산광역시 남구 삼산로 288(롯데백화점, 울산고속버스터미널 지하1층 삼산동)"
20220329826,울산광역시 남구 문수로423번길 21(1층 신정동)
20220329923,울산광역시 남구 왕생로77번길 9(1층 달동)
20220330010,울산광역시 남구 삼산로 231(울산 센트럴 자이 111호 달동)
20220330259,"울산광역시 남구 야음로26번길 34(221동 지하2층 105호 야음동, 대현 더샵 2단지)"
20220330328,울산광역시 남구 삼산로 211(1층 달동)
20220330352,울산광역시 남구 삼산로 217(8층 달동)
20220330419,"울산광역시 남구 삼산로 288(롯데백화점, 울산고속버스터미널 8층 삼산동)"
20220335006,울산광역시 동구 등대로 50(5층 방어동)
20220335044,울산광역시 동구 방어진순환도로 899(현대백화점 지하1층 서부동)
20220335181,울산광역시 동구 대송로 58(1층 화정동)
20220335291,울산광역시 동구 방어진순환도로 899(현대백화점 지하 1층 서부동)
20220335300,울산광역시 동구 방어진순환도로 899(현대백화점 지하1층 서부동)
20220335344,울산광역시 동구 진성3길 47(1층 전하동)
20220338102,울산광역시 북구 박상진13로 20(이니트타워 지상1층 104호 송정동)
20220338172,울산광역시 북구 명촌8길 40(지상1층 명촌동)
20220338276,울산광역시 북구 명촌23길 11(지상1층 진장동)
20220338317,울산광역시 북구 송정34길 5(지상1층 송정동)
20220338454,울산광역시 북구 중산1길 30(지상1층 중산동)
20220338546,울산광역시 북구 박상진2로 40(지상1층 송정동)
20220338701,울산광역시 북구 박상진2로 54(지상1층 송정동)
20220338787,울산광역시 북구 명촌로 54(지상1층 명촌동)
20220341168,울산광역시 울주군 범서읍 구영로 82(이프라자 107호)
20220341718,울산광역시 울주군 범서읍 대동길 16(1층)
20220341785,울산광역시 울주군 삼남읍 교동로 121(1층)
20220344371,세종특별자치시 한누리대로 1948(더스테이빌딩 2층 214-2호 반곡동)
20220345058,"세종특별자치시 새롬로 56(1419근린생활시설-1동 1층 106호 새롬동, 새뜸마을14단지)"
20220345255,세종특별자치시 조치원읍 은행나무1길 40(1층 101호)
20220345437,세종특별자치시 한누리대로 311(모닝시티2 1층 105호 나성동)
20220345459,세종특별자치시 한누리대로 2236(해들마을 6단지 상가동 판매시설-2동 1층 B107호 대평동)
20220345476,"세종특별자치시 한누리대로 201(우빈가온 1층 114,115호 나성동)"
20220345524,"세종특별자치시 해밀3로 32(근린생활시설동 지1층 105호 해밀동, 해밀마을1단지)"
20220357002,경기도 수원시 팔달구 인계로 154(동수원뉴코아아울렛 지하1층 인계동)
20220357407,경기도 수원시 팔달구 정조로 675(주건축물제1동 1층 103호 매교동)
20220357433,경기도 수원시 팔달구 효원로292번길 33-4(JS82빌딩 1층 102호 인계동)
20220357444,경기도 수원시 팔달구 중부대로 93(성빈센트병원 별관 지하 1층 지동)
20220357450,경기도 수원시 팔달구 덕영대로 924(AK플라자 6층 매산로1가)
20220357487,경기도 수원시 팔달구 인계로 154(동수원뉴코아아울렛 9층 인계동)
20220357558,"경기도 수원시 영통구 중부대로246번길 52(1층 1호,2호 매탄동)"
20220357625,경기도 수원시 팔달구 덕영대로 924(AK플라자 6층 매산로1가)
20220357651,경기도 수원시 팔달구 정조로 667(마이온프라자Ⅱ 1층 109호 매교동)
20220360085,경기도 수원시 영통구 도청로17번길 18(1층 102호 이의동)
20220360255,"경기도 수원시 영통구 센트럴타운로 85(203동 지1층 cb33-cb34호 이의동, 광교C1 호반베르디움, Summit Place광교)"
20220360386,경기도 수원시 영통구 광교호수공원로 20(더샵 광교레이크시티 판매시설동 지1층 B1-48호 원천동)
20220360395,경기도 수원시 영통구 신원로 88(디지털엠파이어2 101동 1층 104호 신동)
20220360545,경기도 수원시 영통구 월드컵로 164(아주대학병원 웰빙센터 지1층 일부호 원천동)
20220360596,경기도 수원시 영통구 영통로90번길 4-20(1층 일부호 망포동)
20220360678,경기도 수원시 영통구 대학1로 38(1층 이의동)
20220360808,경기도 수원시 영통구 광교중앙로 124(갤러리아 광교 9층 일부호 하동)
20220363091,"경기도 수원시 장안구 창룡대로 175(1층 104,105,106호 연무동)"
20220363185,경기도 수원시 장안구 만석로177번길 48(1층 파장동)
20220363193,"경기도 수원시 장안구 화산로285번길 18-1(지하1-지상1 층 율전동, 더크리스탈)"
20220363322,경기도 수원시 장안구 수성로 295(1층 정자동)
20220366320,경기도 수원시 권선구 당진로 23(명송프라자 1층 105호 당수동)
20220366507,"경기도 수원시 권선구 효원로 88(제이에스빌딩 101, 102호 세류동)"
20220372267,"경기도 성남시 수정구 수정로 201(1일부층 태평동, 신세계쉐덴)"
20220372642,경기도 성남시 수정구 창업로 18(판교아이스퀘어 3층 호텔레스토랑호 시흥동)
20220372690,경기도 성남시 수정구 수정로 190(1일부층 신흥동)
20220372757,경기도 성남시 수정구 수정로 332(1일부층 산성동)
20220375128,경기도 성남시 중원구 둔촌대로 431(1층 일부호 상대원동)
20220375402,경기도 성남시 중원구 제일로35번길 1(1층 일부호 성남동)
20220375498,경기도 성남시 중원구 사기막골로 99(지2층 B214호 상대원동)
20220378027,경기도 성남시 분당구 분당로53번길 14(서현프라자 1층 106호 서현동)
20220378233,경기도 성남시 분당구 판교역로 231(에이치스퀘어 에스동 지하1층 B110호 삼평동)
20220378420,경기도 성남시 분당구 야탑로81번길 11(NC백화점 1층 일부호 야탑동)
20220378476,"경기도 성남시 분당구 동판교로177번길 25(1층 147호, 148호, 2층 227호 삼평동, 판교 호반 써밋 플레이스)"
20220378519,"경기도 성남시 분당구 미금일로90번길 24(지하1층 일부호, 1층 전부호 구미동)"
20220378529,경기도 과천시 과천대로7길 20(과천 스마트케이 업무시설 B150호 갈현동)
20220378639,경기도 성남시 분당구 판교대장로3길 30(1층 일부101호호 대장동)
20220378856,경기도 성남시 분당구 야탑로75번길 9(금호프라자 1층 102호 야탑동)
20220378890,경기도 성남시 분당구 판교역로 240(삼환하이펙스A동 지하1층 B-119-1호 삼평동)
20220379060,경기도 성남시 분당구 판교로 788(A동 2층 야탑동)
20220379169,경기도 성남시 분당구 판교역로 166(카카오 판교 아지트 1층 일부9호호 백현동)
20220379248,경기도 성남시 분당구 동판교로 49(1층 105호 백현동)
20220379449,"경기도 성남시 분당구 서현로210번길 16(유성트윈프라자1차 1층 111호, 114~118호 서현동)"
20220379547,경기도 성남시 분당구 판교대장로4길 13-1(지하1층 대장동)
20220379675,경기도 성남시 분당구 판교역로146번길 20(현대백화점 판교점 지하1층 일부호 백현동)
20220379676,경기도 성남시 분당구 판교역로146번길 20(현대백화점 판교점 지하1층 일부호 백현동)
20220379685,경기도 성남시 분당구 판교역로146번길 20(현대백화점 판교점 지하1층 일부호 백현동)
20220379871,경기도 성남시 분당구 판교대장로8길 9(클라우드베이 Ⅳ 1층 111호 대장동)
20220380191,경기도 성남시 분당구 판교로255번길 21(만도 GLOBAL R&D CENTER 1층 일부호 삼평동)
20220383068,경기도 의정부시 평화로542번길 7(지상1층 의정부동)
20220383113,경기도 의정부시 평화로483번길 21(지상1층 의정부동)
20220383173,"경기도 의정부시 신흥로 81(101동 지하2층 1-03.04호 호원동, 쌍용스윗닷홈)"
20220383261,경기도 의정부시 부용로 198(지상1층 신곡동)
20220383942,경기도 의정부시 회룡로 178(발곡프라자 지하1층 B08호 장암동)
20220384181,경기도 의정부시 오목로 11(지상1층 좌측호 용현동)
20220384707,경기도 의정부시 동일로 462(장곡빌딩 가동 지상 1층 101호 신곡동)
20220390042,경기도 안양시 만안구 양화로28번길 60(1층 안양동)
20220393031,경기도 안양시 동안구 귀인로79번길 29(1층 호계동)
20220393173,경기도 안양시 동안구 벌말로 126(평촌 오비즈타워 1층 130호 관양동)
20220393326,경기도 안양시 동안구 경수대로 541(1층 일부호 호계동)
20220393504,경기도 안양시 동안구 평촌대로223번길 42(2층 205호 호계동)
20220396022,경기도 부천시 원미구 상일로94번길 37(303호 일부호 상동)
20220396190,경기도 부천시 원미구 상일로 157(1층 상동)
20220396299,경기도 부천시 원미구 길주로121번길 17-28(상동 국천빌딩 102호 상동)
20220396448,경기도 부천시 소사구 옥길로 1(스타필드시티 부천 1층 일부호 옥길동)
20220396502,경기도 부천시 원미구 길주로 300(LOTTE백화점 지하1층 일부 중동)
20220396546,경기도 부천시 오정구 소사로 627(해동 주유소 1층 여월동)
20220397129,"경기도 부천시 원미구 소향로37번길 31-15(한림프라자 1층 103호, 104호 상동)"
20220397330,경기도 부천시 원미구 석천로177번길 11(제이클래스중동 109호 중동)
20220397387,경기도 부천시 원미구 길주로 284(신중동역 헤리움 메트로타워 108호 중동)
20220397555,경기도 부천시 소사구 소사동로 91(1층 일부호 괴안동)
20220397774,경기도 부천시 원미구 상동로 84(영플러스 1층 116호 상동)
20220397782,"경기도 부천시 원미구 길주로 234(203동 1층 1070호 중동, 힐스테이트 중동)"
20220398329,경기도 부천시 소사구 송내대로 32(1층 일부호 송내동)
20220398335,경기도 부천시 원미구 조마루로97번길 33-4(건우주택 1층 일부호 상동)
20220398687,경기도 부천시 원미구 길주로 300(LOTTE백화점 1층 일부 중동)
20220398996,경기도 부천시 소사구 양지로171번길 28(1층 일부호 옥길동)
20220399018,"경기도 부천시 원미구 길주로 234(203동 1117호 중동, 힐스테이트 중동)"
20220399098,"경기도 부천시 원미구 중동로 256(삼성프라자 301, 302, 303호 중동)"
20220417004,"경기도 광명시 양지로 19(B동 2층 242,243호 일직동)"
20220417275,경기도 광명시 일직로 43(GIDC 지하2층 G262호일부호 일직동)
20220417333,경기도 광명시 양지로 19(어반브릭스B동 3층 364호 일직동)
20220417576,경기도 광명시 양지로 17(AK플라자 4층 일부호 일직동)
20220417596,경기도 광명시 광명역로 21(고속철도 광명역 1층 동편맞이방호 일직동)
20220417652,"경기도 광명시 일직로 43(GIDC 지하2층 G249,G250호 일직동)"
20220417803,경기도 광명시 일직로 17(롯데아울렛 6층 일부호 일직동)
20220417831,"경기도 광명시 시청로 50(A동 1층 106호 철산동, 철산역 롯데캐슬&SKVIEW 클래스티지)"
20220417886,"경기도 광명시 일직로 17(이케아광명점,롯데아울렛 5층 일부호 일직동)"
20220417910,경기도 광명시 광명로 858(1층 3호 광명동)
20220420171,경기도 평택시 현신1길 5(1층 용이동)
20220420312,경기도 평택시 평택4로 55(1층 비전동)
20220420569,경기도 평택시 동삭1로22번길 19-6(더원주차프라자 1층 112호 동삭동)
20220420990,경기도 평택시 평택2로 30(1층 평택동)
20220421088,"경기도 평택시 지제동삭1로 41(129동 근생7호 지제동, 지제역 더샵 센트럴시티)"
20220423064,경기도 평택시 정암로 25-1(1층 이충동)
20220423305,경기도 평택시 관광특구로 19(롯데시네마 8층 서정동)
20220423632,경기도 평택시 고덕국제4길 60-13(101호 고덕동)
20220423668,경기도 평택시 송탄로40번길 79-33(1층 이충동)
20220425031,경기도 평택시 청북읍 드림산단4로 40
20220427085,"경기도 동두천시 지행로 56(스타월드빌딩 6층 602, 603호호 지행동)"
20220429476,경기도 안산시 단원구 대부황금로 1141(1층 대부북동)
20220432016,"경기도 안산시 상록구 석호로 204(1층 103호 사동, 엘리지움)"
20220432226,경기도 안산시 상록구 도매시장로 33(1층 일부 이동)
20220436030,경기도 안산시 단원구 석수로 117(1층 일부102호 선부동)
20220436082,경기도 안산시 단원구 고잔로 72(센트럴타워 101호 고잔동)
20220436364,경기도 안산시 단원구 중앙대로 873(롯데백화점 신관 지1층일부 고잔동)
20220436436,경기도 안산시 단원구 광덕대로 138(골든에이스프라자 103호 고잔동)
20220436569,경기도 안산시 단원구 동산로 81(1층 일부 원시동)
20220436580,경기도 안산시 단원구 고잔로 76(영풍빌딩 3층 305호  고잔동)
20220436622,경기도 안산시 단원구 화랑로 130(초지역메이저타운푸르지오-에코단지 상가1동 125호 원곡동)
20220446045,경기도 고양시 덕양구 권율대로 900(삼송S프라자 107호 신원동)
20220446049,"경기도 고양시 덕양구 권율대로 896-19(퍼플란드 101,201호 신원동)"
20220446304,경기도 고양시 덕양구 권율대로 420(이케아 고양점 1층 일부호 도내동)
20220446343,경기도 고양시 덕양구 화신로260번길 31(백양빌딩 1층 일부호 화정동)
20220446360,경기도 고양시 덕양구 꽃내음2길 52-2(1층 전체호 향동동)
20220446383,"경기도 고양시 덕양구 권율대로 504(가림타워 오피스텔 101,102호 도내동)"
20220446718,"경기도 고양시 덕양구 청초로 65(상가동 110호 덕은동, DMC 한강 에일린의뜰)"
20220446724,"경기도 고양시 덕양구 오부자로 14(110동 B-103호 지축동, 지축역북한산유보라)"
20220446753,경기도 고양시 덕양구 중앙로 628(예일프라자 105호 화정동)
20220446791,경기도 고양시 덕양구 화신로260번길 33(1일부층 화정동)
20220446845,경기도 고양시 덕양구 고양대로 1955(스타필드 고양 3층 일부호 동산동)
20220446860,경기도 고양시 덕양구 삼송로 210(현대썬앤빌 B101호 삼송동)
20220446879,"경기도 고양시 덕양구 향기3로 9(1일부,2,3일부층 향동동)"
20220446954,경기도 고양시 덕양구 으뜸로 130(위프라임트윈타워 128호 덕은동)
20220446957,경기도 고양시 덕양구 고양대로 1955(스타필드 고양 1층 일부호 동산동)
20220446981,경기도 고양시 덕양구 고양대로 1955(스타필드 고양 3층 일부호 동산동)
20220446986,경기도 고양시 덕양구 고양대로 1955(스타필드 고양 1층 일부호 동산동)
20220449181,경기도 고양시 일산동구 중앙로 1283(롯데백화점일산점 지하2층 일부호 장항동)
20220449194,경기도 고양시 일산동구 숲속마을로 50-38(중앙프라자 A동 201호 풍동)
20220449264,경기도 고양시 일산동구 일산로358번길 5-26(1층 전체호 정발산동)
20220449302,경기도 고양시 일산동구 고양대로 739(주은프라자 107호 중산동)
20220449468,경기도 고양시 일산동구 정발산로 24(웨스턴돔1 1층 A-102호 장항동)
20220449501,"경기도 고양시 일산동구 일산로 280(M타워 101일부,102,104,105호 마두동)"
20220449597,경기도 고양시 일산동구 강석로 108(강촌마을 라이프상가 107일부호 마두동)
20220452053,경기도 고양시 일산서구 하이파크1로 77(하이파크스퀘어 1층 103호 덕이동)
20220452066,경기도 고양시 일산서구 호수로 817(레이킨스몰 143호 대화동)
20220452079,경기도 고양시 일산서구 하이파크2로 40(금문프라자 201호 덕이동)
20220452082,경기도 고양시 일산서구 가좌3로 7-1(마루프라자 나동 1층 102호 가좌동)
20220452166,경기도 고양시 일산서구 대화로 136(대화동 대성프라자 1층 103호 대화동)
20220452343,경기도 고양시 일산서구 킨텍스로 217-59(킨텍스 제2전시장 전시동 1층 일부 대화동)
20220452408,"경기도 고양시 일산서구 일중로 46(1층 일부호 내부호수101,102호 일산동)"
20220452425,경기도 고양시 일산서구 한류월드로 282(아쿠아플라넷 일산 1층 일부호 대화동)
20220452426,경기도 고양시 일산서구 한류월드로 282(아쿠아플라넷 일산 1층 일부호 대화동)
20220452427,경기도 고양시 일산서구 한류월드로 282(아쿠아플라넷 일산 1층 일부호 대화동)
20220452474,경기도 고양시 일산서구 호수로 817(현대백화점 킨텍스점  8층 일부호 대화동)
20220452517,"경기도 고양시 일산서구 대산로 212(101,102호 대화동)"
20220452540,경기도 고양시 일산서구 중앙로 1574(월드프라자 205호 대화동)
20220452572,경기도 고양시 일산서구 호수로 817(현대백화점 킨텍스점  2층 일부호 대화동)
20220455122,경기도 과천시 새술막길 38(중앙빌딩 2층 5~6호 중앙동)
20220455218,경기도 과천시 별양상가3로 14(e편한세상 시티 과천 1동 104호 별양동)
20220455230,"경기도 과천시 관문로 92(힐스테이트 과천중앙 B동 1층 128,129,130호 중앙동)"
20220455234,경기도 과천시 경마공원대로 107(럭키빌 북단 1층 주암동)
20220457015,경기도 구리시 경춘로 261(롯데백화점 구리점 지하1층 인창동)
20220457365,"경기도 구리시 건원대로33번길 9(상가동 110호 인창동, e편한세상인창어반포레)"
20220457394,"경기도 구리시 아차산로432번길 13(1,2층 교문동)"
20220460203,경기도 남양주시 다산중앙로146번길 12-12(삼성프라임 1층 102일부호 다산동)
20220460220,경기도 남양주시 진접읍 부평로48번길 140(125동 106호 더샵 남양주퍼스트시티)
20220460233,"경기도 남양주시 별내면 청학로54번길 81(주1 1,2층)"
20220460589,경기도 남양주시 다산중앙로82번안길 131-14(1층 일부호 다산동)
20220461051,경기도 남양주시 별내3로 336(별내프라자 2층 201호 별내동)
20220461610,"경기도 남양주시 진접읍 부평로48번길 140(더샵 남양주퍼스트시티 124동 1층 107,108호 더샵 남양주퍼스트시티)"
20220461822,"경기도 남양주시 송산로 256(1,2층 및 옥탑 외부장소 별내동)"
20220462003,경기도 남양주시 진건읍 사릉로442번길 25(주건축물제1동 1층 일부호)
20220462148,경기도 남양주시 호평로 134(호평아카데미 101호 호평동)
20220462184,경기도 남양주시 순화궁로 249(별내역 파라곤스퀘어 판매시설 1동 C132호 별내동)
20220462211,경기도 남양주시 순화궁로 282(에이스 하이엔드타워 별내1동 1층 110호 별내동)
20220462339,경기도 남양주시 별내3로 322(스카이프라자 205호 별내동)
20220462566,경기도 남양주시 다산순환로 20(다산 현대프리미어캠퍼스 이이비2-002호 일부호 다산동)
20220463035,경기도 남양주시 다산지금로 130(주건축물제1동 1층 101호 다산동)
20220465141,경기도 오산시 수청로106번길 28(1층 일부 금암동)
20220465156,"경기도 오산시 내삼미로79번길 27(1층 114호, 115호 수청동)"
20220465205,"경기도 오산시 남부대로 36(1,2층 두곡동)"
20220465703,경기도 오산시 오산로 91-12(1층 1호 갈곶동)
20220465748,경기도 오산시 양산로410번길 10(104호 양산동)
20220468358,경기도 시흥시 장현능곡로 155(시흥 플랑드르 1층 1082호 능곡동)
20220468359,경기도 시흥시 오이도4길 32(1층 정왕동)
20220468411,경기도 시흥시 수인로3335번길 11(1층 일부호 신천동)
20220468431,경기도 시흥시 장현장곡로 2(1층 103호 장곡동)
20220468453,경기도 시흥시 목감둘레로 253-5(목감로얄팰리스2 1층 109호 조남동)
20220468529,경기도 시흥시 봉우재로57번길 4(1층 일부호 정왕동)
20220468576,경기도 시흥시 은행로149번길 10(1층 일부호 은행동)
20220469207,"경기도 시흥시 서울대학로264번길 12(208동 1층 B-126호 배곧동, 시흥배곧 C2블럭 호반 써밋플레이스 아파트)"
20220469209,경기도 시흥시 산기대학로 237(한국공학대학교 기술혁신파크동 지1층 일부호 정왕동)
20220469449,경기도 시흥시 매화마을1길 15(1층 일부호 매화동)
20220469877,경기도 시흥시 서해안로 699(시흥 프리미엄 아울렛 1층 일부호 배곧동)
20220470022,경기도 시흥시 새재로17번길 20(청맥빌딩 1층 장현동)
20220470128,"경기도 시흥시 서해안로 1645(상가동 지1층 101호 대야동, 대야역 두산위브 더파크)"
20220470162,경기도 시흥시 장현서2길 7(4-4BL 1층 일부호 장현동)
20220470301,경기도 시흥시 시흥대로1073번길 17(1층 신천동)
20220470345,경기도 시흥시 서해안로 699(시흥 프리미엄 아울렛 매장동 1층 일부호 배곧동)
20220473005,경기도 군포시 공단로 97(동영벤처스텔 1층 106호 당동)
20220473199,"경기도 군포시 군포로538번길 16(1층 101호 당동, 일월담하우스)"
20220473476,경기도 군포시 군포로456번길 35-18(1층 당동)
20220473560,경기도 군포시 고산로 515(GS휘트니스클럽빌딩 1층 102호 산본동)
20220473682,"경기도 군포시 군포첨단산업2로 3(베스트 빌딩 1층 101, 102호 부곡동)"
20220473685,경기도 군포시 고산로250번길 12(중앙프라자 1층 103호 당동)
20220473755,경기도 군포시 고산로250번길 1(201호 당동)
20220473765,경기도 군포시 송부로96번길 12(군포 송정 풍산 리치안 C동 1층 120호 도마교동)
20220473827,경기도 군포시 용호1로60번길 4(태평양프라자 1층 107호 당동)
20220476032,경기도 의왕시 경수대로 209(의왕월드비젼 103호 고천동)
20220476077,경기도 의왕시 바라산로 1(롯데프리미엄아울렛 타임빌라스 3층 푸드홀호 학의동)
20220476253,경기도 의왕시 장안남북로1길 7(1층 101호 삼동)
20220476374,경기도 의왕시 장안남북로 15(노블레스 102호 삼동)
20220478059,경기도 하남시 미사강변동로 85(힐스테이트 에코 미사 1층 135호 망월동)
20220478095,경기도 하남시 위례대로 200(스타필드시티 위례점 지하1층PK키친 B210호 학암동)
20220478279,"경기도 하남시 미사강변동로 95(힐스테이트 미사역 그랑파사쥬12-1BL 1층 1013, 1014, 1015호 망월동)"
20220478282,경기도 하남시 미사대로 750(스타필드 하남 1층 1159A호 신장동)
20220478398,경기도 하남시 미사강변한강로 135(나동 1층 134호 망월동)
20220478443,경기도 하남시 미사대로 750(스타필드 하남 지하 1층 일부호 신장동)
20220478550,경기도 하남시 하남대로784번안길 17(1층 103호 신장동)
20220479045,경기도 하남시 미사강변중앙로 157(리버테라스 101호 망월동)
20220479089,경기도 하남시 미사대로 750(스타필드 하남 지하 1층 신장동)
20220479173,경기도 하남시 미사강변북로30번길 105(1층 망월동)
20220479234,경기도 하남시 수리북로34번길 14(1층 일부호 덕풍동)
20220479296,경기도 하남시 미사강변한강로 270-1(미사강변 호반 써밋 201동 1층 1-199호 망월동)
20220479303,경기도 하남시 미사강변한강로 270-1(미사역 호반 써밋 201동 1층 1-103호 망월동)
20220479440,경기도 하남시 미사강변대로34번길 72(골든프라자 1층 106호 풍산동)
20220479535,경기도 하남시 감일백제로180번길 9(1층 106호 감이동)
20220479796,경기도 하남시 미사강변동로 100-1(미사역 파라곤 스퀘어 1층 1105호 망월동)
20220479818,"경기도 하남시 미사강변중앙로 223(센트럴파크1 109, 204호 망월동)"
20220483318,경기도 용인시 처인구 포곡읍 에버랜드로 199(A08동 1층 일부)
20220483331,경기도 용인시 처인구 포곡읍 유운리 551-1
20220483470,경기도 용인시 처인구 금학로349번길 1(1층 김량장동)
20220483616,경기도 용인시 처인구 포곡읍 에버랜드로 199(전대리 519-1)
20220483929,경기도 용인시 처인구 포곡읍 에버랜드로 199(삼성에버랜드 B동 일부)
20220484009,경기도 용인시 처인구 포곡읍 에버랜드로 199(B동 1층 일부호)
20220484067,경기도 용인시 처인구 포곡읍 포곡로124번길 9(1층 일부)
20220486451,경기도 용인시 기흥구 죽전로 33(이데아프라자 105호 보정동)
20220486791,"경기도 용인시 기흥구 신구로53번길 9(101호 신갈동, 희망아파트)"
20220486820,경기도 용인시 기흥구 사은로 86(1동 101호 보라동)
20220486895,경기도 용인시 기흥구 신고매로 124(롯데프리미엄아울렛기흥점 주건축물 제1동 2층 일부호 고매동)
20220487410,경기도 용인시 기흥구 흥덕중앙로 55(리써밋타워 131호 영덕동)
20220487449,경기도 용인시 기흥구 구성로39번길 3(리딩프라자 113호 마북동)
20220487454,경기도 용인시 기흥구 신고매로 124(롯데프리미엄아울렛기흥점 주건축물 제1동 지하1층 일부호 고매동)
20220490231,경기도 용인시 수지구 성복2로 38(성복역 롯데캐슬 골드타운 4층 일부호 성복동)
20220490383,경기도 용인시 수지구 대지로 43(금강프라자 1층 113호 죽전동)
20220490703,"경기도 용인시 수지구 신봉1로 84(상록신봉종합상가 201호, 202호 신봉동)"
20220490805,"경기도 용인시 수지구 고기로45번길 40(지하1층 B101호 동천동, 한화 포레나 수지동천)"
20220490870,경기도 용인시 수지구 포은대로 536(주신세계 사우스시티 지하2층 일부호 죽전동)
20220490879,경기도 용인시 수지구 성복2로 38(성복역 롯데캐슬 골드타운 4층 일부호 성복동)
20220493305,경기도 파주시 동패로63번길 36-7(1층일부 동패동)
20220493653,경기도 파주시 산내로104번길 21-7(1층 목동동)
20220493688,경기도 파주시 탄현면 필승로 200(파주프리미엄아울렛 809호)
20220493763,경기도 파주시 경의로 1250(엠버418오피스텔 119호 와동동)
20220494017,경기도 파주시 책향기로 836(아름터타워 111호 와동동)
20220494104,경기도 파주시 탄현면 평화로 584(가동 1호)
20220494290,"경기도 파주시 경의로1240번길 19(월드타워15 204,205호 와동동)"
20220494466,경기도 파주시 가람로21번길 52-7(1층 와동동)
20220494496,경기도 파주시 산내로104번길 20-6(1층 목동동)
20220494516,"경기도 파주시 경의로 1246(116,117호 와동동)"
20220494641,경기도 파주시 금빛로 18(드림타운 2층 203호 금촌동)
20220494740,경기도 파주시 초롱꽃로 133-3(103호 동패동)
20220494751,경기도 파주시 경의로 1080(2층 203호 야당동)
20220494777,경기도 파주시 소리천로 25(유은타워7차 136호 야당동)
20220494855,"경기도 파주시 경의로1240번길 31(현해프라자 104,105,106호 와동동)"
20220495229,경기도 파주시 탄현면 필승로 200(파주프리미엄아울렛 푸드코트 내 821호)
20220495316,경기도 파주시 가람로 6(월드타워 101호 와동동)
20220495362,경기도 파주시 탄현면 약산로 47(1층 일부)
20220495494,경기도 파주시 산내로7번길 9(101호 목동동)
20220497387,경기도 이천시 마장면 중앙로6번길 12(1층 102호)
20220497454,경기도 이천시 영창로 194-7(2층 창전동)
20220500057,경기도 안성시 공도읍 서동대로 3930-39(스타필드 안성 1층 1320호)
20220500112,경기도 안성시 공도읍 벚꽃길 25-5(1층 일부호)
20220500304,경기도 안성시 아양1로 77-31(1층 111호 일부호 옥산동)
20220500400,경기도 안성시 공도읍 서동대로 3930-39(스타필드 안성 1층 1324호)
20220500472,경기도 안성시 공도읍 공도로 87(107호)
20220500691,경기도 안성시 공도읍 서동대로 3930-39(스타필드 안성 1층 1300호)
20220500714,경기도 안성시 공도읍 공도로 151(한일타운 상가동 1층 103호)
20220500904,"경기도 안성시 아양4로 70(1층 101,102호 석정동)"
20220503212,"경기도 김포시 하성면 월하로 977-19(1,2층)"
20220503415,경기도 김포시 김포한강4로 513(채움테라스 207호 구래동)
20220503448,경기도 김포시 김포한강1로78번길 7(장기음식주차타운 128 일부호 장기동)
20220503551,"경기도 김포시 김포한강1로 247(김포운양헤리움타운 117,118호 운양동)"
20220503702,경기도 김포시 김포한강4로 120(1층 108호 장기동)
20220503899,경기도 김포시 풍무로 20(1층 107호 풍무동)
20220504547,"경기도 김포시 김포한강9로 116(상가B동 지하1층 104호 구래동, 한강신도시 반도유보라5차)"
20220504553,"경기도 김포시 걸포1로 40(1층 108호 걸포동, 한강파크뷰 우방아이유쉘)"
20220504780,경기도 김포시 김포한강1로 85(1층 104호 장기동)
20220504945,경기도 김포시 하성면 월하로 736(1층 101호)
20220505248,경기도 김포시 김포한강1로 247(김포헤리움타운 1층 124호 운양동)
20220505373,경기도 김포시 김포대로 693(웅신미켈란의아침 1층 112호 풍무동)
20220505536,"경기도 김포시 양촌읍 석모로45번길 35-9(1층 일부호, 2층 일부호)"
20220508520,경기도 화성시 만세구 수노을중앙로 126(송산 나이스프라자  1동 201호 새솔동)
20220508525,경기도 화성시 만세구 꽃내음2길 46-3(1동 116호 새솔동)
20220508556,경기도 화성시 동탄구 동탄신리천로 411(우성스타타워 1층 119호 목동)
20220508834,"경기도 화성시 동탄구 동탄중앙로 220(A동 지하2층 B201호의 일부호 반송동, 메타폴리스)"
20220508921,경기도 화성시 효행구 봉담읍 상리2길 55(2층 208호)
20220509020,"경기도 화성시 동탄구 동탄중앙로 220(상가동 지하2층 B206호 반송동, 메타폴리스)"
20220509048,"경기도 화성시 동탄구 동탄중앙로 220(상가동 4층 407호 반송동, 메타폴리스)"
20220509325,"경기도 화성시 동탄구 동탄솔빛로 51(인창프라자 1층 109호, 110호 반송동)"
20220509398,경기도 화성시 동탄구 왕배산1길 3-10(1층 목동)
20220509448,"경기도 화성시 동탄구 동탄대로시범길 134(지1층 0015호 청계동, 동탄역시범반도유보라아이비파크4.0)"
20220509537,경기도 화성시 병점구 병점1로 218(씨네샤르망 B동 1층 110호 병점동)
20220509553,경기도 화성시 병점구 화산로 39(부엉이프라자1동 1층 일부호104호 송산동)
20220509562,"경기도 화성시 동탄구 동탄중앙로 220(상가동 4층 A-405호 반송동, 메타폴리스)"
20220509658,"경기도 화성시 동탄구 동탄중심상가1길 31(광장타워 1층 109,110호 반송동)"
20220509814,경기도 화성시 만세구 마도면 석교로157번길 12(1층 일부)
20220509967,경기도 화성시 동탄구 동탄역로 160(동탄역 롯데캐슬 판매시설 지1층 쇼핑몰 일부호 오산동)
20220510040,경기도 화성시 효행구 봉담읍 매봉로 441(1동 지하1층 B101호)
20220510083,경기도 화성시 동탄구 동탄산척로2가길 7(1층 일부101호호 산척동)
20220510090,경기도 화성시 효행구 효행로265번길 16(1층 102호 기안동)
20220510092,"경기도 화성시 병점구 병점3로 159(안화동마을주공8단지 105, 106호 병점동)"
20220510285,경기도 화성시 동탄구 동탄지성로 109(골드프라자 2층 205호 반송동)
20220510440,경기도 화성시 동탄구 동탄역로 160(동탄역 롯데캐슬 판매시설 지1층 일부호 오산동)
20220510865,경기도 화성시 만세구 남양읍 남양로 829(화성 남양뉴타운 현대프라자 1동 121호)
20220511295,"경기도 화성시 병점구 병점중앙로211번길 3-11(지1층 B102호 진안동, 웰컴타운)"
20220511348,경기도 화성시 동탄구 동탄오산로 86-3(동탄역 엠케이타워 1동 1층 101호 오산동)
20220511879,경기도 화성시 동탄구 동탄역로 160(동탄역 롯데캐슬 판매시설 지1층 쇼핑몰 일부호 오산동)
20220512352,"경기도 화성시 동탄구 동탄첨단산업1로 58(FIRST KOREA 1층 107호, 108호, 148호 영천동)"
20220512361,"경기도 화성시 동탄구 동탄대로4길 17(지1층 102호 장지동, 금호어울림레이크)"
20220512432,"경기도 화성시 동탄구 동탄대로 181(판매시설A동 지하1층 B101호 송동, 동탄린스트라우스더레이크)"
20220512588,경기도 화성시 만세구 남양읍 남양로 586-3(1동 1층 일부)
20220514109,경기도 광주시 중앙로 82(1층 역동)
20220514120,경기도 광주시 문형산길 29(1층)
20220514156,경기도 광주시 초월읍 도곡안길 53-6(104호)
20220514258,경기도 광주시 양벌로 300-2(102동 1층 101호 로얄팰리스)
20220514447,"경기도 광주시 경안로41번길 6(B109호 경안동, 경기광주역 금호리첸시아)"
20220514721,경기도 광주시 경안로 14-3(1층 경안동)
20220514733,경기도 광주시 곤지암읍 경충대로 754(예선빌딩 1층)
20220514999,경기도 광주시 마루들길 223(1층)
20220515000,경기도 광주시 초월읍 경충대로1284번길 36(쌍용 더 플래티넘 광주 상가동 104호)
20220515252,경기도 광주시 오포로 273(1층 능평동)
20220515473,경기도 광주시 퇴촌면 정영로 756(나동 1층)
20220515496,경기도 광주시 퇴촌면 도지울길 7(만사르다 1층 101-102호)
20220517034,경기도 양주시 독바위로 9(1층 일부 덕정동)
20220517061,경기도 양주시 옥정동로5나길 5-2(제1동 1층일부101호 옥정동)
20220517470,경기도 양주시 옥정동로5나길 115(주건축물제1동 1층일부 옥정동)
20220517511,경기도 양주시 백석읍 권율로 1454-5(가동 1층 전체)
20220517867,경기도 양주시 고원2길 129(1층 일부 고암동)
20220517873,경기도 양주시 옥정로 222(스카이타워 107호 옥정동)
20220518141,경기도 양주시 옥정동로8길 10(107호 옥정동)
20220520101,경기도 포천시 소흘읍 죽엽산로 438(1~2층)
20220520609,경기도 포천시 소흘읍 송우로 101-11(1층)
20220523056,경기도 여주시 명품로 360(여주프리미엄아울렛 테이스트빌리지 128호 상거동)
20220523149,경기도 여주시 세종로 151(여주 이마트 2층 홍문동)
20220523331,경기도 여주시 월평로 61-6(1층 월송동)
20220523452,경기도 여주시 가남읍 태평로 56(가남터미널 1층)
20220525036,경기도 연천군 연천읍 차옥로 107(1층)
20220527082,경기도 가평군 설악면 미사리로 544(휴게소 1층)
20220527084,경기도 가평군 설악면 미사리로540번길 51(휴게소 1층)
20220527159,경기도 가평군 청평면 시장중앙로 7-14(1층)
20220527162,경기도 가평군 가평읍 가화로 586(주건축물제1동 1층)
20220533147,"강원특별자치도 춘천시 우두1길 40(상가동 1층 101호 우두동, 춘천우두엘에이치천년나무3단지)"
20220533200,"강원특별자치도 춘천시 방송길 77(지하1층 B109호 온의동, 춘천 센트럴타워 푸르지오)"
20220533215,강원특별자치도 춘천시 중도동 560-4
20220533219,강원특별자치도 춘천시 중도동 568
20220533221,강원특별자치도 춘천시 중도동 460
20220533222,강원특별자치도 춘천시 중도동 460
20220533223,강원특별자치도 춘천시 중도동 460
20220533343,강원특별자치도 춘천시 하중도길 128(1층 중도동)
20220533377,강원특별자치도 춘천시 하중도길 128(2층 중도동)
20220533378,강원특별자치도 춘천시 하중도길 128(2층 중도동)
20220533455,강원특별자치도 춘천시 퇴계농공로 11(106호 석사동)
20220537179,강원특별자치도 원주시 황금로 6(2층 129호 반곡동)
20220537194,강원특별자치도 원주시 송림길 40-19(1층 개운동)
20220537356,강원특별자치도 원주시 세계로 52(1층 일부호 반곡동)
20220537649,강원특별자치도 원주시 지정면 월송석화로 431(성문안C.C)
20220537741,강원특별자치도 원주시 지정면 무릉로 15(112호)
20220537874,강원특별자치도 원주시 영랑길 20-1(원주 행구동 골드클래스 상가동 1층 102호 행구동)
20220537888,강원특별자치도 원주시 단구로 243(1층 좌측 단구동)
20220537962,강원특별자치도 원주시 흥업면 세동길 10-8(1층)
20220538040,"강원특별자치도 원주시 봉황2길 17(1층 101,102호 반곡동)"
20220538059,"강원특별자치도 원주시 건강로 21(조은빌딩 1층 105,106호 반곡동)"
20220538501,"강원특별자치도 원주시 지정면 신지정로 202(1층 103,104,105호)"
20220541173,강원특별자치도 강릉시 주문진읍 항구로 40(지하층 112호 강릉주문진풍림아이원하버뷰)
20220541736,강원특별자치도 강릉시 주문진읍 주문로 23(1층)
20220541802,강원특별자치도 강릉시 선수촌로 64-4(지하1층 홍제동)
20220541871,강원특별자치도 강릉시 난설헌로 228-34(1층 초당동)
20220545446,강원특별자치도 동해시 효자남길 8-17(1층 나안동)
20220548097,강원특별자치도 태백시 황지로 17(1층 황지동)
20220550085,강원특별자치도 속초시 동해대로 4169(건영빌딩 2층 조양동)
20220550182,강원특별자치도 속초시 미시령로2983번길 88(장사동)
20220550183,강원특별자치도 속초시 미시령로2983번길 88(장사동)
20220550184,강원특별자치도 속초시 미시령로2983번길 88(장사동)
20220550228,강원특별자치도 속초시 엑스포로 135-5(1층 교동)
20220550257,강원특별자치도 속초시 선사로 7-2(1층 조양동)
20220550259,강원특별자치도 속초시 엑스포로 135-5(1동 교동)
20220550535,강원특별자치도 속초시 엑스포로1길 13(2~4층 조양동)
20220552166,강원특별자치도 삼척시 정상로 82(태영상가 1층 104호 교동)
20220554188,강원특별자치도 홍천군 홍천읍 홍천로5길 18
20220558053,강원특별자치도 영월군 영월읍 단종로16번길 22(청암상가주택 102호)
20220562103,강원특별자치도 정선군 여량면 서동로 2929-1
20220562110,"강원특별자치도 정선군 고한읍 고한로 45(1층 104,110호)"
20220564226,강원특별자치도 철원군 동송읍 금학로 241(프랭크버거 1층)
20220564252,강원특별자치도 철원군 동송읍 금학로 192(1층)
20220572002,강원특별자치도 고성군 토성면 봉포2길 19
20220574005,강원특별자치도 양양군 양양읍 한고개길 17-19(리건빌딩)
20220574047,강원특별자치도 양양군 현북면 하조대2길 1(1층)
20220581017,충청북도 청주시 상당구 남일면 단재로 575(상가동 2층 성무아파트)
20220581070,충청북도 청주시 상당구 2순환로2031번길 12-6(1층 101호 방서동)
20220581179,충청북도 청주시 상당구 중앙로 87(청주북문로한신휴플러스아파트 상가 1층 북문로3가)
20220581199,충청북도 청주시 상당구 단재로 24-2(101호 석교동)
20220581264,충청북도 청주시 상당구 중고개로141번길 20(1층 101호 용암동)
20220581658,충청북도 청주시 상당구 중고개로141번길 8(102호 용암동)
20220581676,충청북도 청주시 상당구 문의면 문의시내로 3-17(1~3층)
20220586205,충청북도 청주시 서원구 두꺼비로 13(1층 산남동)
20220591086,충청북도 청주시 흥덕구 송화로166번길 7-15(1층 일부호 송절동)
20220591133,충청북도 청주시 흥덕구 대신로18번길 8(1층 일부호 복대동)
20220591157,충청북도 청주시 흥덕구 천석로35번길 9(1층 봉명동)
20220591192,충청북도 청주시 흥덕구 가경로 9-9(그린프라자 1층 101호 가경동)
20220591269,충청북도 청주시 흥덕구 가로수로 1348(1층 일부호 복대동)
20220591293,충청북도 청주시 흥덕구 서현중로24번길 3(1층 일부호 가경동)
20220591827,충청북도 청주시 흥덕구 강내면 가로수로 550(1.층 일부호)
20220592086,충청북도 청주시 흥덕구 직지대로 308(현대백화점 충청점 6층 일부호 복대동)
20220592192,충청북도 청주시 흥덕구 오송읍 봉산2길 19-4(1층)
20220592196,충청북도 청주시 흥덕구 가로수로1164번길 41-34(1층 일부호 강서동)
20220592212,충청북도 청주시 흥덕구 오송읍 오송가락로 255(1층 101호 일부호)
20220592252,충청북도 청주시 흥덕구 덕암로30번길 24(1층 일부호 봉명동)
20220596864,충청북도 청주시 청원구 상당로 314(문화제조창 청주시청제2임시청사 1층 내덕동)
20220601643,충청북도 충주시 원호암1길 31(호암동)
20220604178,충청북도 제천시 소새로3길 3(1층 왕암동)
20220613004,충청북도 증평군 증평읍 송산로 64(1층 101호)
20220615060,충청북도 진천군 덕산읍 대하로 151(111호)
20220619122,충청북도 음성군 감곡면 오갑길 195
20220619437,충청북도 음성군 대소읍 대금로 462(1층)
20220629142,충청남도 천안시 동남구 일봉로 87-4(1층 용곡동)
20220629224,충청남도 천안시 동남구 청수14로 56(107~109호 청당동)
20220629240,충청남도 천안시 동남구 망향로 173(1층 안서동)
20220629350,"충청남도 천안시 동남구 광풍로 1800(근린생활시설2동 2층 213호 청당동, 청당 코오롱 하늘채)"
20220629364,충청남도 천안시 동남구 청수로 35-1(1층 청수동)
20220629382,충청남도 천안시 동남구 만남로 43(본관1동 6층 신부동)
20220632330,충청남도 천안시 서북구 서부대로 769(1층 두정동)
20220632441,"충청남도 천안시 서북구 북일로 21(상가동 1층 103호 두정동, e편한세상 두정3차)"
20220632649,충청남도 천안시 서북구 성성4길 68(지호락 주건축물제1동 1층 성성동)
20220632677,충청남도 천안시 서북구 공원로 227(지하1층 불당동)
20220635209,충청남도 당진시 송악읍 송악로 6-8(1층)
20220635651,충청남도 당진시 송산면 유곡2길 21(102호)
20220638462,충청남도 공주시 유구읍 시장길 39(1층)
20220640120,충청남도 보령시 대천로 11(1층 대천동)
20220643380,충청남도 아산시 음봉면 음봉로 515-46(1층 102호)
20220643401,충청남도 아산시 신창면 남성길 73(1층 101호)
20220643538,충청남도 아산시 신정호길 33-1(3층 301호 방축동)
20220643580,충청남도 아산시 배방읍 월천5길 41(1층)
20220643619,충청남도 아산시 음봉면 음봉로401번길 5(1층)
20220643703,충청남도 아산시 배방읍 용연로 36(상가1동 1층 101호 용연마을휴먼시아1단지아파트)
20220643922,충청남도 아산시 충무로42번길 13(1층 권곡동)
20220643929,"충청남도 아산시 탕정면 한들물빛도시로 70(C동 1층 104호,105호 한들물빛도시지웰시티센트럴푸르지오2단지)"
20220644135,충청남도 아산시 음봉면 음봉로 515-18(1층 102호)
20220646431,충청남도 서산시 대산읍 정자동6로 32(1층)
20220646583,충청남도 서산시 호수공원10로 37(1층 예천동)
20220646587,충청남도 서산시 호수공원10로 9(예섬 1층 101호 예천동)
20220646616,충청남도 서산시 대산읍 충의로 1909-2(세아빌딩 102호)
20220646670,충청남도 서산시 동서1로 195(1층 예천동)
20220651024,충청남도 계룡시 서금암3길 5(쉐리움 105호 금암동)
20220651088,충청남도 계룡시 신도안면 계룡대9로 104(구룡대 체력단련장)
20220655121,충청남도 부여군 규암면 백제문로 387(롯데프리미엄아울렛 2층)
20220657060,충청남도 서천군 장항읍 장항로 168(북경한의원)
20220659100,충청남도 청양군 청양읍 칠갑산로3길 14
20220659118,충청남도 청양군 청양읍 문화예술로 128
20220661214,충청남도 홍성군 홍성읍 내포로 22(1층)
20220661215,충청남도 홍성군 홍북읍 도청대로 296-30(1층)
20220661304,충청남도 홍성군 홍북읍 도청대로 577(4층)
20220661309,충청남도 홍성군 서부면 남당항로213번길 1(A동 2층 212호)
20220663171,충청남도 예산군 덕산면 온천단지3로 45-7(스파캐슬2 B2101호)
20220663196,충청남도 예산군 덕산면 온천단지3로 45-7
20220663362,충청남도 예산군 신암면 계촌1길 8
20220663368,충청남도 예산군 덕산면 온천단지2로 77
20220665218,충청남도 태안군 태안읍 동백로 336(1층)
20220671009,전북특별자치도 전주시 완산구 서곡1길 1-5(1층 효자동3가)
20220671080,전북특별자치도 전주시 완산구 석산2길 15(1층 효자동3가)
20220671288,"전북특별자치도 전주시 완산구 홍산1길 7(1층 139호 효자동2가, 전주 효자 SK Leaders VIEW)"
20220671690,전북특별자치도 전주시 완산구 전주객사4길 24-6(1층 고사동)
20220671702,전북특별자치도 전주시 완산구 인정4길 14-1(1층 중화산동2가)
20220671733,전북특별자치도 전주시 완산구 서신로 30(1층 서신동)
20220671927,전북특별자치도 전주시 완산구 후곡길 23-7(1층 효자동2가)
20220672082,전북특별자치도 전주시 완산구 홍산남로 73(1층 102호 효자동3가)
20220675514,전북특별자치도 전주시 덕진구 무삼지로 43(1층 일부호 인후동1가)
20220675902,전북특별자치도 전주시 덕진구 솔내로 144(1층 111호 송천동1가)
20220679390,전북특별자치도 군산시 구영3길 70(1층 신창동)
20220679421,전북특별자치도 군산시 수송북로 22(102호 수송동)
20220683528,전북특별자치도 익산시 배산로 149(1층 101호 모현동1가)
20220683831,전북특별자치도 익산시 금마면 미륵사지로1길 33(1층 101호)
20220683852,전북특별자치도 익산시 익산대로 153(익산역 3층 창인동2가)
20220687163,전북특별자치도 정읍시 새암길 42-1(1층 수성동)
20220690177,전북특별자치도 남원시 가방뜰길 34(금동)
20220692166,전북특별자치도 김제시 요촌북로 30(101호 요촌동)
20220692320,전북특별자치도 김제시 여수해로 132(용동)
20220694020,전북특별자치도 완주군 삼례읍 삼봉로 11-1
20220694184,전북특별자치도 완주군 삼례읍 삼봉7로 31(1층 104호)
20220694186,전북특별자치도 완주군 이서면 반교로 99(104호)
20220698002,전북특별자치도 무주군 무주읍 한풍루로 387-9
20220708037,전북특별자치도 부안군 주산면 서해안고속도로 103
20220708039,전북특별자치도 부안군 주산면 서해안고속도로 103
20220708041,전북특별자치도 부안군 주산면 서해안고속도로 106
20220708043,전북특별자치도 부안군 주산면 서해안고속도로 106
20220708088,전북특별자치도 부안군 부안읍 석정로 241(107호)
20220708197,전북특별자치도 부안군 부안읍 당산로 21
20220712106,전남광주통합특별시 목포시 이로로 21(2층 용해동)
20220712334,전남광주통합특별시 목포시 비파로51번길 33-1(1층 상동)
20220712481,전남광주통합특별시 목포시 청호로 109(2동 1층 산정동)
20220712687,전남광주통합특별시 목포시 옥암로 95(쇼핑천국포르모 2118-1호 상동)
20220716160,전남광주통합특별시 여수시 시청서4길 22-12(1층 학동)
20220716234,전남광주통합특별시 여수시 여문2로 85-1(문수동)
20220716288,전남광주통합특별시 여수시 시청서3길 25-8(학동)
20220716521,전남광주통합특별시 여수시 도원로 256-1(학동)
20220716910,전남광주통합특별시 여수시 선소로 29(2층 학동)
20220716942,"전남광주통합특별시 여수시 쌍봉로 208(상가동 106호 신기동, 여수 신기 휴스티지 아파트)"
20220716982,전남광주통합특별시 여수시 문수로 67(문수동)
20220717021,전남광주통합특별시 여수시 수정3길 8(수정동)
20220717022,전남광주통합특별시 여수시 수정3길 8(수정동)
20220717173,전남광주통합특별시 여수시 소호6길 7-5(2층 소호동)
20220717197,전남광주통합특별시 여수시 웅천남7로 24(2층 203~207호 웅천동)
20220720127,전남광주통합특별시 순천시 연자로 10(1층 남내동)
20220720260,전남광주통합특별시 순천시 서면 선평윗길 23(201동 1층 102호 모아엘가 리버파크)
20220720274,전남광주통합특별시 순천시 순천대1길 36-34(1층 석현동)
20220720834,전남광주통합특별시 순천시 팔마3길 6(1층 연향동)
20220720849,전남광주통합특별시 순천시 왕궁1길 20(하임스토어 1층 조례동)
20220720852,전남광주통합특별시 순천시 봉화2길 7(1층 조례동)
20220724086,전남광주통합특별시 나주시 석전2길 18-8(101호 빛가람동)
20220724124,전남광주통합특별시 나주시 도민길 3-52(1층 빛가람동)
20220724212,전남광주통합특별시 나주시 전력로 6(펠리시티에스 1층 105호 빛가람동)
20220726044,"전남광주통합특별시 광양시 금호로 26(몰오브광양점, 4층중1층 104호 금호동)"
20220726110,전남광주통합특별시 광양시 희망길 12-7(광양제철소 생활관 102-1호 금호동)
20220726193,전남광주통합특별시 광양시 눈소4길 34(2층중1층일부 마동)
20220726275,전남광주통합특별시 광양시 광양읍 인덕로 1129(2층중1층일부)
20220726315,"전남광주통합특별시 광양시 광양읍 순광로 466(광양LF스퀘어, 푸드코트C-117호, 5층중1층일부)"
20220726363,전남광주통합특별시 광양시 광양읍 순광로 466(광양LF스퀘어 푸드코트 119호)
20220729088,전남광주통합특별시 담양군 담양읍 신성길 19(1층)
20220729119,전남광주통합특별시 담양군 담양읍 무정로 26
20220729162,전남광주통합특별시 담양군 담양읍 깊은실길 84-56(201호)
20220731026,전남광주통합특별시 곡성군 곡성읍 읍내11길 10(1층 나동좌측)
20220733092,전남광주통합특별시 구례군 광의면 한국통신로 83-22
20220735157,전남광주통합특별시 고흥군 고흥읍 고흥군청로 33(남계메디컬빌딩 101호)
20220735162,전남광주통합특별시 고흥군 고흥읍 고흥군청로 26(101-2호)
20220737060,전남광주통합특별시 보성군 보성읍 현충로 107(1층)
20220739022,전남광주통합특별시 화순군 화순읍 만연로 38-1(1층)
20220741022,전남광주통합특별시 장흥군 장흥읍 장흥로 76-10(104호)
20220743080,전남광주통합특별시 강진군 강진읍 탐진로 94-16(1층 101호)
20220745163,전남광주통합특별시 해남군 송지면 땅끝해안로 1363
20220747163,전남광주통합특별시 영암군 영암읍 남문로 8
20220749115,전남광주통합특별시 무안군 삼향읍 남악3로82번길 20(백석프라자 110호)
20220749238,전남광주통합특별시 무안군 삼향읍 오룡3길 41-64(101호)
20220749245,"전남광주통합특별시 무안군 망운면 청운로 915(7,8동)"
20220749257,전남광주통합특별시 무안군 무안읍 무안로 496(B동 5호)
20220749306,"전남광주통합특별시 무안군 삼향읍 대죽서로15번길 16(더스타일 빌딩 122,123호)"
20220749321,전남광주통합특별시 무안군 청계면 승달산길 24(201호)
20220751059,전남광주통합특별시 함평군 함평읍 중앙길 94
20220751101,전남광주통합특별시 함평군 함평읍 영수길 136
20220751102,전남광주통합특별시 함평군 함평읍 영수길 259(1층)
20220751104,전남광주통합특별시 함평군 함평읍 주포한옥길 23-14
20220753046,전남광주통합특별시 영광군 법성면 법성포로 11(2층)
20220753078,전남광주통합특별시 영광군 영광읍 중앙로 157-1(제4호 1층)
20220753080,전남광주통합특별시 영광군 영광읍 옥당로 240(1층)
20220757124,전남광주통합특별시 완도군 완도읍 해변공원로91번길 12-4
20220759029,전남광주통합특별시 진도군 진도읍 쌍정1길 19
20220759039,전남광주통합특별시 진도군 진도읍 성죽골길 22-3
20220759068,전남광주통합특별시 진도군 진도읍 남문길 8-6
20220770093,경상북도 포항시 북구 흥해읍 초곡지구로 80(포항 지엔하임 301동 120호)
20220770905,경상북도 포항시 북구 신덕로 37(1층 양덕동)
20220773195,경상북도 경주시 보불로 24-5(마동)
20220773249,경상북도 경주시 보문로 544(경주월드/서라벌청소년수련관 E-22호 천군동)
20220773375,경상북도 경주시 첨성로81번길 7(2층 황남동)
20220773740,경상북도 경주시 현곡면 용담로 548(2동 6호 경주센트럴푸르지오)
20220777284,경상북도 김천시 어모면 어모문화3길 15(김천비손지역아동센터 1층)
20220780211,경상북도 안동시 경동로 999-10(1층 용상동)
20220786012,경상북도 구미시 선산읍 동교11길 1(1동 1층)
20220786689,경상북도 구미시 산동읍 신당2로 47(1층 101호)
20220786895,경상북도 구미시 신비로 121-6(1층 비산동)
20220786991,경상북도 구미시 진평2길 15-11(1층 진평동)
20220787254,"경상북도 구미시 산동읍 신당1로4길 3(1층 105,106호)"
20220787445,경상북도 구미시 도봉로 80(1층 도량동)
20220797016,경상북도 상주시 상산로 242(남성동)
20220797118,경상북도 상주시 무양1길 48(무양동)
20220797152,경상북도 상주시 상산로 240(남성동)
20220797171,경상북도 상주시 아리랑고개1길 46(계산동)
20220797253,경상북도 상주시 동수로 216(무양동)
20220803277,경상북도 경산시 대학로 58(경산2차우방맨션 111동 8호 정평동)
20220814060,경상북도 영덕군 영덕읍 군청길 55(103호)
20220816089,경상북도 청도군 청도읍 고수동4길 7-30(1층)
20220822305,경상북도 칠곡군 왜관읍 전원1길 19(1층)
20220824018,경상북도 예천군 호명읍 새움3로 48(제이엠골드 104호)
20220824145,"경상북도 예천군 호명읍 새움3로 46(우방프라자 센트럴 112,113호)"
20220824154,경상북도 예천군 예천읍 효자로 113
20220828064,경상북도 울진군 울진읍 울진중앙로 110-2(1층)
20220836546,경상남도 창원시 의창구 북면 감계로 304(재성빌딩 2층 201호)
20220840344,경상남도 창원시 성산구 마디미로 57(골든타워빌딩 1층 103호 상남동)
20220840633,"경상남도 창원시 성산구 상남로 93(상남동복합공영주차장 1층 일부101,102호 상남동)"
20220840757,경상남도 창원시 성산구 마디미서로 51(서울메디칼빌딩 2층 202호 상남동)
20220844147,경상남도 창원시 마산합포구 불종거리로 33(1층 일부호 중성동)
20220844565,경상남도 창원시 마산합포구 월영동남로 18(평화골든아파트 1층 3호 해운동)
20220844689,경상남도 창원시 마산합포구 3·15대로 308(1층 서성동)
20220847408,경상남도 창원시 마산회원구 내서읍 중리상곡로 90(태산프라자 104호)
20220847467,"경상남도 창원시 마산회원구 삼호로 80(2층 양덕동, 메트로시티 2단지)"
20220850220,"경상남도 창원시 진해구 신항동로 141(1층 129 일부호 용원동, 애플타운 헤리티지)"
20220850416,"경상남도 창원시 진해구 웅천동로 100(1층 107호 남문동, 남문시티프라디움2차)"
20220850425,경상남도 창원시 진해구 용원남로27번길 1(1층 용원동)
20220850531,경상남도 창원시 진해구 신항동로 121(103호 용원동)
20220853114,경상남도 진주시 남강로625번길 2(1~2층 본성동)
20220853119,경상남도 진주시 하대로 83(상아빌딩 103호 104호 1층 하대동)
20220853231,경상남도 진주시 범골로60번길 12(준스타워 103호 충무공동)
20220853604,경상남도 진주시 평거로26번길 9-10(1층 평거동)
20220853723,경상남도 진주시 망경남길44번길 21-2(1층 망경동)
20220853814,경상남도 진주시 호탄길 13(1층 호탄동)
20220853940,경상남도 진주시 돗골로 102(1층일부 상평동)
20220853986,경상남도 진주시 가호로 13(2층 일부  가좌동)
20220854208,경상남도 진주시 초전북로39번길 6-22(1층 일부 초전동)
20220854325,경상남도 진주시 진주대로 506(경상프라자 1층 101호 가좌동)
20220854344,경상남도 진주시 호탄길27번길 15(1층 일부 호탄동)
20220854469,경상남도 진주시 동진로 440(롯데몰진주점 4층 일부 충무공동)
20220854666,경상남도 진주시 정촌면 삼일로72번길 16(1층 101호)
20220854671,경상남도 진주시 남강로309번길 42-21(1층일부 평거동)
20220854703,경상남도 진주시 금산면 금산순환로34번길 4(1층 일부)
20220857053,"경상남도 통영시 동호로 8(102호 정량동, 창용제니스타운)"
20220857249,경상남도 통영시 무전2길 28(101호 무전동)
20220857365,경상남도 통영시 항남5길 7(항남동)
20220860108,경상남도 사천시 유람선길 167(1층 서동)
20220860329,경상남도 사천시 사남면 조동길 49-15(108호)
20220860345,경상남도 사천시 사남면 월성1길 100(104호)
20220862297,경상남도 김해시 가야로451번길 11(롯데캐슬가야1단지 상가 101호 동상동)
20220862555,경상남도 김해시 율하로 488-1(110호 장유동)
20220862684,경상남도 김해시 진영읍 김해대로 386-32
20220862964,경상남도 김해시 진영읍 진산대로26번길 16-18(1층)
20220863227,경상남도 김해시 율하6로 60(202호 장유동)
20220863383,경상남도 김해시 장유로 469(롯데 프리미엄 아울렛 김해점 3층 신문동)
20220863476,경상남도 김해시 율하카페길 31-14(1층 일부호 관동동)
20220864007,경상남도 김해시 김해대로1765번길 21-29(1층 삼계동)
20220867286,경상남도 밀양시 미리벌중앙로3길 25(삼문동)
20220869034,경상남도 거제시 사등면 두동로 20(1층 101호)
20220869495,경상남도 거제시 상동5길 12(1층 상동동)
20220869562,경상남도 거제시 아주4길 5(1층 아주동)
20220869797,경상남도 거제시 상동5길 27(1층 상동동)
20220872252,경상남도 양산시 물금읍 새실로 159(나래메트로시티 E동 104호)
20220872255,경상남도 양산시 북정로 19(102호 북정동)
20220872941,경상남도 양산시 물금읍 물금역1길 27(1층)
20220873458,경상남도 양산시 물금읍 범구로 28(311동  B336호 양산신도시3차동원로얄듀크비스타)
20220873524,경상남도 양산시 상북면 와곡1길 26(1층)
20220878070,경상남도 함안군 가야읍 가야로 41(1층)
20220880004,경상남도 창녕군 창녕읍 종로 35(1층)
20220888087,경상남도 산청군 신안면 지리산대로 3464-1(1층)
20220894011,경상남도 합천군 봉산면 서부로 4348
20220898282,제주특별자치도 제주시 한림읍 한림남길 24(2층)
20220898703,제주특별자치도 제주시 정든로5길 24(1층 이도이동)
20220899434,제주특별자치도 제주시 한경면 청수동4길 139-31(나동 1층)
20220899714,제주특별자치도 제주시 애월읍 하귀12길 4(3층)
20220899897,제주특별자치도 제주시 조천읍 신북로 215(나동 1층)
20220899904,제주특별자치도 제주시 도령로 142(9층 연동)
20220900470,제주특별자치도 제주시 항골남길 46(1층 이호일동)
20220903114,제주특별자치도 서귀포시 대정읍 상모대서로 14
20220903560,제주특별자치도 서귀포시 중문관광로72번길 100(지하3층 색달동)
20220903561,제주특별자치도 서귀포시 중문관광로72번길 100(1층 색달동)
20220903609,제주특별자치도 서귀포시 중문관광로72번길 100(지하1층 색달동)
20220903731,제주특별자치도 서귀포시 중문관광로72번길 100(1층 색달동)
20220903760,제주특별자치도 서귀포시 표선면 가시로 383(1층)
20230035040,서울특별시 종로구 새문안로 82(에스타워 1층 신문로1가)
20230035204,서울특별시 종로구 인사동길 49(5층 관훈동)
20230035465,서울특별시 종로구 종로39길 40(현마빌딩 1층 101호 종로6가)
20230035497,서울특별시 종로구 새문안로 91(광화문 고려빌딩 1층 신문로1가)
20230035690,서울특별시 종로구 북촌로 6-3(1층 재동)
20230035726,"서울특별시 종로구 우정국로 26(센트로폴리스 지상 1층 17, 18, 19호 공평동)"
20230035856,서울특별시 종로구 종로 271(지상 1층 종로6가)
20230040015,서울특별시 중구 남대문로 81(지하1층 소공동)
20230040023,서울특별시 중구 세종대로7길 43(1층 순화동)
20230040434,서울특별시 중구 무교로 28(시그너스빌딩 1층 무교동)
20230040455,서울특별시 중구 통일로 92(케이지타워 1층 순화동)
20230040871,"서울특별시 중구 왕십리로 407(B2-2,B2-3,B2-4호 신당동, 신당 파인힐 하나유보라)"
20230040967,서울특별시 중구 퇴계로 127(2층 충무로2가)
20230040983,서울특별시 중구 장충단로 59(국립중앙극장 해오름극장 건물 L층 장충동2가)
20230041116,서울특별시 중구 남대문로 81(롯데백화점 본점 지1층 소공동)
20230041135,서울특별시 중구 장충단로 275(지하2층 FB106호 을지로6가)
20230041147,서울특별시 중구 을지로5길 26(미래에셋 센터원Mirae Asset CENTER1 지1층 118호 수하동)
20230041215,서울특별시 중구 세종대로 136(지하2층 태평로1가)
20230041259,서울특별시 중구 장충단로 180(지2층 장충동1가)
20230041260,서울특별시 중구 퇴계로27길 16(1층 104호 필동1가)
20230041305,서울특별시 중구 퇴계로27길 42(2층 충무로3가)
20230041544,"서울특별시 중구 동호로7길 14(1층 109호 신당동, 약수역 더시티)"
20230045007,"서울특별시 용산구 한남대로 91(지하2층 한남동, 나인원 한남)"
20230045058,서울특별시 용산구 한강대로23길 55(아이파크몰 패션파크 5층 한강로3가)
20230045159,서울특별시 용산구 원효로 257(1층 원효로1가)
20230045193,서울특별시 용산구 한강대로23길 55(용산아이파크몰 7층 한강로3가)
20230045212,서울특별시 용산구 한강대로23길 55(용산아이파크몰 에프엔비 7층 한강로3가)
20230045286,서울특별시 용산구 한강대로23길 25(1층 한강로3가)
20230045331,서울특별시 용산구 청파로 277(1층 청파동3가)
20230045437,서울특별시 용산구 두텁바위로60길 49(별관 나동 3층 후암동)
20230045473,서울특별시 용산구 한강대로23길 25(로카우스호텔 4층 한강로3가)
20230045474,서울특별시 용산구 한강대로40길 13(성지빌딩 3층 한강로2가)
20230045576,서울특별시 용산구 이태원로 234(극동스푸링쿨라주 2층 한남동)
20230045749,"서울특별시 용산구 남산공원길 105(YTN서울타워 1층 110, 111호 용산동2가)"
20230045841,서울특별시 용산구 한강대로 366(트윈시티 남산 1층 102호 동자동)
20230045858,"서울특별시 용산구 이촌로 278-1(1,2층 1호 이촌동)"
20230045864,서울특별시 용산구 한강대로 100(아모레퍼시픽 지층 B104-3호 한강로2가)
20230045937,서울특별시 용산구 한강대로23길 55(아이파크몰 4층 한강로3가)
20230046198,"서울특별시 용산구 이태원로27나길 40(지하4층 B401호 이태원동, 준아트빌)"
20230046257,"서울특별시 용산구 한강대로17길 15(1,2,3층 한강로3가)"
20230049270,서울특별시 성동구 상원2길 1-10(2층 성수동1가)
20230049557,서울특별시 성동구 뚝섬로1길 55-1(1층 성수동1가)
20230050196,"서울특별시 성동구 마장로 137(401동 1층 105호 상왕십리동, 텐즈힐)"
20230050216,서울특별시 성동구 서울숲2길 47(2층 성수동1가)
20230050272,서울특별시 성동구 마장로26길 14-1(1층 홍익동)
20230050348,서울특별시 성동구 무수막길 97(김약국 1층 금호동2가)
20230053047,서울특별시 광진구 아차산로 375(크레신타워3차 1층 104호 구의동)
20230053627,서울특별시 광진구 동일로30길 51(1층 화양동)
20230053726,서울특별시 광진구 아차산로41길 22(1층 자양동)
20230054009,서울특별시 광진구 능동로36길 30(2층 능동)
20230054017,서울특별시 광진구 능동로 92(롯데백화점 2층 자양동)
20230054021,서울특별시 광진구 능동로 92(롯데백화점 건대스타시티점 지하1층 자양동)
20230054092,서울특별시 광진구 능동로 92(롯데백화점 지하1층 자양동)
20230054221,서울특별시 광진구 면목로 190(1층 중곡동)
20230057315,서울특별시 동대문구 이문로 200(1층 이문동)
20230057356,"서울특별시 동대문구 왕산로 214(청량리역,롯데백화점 4층 401호 전농동)"
20230057737,"서울특별시 동대문구 전농로 222(201호 전농동, 씨티빌라트)"
20230057826,서울특별시 동대문구 전농로 118(1층 전농동)
20230057832,"서울특별시 동대문구 왕산로 214(청량리역,롯데백화점 1층 전농동)"
20230057838,"서울특별시 동대문구 왕산로 214(청량리역,롯데백화점 지하2층 전농동)"
20230057991,서울특별시 동대문구 제기로38길 13(1층 청량리동)
20230058056,서울특별시 동대문구 전농로16길 20(1층 전농동)
20230058203,"서울특별시 동대문구 고산자로32길 78(1층 121~127호 용두동, 청량리역한양수자인그라시엘)"
20230062119,서울특별시 중랑구 양원역로 82(1층 101호 망우동)
20230062124,"서울특별시 중랑구 망우로74길 7(1층 109호 망우동, 세움삼익플라주)"
20230062296,서울특별시 중랑구 양원역로10길 25(1층 104호 망우동)
20230062302,서울특별시 중랑구 중랑천로 43-1(왼쪽  1층 면목동)
20230062814,서울특별시 중랑구 면목로 370(1층 면목동)
20230063032,서울특별시 중랑구 면목로 485(1층 상봉동)
20230067009,"서울특별시 성북구 성북로4길 52(스포츠센타동 5105호 돈암동, 한신한진아파트)"
20230067021,서울특별시 성북구 보문로17길 29(1층 101호 보문동6가)
20230067371,"서울특별시 성북구 돌곶이로40길 46(제상가1동 지하1층 제3호 장위동, 꿈의숲 아이파크)"
20230067384,서울특별시 성북구 동소문로 315(현대백화점미아점 지상9층 길음동)
20230067415,서울특별시 성북구 돌곶이로14길 35(지상1층 석관동)
20230067817,서울특별시 성북구 동소문로 315(현대백화점미아점 지하1층 길음동)
20230067835,서울특별시 성북구 동소문로 315(현대백화점미아점 지하1층 길음동)
20230068334,서울특별시 성북구 장월로1가길 6(1층 102호 상월곡동)
20230071121,서울특별시 강북구 삼양로19길 55(미아동)
20230071497,서울특별시 강북구 덕릉로 104(뉴그린오피스텔 1층 102호 미아동)
20230071626,서울특별시 강북구 덕릉로 66(1층 수유동)
20230071817,"서울특별시 강북구 도봉로 313(효성 인텔리안 오피스텔 1층 101, 102호 수유동)"
20230071824,서울특별시 강북구 노해로 45(1층 수유동)
20230075035,서울특별시 도봉구 도봉로 684(방학역 모비우스스퀘어 9층 방학동)
20230075069,"서울특별시 도봉구 도봉로110길 49(101,102호 창동, 스타빌)"
20230075676,"서울특별시 도봉구 마들로13길 61(씨드큐브 창동 1층 108-4,108-5호 창동)"
20230079243,서울특별시 노원구 상계로18길 31-7(종합건설회사 1층 상계동)
20230079647,서울특별시 노원구 동일로 1541(11단지종합상가 2층 202호 상계동)
20230079789,서울특별시 노원구 동일로180길 14(공릉쇼핑센타 1층 16호 공릉동)
20230080000,서울특별시 노원구 동일로197길 11(공삼빌딩 1층 102호 공릉동)
20230080053,서울특별시 노원구 동일로 1414(롯데백화점 9층 상계동)
20230084151,"서울특별시 은평구 통일로 767(1층 107호 대조동, 베르디움STAY1)"
20230084177,서울특별시 은평구 통일로 1050(롯데몰 은평점 4층 34호 진관동)
20230084346,서울특별시 은평구 통일로87길 17-9(1층 갈현동)
20230084505,서울특별시 은평구 통일로 869(서연빌딩 1층 갈현동)
20230084869,"서울특별시 은평구 불광로 122-10(제상가동 제지3층 108-2호 불광동, 북한산현대힐스테이트3차아파트)"
20230088374,"서울특별시 서대문구 충정로7길 9(110호 충정로3가, 미동아파트)"
20230088428,"서울특별시 서대문구 수색로2길 39(110-4호, 113호 남가좌동, DMC금호리첸시아)"
20230088459,서울특별시 서대문구 가재울미래로 15(더아무르 A동 1층 101호 남가좌동)
20230088556,서울특별시 서대문구 이화여대7길 7(101호 대현동)
20230088795,서울특별시 서대문구 신촌로 83(현대백화점신촌점 지하1층 일부호 창천동)
20230088992,서울특별시 서대문구 연세로 50(연세대학교 동문회관 지하1층 B101A호 신촌동)
20230089200,서울특별시 서대문구 연세로 28(1~4층 창천동)
20230089215,서울특별시 서대문구 충정로 70(웨스트게이트타워 1~2층 미근동)
20230092421,서울특별시 마포구 와우산로15길 33(202호 서교동)
20230092561,서울특별시 마포구 양화로 19(합정오피스빌딩 지하1층 B103호 합정동)
20230093317,"서울특별시 마포구 백범로 152(101동 1층 1호 공덕동, 공덕파크자이)"
20230093627,서울특별시 마포구 양화로 176(동교동 스타피카소 3층 동교동)
20230093894,서울특별시 마포구 와우산로21길 20(1층 중앙호 서교동)
20230094245,"서울특별시 마포구 토정로 195(지하1층, 지상1층 구수동)"
20230094323,"서울특별시 마포구 매봉산로2길 7(1층 일부, 2층 상암동)"
20230094362,서울특별시 마포구 와우산로21길 36-3(태윤빌딩 2~4층 서교동)
20230094600,서울특별시 마포구 마포대로 144(마포T타운 지1층 일부호 공덕동)
20230097054,서울특별시 양천구 목동로23길 1(1층 신정동)
20230097935,"서울특별시 양천구 목동동로 257(지하2층 목동, 현대하이페리온)"
20230098151,서울특별시 양천구 목동서로 161(PARK161-102호 목동)
20230098280,"서울특별시 양천구 목동동로 257(6층 목동, 현대하이페리온)"
20230098380,"서울특별시 양천구 오목로 300(112,113,120호 목동, 현대하이페리온2)"
20230098564,서울특별시 양천구 공항대로 564(1층 3호 목동)
20230101396,서울특별시 강서구 강서로33길 19(강서포스텔 1층 101일부호 화곡동)
20230101402,"서울특별시 강서구 하늘길 38(김포공항, 롯데몰, 스카이시티 GF층 방화동)"
20230101572,서울특별시 강서구 마곡중앙6로 45(리더스퀘어마곡 1층 114호 마곡동)
20230101732,서울특별시 강서구 마곡중앙로 161-11(힐스테이트에코마곡나루역라마다앙코르서울 A-127호 마곡동)
20230101817,서울특별시 강서구 공항대로 519(신성빌딩 1층 101호 등촌동)
20230102027,서울특별시 강서구 마곡서로 168(마곡럭스나인오피스텔엘동 1층 108호 마곡동)
20230102377,"서울특별시 강서구 공항대로 103(판매시설2동 1층 109호 마곡동, 마곡 엠밸리 9단지)"
20230102405,서울특별시 강서구 양천로 583(우림블루나인비즈니스센터 지하1층 B120호 염창동)
20230102425,"서울특별시 강서구 하늘길 38(김포공항, 롯데몰, 스카이시티 B2층 방화동)"
20230102794,"서울특별시 강서구 등촌로 229(1층 109호, 2층 일부호 등촌동)"
20230102848,"서울특별시 강서구 양천로18길 27(103동 상가 102호 방화동, 삼성꽃마을아파트)"
20230103108,"서울특별시 강서구 강서로52길 42(1층 102호 내발산동, 순봉상가아파트)"
20230106003,"서울특별시 구로구 경인로43길 49(2층 D-203MD-F02-008,009,010호 고척동, 고척아이파크)"
20230106023,"서울특별시 구로구 경인로43길 49(2층 D-202MD-F02-004,005-001호 고척동, 고척아이파크)"
20230106106,"서울특별시 구로구 경인로43길 49(1층 A-102호MA-F01-016-001호 고척동, 고척아이파크)"
20230106773,서울특별시 구로구 구로중앙로 152(NC백화점 지하1층 구로동)
20230106984,서울특별시 구로구 가마산로12가길 1(1층 구로동)
20230107218,서울특별시 구로구 경인로35길 131-25(1층 고척동)
20230107355,서울특별시 구로구 경인로 625(힐스테이트 신도림역 센트럴 1층 113호 신도림동)
20230107424,"서울특별시 구로구 오리로 1310(1층 101호 궁동, 엠케이빌딩)"
20230107472,서울특별시 구로구 경서로 6(1층 117호 고척동)
20230107481,서울특별시 구로구 구로중앙로 82(1층 구로동)
20230107595,서울특별시 구로구 경인로47길 14(1층 고척동)
20230107608,서울특별시 구로구 구로중앙로 152(NC백화점 지하1층 구로동)
20230111439,서울특별시 금천구 가산로 146(1층 가산동)
20230111509,서울특별시 금천구 디지털로9길 68(대륭포스트타워 5차 지상1층 119 일부호 가산동)
20230111676,서울특별시 금천구 디지털로10길 9(현대시티아울렛 가산점 지상6층 가산동)
20230114088,"서울특별시 영등포구 도신로 218(한울빌딩 1층 101호, 102호 신길동)"
20230114150,서울특별시 영등포구 여의대로 128(동관3층 여의도동)
20230114460,서울특별시 영등포구 시흥대로 675(삼성YJ그랜드빌딩 본관동 1층 101호 대림동)
20230114531,"서울특별시 영등포구 도림로 456(101동 1층 상가105호 문래동3가, 문래우정아파트)"
20230114673,서울특별시 영등포구 영중로 15(타임스퀘어 103-9호 영등포동4가)
20230114688,"서울특별시 영등포구 국회대로74길 20(맨하탄21리빙텔 지하1층 비106-2호, 비107호 여의도동)"
20230114733,"서울특별시 영등포구 국회대로 800(여의도파라곤 지하1층 비105, 비106호 여의도동)"
20230114886,"서울특별시 영등포구 국회대로50길 20(상가동 1층 115 일부호 영등포동7가, 포레나 영등포 센트럴)"
20230115035,"서울특별시 영등포구 국제금융로8길 31(SK증권빌딩 1층 105호, 106호 여의도동)"
20230115101,서울특별시 영등포구 여의대로 108(더현대서울 6층 여의도동)
20230115227,"서울특별시 영등포구 영등포로 150(생각공장 당산 1층 A108호, A109호, A110호, A111호 당산동1가)"
20230115259,서울특별시 영등포구 영중로 15(타임스퀘어 지하1층 영등포동4가)
20230115300,서울특별시 영등포구 당산로31길 20(2호 당산동3가)
20230115695,서울특별시 영등포구 여의대로 108(파크원 지하1층 여의도동)
20230115703,서울특별시 영등포구 영중로 9(패션관9층신세계타임스퀘어 영등포동4가)
20230115738,서울특별시 영등포구 선유로 146(이앤씨드림타워 1층 103호 양평동3가)
20230115750,서울특별시 영등포구 국제금융로 10(서울 국제금융 센터 L3층 여의도동)
20230115776,서울특별시 영등포구 국제금융로 10(서울국제금융센터 몰 지하3층 여의도동)
20230115811,서울특별시 영등포구 국제금융로 10(IFC몰 L3층 여의도동)
20230115895,서울특별시 영등포구 여의대로 108(더현대서울 지상6층 여의도동)
20230116015,서울특별시 영등포구 디지털로 453(1층 대림동)
20230116017,서울특별시 영등포구 여의대로 108(더현대서울 4층 여의도동)
20230116200,"서울특별시 영등포구 당산로 42(홈플러스 2층 X9,YG호 문래동3가)"
20230116227,서울특별시 영등포구 국제금융로 39(지상2층 203~205호 여의도동)
20230116327,서울특별시 영등포구 영중로 15(타임스퀘어 3층 304-9호 영등포동4가)
20230116334,"서울특별시 영등포구 국제금융로 39(브라이튼여의도 판매시설 지하1층 111,112호 여의도동)"
20230116389,서울특별시 영등포구 여의대방로43길 6-1(1층 신길동)
20230116516,서울특별시 영등포구 당산로26길 3(1층 당산동3가)
20230120025,서울특별시 동작구 만양로14길 37(1층 노량진동)
20230120292,"서울특별시 동작구 보라매로5가길 16(2층 202, 202-3호 신대방동, 보라매아카데미타워)"
20230120368,서울특별시 동작구 상도로 121(영진빌딩 1층 101호 상도동)
20230120513,서울특별시 동작구 흑석로 5(1층 상도1동)
20230120535,서울특별시 동작구 사당로 2(1층 상도동)
20230120708,서울특별시 동작구 성대로1길 18(1층 상도동)
20230124088,서울특별시 관악구 관악로14길 87(2층 201호 봉천동)
20230124737,서울특별시 관악구 봉천로 209(롯데백화점 지하2층 봉천동)
20230124843,서울특별시 관악구 남부순환로 1702(1층 봉천동)
20230124963,서울특별시 관악구 은천로 25(정암빌딩 104호 봉천동)
20230124966,서울특별시 관악구 봉천로 323(칸타빌레 101호 봉천동)
20230125161,서울특별시 관악구 솔밭로 11-1(봉천동)
20230125192,서울특별시 관악구 미성3길 21(101호 신림동)
20230125368,서울특별시 관악구 보라매로 51(1층 1호 봉천동)
20230125477,서울특별시 관악구 남부순환로176길 20(2층 신림동)
20230125497,서울특별시 관악구 인헌9길 13(1층 봉천동)
20230129112,"서울특별시 서초구 방배로 104(102호,103호 방배동)"
20230129139,서울특별시 서초구 서초대로53길 8(1층 서초동)
20230129176,"서울특별시 서초구 바우뫼로7길 13(한일프라자 101호,102호 우면동)"
20230129294,서울특별시 서초구 반포대로21길 17(지하1층 101호 서초동)
20230129583,서울특별시 서초구 신반포로 176(신세계백화점 11층 반포동)
20230129751,서울특별시 서초구 효령로36길 8(1층 일부 방배동)
20230129797,서울특별시 서초구 서초중앙로24길 55(제1층 111호 서초동)
20230130009,서울특별시 서초구 반포대로14길 58(1층 102호 서초동)
20230130081,서울특별시 서초구 동광로11길 59(101호 방배동)
20230130324,서울특별시 서초구 강남대로 503(청하빌딩 1층 반포동)
20230130341,"서울특별시 서초구 동작대로 108(103호 방배동, 디오슈페리움2)"
20230130391,서울특별시 서초구 방배로 87(2층 2호 방배동)
20230130555,서울특별시 서초구 청계산로 10(농협하나로클럽 양재점 1층 양재동)
20230130705,"서울특별시 서초구 강남대로 421(삼영빌딩 1층,2층 서초동)"
20230130735,서울특별시 서초구 효령로68길 74(1층 서초동)
20230130792,서울특별시 서초구 사임당로 80(URBANTREE어반트리 지하1층 101호 서초동)
20230130836,서울특별시 서초구 남부순환로 2567(2층 서초동)
20230131120,서울특별시 서초구 태봉로 68(우면프라자Ⅱ 1층 104호 우면동)
20230131201,서울특별시 서초구 강남대로69길 8(케이아이타워K I타워 2층 서초동)
20230131322,서울특별시 서초구 서초중앙로 99(서교빌딩 1층 서초동)
20230131612,"서울특별시 서초구 반포대로 58(상가 1층 128호, 129호 서초동, 서초아트자이)"
20230137080,서울특별시 강남구 선릉로72길 34(지상1층 대치동)
20230137099,서울특별시 강남구 강남대로 456(한석타워 지상2층 202호 역삼동)
20230137132,서울특별시 강남구 언주로69길 17(지하1층 B101호 중 B01호 역삼동)
20230137271,서울특별시 강남구 남부순환로359길 4(지상1층 도곡동)
20230137538,서울특별시 강남구 개포로128길 33(지상1층 102호 일원동)
20230137542,서울특별시 강남구 테헤란로1길 32(지상2층 1호 역삼동)
20230137553,서울특별시 강남구 영동대로 513(코엑스 지하1층 에이치120호 삼성동)
20230137637,서울특별시 강남구 논현로85길 52(역삼 푸르지오 시티 지상1층 103호 역삼동)
20230137779,서울특별시 강남구 논현로 508(GS강남타워 지하1층 역삼동)
20230137786,서울특별시 강남구 테헤란로 124(삼원타워 지하1층 B135호 역삼동)
20230137966,서울특별시 강남구 논현로175길 61(지상2층 신사동)
20230138144,서울특별시 강남구 압구정로 162(베네하임시티 지상1층 110호 신사동)
20230138152,서울특별시 강남구 영동대로 513(코엑스 지하1층 Ⅰ104호 삼성동)
20230138322,서울특별시 강남구 삼성로 231(금마빌딩 지상1층 102호 대치동)
20230138338,서울특별시 송파구 올림픽로 240(롯데백화점 잠실점 11층 잠실동)
20230138396,서울특별시 강남구 테헤란로21길 25(태림빌딩 지상1층 역삼동)
20230138513,서울특별시 강남구 도산대로51길 37(지상1층 3호 신사동)
20230138640,"서울특별시 강남구 봉은사로 333(지상1층 101호,102호일부호 논현동, 선정릉역 모아엘가 퍼스트 홈)"
20230138664,서울특별시 강남구 강남대로 382(메리츠타워 지하1층 역삼동)
20230138721,서울특별시 강남구 테헤란로57길 17(엠스빌딩 지상1층 역삼동)
20230138737,서울특별시 강남구 봉은사로 130(노보텔 앰배서더 강남 서울 지하2층 역삼동)
20230138908,서울특별시 강남구 테헤란로 312(비젼타워 지하1층 역삼동)
20230138909,서울특별시 강남구 테헤란로 510(루첸타워 지상1층 대치동)
20230138911,서울특별시 강남구 테헤란로87길 36(도심공항타워 지상1층 101호 삼성동)
20230138918,서울특별시 강남구 선릉로131길 21(지상1층 논현동)
20230138969,서울특별시 강남구 영동대로 513(코엑스 지하1층 H123B호 삼성동)
20230139021,서울특별시 강남구 언주로 615(논현 아이파크 103동 지하1층 B126호 논현동)
20230139038,서울특별시 강남구 선릉로145길 12(지상2층 논현동)
20230139044,서울특별시 강남구 논현로87길 41(신일유토빌 지상1층 110-1호 역삼동)
20230139131,서울특별시 강남구 테헤란로 231(센터필드 지하1층 EG06호 역삼동)
20230139245,서울특별시 강남구 논현로 734(지상1층 논현동)
20230139247,"서울특별시 강남구 논현로 734(지하2층,지상1층 논현동)"
20230139249,"서울특별시 강남구 도산대로30길 33-1(지상1, 지하1층 논현동)"
20230139251,서울특별시 강남구 압구정로 165(현대백화점본점 지하1층 압구정동)
20230139403,서울특별시 강남구 압구정로 165(현대백화점본점 지하1층 압구정동)
20230139540,서울특별시 강남구 언주로30길 39(린스퀘어 지하1층 도곡동)
20230139576,서울특별시 강남구 논현로175길 6(지상1층 105호 신사동)
20230139923,"서울특별시 강남구 논현로175길 40(지상1층 102호,104호 신사동)"
20230139925,서울특별시 강남구 선릉로91길 18(동현빌딩 지상2층 역삼동)
20230140168,"서울특별시 강남구 학동로 338(지하1층 SB112호 논현동, 강남파라곤)"
20230140196,서울특별시 강남구 언주로30길 39(린스퀘어 지하1층 도곡동)
20230140201,서울특별시 강남구 논현로 742(지상1층 논현동)
20230140249,서울특별시 강남구 도산대로53길 14(2층 신사동)
20230140250,서울특별시 강남구 압구정로 407(갤러리아백화점명품관 지상3층 압구정동)
20230140286,서울특별시 강남구 남부순환로351길 8(지상1층 도곡동)
20230140314,서울특별시 강남구 도산대로 134(지상1층 논현동)
20230140414,서울특별시 강남구 영동대로 513(코엑스 지하1층 H103A호 삼성동)
20230140469,서울특별시 강남구 언주로174길 13(지상1층 신사동)
20230140537,서울특별시 강남구 테헤란로 124(삼원타워 지하1층 B135호 역삼동)
20230140609,"서울특별시 강남구 학동로 215(지상1층 105호,106호 논현동)"
20230140636,서울특별시 강남구 강남대로78길 12(예미프레스티지 지상1층 101호 중 102호 역삼동)
20230140727,서울특별시 강남구 언주로168길 19(지하1층 신사동)
20230140927,서울특별시 강남구 삼성로 352(창진빌딩 1층 101~103호 대치동)
20230140969,서울특별시 강남구 테헤란로27길 22(주원빌딩 지상2층 역삼동)
20230140984,"서울특별시 강남구 언주로 604(근린생활시설동 지하1층 102호 논현동, ACROHILLS논현)"
20230141092,"서울특별시 강남구 테헤란로 521(파르나스타워 지하1층 F-9,10호 삼성동)"
20230141176,서울특별시 강남구 논현로 201(지상1층 도곡동)
20230141267,서울특별시 강남구 논현로72길 12(지상1층 역삼동)
20230141382,서울특별시 강남구 봉은사로74길 19(대성 지상1층 102호 삼성동)
20230141483,"서울특별시 강남구 언주로30길 57(상가동 지하1층 도곡동, 타워팰리스)"
20230141494,서울특별시 강남구 선릉로86길 5-4(우영빌딩 지상1층 2호 대치동)
20230141515,"서울특별시 강남구 언주로30길 57(상가동 지하1층 도곡동, 타워팰리스)"
20230141534,"서울특별시 강남구 테헤란로 327(빅토리아오피스텔 지상1층,2층 201호 역삼동)"
20230141549,"서울특별시 강남구 선릉로 328(지상1층 6호,7호 대치동)"
20230141606,"서울특별시 강남구 학동로50길 13(지상1층,지상2층 논현동)"
20230141629,"서울특별시 강남구 언주로30길 57(상가동 지하1층 도곡동, 타워팰리스)"
20230141715,"서울특별시 강남구 도산대로100길 13(지상1층, 2층 청담동)"
20230147269,서울특별시 송파구 올림픽로 240(롯데월드 WC-1F-08호 잠실동)
20230147375,서울특별시 송파구 올림픽로 240(롯데월드 롯데백화점 B1층 잠실동)
20230147578,서울특별시 송파구 올림픽로 240(롯데월드 어드벤처 1층 잠실동)
20230147592,"서울특별시 송파구 동남로 202(광성빌딩 2층 201,203호 가락동)"
20230147758,서울특별시 송파구 올림픽로 240(롯데월드 매직아일랜드 1층 잠실동)
20230147772,서울특별시 송파구 가락로 56(1층 석촌동)
20230147914,"서울특별시 송파구 올림픽로 269(지하 1층 신천동, 롯데캐슬골드)"
20230147915,서울특별시 송파구 올림픽로 240(롯데월드 어드벤처동 AD-B1F-02호 잠실동)
20230147942,서울특별시 송파구 올림픽로 300(롯데월드타워앤드롯데월드몰 4층 신천동)
20230148140,서울특별시 송파구 법원로 127(문정대명벨리온 115호 문정동)
20230148214,서울특별시 송파구 올림픽로 240(롯데월드 지하1층 잠실동)
20230148226,서울특별시 송파구 올림픽로 240(롯데백화점 잠실점 3층 잠실동)
20230148338,서울특별시 송파구 마천로 264(흥일빌딩 1층 거여동)
20230148452,서울특별시 송파구 올림픽로 300(롯데월드타워앤드롯데월드몰 1층 신천동)
20230148520,서울특별시 송파구 삼전로9길 19(거북이빌딩 1층 잠실동)
20230148629,서울특별시 송파구 올림픽로 240(롯데월드 어드벤처동 지하1층 AD-B1F-01호 잠실동)
20230148760,서울특별시 송파구 올림픽로 300(롯데월드타워앤드롯데월드몰 1층 신천동)
20230148788,"서울특별시 송파구 올림픽로35가길 9(1층 106호 신천동, 잠실 푸르지오 월드마크)"
20230148848,서울특별시 송파구 올림픽로 300(롯데월드타워앤드롯데월드몰 3층 신천동)
20230148872,서울특별시 송파구 올림픽로 300(롯데월드타워앤드롯데월드몰 지하1층 신천동)
20230148889,서울특별시 송파구 올림픽로 300(롯데월드타워앤드롯데월드몰 지하1층 신천동)
20230148973,서울특별시 송파구 백제고분로7길 52-29(1층 잠실동)
20230149000,서울특별시 송파구 가락로 183(한양아파트상가 1층 13호 송파동)
20230149006,서울특별시 송파구 올림픽로 300(롯데월드타워앤드롯데월드몰 6층 신천동)
20230149037,서울특별시 송파구 올림픽로 240(롯데백화점 잠실점 지하1층 잠실동)
20230149062,"서울특별시 송파구 올림픽로35길 112(장미아파트 B상가1동 104,105호 신천동)"
20230149134,서울특별시 송파구 양재대로 932(가락동 농수산물도매시장내 가락몰4관 지하1층 78-1호 가락동)
20230149238,서울특별시 송파구 백제고분로19길 27(송원빌딩 1층 잠실동)
20230149298,서울특별시 송파구 올림픽로 300(에비뉴엘 월드타워 6층 신천동)
20230149332,"서울특별시 송파구 위례광장로 230(2동 1층 제비-113호 장지동, 위례2차아이파크)"
20230149513,서울특별시 송파구 올림픽로 300(롯데월드몰 5층 신천동)
20230149660,"서울특별시 송파구 올림픽로 269(롯데캐슬플라자 지1층 B-39-1호 신천동, 롯데캐슬골드)"
20230149714,서울특별시 송파구 새말로10길 8(1층 101호 문정동)
20230149743,서울특별시 송파구 올림픽로 300(롯데월드타워앤드롯데월드몰 6층 신천동)
20230149802,서울특별시 송파구 올림픽로 300(롯데월드타워앤드롯데월드몰 지하1층 신천동)
20230154056,"서울특별시 강동구 강동대로 187(1층 101호 성내동, 파크비유캐슬)"
20230154228,서울특별시 강동구 상암로61길 32(1층 명일동)
20230154359,서울특별시 강동구 천호대로157길 26(2층 1호 천호동)
20230154360,서울특별시 강동구 천호대로157길 26(2층 2호 천호동)
20230154527,서울특별시 강동구 상암로 183(2층 천호동)
20230154615,서울특별시 강동구 올림픽로70길 34(현대홈쇼핑 지1층 천호동)
20230154667,서울특별시 강동구 천호대로 1005(현대백화점 지2층 천호동)
20230154913,서울특별시 강동구 올림픽로 769(삼정빌딩 2층 암사동)
20230155240,서울특별시 강동구 아리수로93나길 38(아이메디컬 1층 105호 강일동)
20230162040,부산광역시 중구 중앙대로 2(롯데백화점광복점 지상10층 중앙동7가)
20230162082,부산광역시 중구 중앙대로42번길 3(1층 중앙동5가)
20230162120,부산광역시 중구 중앙대로 2(롯데백화점광복점 지하1층 중앙동7가)
20230162383,부산광역시 중구 중앙대로 2(롯데백화점광복점 아쿠아몰 4층 중앙동7가)
20230162441,"부산광역시 중구 구덕로 52-1(101,102,201호 남포동5가)"
20230165159,부산광역시 서구 등대로 27(힐스테이트이진베이시티아파트 호텔동 4층 일부호 암남동)
20230165246,부산광역시 서구 등대로 27(힐스테이트이진베이시티아파트 호텔동 6층 일부호 암남동)
20230167062,"부산광역시 동구 홍곡로 50(근린생활시설-2동 1층 204호 초량동, e편한세상 부산항)"
20230167270,부산광역시 동구 중앙대로196번길 10(부산역라마다앙코르호텔 201호 초량동)
20230167330,부산광역시 동구 중앙대로 206(한국철도공사부산지역본부 1층 초량동)
20230169032,부산광역시 영도구 봉래나루로 214(봉래동2가)
20230169208,부산광역시 영도구 태종로773번길 25(1층 동삼동)
20230169216,"부산광역시 영도구 동삼오션로 30(166호 동삼동, 부산 오션시티 푸르지오)"
20230169278,부산광역시 영도구 동삼오션로 30(161호 동삼동)
20230171024,"부산광역시 부산진구 가야대로 538(상가1동 102호 가야동, 가야롯데캐슬골드아너)"
20230171076,부산광역시 부산진구 가야대로 772(9층 부전동)
20230171602,부산광역시 부산진구 서전로9번길 20(1층 102호 부전동)
20230171610,부산광역시 부산진구 전포대로255번길 43-8(1층 일부 전포동)
20230171687,부산광역시 부산진구 가야대로 772(롯데백화점부산본점 9층 부전동)
20230171729,부산광역시 부산진구 중앙대로979번길 6(뉴하이엘오피스텔 1층 102호 양정동)
20230171776,부산광역시 부산진구 가야대로 772(롯데백화점부산본점 9층 부전동)
20230171802,"부산광역시 부산진구 가야대로 538(상가1동 지하1층 104호 가야동, 가야 롯데캐슬 골드아너)"
20230171863,부산광역시 부산진구 가야대로 772(롯데백화점부산본점 9층 부전동)
20230171947,부산광역시 부산진구 가야대로 772(롯데백화점부산본점 9층 부전동)
20230171995,부산광역시 부산진구 가야대로 772(롯데백화점부산본점 지하2층 부전동)
20230172006,부산광역시 부산진구 중앙대로 903(1층 양정동)
20230175191,부산광역시 동래구 사직로 45(사직야구장 3층 C6-1호 사직동)
20230175229,부산광역시 동래구 사직로 45(사직야구장 2층 C2호 사직동)
20230175270,부산광역시 동래구 명륜로129번가길 9(2층 명륜동)
20230175332,부산광역시 동래구 명륜로 197(1층 명륜동)
20230175358,부산광역시 동래구 충렬대로348번길 23(설봉빌딩 낙민동)
20230175469,부산광역시 동래구 동래시장길 37-1(1층 일부호 복천동)
20230175670,"부산광역시 동래구 명륜로 222(지하3층 A-307호 명륜동, 명륜동 힐스테이트)"
20230175674,부산광역시 동래구 충렬대로 152(HMC오네뜨메디컬센터 1층 103호 온천동)
20230175686,부산광역시 동래구 사직북로19번길 10(1층 사직동)
20230175714,"부산광역시 동래구 중앙대로1367번길 53(세현상가B동 1층 104,105호 온천동)"
20230175795,부산광역시 동래구 사직북로19번길 45(1층 사직동)
20230179233,"부산광역시 남구 신선로 566(401동 1층 110호 용호동, GS하이츠자이)"
20230179304,"부산광역시 남구 동명로 123(1층 104호 용호동, 삼신스타빌라)"
20230182374,부산광역시 북구 금곡대로 460(OS타워 1층 금곡동)
20230182385,부산광역시 북구 백양대로 1004(1층 구포동)
20230182450,부산광역시 북구 만덕대로16번길 15(2층 덕천동)
20230182478,부산광역시 북구 만덕대로40번길 57(1층 덕천동)
20230182483,"부산광역시 북구 만덕대로16번길 8(1,2층 덕천동)"
20230185208,"부산광역시 해운대구 세실로 30(2층 202호 좌동, 경동지플러스)"
20230185305,부산광역시 해운대구 센텀4로 15(센텀시티 몰 1층 일부호 우동)
20230185360,부산광역시 해운대구 좌동순환로 395(1층 105~108호 중동)
20230185520,부산광역시 해운대구 센텀남대로 35(신세계백화점센텀시티점 2층 일부호 우동)
20230185557,부산광역시 해운대구 센텀남대로 59(롯데백화점센텀시티점 지하1층 우동)
20230185722,부산광역시 해운대구 해운대해변로 277(다옴빌딩 3층 중동)
20230185802,부산광역시 해운대구 대천로106번길 29(1층 일부호 좌동)
20230185807,부산광역시 해운대구 구남로29번길 35(1층 일부호 중동)
20230185898,부산광역시 해운대구 센텀남대로 35(신세계백화점센텀시티점 지하1층 일부호 우동)
20230185899,부산광역시 해운대구 좌동로91번길 25(2층 좌동)
20230186045,부산광역시 해운대구 세실로27번길 23(샤인빌딩 2층 201호 일부호 좌동)
20230186103,부산광역시 해운대구 센텀남대로 59(롯데백화점센텀시티점 지하1층 우동)
20230186176,부산광역시 해운대구 해운대로383번길 37(1층 일부호 우동)
20230186197,"부산광역시 해운대구 좌동순환로 411(지하2층 1호중 일부호 중동, 삼성타워)"
20230186801,부산광역시 해운대구 해운대로61번길 27(1층 일부호 재송동)
20230186802,부산광역시 해운대구 재반로 146-19(지하1층 일부호 재송동)
20230186820,"부산광역시 해운대구 좌동순환로217번길 7(상가동 1층 103호 좌동, 동신아파트)"
20230186873,부산광역시 해운대구 마린시티3로 23(벽산이오렌지프라자 201~203호 우동)
20230189304,부산광역시 사하구 윤공단로14번길 60(1층 다대동)
20230189376,부산광역시 사하구 다대로 553(2층 다대동)
20230189388,부산광역시 사하구 다대로 262(1층 장림동)
20230189471,"부산광역시 사하구 하신중앙로 121(1,2층 신평동)"
20230189479,부산광역시 사하구 낙동대로 247(2층 괴정동)
20230189562,부산광역시 사하구 동매로 66(1층 하단동)
20230189603,부산광역시 사하구 장림번영로 97(6층 608호 장림동)
20230189616,부산광역시 사하구 장평로 113(1층 장림동)
20230189656,부산광역시 사하구 사하로 190(5층 괴정동)
20230193026,부산광역시 금정구 금샘로 319(1층 구서동)
20230193521,"부산광역시 금정구 수림로61번길 61(103호 장전동, 화성빌라트)"
20230193651,부산광역시 금정구 부산대학로38번길 66(청수원룸 1층 장전동)
20230196236,부산광역시 강서구 명지국제2로28번길 23(3동 1층 102호 명지동)
20230196303,부산광역시 강서구 신호이로49번길 9(101호 신호동)
20230196366,부산광역시 강서구 명지국제6로 168(스타필드 시티 명지점 3307호 명지동)
20230196455,부산광역시 강서구 명지국제8로 254(시온플라자 1층 106호 명지동)
20230196490,"부산광역시 강서구 명지국제2로 41(판매시설동 109호 명지동, 더샵 명지퍼스트월드 3단지)"
20230196589,부산광역시 강서구 명지국제6로 168(스타필드 시티 명지점 3층 3306호 명지동)
20230196676,부산광역시 강서구 명지국제6로 168(스타필드 시티 명지점 1층 1142호 명지동)
20230196722,부산광역시 강서구 공항진입로 108(김해공항 국제선 격리 3층 대저2동)
20230196732,부산광역시 강서구 명지오션시티8로16번길 16(1층 명지동)
20230196735,부산광역시 강서구 명지국제6로 168(스타필드 시티 명지점 3308호 명지동)
20230198002,부산광역시 연제구 연수로 89(신세계연제점E마트 1층 연산동)
20230198090,부산광역시 연제구 거제천로 82(1층 117호 연산동)
20230198148,"부산광역시 연제구 과정로 162(1층 101호 연산동, 리치W 아파트)"
20230198256,부산광역시 연제구 세병로 21(1층 일부호 연산동)
20230198371,"부산광역시 연제구 봉수로 2(121동 103호 일부호 연산동, 힐스테이트연산 1단지)"
20230198437,"부산광역시 연제구 법원북로 93(상가동 106호 거제동, 거제센트럴자이)"
20230201068,부산광역시 수영구 망미로22번길 24(1층 망미동)
20230201132,부산광역시 수영구 과정로 54(1층 망미동)
20230201278,부산광역시 수영구 남천동로9번길 58(1층 남천동)
20230201479,"부산광역시 수영구 호암로29번길 50(303동 지하1층 112호 광안동, 광안자이)"
20230204102,부산광역시 사상구 삼덕로89번길 19(1층 덕포동)
20230204564,부산광역시 사상구 사상로 312(1층 덕포동)
20230207009,부산광역시 기장군 장안읍 해맞이로 367(1층)
20230207132,부산광역시 기장군 일광읍 해빛6로 85-9(102호)
20230207154,부산광역시 기장군 기장읍 기장해안로 147(동부산롯데몰 동경규동 3층)
20230207161,부산광역시 기장군 정관읍 정관로 489(제일프라자 106호)
20230207165,부산광역시 기장군 기장읍 반송로 1635(1층)
20230207233,부산광역시 기장군 정관읍 정관로 574(101호)
20230207289,부산광역시 기장군 기장읍 기장해안로 147(롯데몰 동부산점 D동 307호)
20230207381,부산광역시 기장군 기장읍 대변로 43-1(부산청강 행복주택)
20230207429,부산광역시 기장군 장안읍 반룡산단로 18(1층)
20230207469,부산광역시 기장군 기장읍 기장해안로 267-7(1층)
20230207471,부산광역시 기장군 기장읍 기장해안로 267-7(1층)
20230207472,부산광역시 기장군 기장읍 기장해안로 267-17(1층)
20230207476,부산광역시 기장군 기장읍 기장해안로 267-7(클리퍼C동 1층)
20230207486,부산광역시 기장군 기장읍 기장해안로 267-17(리테일 1층)
20230207501,부산광역시 기장군 기장읍 기장해안로 267-7(아난티 앳 부산호텔 12층)
20230207502,부산광역시 기장군 기장읍 기장해안로 267-17(엘피크리스탈메인동 2층)
20230207549,부산광역시 기장군 기장읍 기장해안로 268-32(힐튼부산 H동 1층)
20230207568,부산광역시 기장군 기장읍 기장해안로 147(롯데몰 동부산점 3층)
20230207569,부산광역시 기장군 기장읍 기장해안로 147(롯데몰 동부산점 3층)
20230207681,부산광역시 기장군 기장읍 기장해안로 267-7(클리퍼D동 1층)
20230207682,부산광역시 기장군 기장읍 기장해안로 267-7(클리퍼A동 1층)
20230207683,부산광역시 기장군 기장읍 기장해안로 267-17(빌라쥬 드 아난티 엘피크리스탈메인동 2층)
20230212168,대구광역시 중구 대봉로 205(1층 대봉동)
20230212777,대구광역시 중구 달성로22길 41(1층 수창동)
20230212892,"대구광역시 남구 대덕로 166(101-1동 1층 103호 봉덕동, 앞산 힐스테이트)"
20230213054,대구광역시 중구 명덕로 327-5(지상 1층 대봉동)
20230215029,대구광역시 동구 동촌로 275(1층 방촌동)
20230215064,대구광역시 동구 반야월로 406(1층 괴전동)
20230215256,"대구광역시 동구 동촌로 169(1층 104호 방촌동, 방촌로하스)"
20230215269,대구광역시 동구 팔공로24길 165(1층 도동)
20230215439,대구광역시 동구 동대구로 574(1층 신암동)
20230215461,대구광역시 동구 동부로 149(신세계동대구복합환승센터 8층 신천동)
20230215494,대구광역시 동구 이노밸리로 11(1층 106호 상매동)
20230215537,대구광역시 동구 효동로2길 47-8(2층 효목동)
20230215611,대구광역시 동구 동부로 149(신세계동대구복합환승센터 지하1층 신천동)
20230215634,대구광역시 동구 안심로 80(롯데쇼핑프라자 1층 율하동)
20230215688,"대구광역시 동구 아양로 53-7(1층 2~3,8~13호 신암동)"
20230215796,"대구광역시 동구 동대구로 590(상가 303동 119호 신암동, 동대구역화성파크드림아파트)"
20230215797,대구광역시 동구 아양로 216(1층 효목동)
20230215973,대구광역시 동구 과학로2길 22(1층 각산동)
20230215987,대구광역시 동구 송라로12길 16(1층 신천동)
20230216035,대구광역시 동구 동호로2길 37-22(1층 동호동)
20230216045,대구광역시 동구 동호로3길 3(1층 동호동)
20230216057,대구광역시 동구 팔공로 96-2(1층 지저동)
20230216105,대구광역시 동구 동촌로 219(1층 방촌동)
20230216298,대구광역시 동구 이노밸리로 322(대구혁신도시 비젼스퀘어2 1층 141호 신서동)
20230216470,"대구광역시 동구 이노밸리로 168(1층 101,102호 각산동)"
20230216484,대구광역시 동구 율하동로8길 21(1층 율하동)
20230219062,대구광역시 서구 달구벌대로 1783(1층 내당동)
20230219172,대구광역시 서구 서대구로2길 46(1층 내당동)
20230219260,대구광역시 서구 와룡로 527(4층 이현동)
20230219274,대구광역시 서구 국채보상로 151(1층 101호 평리동)
20230219284,대구광역시 서구 달서로6길 12(1층 내당동)
20230219321,대구광역시 서구 평리로 243(1층 중리동)
20230219352,대구광역시 서구 달구벌대로375길 7(1층 내당동)
20230219425,대구광역시 서구 국채보상로50길 3-10(1층 101호 평리동)
20230223233,대구광역시 남구 명덕로 164-1(1층 대명동)
20230223372,"대구광역시 남구 봉덕로21길 53-16(206동 105호 봉덕동, 봉덕한라하우젠트퍼스트아파트)"
20230226031,대구광역시 북구 호국로 807(칠곡경북대학교병원 임상실습동 지하1층 학정동)
20230226076,대구광역시 북구 대학로 79(2층 산격동)
20230226268,대구광역시 북구 옥산로7길 13(1층 노원동1가)
20230226387,대구광역시 북구 도남중앙로7길 2(도남지구 22B-1L 1층 105호 국우동)
20230226419,대구광역시 북구 복현로 74(1층 복현동)
20230226479,대구광역시 북구 침산로 33(1층 고성동2가)
20230226510,대구광역시 북구 칠성로19길 18(1층 칠성동2가)
20230226989,"대구광역시 북구 칠성남로 100(301동 117호 칠성동2가, 대구역한라하우젠트센텀)"
20230227182,대구광역시 북구 동천로 125-15(1층 동천동)
20230227420,대구광역시 북구 태평로 161(롯데백화점 대구역 10층 칠성동2가)
20230227434,대구광역시 북구 대천로17길 10(1층 동천동)
20230233002,대구광역시 수성구 동대구로77길 7(1층 범어동)
20230233040,대구광역시 수성구 알파시티1로42길 11(지하1층 B1-145호 대흥동)
20230233229,대구광역시 수성구 알파시티1로40길 6(2층 대흥동)
20230233309,"대구광역시 수성구 야구전설로 1(대구삼성라이온즈파크 1층 2,3호 연호동)"
20230233310,대구광역시 수성구 야구전설로 1(대구삼성라이온즈파크 3층 6호 연호동)
20230233311,대구광역시 수성구 야구전설로 1(대구삼성라이온즈파크 3층 13호 연호동)
20230233356,대구광역시 수성구 알파시티2로3길 60(1층 시지동)
20230233394,대구광역시 수성구 알파시티1로42길 6(1층 대흥동)
20230233618,대구광역시 수성구 알파시티1로42길 11(1층 106호 대흥동)
20230233684,대구광역시 수성구 수성못2길 21(1층 두산동)
20230233781,대구광역시 수성구 알파시티2로 18(1층 시지동)
20230233804,"대구광역시 수성구 청호로 490(상가동 114호 만촌동, 해링턴플레이스 만촌)"
20230234015,대구광역시 수성구 국채보상로 918(1층 범어동)
20230234025,대구광역시 수성구 파동로 142(1층 파동)
20230234256,대구광역시 수성구 용학로 106-7(제5동 1층 134호 두산동)
20230234289,대구광역시 수성구 동대구로80길 24(3층 범어동)
20230241226,대구광역시 달서구 상원로 193(2층 월성동)
20230241314,대구광역시 달서구 당산로21길 7(1층 감삼동)
20230241460,"대구광역시 달서구 조암남로32길 40(402동 1층 107호 대천동, 월배삼정그린코아포레스트)"
20230241497,"대구광역시 달서구 월배로 80(401동 1층 110호 진천동, 진천역대성스카이렉스아파트)"
20230241570,대구광역시 달서구 선돌로 12(주건축물제1동 1~2층 월암동)
20230241613,대구광역시 달서구 조암남로16길 6(1층 월성동)
20230241716,대구광역시 달서구 중흥로 46-1(1층 송현동)
20230241728,대구광역시 달서구 선원로 36(1층 신당동)
20230241755,"대구광역시 달서구 진천로 77(301동 1층 120-2,121호 진천동, 진천역 계룡 리슈빌)"
20230241836,대구광역시 달서구 갈밭로12길 18(1층 대곡동)
20230241944,"대구광역시 달서구 와룡로 169(판매시설동 1층 103-109,110호 감삼동, 월드마크웨스트엔드)"
20230242016,대구광역시 달서구 조암로 14(휴플러스 1층 104호 월성동)
20230242024,대구광역시 달서구 월배로 232(롯데백화점 대구상인점 지하1층 상인동)
20230242099,대구광역시 달서구 월곡로 294-1(에스앤시티 102동 1층 102호 상인동)
20230242136,대구광역시 달서구 서당로9길 39(1층 신당동)
20230242268,대구광역시 달서구 월배로 232(롯데백화점상인점 7층 상인동)
20230242317,대구광역시 달서구 두류공원로 200(씨앤우방랜드 중앙광장동48 1층 두류동)
20230242447,대구광역시 달서구 진천로18길 21(1층 대천동)
20230242491,대구광역시 달서구 조암로 42(플러스타워 1층 107호 월성동)
20230242520,"대구광역시 달서구 도원로 45(440동 2층 207-1호 도원동, 대곡강산타운)"
20230242687,대구광역시 달서구 상인서로 103-6(리젠트프라자 1층 106호 상인동)
20230242739,대구광역시 달서구 조암남로10길 7(주건축물제1동 1층 월성동)
20230249075,"대구광역시 달성군 유가읍 테크노순환로12길 33(테크노더원 1층 117,118,119,120,121,122호)"
20230249363,대구광역시 달성군 화원읍 화암로 65(1층 104호)
20230249438,대구광역시 달성군 유가읍 테크노상업로 96(1층 105호)
20230249458,대구광역시 달성군 다사읍 대실역남로 22-1(죽곡라온하제 1층 101호)
20230249732,대구광역시 달성군 유가읍 테크노상업로 84(1층 102호)
20230249751,대구광역시 달성군 다사읍 다사로 71(201동 B113호 다사역 금호어울림 센트럴)
20230254261,인천광역시 영종구 공항로 272(인천공항 제1여객터미널 일반동 1층 FB-P3-08호 운서동)
20230254381,인천광역시 영종구 영종해안남로321번길 186(파라다이스시티 플라자 1층 K101-2호 운서동)
20230254417,인천광역시 제물포구 답동로12번길 6-6(신흥동1가)
20230254466,인천광역시 영종구 공항동로2길 45-20(공항경비대본부 1층 운서동)
20230254545,인천광역시 영종구 제2터미널대로 446(인천국제공항 제2여객터미널 면세동 2층 AS동편 운서동)
20230254571,인천광역시 영종구 제2터미널대로 444(제2합동청사 지하1층 운서동)
20230254582,인천광역시 영종구 공항로 272(인천국제공항제1여객터미널 일반동 3층 운서동)
20230254613,인천광역시 영종구 공항로 272(인천국제공항제1여객터미널 면세동 2층 운서동)
20230254639,인천광역시 영종구 공항동로465번길 105-12(동측지원동 1층 운서동)
20230254690,인천광역시 영종구 공항로 272(인천국제공항 제1여객터미널 면세동 2층 운서동)
20230254694,인천광역시 영종구 제2터미널대로 270(T2노선버스관리사무소B 1층 운서동)
20230254716,인천광역시 영종구 흰바위로 51(롯데마트 2층 운서동)
20230254722,"인천광역시 영종구 하늘중앙로 272(305동 B104호 중산동, 영종국제도시 동원로얄듀크 마리나포레)"
20230254725,인천광역시 영종구 공항로 272(인천국제공항제1여객터미널 면세동 3층 운서동)
20230254746,인천광역시 영종구 햇내로안길 22-3(1층 102호 운서동)
20230254749,인천광역시 영종구 공항로 272(인천국제공항제1여객터미널 탑승동 2층 운서동)
20230254830,인천광역시 영종구 공항로 272(인천국제공항 제1여객터미널 일반동 지하1층 LS 서편 운서동)
20230254856,인천광역시 영종구 공항문화로 127(인스파이어 1층 운서동)
20230254863,인천광역시 영종구 공항문화로 127(인스파이어 1층 운서동)
20230254864,인천광역시 영종구 공항문화로 127(인스파이어 1층 운서동)
20230254885,인천광역시 영종구 공항문화로 127(인스파이어 3층 운서동)
20230254886,인천광역시 영종구 공항문화로 127(인스파이어 3층 운서동)
20230254887,인천광역시 영종구 공항문화로 127(인스파이어 3층 운서동)
20230254888,인천광역시 영종구 공항문화로 127(인스파이어 3층 운서동)
20230254889,인천광역시 영종구 공항로 272(인천국제공항 제1여객터미널 탑승동 2층 동편 운서동)
20230254930,인천광역시 영종구 하늘중앙로195번길 23(하늘프라자 1층 105호 중산동)
20230254967,인천광역시 영종구 공항동로296번길 87(사업지원센타 5층 운서동)
20230254970,인천광역시 영종구 공항로 272(인천국제공항 제1여객터미널 일반동 지하1층 LS동편 운서동)
20230257035,인천광역시 제물포구 송림로 16(1층 102호 금곡동)
20230257047,인천광역시 제물포구 샛골로 123(노블리안힐스 상가 101호 송림동)
20230259100,인천광역시 미추홀구 염전로202번길 63(1층 108호 도화동)
20230259132,"인천광역시 미추홀구 경인로 372(201동 지하2층 B2200-a호 주안동, 포레나 미추홀)"
20230259310,인천광역시 미추홀구 경원대로 774(1층 101호 주안동)
20230259485,인천광역시 미추홀구 석정로323번길 42-1(1층 일부호 도화동)
20230259812,인천광역시 미추홀구 용정공원로83번길 49(인하대역 헤리움 메트로 타워 2층 219호 용현동)
20230260231,"인천광역시 미추홀구 경인로 372(201동 1층 1035호 주안동, 포레나 미추홀)"
20230260287,인천광역시 미추홀구 경인로 466(1층 일부호 주안동)
20230260310,인천광역시 미추홀구 매소홀로 482(대림타운 1층 105호 학익동)
20230260412,"인천광역시 미추홀구 연남로 35(인천종합터미널,롯데백화점 지하1층 관교동)"
20230264287,인천광역시 연수구 인천타워대로 257(아트포레푸르지오시티 C동 2층 C-211호 송도동)
20230264342,"인천광역시 연수구 컨벤시아대로 100(601동 1층 121호 송도동, 현대힐스테이트)"
20230264397,"인천광역시 연수구 앵고개로 80(지상1층 102,103,104,105,106,107,108호 동춘동)"
20230264501,인천광역시 연수구 인천타워대로 257(아트포레 2층 B-207호 송도동)
20230264557,인천광역시 연수구 송도과학로 32(송도테크노파크IT센터 A102호 송도동)
20230264621,인천광역시 연수구 청능대로 210(스퀘어원 3층 일부호 동춘동)
20230264712,인천광역시 연수구 아트센터대로168번길 101(송도랜드마크푸르지오시티 1층 129호 송도동)
20230264782,"인천광역시 연수구 신송로 153(더 마란츠 122호,123호 송도동)"
20230264867,인천광역시 연수구 송도과학로16번길 33-2(송도 트리플스트리트 B동 지하3층 302호 송도동)
20230265239,인천광역시 연수구 송도과학로16번길 33-3(송도 트리플스트리트 C동 102호 송도동)
20230265310,인천광역시 연수구 해돋이로 165(차오름 프라자 지상1층 105호 송도동)
20230265667,인천광역시 연수구 앵고개로264번길 20(논현빌딩 지상1층 일부호 동춘동)
20230266002,인천광역시 연수구 인천타워대로 323(송도 센트로드 상가동 디161호 송도동)
20230266015,인천광역시 연수구 청능대로113번길 10(지상1층 연수동)
20230266046,"인천광역시 연수구 인천타워대로180번길 11(B동 133~136호 송도동, 더샵송도센트럴파크Ⅲ)"
20230266127,"인천광역시 연수구 랜드마크로 68(301동 7호 송도동, 랜드마크시티센트럴더샵)"
20230268024,"인천광역시 남동구 성말로13번길 15(메인프라자 1층 123호, 2층 208호 구월동)"
20230268465,인천광역시 남동구 서창남순환로 222(센타프라자 제1동 1층 103호 서창동)
20230268468,인천광역시 남동구 성말로13번길 15(메인프라자 1층 119호 구월동)
20230268547,인천광역시 남동구 만수서로 52(쓰리제이프라자 B01 전체호 만수동)
20230268719,인천광역시 남동구 논고개로 80(나로프라자 1층 109호 논현동)
20230268733,"인천광역시 남동구 남동대로777번길 25(1층 108,109호 구월동)"
20230268831,인천광역시 남동구 앵고개로847번길 50(토브 타워 2층 203호 일부호 논현동)
20230269135,인천광역시 남동구 용천로 82(다옴프라자 1층 109호 구월동)
20230269295,인천광역시 남동구 논고개로123번길 35(칼리오페 1층 A129호 논현동)
20230269455,인천광역시 남동구 미래로 13(노빌리안명품 1층 104호 구월동)
20230269477,인천광역시 남동구 호구포로765번길 68-1(지하 1층 구월동)
20230272156,인천광역시 부평구 장제로 145(스카이홈 1층 105호 부평동)
20230272308,인천광역시 부평구 부평대로 153(부평구청역대명벨리온 142호 부평동)
20230272418,인천광역시 부평구 부평문화로80번길 13(우은 1층 부평동)
20230272482,인천광역시 부평구 마장로 380(1층 일부 청천동)
20230272520,인천광역시 부평구 안남로 271(1층 일부호 산곡동)
20230272698,인천광역시 부평구 체육관로 38(세원빌딩 1층 101호 삼산동)
20230272758,인천광역시 부평구 경원대로 1407(1층 일부 부평동)
20230272811,인천광역시 부평구 원적로 286(1층 일부 산곡동)
20230272864,인천광역시 부평구 마장로 78(1층 일부 십정동)
20230272949,"인천광역시 부평구 길주로364번길 9(1층 105호 산곡동, 부평 IPARK)"
20230273114,인천광역시 부평구 부평대로 151(프리미엄팰리스 1층 101호 부평동)
20230273233,"인천광역시 부평구 산청로 97(상가8동 1층 812호 청천동, e편한세상부평그랑힐스)"
20230273320,인천광역시 부평구 주부토로 182(1동 104호 갈산동)
20230276114,인천광역시 계양구 효서로111번길 8(1층 일부호 효성동)
20230276314,"인천광역시 계양구 주부토로472번길 17(2층 3호 계산동, 흥인아이젠아파트)"
20230276376,"인천광역시 계양구 주부토로 457(1층 101호 작전동, 서보한마음아파트)"
20230276422,인천광역시 계양구 효서로 300(삼호프라자 1층 105호 작전동)
20230276476,인천광역시 계양구 오조산로57번길 7(성림프라자 2층 일부호 계산동)
20230276552,인천광역시 계양구 아나지로417번길 19(1층 작전동)
20230276682,인천광역시 계양구 계산로 63(2층 계산동)
20230280074,"인천광역시 서해구 청라커낼로 232(109호 청라동, 청라엘에이치)"
20230280082,인천광역시 검단구 이음5로 80(검단퍼스트 107호 원당동)
20230280215,인천광역시 서해구 정서진5로 31(1층 일부호 오류동)
20230280450,"인천광역시 검단구 바리미로 31(지오프라자 108,109,110호 원당동)"
20230280637,"인천광역시 검단구 이음대로 384(서영아너시티플러스 1층 119,120호 원당동)"
20230280781,"인천광역시 검단구 원당대로 1039(태경타워 2층 208,209호 원당동)"
20230280808,"인천광역시 서해구 가정로 406(지하1층 일부호 가정동, 루원지웰시티푸르지오)"
20230280930,인천광역시 검단구 완정로 19(검단무광프라자 111호 마전동)
20230281061,"인천광역시 서해구 청라커낼로260번길 7-9(반안프라자 2차 B01,B02호 청라동)"
20230281233,인천광역시 검단구 이음5로 76(서영아너시티2차 1층 103호 원당동)
20230281265,"인천광역시 서해구 서곶로 120(401동 1층 316,317호 가정동, 포레나 루원시티)"
20230281468,"인천광역시 검단구 이음5로 65(상가동 113호 원당동, 검단 금호어울림 센트럴)"
20230281574,"인천광역시 검단구 이음대로 392(메트로시티 211,212호 원당동)"
20230282123,인천광역시 검단구 검단로 470(202호 왕길동)
20230282136,인천광역시 검단구 이음1로 383(세중시그니쳐 205호 원당동)
20230282275,"인천광역시 서해구 서곶로 45(근린생활시설동 B094,B095,B096호 가정동, 루원 린스트라우스 더 린시티)"
20230282292,"인천광역시 검단구 한들로 73(10동 1층 105호 백석동, 검암역로열파크씨티푸르지오2단지)"
20230282384,인천광역시 서해구 승학로 464(1층 일부호 검암동)
20230282452,인천광역시 검단구 완정로 172(207호 마전동)
20230282453,인천광역시 서해구 청라커낼로288번길 26(현대썬앤빌 더 테라스 제1층 133호 청라동)
20230282614,"인천광역시 서해구 청라커낼로 300(판매3동 103호 청라동, 청라센트럴에일린의뜰)"
20230284315,"인천광역시 강화군 화도면 해안남로 2799(1, 2층)"
20230284358,인천광역시 강화군 길상면 길상로 294(1층 102-2호)
20230284384,인천광역시 강화군 강화읍 충렬사로 25(107~108호)
20230290044,전남광주통합특별시 동구 독립로 268(롯데백화점 광주점 지하1층 대인동)
20230290251,전남광주통합특별시 동구 문화전당로 38(아시아문화전당 본관동 민주평화교류원 지하1~3층 광산동)
20230290324,전남광주통합특별시 동구 서석로 40(1층 광산동)
20230290413,전남광주통합특별시 동구 금남로 161-42(2층 금남로5가)
20230290429,전남광주통합특별시 동구 예술길 31-11(1층 대의동)
20230293010,전남광주통합특별시 서구 상무자유로 173(1층 치평동)
20230293466,전남광주통합특별시 서구 금화로383번길 20(1층 화정동)
20230293482,전남광주통합특별시 서구 상무오월로 37-1(2층 쌍촌동)
20230293553,전남광주통합특별시 서구 화정로 259(G-PLACE 유니버시아드 1층 104호 농성동)
20230293661,전남광주통합특별시 서구 화개1로 31(호반리젠시빌아파트 상가동 1층 109호 금호동)
20230293682,"전남광주통합특별시 서구 치평로 116(1층 104호 치평동, 월계수타운)"
20230293724,전남광주통합특별시 서구 화정로85번길 11-1(1층 쌍촌동)
20230293779,전남광주통합특별시 서구 하남대로680번길 2(1층 동천동)
20230297052,전남광주통합특별시 남구 금당로 26(1층 진월동)
20230297443,"전남광주통합특별시 남구 서문대로 790(401동 104호 주월동, 제석산 호반 힐하임)"
20230297515,"전남광주통합특별시 남구 대남대로107번길 19(1,2층 방림동)"
20230297556,전남광주통합특별시 남구 신만산길 51-5(1층 원산동)
20230297583,전남광주통합특별시 남구 서문대로 729(2층 207호 진월동)
20230297609,"전남광주통합특별시 남구 서문대로 729(1층 129,130호 진월동)"
20230300087,전남광주통합특별시 북구 동문대로204번길 26(1층 두암동)
20230300130,전남광주통합특별시 북구 비엔날레로93번길 20(1층 용봉동)
20230300325,전남광주통합특별시 북구 면앙로 131(1층 우산동)
20230300334,전남광주통합특별시 북구 동배마을길 28(1~2층 동림동)
20230300705,전남광주통합특별시 북구 첨단과기로 313(광주첨단하이테크센터 1층 대촌동)
20230300735,전남광주통합특별시 북구 비엔날레로 87(1층 103호 용봉동)
20230300749,전남광주통합특별시 북구 우치로 92(1층 용봉동)
20230300768,전남광주통합특별시 북구 용봉로138번길 64(1층 중흥동)
20230300809,"전남광주통합특별시 북구 매곡로69번길 22-1(상가동 101호 매곡동, 매곡동 부림아파트)"
20230300811,전남광주통합특별시 북구 문화소통로 170(굿모닝타운 4층 408호 용봉동)
20230301039,전남광주통합특별시 북구 어매마을길 35-6(1층 매곡동)
20230301071,"전남광주통합특별시 북구 동문대로249번길 12(301동 1층 B102-C호 각화동, 더샵 광주 포레스트)"
20230301196,전남광주통합특별시 북구 설죽로370번길 24(1층 오치동)
20230301199,전남광주통합특별시 북구 양산택지로 93(1층 본촌동)
20230301288,전남광주통합특별시 북구 용봉택지로 39(1층 106호 용봉동)
20230301295,"전남광주통합특별시 북구 일곡마을로 225-1(일곡3차청솔아파트 상가동 1층 111,112호 일곡동)"
20230301340,전남광주통합특별시 북구 첨단연신로107번길 25(1층 신용동)
20230301374,전남광주통합특별시 북구 경열로 249(NC백화점광주점 9층 신안동)
20230307100,전남광주통합특별시 광산구 임방울대로826번길 29-31(2층 203호 쌍암동)
20230307200,전남광주통합특별시 광산구 월계로 217(쌍암동 첨단프라자 1층 109호 쌍암동)
20230307327,전남광주통합특별시 광산구 첨단중앙로152번길 81-15(1층 108호 쌍암동)
20230307429,전남광주통합특별시 광산구 용아로400번길 30(TERRACE56  PICNICMALL 2층 2010호 하남동)
20230307431,전남광주통합특별시 광산구 첨단중앙로106번길 29-1(1층 월계동)
20230307488,"전남광주통합특별시 광산구 첨단중앙로182번길 90(상가동 1층 119일부호 쌍암동, 첨단 대라수 어썸시티)"
20230307517,전남광주통합특별시 광산구 장신로 135(1층 105호 수완동)
20230307593,"전남광주통합특별시 광산구 임방울대로826번길 29-25(1층 102, 103호 쌍암동)"
20230307595,전남광주통합특별시 광산구 수등로94번길 26(1층 신가동)
20230307599,전남광주통합특별시 광산구 광산로20번길 31(1층 송정동)
20230307631,전남광주통합특별시 광산구 삼도로 101(1층 101호 삼거동)
20230307650,전남광주통합특별시 광산구 남동길48번길 20(1층 도산동)
20230307668,전남광주통합특별시 광산구 수완로12번길 30(경승빌딩 1층 103호 신가동)
20230307826,전남광주통합특별시 광산구 임방울대로 326(1층 103호 수완동)
20230308017,전남광주통합특별시 광산구 장신로 98(롯데쇼핑몰 4층 장덕동)
20230308077,전남광주통합특별시 광산구 첨단중앙로 96(2층 208일부호 월계동)
20230308185,전남광주통합특별시 광산구 임방울대로 142-21(가동 1층 운남동)
20230313025,대전광역시 동구 대전로542번길 80-57(어울림타워 1층 106호 천동)
20230313039,대전광역시 동구 계족로 102(1층 신흥동)
20230313605,대전광역시 동구 동대전로 125(2층 대동)
20230313819,대전광역시 동구 대전로 400(1층 가오동)
20230316326,대전광역시 중구 중앙로156번길 49(2층 은행동)
20230316637,대전광역시 중구 오류로 13-10(1층 107호 오류동)
20230320256,대전광역시 서구 복수동로51번길 34(1층 일부호 복수동)
20230320315,대전광역시 서구 사마1길 60(1층 일부호 도마동)
20230320447,"대전광역시 서구 신갈마로 186(지하1층 111호 갈마동, 갤러리휴리움)"
20230320619,대전광역시 서구 둔산로123번길 21(1층 일부호 둔산동)
20230320634,대전광역시 서구 관저남로25번길 23-91(1층 일부호 관저동)
20230320707,대전광역시 서구 둔산로 4(2층 일부호 둔산동)
20230321826,대전광역시 서구 도안북로 107(성광타워 도안빌딩 1층 102호 도안동)
20230325037,대전광역시 유성구 테크노4로 57(지상1층 관평동)
20230325620,대전광역시 유성구 엑스포로 1(신세계엑스포점 지상7층 F77호 도룡동)
20230325857,대전광역시 유성구 반석동로40번길 40(지상1층 반석동)
20230326456,대전광역시 유성구 온천로 92(인터시티호텔 지상16층 봉명동)
20230326578,대전광역시 유성구 유성대로 721(지상1층 101호 장대동)
20230326678,대전광역시 유성구 궁동로2번길 109(지상1층 궁동)
20230326832,"대전광역시 유성구 문지로299번길 86-11(지상 1층 116,106,107호 문지동)"
20230326883,대전광역시 유성구 엑스포로 1(지하1층 A59-2호 도룡동)
20230334106,울산광역시 중구 곽남6길 27(1층 남외동)
20230334202,울산광역시 중구 번영로 475(홈플러스울산점 2층 복산동)
20230334260,울산광역시 중구 종가2길 48(1층 유곡동)
20230334304,울산광역시 중구 해오름2길 27(1층 남외동)
20230337080,울산광역시 남구 문수로358번길 10(1층 옥동)
20230337083,울산광역시 남구 삼산로144번길 14-5(1동 101호 달동)
20230337105,울산광역시 남구 대공원로99번길 20-1(101호 옥동)
20230337795,울산광역시 남구 대공원입구로10번길 2(우성빌딩 3층 옥동)
20230338360,울산광역시 남구 번영로191번길 27(1층 신정동)
20230338369,울산광역시 남구 중앙로204번길 4(1층 신정동)
20230343034,울산광역시 동구 등대로 99(대왕암상가 B동 1층 2호 일산동)
20230343041,울산광역시 동구 대송로 60(1동 1층 화정동)
20230343106,울산광역시 동구 화진8길 48(1층 102호 화정동)
20230343270,울산광역시 동구 꽃바위로 262(101호 방어동)
20230343283,울산광역시 동구 방어진순환도로 899(현대백화점 지하1층 서부동)
20230343307,울산광역시 동구 서부로 50(상가2동 B311호 서부동)
20230343366,울산광역시 동구 등대로 14(방어동)
20230343375,울산광역시 동구 방어진순환도로 899(현대백화점 5층 서부동)
20230343419,울산광역시 동구 해수욕장10길 18(102호 일산동)
20230343429,울산광역시 동구 해수욕장10길 88(1층 일산동)
20230346242,울산광역시 북구 호계로 209-1(지상1층 호계동)
20230346283,울산광역시 북구 산업로 1103(울산공항 여객청사 지상1층 송정동)
20230346300,울산광역시 북구 번영로 656(지상2층 진장동)
20230346613,울산광역시 북구 호계매곡1로 60(지상1층 호계동)
20230346619,울산광역시 북구 당수골15길 34(지상1층 101~103호 호계동)
20230346724,울산광역시 북구 신기3길 40(지상1층 매곡동)
20230346730,"울산광역시 북구 강동산하2로 7(201동 지상2층 211~213,204호 산하동)"
20230349060,울산광역시 울주군 청량읍 율리영해1길 105(1층)
20230349108,울산광역시 울주군 범서읍 대리2길 27(1층 102호)
20230349312,울산광역시 울주군 범서읍 천상중앙길 82(1층)
20230349361,울산광역시 울주군 청량읍 상남1길 80(1층 102호)
20230349413,울산광역시 울주군 청량읍 삼정로 804(101호)
20230349474,울산광역시 울주군 범서읍 천상1길 17
20230349676,울산광역시 울주군 온산읍 신경길 55(1층)
20230349782,"울산광역시 울주군 상북면 소야정길 75(1,2층)"
20230352041,세종특별자치시 가온로 8(1층 103-2호 다정동)
20230352252,세종특별자치시 도움6로 42(정부세종청사 중앙동 민원동-2동 1층 일부호 어진동)
20230352354,세종특별자치시 해밀3로 43(스카이드림 1층 110호 해밀동)
20230352389,세종특별자치시 한누리대로 291(포레뷰2차 1층 103호 나성동)
20230352400,세종특별자치시 시청대로 137(리버피크닉 3층 305호 보람동)
20230352551,세종특별자치시 집현동로 77(1층 119호 집현동)
20230352793,세종특별자치시 도움1로 108(몰리브Mallive 7층 704-2호 종촌동)
20230352837,"세종특별자치시 해밀3로 32(지하1층 124호 해밀동, 해밀마을1단지)"
20230352905,세종특별자치시 다정중앙로 46(1층 105호 다정동)
20230352925,"세종특별자치시 새롬남로 18(상가동 1층 103호 새롬동, 새뜸마을1단지)"
20230352978,세종특별자치시 남세종로 73(1층 113호 집현동)
20230353320,세종특별자치시 새롬중앙로 33(새뜸프라자 2층 201호 새롬동)
20230353613,세종특별자치시 마음안1로 137(가락마을18단지 근린생활시설 6동 지1층 116호 고운동)
20230365039,경기도 수원시 팔달구 장다리로271번길 12(1층 인계동)
20230365101,경기도 수원시 팔달구 덕영대로 899(세진브론즈빌 1층 104호 매산로1가)
20230365159,경기도 수원시 팔달구 권광로 195(학산빌딩 1층 인계동)
20230365283,경기도 수원시 팔달구 중부대로 104(1동 1층 인계동)
20230365508,경기도 수원시 팔달구 중부대로 6(설영빌딩 1층 102호 중동)
20230365649,경기도 수원시 팔달구 덕영대로 924(AK플라자 지하1층 매산로1가)
20230365656,경기도 수원시 팔달구 덕영대로 924(AK플라자 6층 매산로1가)
20230365677,경기도 수원시 팔달구 인계로 21(수원센트럴아이파크자이 1동 1층 102일부호 인계동)
20230368127,"경기도 수원시 영통구 광교호수공원로 300(포레나 광교 1층 146,147호 하동)"
20230368148,"경기도 수원시 영통구 덕영대로 1400(상가비동 1층 105호 망포동, 영통아이파크캐슬2단지)"
20230368180,경기도 수원시 영통구 도청로 10(광교롯데아울렛 3층 이의동)
20230368193,경기도 수원시 영통구 도청로17번길 34(에듀메디컬 1층 105호 이의동)
20230368194,경기도 수원시 영통구 인계로220번길 10(1층 매탄동)
20230368240,경기도 수원시 영통구 청명로 79(금상빌딩 1층 일부호 영통동)
20230368249,"경기도 수원시 영통구 센트럴타운로 85(203동 2층 A214호 이의동, 광교C1 호반베르디움, Summit Place광교)"
20230368250,경기도 수원시 영통구 인계로 293-1(2층 매탄동)
20230368433,경기도 수원시 영통구 매탄로100번길 31-7(2층 매탄동)
20230368552,경기도 수원시 영통구 광교중앙로 145(광교엘포트아이파크 1층 일부호 이의동)
20230368575,경기도 수원시 영통구 영일로6번길 54(일번지프라자빌딩 1층 103-106호 영통동)
20230368626,경기도 수원시 영통구 도청로89번길 23(1층 104호 이의동)
20230368697,경기도 수원시 영통구 광교중앙로248번길 7-2(원희캐슬 광교 C동 1층 121호 하동)
20230368848,"경기도 수원시 영통구 센트럴타운로 85(지하1층 이의동, 광교C1 호반베르디움, Summit Place광교)"
20230371103,경기도 수원시 장안구 경수대로 930(삼성홈플러스 1층 X3YC호 조원동)
20230371162,경기도 수원시 장안구 경수대로927번길 17(1층 송죽동)
20230371222,경기도 수원시 장안구 장안로75번길 28(1층 일부호 정자동)
20230371358,경기도 수원시 장안구 수성로 175(스타필드 수원 1층 1250호 정자동)
20230374079,경기도 수원시 권선구 금호로 28(105호 호매실동)
20230374121,경기도 수원시 권선구 금곡로197번길 78(세인트폴프라자 2층 204호 금곡동)
20230374238,"경기도 수원시 권선구 경수대로 270(터미널동, 할인점동 5층 일부층 권선동)"
20230374321,"경기도 수원시 권선구 경수대로 270(터미널동, 할인점동 5층 일부층 권선동)"
20230374335,"경기도 수원시 권선구 세권로195번길 13(1층 132호 권선동, 권선종합상가)"
20230374389,경기도 수원시 권선구 동수원로146번길 308-2(102호 곡반정동)
20230374439,경기도 수원시 권선구 세화로 134(타임빌라스수원 7층 일부호 서둔동)
20230374462,경기도 수원시 권선구 당진로15번길 1(1층 101호 일부호 당수동)
20230374465,경기도 수원시 권선구 금호로 133(2층 구운동)
20230374505,경기도 수원시 권선구 경수대로 270(터미널동 5층 권선동)
20230374517,경기도 수원시 권선구 수인로 291(서수원버스터미널 1층 구운동)
20230374602,경기도 수원시 권선구 곡반정로 160(라퍼스트 1층 109호 곡반정동)
20230374668,"경기도 수원시 권선구 구운중로3번길 7(지층 1층,동쪽 상가호 구운동)"
20230380022,경기도 성남시 수정구 위례광장로 5(남위례역아이파크 1층 120호 창곡동)
20230380032,"경기도 성남시 수정구 적푸리로 7(1, 2층 상적동)"
20230380112,경기도 성남시 수정구 산성대로215번길 10-14(1층 신흥동)
20230380135,경기도 성남시 수정구 위례서로 24(행복빌딩 1층 108호 창곡동)
20230380156,경기도 성남시 수정구 위례서일로1길 22(1일부층 창곡동)
20230380173,경기도 성남시 수정구 위례동로 141(우성메디피아 2층 203호 창곡동)
20230380228,"경기도 성남시 수정구 대왕판교로 981(지1층 125호 고등동, 판교밸리자이 2단지)"
20230380253,경기도 성남시 수정구 시민로 166(1일부층 신흥동)
20230380382,경기도 성남시 수정구 창업로 57(1층 103호 시흥동)
20230380582,"경기도 성남시 수정구 위례광장로 21-6(정프라자 1층 나-103,나-106호 창곡동)"
20230380596,경기도 성남시 수정구 탄천로339번길 86(1층 사송동)
20230380707,경기도 성남시 수정구 위례광장로 37(위례 SG프라자2 101호 창곡동)
20230380717,경기도 성남시 수정구 희망로 551(107호 신흥동)
20230383038,경기도 성남시 중원구 자혜로8번길 20(1층 금광동)
20230383118,경기도 성남시 중원구 성남대로1130번길 7(재율빌딩 3층 일부호 성남동)
20230383175,경기도 성남시 중원구 성남대로997번길 25-13(1층 일부호 여수동)
20230383310,경기도 성남시 중원구 광명로 322(1층 일부호 금광동)
20230386139,경기도 성남시 분당구 판교역로146번길 20(현대백화점 판교점 5층 일부호 백현동)
20230386161,경기도 성남시 분당구 황새울로360번길 42(AK플라자 7층 일부호 서현동)
20230386231,경기도 성남시 분당구 구미로 8(분당엠타워 1층 일부102호 구미동)
20230386252,경기도 성남시 분당구 정자일로198번길 26(노비오스호텔 1층 일부103호 정자동)
20230386253,경기도 성남시 분당구 대왕판교로645번길 36(NS복합건출물 주건출물제1동 지하1층 일부호 삼평동)
20230386271,경기도 성남시 분당구 금곡로11번길 6(1층 일부101호 구미동)
20230386437,경기도 성남시 분당구 분당로53번길 12(서현나산플라자 1층 102호 서현동)
20230386566,경기도 성남시 분당구 판교역로146번길 20(현대백화점 판교점 5층 일부호 백현동)
20230386570,경기도 성남시 분당구 백현로 26(정자동 관광호텔 및 가족호텔 21층 일부호 정자동)
20230386573,경기도 성남시 분당구 백현로 26(정자동 관광호텔 및 가족호텔 1층 일부호 정자동)
20230386706,"경기도 성남시 분당구 내정로 10(근린상가동 1층 107호 정자동, 정든마을)"
20230386749,"경기도 성남시 분당구 정자일로213번길 10(101동 1층 107호 정자동, 성원상떼뷰리젠시)"
20230386916,경기도 성남시 분당구 중앙공원로39번길 49(서현 지엔느 1층 124호 서현동)
20230386936,"경기도 성남시 분당구 대왕판교로606번길 58(판교푸르지오월드마크 1층 1-114호,1-115호 삼평동)"
20230387008,"경기도 성남시 분당구 분당내곡로 131(판교테크원 지하1층 일부29호,30호호 백현동)"
20230387093,경기도 성남시 분당구 서현로180번길 19(비전월드 1층 102호 서현동)
20230387190,"경기도 성남시 분당구 성남대로926번길 6(야탑 대덕프라자 1층 114호,115호 야탑동)"
20230387776,경기도 성남시 분당구 판교역로146번길 20(현대백화점 판교점 지하1층 일부호 백현동)
20230387837,경기도 성남시 분당구 미금일로154번길 20(6층 601 일부호 구미동)
20230388008,경기도 성남시 분당구 판교로 441(남서울프라자 1층 110호 야탑동)
20230388016,"경기도 성남시 분당구 운중로 121(1층 105호, 106 일부호 운중동)"
20230388026,경기도 성남시 분당구 운중로 141(1층 101 일부호 운중동)
20230388076,경기도 성남시 분당구 판교역로 166(카카오 판교 아지트 1층 일부17호 백현동)
20230388197,경기도 성남시 분당구 야탑로81번길 11(NC백화점 7층 일부호 야탑동)
20230388289,경기도 성남시 분당구 황새울로200번길 45(롯데백화점 분당점 지하1층 일부호 수내동)
20230391177,경기도 의정부시 용민로 469(보광더존프라자 지상1층 103호 민락동)
20230391370,"경기도 의정부시 오목로225번길 115(지상 1층 103,104호 민락동)"
20230391411,경기도 의정부시 평화로 274(호원동근생시설101 지상1층 호원동)
20230391452,경기도 의정부시 평화로 525(신세계백화점 의정부점 지상2층 의정부동)
20230391508,경기도 의정부시 용현로105번길 27(지상1층 민락동)
20230391827,경기도 의정부시 용민로 391(예스프라자 시그니처 지상 1층 낙양동)
20230391995,경기도 의정부시 천보로 64(지상1층 107일부108일부109.110호 민락동)
20230392068,경기도 의정부시 신흥로 130(지상1층 호원동)
20230392344,"경기도 의정부시 수암로 25(상가1동 지상1층 105호 산곡동, 고산 수자인 디에스티지)"
20230392456,경기도 의정부시 호국로1331번길 29(지상1층 의정부동)
20230398120,경기도 안양시 만안구 만안로 232(엔터식스 7층 안양동)
20230401080,"경기도 안양시 동안구 시민대로159번길 25(Festa via 148,149-1,149-2,149-3,150,151호 비산동)"
20230401116,경기도 안양시 동안구 관평로69번길 29-7(1층 평촌동)
20230401160,경기도 안양시 동안구 평촌대로 117(맵시프라자 1층 106호 호계동)
20230401218,경기도 안양시 동안구 경수대로 767-1(1층 호계동)
20230401284,경기도 안양시 동안구 비산로 9(1층 107호 비산동)
20230401359,"경기도 안양시 동안구 시민대로 180(G.SQURE, 롯데백화점 평촌점 10층 일부호 호계동)"
20230401386,경기도 안양시 동안구 동안로 119(9층 일부호 호계동)
20230401482,"경기도 안양시 동안구 흥안대로133번길 4(1층 102호 호계동, 호계더카운티)"
20230401484,경기도 안양시 동안구 동안로 119(10층 일부호 호계동)
20230401487,경기도 안양시 동안구 경수대로 572(1층 일부호 호계동)
20230401530,경기도 안양시 동안구 관평로170번길 43(훼미리타운 1층 130호 관양동)
20230404193,경기도 부천시 원미구 석천로177번길 11(제이클래스중동 124호 중동)
20230404257,경기도 부천시 원미구 부일로237번길 23(테마프라자 1층 102호 상동)
20230404297,경기도 부천시 오정구 중동로408번길 18(1층 일부호 삼정동)
20230404478,경기도 부천시 원미구 길주로 246(부천중동리슈빌엔클래스 106A호 중동)
20230404617,"경기도 부천시 원미구 소향로 143(필레오트윈파크1,  1동 108호 중동)"
20230404747,"경기도 부천시 원미구 길주로77번길 19-27(광장프라자 108호, 109호 상동)"
20230404751,경기도 부천시 원미구 상동로117번길 31(대림타운 107호 상동)
20230405123,경기도 부천시 원미구 송내대로 239(소풍부천터미널 4층 4539호~4547호 상동)
20230405286,경기도 부천시 원미구 조마루로85번길 7-40(1층 일부 상동)
20230405325,경기도 부천시 원미구 길주로 300(LOTTE백화점 지하1층 일부호 중동)
20230405439,경기도 부천시 원미구 조마루로97번길 17-10(1층 상동)
20230405469,경기도 부천시 원미구 신흥로53번길 53(1층 일부 심곡동)
20230405580,경기도 부천시 원미구 중동로248번길 38(매트로펠리스 Ⅱ-A 108호 중동)
20230405622,경기도 부천시 원미구 부흥로315번길 62(필-그린타워 107호 중동)
20230405634,경기도 부천시 원미구 조마루로97번길 26-10(1층 상동)
20230405778,경기도 부천시 소사구 소사로 119(동남빌딩 1층 일부호 소사본동)
20230405900,경기도 부천시 원미구 길주로 180(현대백화점 중동점 8층 일부호 중동)
20230405937,"경기도 부천시 원미구 송내대로 239(소풍부천터미널 5R19, 5R20, 5R23, 5301호 상동)"
20230406011,경기도 부천시 원미구 길주로 300(LOTTE백화점 8층 일부호 중동)
20230406052,"경기도 부천시 소사구 경인로 605(상가동 지1층 B101호 괴안동, 이편한세상 온수역)"
20230406067,경기도 부천시 오정구 신흥로511번길 180(레노부르크 부천 1층 A101호~A105호 오정동)
20230406159,경기도 부천시 원미구 부흥로 256(계남아카데미빌딩 101호 중동)
20230406189,경기도 부천시 원미구 부천로9번길 24(로데오빌 201호 일부 심곡동)
20230406200,"경기도 부천시 소사구 경인로 190(1층 112호 심곡본동, 부천라비앙로제)"
20230406275,경기도 부천시 원미구 석천로177번길 11(제이클래스중동 123호 중동)
20230406291,"경기도 부천시 소사구 범안로219번길 19(지2층 B207호 옥길동, 부천옥길자이)"
20230406492,경기도 부천시 원미구 길주로 262(이안 더 클래식 126호 중동)
20230406500,경기도 부천시 소사구 범안로 227(서영아너시티1차 1층 104호 옥길동)
20230406627,경기도 부천시 원미구 중동로248번길 55(무광 프라자 202호 중동)
20230406705,경기도 부천시 소사구 양지남로 17(1층 범박동)
20230425051,경기도 광명시 일직로 17(롯데아울렛 5층 일부호 일직동)
20230425154,경기도 광명시 하안로 112(신촌프라자 107호 소하동)
20230425232,경기도 광명시 새터로 55(1층 101호 광명동)
20230425273,"경기도 광명시 도덕공원로 59(상가동 1층 101호 철산동, 광명푸르지오아파트)"
20230425394,경기도 광명시 광명역로 21(고속철도 광명역 1층 서편맞이방호 일직동)
20230425415,경기도 광명시 양지로 17(AK플라자 광명점 B2층 일부호 일직동)
20230425514,경기도 광명시 광화로 22(로얄프라자 제1층 제101호 광명동)
20230425573,경기도 광명시 일직로 17(롯데아울렛 5층 일부호 일직동)
20230425667,경기도 광명시 하안로287번길 8(뉴코아아울렛 지하1층 일부호 하안동)
20230425685,경기도 광명시 하안로287번길 8(뉴코아아울렛 7층 일부호 하안동)
20230425716,경기도 광명시 금하로 529(비앤팰리스 1층 115호 소하동)
20230428080,경기도 평택시 동삭1로22번길 19-13(1층 동삭동)
20230428381,"경기도 평택시 비전5로 20-26(로데오1103 더테라스 105,134호 비전동)"
20230428477,경기도 평택시 모산영신1길 23(1층 동삭동)
20230428605,"경기도 평택시 용죽1로 83(1층 109호 용이동, e편한세상 비전 센터포레)"
20230428713,경기도 평택시 평택4로 43-1(1층 합정동)
20230428730,경기도 평택시 평남로 1013(1층 동삭동)
20230428927,경기도 평택시 비전2로 9(2층 동삭동)
20230431001,"경기도 평택시 고덕국제8로 91(916동 1층 B-106호 고덕동, 고덕 국제신도시 파라곤 에듀포레)"
20230431102,경기도 평택시 함박산3길 3(1동 2층 201호 고덕동)
20230431124,경기도 평택시 서두물로 39(트라움하우제 1층 서정동)
20230431186,경기도 평택시 고덕국제4길 60-16(바로주택 1층 고덕동)
20230431372,경기도 평택시 함박산9길 8-12(베네스트1동 1층 고덕동)
20230431407,경기도 평택시 고덕여염12길 149(태건하우스 1층 고덕동)
20230431447,"경기도 평택시 함박산8길 29(센타프라자 1동 101,102,103,104,105호 고덕동)"
20230431450,경기도 평택시 함박산8길 29(1동 1층 110호 고덕동)
20230431524,경기도 평택시 고덕갈평10길 144(에이드빌 1동 1층 고덕동)
20230431838,경기도 평택시 송탄로 365-1(1층 지산동)
20230431863,경기도 평택시 고덕여염11길 182(1동 1층 고덕동)
20230435137,경기도 동두천시 평화로 2346(513호 생연동)
20230437577,경기도 안산시 단원구 대부중앙로 217(1층 대부동동)
20230440002,경기도 안산시 상록구 이호로 56(1층 일부 본오동)
20230440115,경기도 안산시 상록구 오목로 45(1층 일부 본오동)
20230440414,경기도 안산시 상록구 샘골로 129(103호 본오동)
20230444198,"경기도 안산시 단원구 광덕서로 78(대한법조 112,113호 일부 고잔동)"
20230444221,경기도 안산시 단원구 화랑로 123(한화꿈에그린아파트 상가동 124호 원곡동)
20230444335,경기도 안산시 단원구 당곡로 33(프라움시티 205호 고잔동)
20230444413,"경기도 안산시 단원구 선부광장남로 17(안산라프리모 상가1동 101호 선부동, 안산라프리모)"
20230444474,경기도 안산시 단원구 고잔1길 12(롯데백화점 지하1층 일부 고잔동)
20230444502,경기도 안산시 단원구 중앙대로 873(롯데백화점 안산점 신관 지하1층 일부 고잔동)
20230444564,"경기도 안산시 단원구 고잔1길 49(운암프라자, 2층 206호, 207호, 208호 고잔동)"
20230454040,"경기도 고양시 덕양구 청초로 65(상가동 1층 121,124호 덕은동, DMC 한강 에일린의뜰)"
20230454043,경기도 고양시 덕양구 꽃내음1길 130(1층 향동동)
20230454169,경기도 고양시 덕양구 삼송로 12(반도 유스퀘어 116호 원흥동)
20230454197,"경기도 고양시 덕양구 삼송로 222(101동 159호 삼송동, 삼송역 현대 헤리엇)"
20230454271,경기도 고양시 덕양구 꽃내음1길 170(1층 향동동)
20230454435,경기도 고양시 덕양구 동송로 23-50(아이엠 삼송 109근린생활시설동 103호 동산동)
20230454495,경기도 고양시 덕양구 무원로54번길 9(1층 행신동)
20230454648,경기도 고양시 덕양구 권율대로 690(삼송2차 원흥역 동원로얄듀크비스타 202동 111호 원흥동)
20230454654,경기도 고양시 덕양구 권율대로 671(원흥역 푸르지오 근린생활시설 113호 원흥동)
20230454697,경기도 고양시 덕양구 지축로 56(성산타워 206호 지축동)
20230454763,경기도 고양시 덕양구 읍내로 10(현대빌딩 1층 일부호 고양동)
20230454783,경기도 고양시 덕양구 중앙로558번길 16-16(능곡종합프라자 지상1층 5호 행신동)
20230454875,경기도 고양시 덕양구 동송로 33(이편한세상시티삼송 상가동 1-126호 동산동)
20230454889,경기도 고양시 덕양구 성신로 4(자인채오피스텔 101호 화정동)
20230454975,경기도 고양시 덕양구 고양대로 1955(스타필드 고양 지하1층 일부호 동산동)
20230454996,경기도 고양시 덕양구 으뜸로 130(위프라임트윈타워 1층 139호 덕은동)
20230457058,경기도 고양시 일산동구 일산로380번길 5-11(1층 전체호 정발산동)
20230457151,"경기도 고양시 일산동구 정발산로 24(웨스턴돔2 K-109일부, K-109-3일부호 장항동)"
20230457340,경기도 고양시 일산동구 백마로 62(1층 일부호 장항동)
20230457371,"경기도 고양시 일산동구 강송로 33(지하1층 일부호 백석동, 일산 요진 와이시티)"
20230457437,경기도 고양시 일산동구 중앙로 1036(베스트고양터미널 고양종합터미널 2층 F2-01일부호 백석동)
20230457475,경기도 고양시 일산동구 하늘마을로93번길 2(1층 전체호 중산동)
20230457550,경기도 고양시 일산동구 일산로380번길 25-11(1층 일부호 정발산동)
20230457581,경기도 고양시 일산동구 숲속마을2로 136(1층 일부호 풍동)
20230457679,경기도 고양시 일산동구 위시티로 18(동국타워 107호 식사동)
20230457697,"경기도 고양시 일산동구 강송로 33(지하1층 일부호 백석동, 일산 요진 와이시티)"
20230460052,경기도 고양시 일산서구 킨텍스로 217-59(제2킨텍스 1층 B4구역 일부호 대화동)
20230460206,경기도 고양시 일산서구 고양대로 692(1층 일산동)
20230460286,경기도 고양시 일산서구 대산로 116(유화프라자 107호 주엽동)
20230460318,"경기도 고양시 일산서구 일현로 97-11(판매시설동 172,173일부호 탄현동, 일산 위브더제니스)"
20230460359,경기도 고양시 일산서구 중앙로 1496(롯데마트 1층 일부호 주엽동)
20230460363,"경기도 고양시 일산서구 한류월드로 300(고양 원마운트 2083호, 2084호 대화동)"
20230463017,경기도 과천시 중앙로 137(가보자빌딩 2층 202호 중앙동)
20230463059,경기도 과천시 과천대로7길 20(과천스마트케이 1층 117호 갈현동)
20230463101,경기도 과천시 과천대로7길 26(과천 스마트케이 업무시설 B동 151호 갈현동)
20230463124,경기도 과천시 과천대로7길 20(과천스마트케이 지하1층 137호 갈현동)
20230463195,"경기도 과천시 과천대로7길 20(과천스마트케이업무시설 1층 131,133호 갈현동)"
20230463218,경기도 과천시 과천대로7길 26(과천 스마트케이 업무시설 B동 B1층 B153호 갈현동)
20230463286,경기도 과천시 과천대로7길 20(과천 스마트케이 업무시설 B동 144~146호 갈현동)
20230463289,경기도 과천시 과천대로7길 20(과천 스마트케이 업무시설 B116~117호 갈현동)
20230463334,경기도 과천시 관문로 92(힐스테이트 과천중앙 B동 B110호 중앙동)
20230463349,경기도 과천시 과천대로7길 20(과천 스마트케이 업무시설 B115호 갈현동)
20230465123,경기도 구리시 경춘로 261(롯데백화점 구리점 지하1층 인창동)
20230465214,경기도 구리시 이문안로 95(해원빌딩 1층 104호 수택동)
20230465293,"경기도 구리시 원수택로64번길 9(105,105-1호 수택동, 수택동 성원상떼빌)"
20230465298,"경기도 구리시 건원대로76번길 37(인창주공1단지아파트 상가 1층 102, 103호 인창동)"
20230465369,"경기도 구리시 갈매순환로166번길 45(구리갈매 아너시티 1층 150,151,152호 갈매동)"
20230465398,경기도 구리시 이문안로 78(1층 수택동)
20230465443,경기도 구리시 경춘로 261(롯데백화점 구리점 B1층 인창동)
20230465445,경기도 구리시 갈매순환로 180(지하2층 갈매동)
20230465590,경기도 구리시 산마루로 19(진영트윈타워 제에이동 1층 103호 갈매동)
20230465668,"경기도 구리시 원수택로64번길 33(1층 1-13호 수택동, 유탑 트윈팰리스)"
20230465732,경기도 구리시 갈매중앙로 80(구리시 갈매동 복합청사 2층 202호 갈매동)
20230465779,경기도 구리시 경춘로 261(롯데백화점 구리점 지하1층 인창동)
20230468153,"경기도 남양주시 다산중앙로172번길 42(성산타워플레이스1 1층 102,103호 다산동)"
20230468275,경기도 남양주시 다산중앙로19번길 15(성수프라자 2층 일부 다산동)
20230468954,경기도 남양주시 진접읍 해밀예당3로 171(B동세현빌딩 1층 일부)
20230469003,경기도 남양주시 오남읍 진건오남로690번길 9(1층 일부)
20230469020,경기도 남양주시 화도읍 경춘로1876번길 40(해동본타워 지하2층 B205일부호)
20230469181,경기도 남양주시 다산순환로 50(현대프리미엄아울렛 SPACE1 3층 일부호 다산동)
20230469202,경기도 남양주시 다산중앙로145번길 11(지앤지 메트로타워2 1층 105호 다산동)
20230469530,"경기도 남양주시 오남읍 진건오남로 679(2층 일부, 3층 일부)"
20230469826,경기도 남양주시 다산중앙로146번길 12-1(103호 다산동)
20230469848,경기도 남양주시 와부읍 석실로 497(1층 일부)
20230469895,"경기도 남양주시 다산중앙로82번길 87-17(107호 일부호 다산동, 다산 센트럴파크)"
20230470004,"경기도 남양주시 다산중앙로82번안길 28(1층 124,125,126호 다산동)"
20230470019,"경기도 남양주시 다산순환로 20(다산 현대프리미어캠퍼스 2층 에이씨02-016호, 에이씨02-056호 다산동)"
20230470066,"경기도 남양주시 다산중앙로123번길 13(9층 901,902,903,904호 다산동)"
20230470164,경기도 남양주시 다산중앙로146번길 12-14(204호 다산동)
20230470174,경기도 남양주시 화도읍 맷돌로 110-13(신명프라자 1층 103호)
20230470218,경기도 남양주시 오남읍 진건오남로 556(1층 일부호)
20230470335,경기도 남양주시 다산중앙로82번안길 106(1층 일부 다산동)
20230470461,경기도 남양주시 수동면 비룡로 542(1층 일부호)
20230470626,경기도 남양주시 다산순환로 20(다산현대프리미어캠퍼스 에이씨동 01-0010호 다산동)
20230473014,경기도 오산시 오산대역로132번길 30(1층 103호 수청동)
20230473363,경기도 오산시 내삼미로 25(1층 수청동)
20230473449,경기도 오산시 죽담안로 33-7(1층 궐동)
20230473463,경기도 오산시 경기대로 181(오산이마트 3층 일부 원동)
20230473765,경기도 오산시 수목원로 618(세마엠시티 107호 세교동)
20230473786,"경기도 오산시 궐리사로 8(128호 궐동, 센트하임)"
20230473799,경기도 오산시 오산로 195(1층 오산동)
20230473806,경기도 오산시 궐리사로 34(1층 궐동)
20230473840,경기도 오산시 궐동로69번길 27(1층 일부 궐동)
20230473921,경기도 오산시 오산로160번길 12(오산역 e-편한세상 1단지 상가동 1층 101호 원동)
20230476349,"경기도 시흥시 은계번영길 21(은계 유테라스 101,201,202호 은행동)"
20230476359,"경기도 시흥시 목감남서로 92-30(402동 지하2층 1호 산현동, 목감레이크 푸르지오)"
20230476578,경기도 시흥시 비둘기공원로 28(롯데마트 시흥점 3층 일부호 대야동)
20230476992,경기도 시흥시 동서로 961(1층 조남동)
20230477630,경기도 시흥시 능곡군자1길 79(1층 일부호 군자동)
20230477712,경기도 시흥시 장현장곡로 2(블럭메디프라자 201호 장곡동)
20230477844,경기도 시흥시 장곡로 30(1층 112호 장곡동)
20230477985,"경기도 시흥시 서울대학로278번길 19-14(배곧프라자 1층 112호,113호 배곧동)"
20230481452,경기도 군포시 고산로 691(1층 일부호 산본동)
20230481762,경기도 군포시 번영로 485(롯데 피트인 산본 7층 산본동)
20230486125,경기도 하남시 감일로88번길 20(서울빌딩 1층 일부호 감일동)
20230486382,경기도 하남시 위례학암로 27(지1층 학암동)
20230486592,경기도 하남시 미사강변동로 125(미사푸르지오시티 A동 1층 S-106호 망월동)
20230486618,경기도 하남시 미사강변한강로354번길 24(1층 일부호 망월동)
20230486706,경기도 하남시 덕풍남로 8(동현 1층 일부호 덕풍동)
20230486879,경기도 하남시 미사강변동로84번길 20(퀸즈파크 미사1차 1층 117호 망월동)
20230486881,경기도 하남시 미사강변대로 80(그린프라자 1층 106호 풍산동)
20230486915,경기도 하남시 감일백제로 105(신성메디타워 1층 104호 감이동)
20230486928,경기도 하남시 아리수로 570(효성헤링턴타워더퍼스트 1층 1007호 망월동)
20230487120,"경기도 하남시 미사강변중앙로 160(미사 리버파크 1층 102,103호 망월동)"
20230487209,경기도 하남시 미사대로 750(스타필드 하남 2층 일부호 신장동)
20230487379,"경기도 하남시 감일중앙로 80(1층 1081호 감이동, 감일 푸르지오 마크베르)"
20230487458,경기도 하남시 미사대로 550(현대지식산업센터 한강미사 1층 OC01-0001호 덕풍동)
20230487590,경기도 하남시 미사대로 750(스타필드 하남 1층 G257호 신장동)
20230487618,경기도 하남시 미사강변북로30번길 37(1층 망월동)
20230487724,경기도 하남시 미사강변중앙로204번길 21(미사엘큐브 1층 104-2호 망월동)
20230487866,경기도 하남시 미사강변중앙로 190(하남미사 롯데캐슬 스타 1층 147호 망월동)
20230487918,경기도 하남시 미사대로 750(스타필드 하남 지하1층 신장동)
20230487975,"경기도 하남시 미사강변동로 100-1(미사역 파라곤 스퀘어 B1층 102호, 103호 망월동)"
20230491016,경기도 용인시 처인구 중부대로 1154(인앤인프라자 106호 삼가동)
20230491081,경기도 용인시 처인구 양지면 중부대로 2481-21(양지제일빌딩 1~2층)
20230491434,경기도 용인시 처인구 명지로40번길 10(2층 204호 역북동)
20230491676,경기도 용인시 처인구 남사읍 한숲로 60(처인프라자 312호)
20230494281,경기도 용인시 기흥구 구갈로72번길 10(낙원상가 201 일부호 구갈동)
20230494668,경기도 용인시 기흥구 강남동로 6(그랜드프라자 114호 구갈동)
20230494683,경기도 용인시 기흥구 강남동로114번길 22(그린타워 105호 상하동)
20230494951,"경기도 용인시 기흥구 흥덕1로79번길 2(가은프라자 206,208호 영덕동)"
20230495225,경기도 용인시 기흥구 흥덕1로 101(스타프라자 107호 영덕동)
20230495272,경기도 용인시 기흥구 흥덕2로65번길 1-7(102호 영덕동)
20230495305,경기도 용인시 기흥구 한보라2로14번길 4-6(1층 우측호 보라동)
20230495463,경기도 용인시 기흥구 동백5로 23(명진프라자 106호 중동)
20230495545,경기도 용인시 기흥구 흥덕1로79번길 2(가은프라자 105호 영덕동)
20230495636,경기도 용인시 기흥구 용구대로 2362(상록마북프라자 108호 마북동)
20230498114,경기도 용인시 수지구 용구대로 2769(1층 108호 죽전동)
20230498421,경기도 용인시 수지구 포은대로 536(주신세계 사우스시티 7층 일부호 죽전동)
20230498441,경기도 용인시 수지구 신봉1로 161(1층 신봉동)
20230498538,경기도 용인시 수지구 동천로 68(동천 디 이스트 상가동 1층 103호 동천동)
20230498571,경기도 용인시 수지구 문인로 76(1층 일부호 풍덕천동)
20230498634,경기도 용인시 수지구 성복2로 38(롯데몰 수지점 4층 일부호 성복동)
20230498677,"경기도 용인시 수지구 신봉3로 1(진성프라자2 2층 201호, 202호 신봉동)"
20230498698,경기도 용인시 수지구 포은대로 536(주신세계백화점경기점 9층 일부호 죽전동)
20230498706,경기도 용인시 수지구 포은대로 536(주신세계 사우스시티 9층 일부호 죽전동)
20230498723,경기도 용인시 수지구 포은대로 536(주신세계 사우스시티 9층 일부호 죽전동)
20230498727,경기도 용인시 수지구 포은대로 536(주신세계 사우스시티 9층 일부호 죽전동)
20230498776,경기도 용인시 수지구 대지로 28(1층 일부호 죽전동)
20230498870,경기도 용인시 수지구 성복2로 38(롯데몰수지점 지하1층 일부호 성복동)
20230499089,경기도 용인시 수지구 성복2로 38(롯데몰 수지점 지하1층 일부호 성복동)
20230499212,경기도 용인시 수지구 신봉1로 165(동광프라자 1층 106호 신봉동)
20230501274,경기도 파주시 금빛로 24-9(조인프라자 2층 202호 금촌동)
20230501325,경기도 파주시 청암로 75(상상메디컬프라자 102호 다율동)
20230501387,"경기도 파주시 조리읍 기곡길 138(1,2,3,4층)"
20230501464,경기도 파주시 금정7길 43(천일환경주 1층 금촌동)
20230501520,경기도 파주시 운정중앙로 200(물향기마을1단지 근린생활시설동 101호 목동동)
20230501591,"경기도 파주시 해올2길 16(109,110호 다율동)"
20230502009,경기도 파주시 문산읍 문향로67번길 2(1층일부)
20230502040,경기도 파주시 소리천로 25(유은타워7차 2층 215호 야당동)
20230502046,"경기도 파주시 파주로 478-4(1,2층 목동동)"
20230502081,경기도 파주시 탄현면 새오리로 59-62(1층일부)
20230502107,"경기도 파주시 와석순환로 507(월드타워9, 3층 전체 와동동)"
20230502164,경기도 파주시 탄현면 헤이리마을길 21-7(1층 일부)
20230502166,경기도 파주시 숲속노을로 267(106호 문발동)
20230502167,경기도 파주시 적성면 청송로 1064(1층 1호)
20230502168,경기도 파주시 초롱꽃로 141(스타타워 B동 205호 동패동)
20230502290,경기도 파주시 문산읍 방촌로 1733(용성프라자 1층 109호)
20230502329,"경기도 파주시 해올2길 21(월드타워19 101,102호 다율동)"
20230502352,경기도 파주시 중앙로 268-1(1층 금촌동)
20230502592,경기도 파주시 금빛로 18(드림타운 1층 102호 금촌동)
20230502683,경기도 파주시 문발로 302(롯데프리미엄아울렛 A동 3층 문발동)
20230502684,경기도 파주시 문발로 302(롯데프리미엄아울렛 A동 3층 문발동)
20230502700,경기도 파주시 문발로 302(롯데프리미엄아울렛 A동 3층 문발동)
20230502702,경기도 파주시 책향기숲길 57-1(1층 동패동)
20230502710,경기도 파주시 문발로 302(롯데프리미엄아울렛 파주점 A블럭302호 문발동)
20230502716,경기도 파주시 와석순환로192번길 14-63(1층 일부 동패동)
20230503217,경기도 파주시 와석순환로 431(신운정프라자 107호 와동동)
20230503236,경기도 파주시 청암로17번길 45(2층 206호 목동동)
20230503249,경기도 파주시 숲속노을로 322-9(1층 문발동)
20230503398,경기도 파주시 경의로 1030(운정야당헤리움 1층 114호 야당동)
20230503409,경기도 파주시 가나무로 115(조인투프라자 1층 106호 금촌동)
20230505296,경기도 이천시 향교로 169(갈산동)
20230505388,경기도 이천시 부발읍 경충대로2092번길 14(5층)
20230505439,경기도 이천시 설봉로37번길 8(1층 관고동)
20230505634,경기도 이천시 애련정로49번길 36(2층 213호 안흥동)
20230505779,경기도 이천시 호법면 프리미엄아울렛로 177-74(롯데 프리미엄 아울렛 백자동 3층)
20230505853,경기도 이천시 부악로 72-3(르네빌딩 1층 103호 증일동)
20230505899,경기도 이천시 마장면 양촌로6번길 26-11(1동 1층 102호)
20230508218,경기도 안성시 중앙로399번길 38(구포동)
20230508406,경기도 안성시 공도읍 서동대로 3930-39(스타필드 안성 L1층 1337호)
20230508464,경기도 안성시 공도읍 서동대로 3930-39(스타필드 안성 2층 2325호)
20230508489,경기도 안성시 보개원삼로 36(1층 가사동)
20230508592,경기도 안성시 공도읍 서동대로 3930-39(스타필드 안성 2318호)
20230508635,경기도 안성시 공도읍 서동대로 3930-39(스타필드 안성 1층 1315호)
20230508731,경기도 안성시 공도읍 서동대로 3930-39(스타필드 안성 1층 1321호)
20230511273,경기도 김포시 통진읍 김포대로2244번길 20(마송프라자 1층 103호)
20230511539,"경기도 김포시 김포한강2로 41(에비뉴동 1층 C-14호 장기동, e편한세상 캐널시티)"
20230511548,경기도 김포시 김포한강1로97번길 64-11(1층 101호 장기동)
20230511701,경기도 김포시 김포한강8로194번길 8-22(1층 102호 마산동)
20230511784,"경기도 김포시 김포한강8로 410(스타프라자 201,202호 구래동)"
20230512047,경기도 김포시 김포한강1로51번길 12(동서메디칼빌딩 103호 장기동)
20230512092,경기도 김포시 고촌읍 은행영사정로 43(1층 일부호)
20230512255,경기도 김포시 김포대로679번길 14-2(1동 1층 102호 풍무동)
20230512374,"경기도 김포시 김포한강9로 116(상가A동 지하1층 B111호 구래동, 한강신도시 반도유보라5차)"
20230512753,경기도 김포시 고촌읍 아라육로152번길 100(현대프리미엄아울렛 3층)
20230512783,경기도 김포시 김포한강1로98번길 17-93(102호 장기동)
20230512988,"경기도 김포시 김포한강4로 8(라베니체에비뉴 4차 1층 107,108호 장기동)"
20230513126,경기도 김포시 양촌읍 양곡2로60번길 28-82(1층 전체호)
20230513129,경기도 김포시 고촌읍 아라육로152번길 100(현대프리미엄아울렛 서관 2층 일부호)
20230513253,경기도 김포시 김포한강1로 77-30(101호 장기동)
20230516024,경기도 화성시 동탄구 동탄대로 635(SH TIME SQUARE Ⅰ 1동 1층 120호 영천동)
20230516051,"경기도 화성시 동탄구 동탄광역환승로 73(지1층  E029호 여울동, 동탄역 반도유보라 아이비파크 8.0)"
20230516074,경기도 화성시 효행구 봉담읍 오래4길 4(1층 일부)
20230516424,경기도 화성시 효행구 매송면 서해안고속도로 315(1층 일부)
20230516765,"경기도 화성시 동탄구 동탄중앙로 220(상가동 2층 A-206호의 일부호 반송동, 메타폴리스)"
20230517052,"경기도 화성시 동탄구 동탄순환대로 693(1층 112호,113호 영천동)"
20230517075,경기도 화성시 만세구 우정읍 조암남로33번길 9-7(1동 1층)
20230517156,"경기도 화성시 병점구 한솔길 11(101,102호 송산동)"
20230517283,경기도 화성시 동탄구 동탄순환대로16길 88-4(1층 전체호 산척동)
20230517715,서울특별시 송파구 올림픽로 300(롯데월드몰 2층 신천동)
20230517721,경기도 화성시 병점구 동탄지성로 320(신풍프라자 107호 반월동)
20230517781,경기도 화성시 동탄구 동탄반송2길 50-1(1층 일부102호 반송동)
20230517828,경기도 화성시 병점구 화산로 39(1층 일부호106호 송산동)
20230517893,경기도 화성시 동탄구 동탄대로5길 15(더샵 동탄센텀폴리스 1단지 그랑파사쥬 5층 5064호 송동)
20230518194,경기도 화성시 동탄구 동탄역로 160(동탄역 롯데캐슬 판매시설 지1층 쇼핑몰 일부호 오산동)
20230518304,경기도 화성시 효행구 봉담읍 동화길 85(이원타워 112호)
20230518466,경기도 화성시 효행구 봉담읍 장등2길 6-15(1동 1층 일부호)
20230518672,경기도 화성시 동탄구 동탄순환대로3가길 14-11(화이트스케이프 1동 1층 전부호 송동)
20230518770,"경기도 화성시 동탄구 동탄역로 102(판매시설동 1층 1065호 오산동, 동탄역 린스트라우스)"
20230518835,경기도 화성시 동탄구 동탄대로21가길 4-3(영천주차타워 1동 1층 106호 영천동)
20230519074,경기도 화성시 효행구 매송면 서해안고속도로 315(1층 일부호)
20230519135,경기도 안산시 단원구 시화호수로 633(마리나큐브1차 120호 성곡동)
20230519274,"경기도 화성시 병점구 장조2로 12(MD센터프라자 1동 114,115호 안녕동)"
20230519319,"경기도 화성시 동탄구 동탄중앙로 220(상가동 2층 206호 일부호 반송동, 메타폴리스)"
20230519769,경기도 화성시 동탄구 동탄대로 677-23(1층 일부호105~116호 영천동)
20230520053,경기도 화성시 만세구 남양읍 남양로 695(화성벤처타 1층 101-102호)
20230520138,경기도 화성시 효행구 봉담읍 수영로 161(중흥에스클래스 에듀파크 327동 지1층 118호)
20230520295,경기도 화성시 병점구 병점노을4로 5(병점노블레스 2층 202호 병점동)
20230520345,경기도 화성시 병점구 병점노을5로 20(119호 병점동)
20230520605,경기도 화성시 병점구 황계남길 21-10(13동 1층 전체호 송산동)
20230520606,경기도 화성시 병점구 황계남길 21-10(13동 2층 전체호 송산동)
20230520662,경기도 화성시 동탄구 동탄역로 160(동탄역 롯데캐슬 지하1층 판매시설 일부호 오산동)
20230522150,"경기도 광주시 경충대로 1430(208동 1층 101호 쌍령동, 광주역 대광로제비앙)"
20230522271,경기도 광주시 보뚱치길 1(1층 문형동)
20230522287,경기도 광주시 태전로 118(1층 104호 태전동)
20230522429,"경기도 광주시 초월읍 경충대로 1078(103, 201호)"
20230523062,경기도 광주시 태전동로 21(에듀프라자 1층 115호 태전동)
20230523453,경기도 광주시 퇴촌면 광동로 66(1층 101호)
20230525381,경기도 양주시 옥정동로5나길 87(아진팰리스 1층 일부 옥정동)
20230525416,경기도 양주시 옥정로 208(선양프라자 307호 옥정동)
20230525740,경기도 양주시 독바위로 77(1층 덕정동)
20230525762,경기도 양주시 회천중앙로 244(한길프라자 102호 덕계동)
20230526296,경기도 양주시 송랑로 80(1층 만송동)
20230528191,"경기도 포천시 군내면 용정경제로1길 13-17(다동 101, 102, 103호)"
20230528605,경기도 포천시 소흘읍 호국로 513(1층)
20230531040,경기도 여주시 세종로 151(여주 이마트 2층 홍문동)
20230531092,경기도 여주시 세종로 151(여주 이마트 2층 홍문동)
20230531428,경기도 여주시 명품로 360(여주프리미엄아울렛 WEST middle동 1층 566호 상거동)
20230531475,경기도 여주시 여흥로 85(1층 하동)
20230535084,경기도 가평군 가평읍 가화로 124(1층)
20230535261,경기도 가평군 가평읍 아랫마장길 49-18(1층)
20230541699,강원특별자치도 춘천시 우두1길 157(HY프라자 104호 우두동)
20230545313,강원특별자치도 원주시 황금로 26(1층 111호 반곡동)
20230545530,강원특별자치도 원주시 봉화로 46-1(1층 단계동)
20230545653,강원특별자치도 원주시 문막읍 원문로 1234(문막하행휴게소 1층)
20230545943,강원특별자치도 원주시 능라동길 37(2층 203호 무실동)
20230546356,강원특별자치도 원주시 능라동길 48(1층 110호 무실동)
20230549147,강원특별자치도 강릉시 범일로 639(1층 내곡동)
20230550013,강원특별자치도 강릉시 경강로 2518(1층 송정동)
20230553365,강원특별자치도 동해시 평릉길 21-18(1층 천곡동)
20230553387,강원특별자치도 동해시 동해대로 6437(6동 2층 망상동)
20230553421,강원특별자치도 동해시 평원1길 132(2~3층 평릉동)
20230558064,강원특별자치도 속초시 먹거리2길 28(교동)
20230558119,강원특별자치도 속초시 선사로 1(조양동)
20230560214,강원특별자치도 삼척시 중앙로 249(2층 남양동)
20230562048,강원특별자치도 홍천군 서면 한치골길 262(대명비발디파크)
20230562056,강원특별자치도 홍천군 홍천읍 갈마로 58
20230562206,강원특별자치도 홍천군 서석면 구룡령로 2552(1층)
20230564036,강원특별자치도 횡성군 횡성읍 화성로 26
20230568075,강원특별자치도 평창군 대관령면 올림픽로 715(드래곤프라자 2층)
20230570058,강원특별자치도 정선군 정선읍 정선로 1351
20230572112,강원특별자치도 철원군 갈말읍 명성로139번안길 3(1층)
20230572254,강원특별자치도 철원군 동송읍 금학로 223
20230572370,강원특별자치도 철원군 동송읍 이평1로 17-1
20230574031,강원특별자치도 화천군 화천읍 중앙로6길 33
20230578044,강원특별자치도 인제군 상남면 서울양양고속도로 117
20230580090,강원특별자치도 고성군 토성면 미시령옛길 1153
20230589057,"충청북도 청주시 상당구 중고개로141번길 13-20(허브프라자 2층 201,201-1호 용암동)"
20230589258,"충청북도 청주시 상당구 용담로 50(상가2동 112,113호 탑동, 센트럴 힐데스하임)"
20230589294,"충청북도 청주시 상당구 용담로 50(근생2동 1층 126호 탑동, 청주센트럴 힐데스하임)"
20230589338,충청북도 청주시 상당구 1순환로 1202-1(유천빌딩 1층 방서동)
20230589421,충청북도 청주시 상당구 상당로81번길 63(2층 서문동)
20230589467,충청북도 청주시 상당구 수영로 303-1(1층 용담동)
20230589469,충청북도 청주시 상당구 중고개로141번길 22(스카이타워 1층 105호 용암동)
20230589541,충청북도 청주시 상당구 월평로 209(용암형석아파트 상가2동 101-5호 용암동)
20230589580,충청북도 청주시 상당구 상당로1번길 36(2층 석교동)
20230594046,충청북도 청주시 서원구 용평로113번길 17(1층 분평동)
20230594130,충청북도 청주시 서원구 쌍샘로 21(1층 모충동)
20230594423,충청북도 청주시 서원구 1순환로1107번길 42(대상테마빌딩 102호 분평동)
20230599061,충청북도 청주시 흥덕구 대농로 47-2(3층 복대동)
20230599070,충청북도 청주시 흥덕구 강내면 탑연월곡길 71(1층 일부호)
20230599282,충청북도 청주시 흥덕구 오송읍 봉산3길 30-13(1층 101호)
20230599370,충청북도 청주시 흥덕구 강내면 월곡길 33(1층 일부호)
20230599429,충청북도 청주시 흥덕구 대농로 47-1(신영지웰시티2차 상업시설 상업시설동 주1 3층 305호 복대동)
20230599478,충청북도 청주시 흥덕구 오송읍 오송생명3로 135(1층)
20230599924,충청북도 청주시 흥덕구 서현로 32(가경 자이 프라자 104호 가경동)
20230600024,"충청북도 청주시 흥덕구 오송읍 오송생명13로 13(101,102,105,106호)"
20230600080,충청북도 청주시 흥덕구 내수동로45번길 5(1층 일부호 복대동)
20230600097,충청북도 청주시 흥덕구 서현북로 72(1층 103호 가경동)
20230600166,충청북도 청주시 흥덕구 과상미로101번길 5(1층 일부호 봉명동)
20230600292,충청북도 청주시 흥덕구 신율로111번길 10(1층 복대동)
20230604116,충청북도 청주시 청원구 오창읍 중심상업2로 9-24(1층)
20230604538,충청북도 청주시 청원구 상당로 314(원더아리아 1층 내덕동)
20230604565,충청북도 청주시 청원구 오창읍 2산단로 183(1층 103호)
20230604631,충청북도 청주시 청원구 사뜸로 100-6(1층 102호 사천동)
20230604709,충청북도 청주시 청원구 오창읍 오창대로 315(105호)
20230609098,"충청북도 충주시 금가면 보라매로 162-2(1층 은하, 은성아파트)"
20230609285,충청북도 충주시 번영대로 113(1층 연수동)
20230609596,충청북도 충주시 중앙탑면 중부내륙고속도로 230-1(충주휴게소-주유소양평종점)
20230612393,충청북도 제천시 의병대로 156-1(1층 동현동)
20230619024,충청북도 영동군 영동읍 난계로 1110
20230623238,충청북도 진천군 덕산읍 대하로 147(1층 111호)
20230623405,충청북도 진천군 진천읍 문화로 404(103호)
20230627137,충청북도 음성군 대소읍 대동로 863(1층 101호)
20230630029,충청북도 단양군 단양읍 도전4길 29
20230637098,충청남도 천안시 동남구 청수4로 10(110호 청당동)
20230637173,충청남도 천안시 동남구 만남로 43(본관2동 6층 신부동)
20230637229,충청남도 천안시 동남구 만남로 43(본관2동 6층 신부동)
20230637276,충청남도 천안시 동남구 성정로 26(1층 봉명동)
20230637312,"충청남도 천안시 동남구 수도산공원길 1(상가동 B208층 청수동, 청수행정타운 금호어울림)"
20230637359,충청남도 천안시 동남구 만남로 43(본관2동 6층 신부동)
20230640022,"충청남도 천안시 서북구 공원로 196(5층 불당동, 펜타포트)"
20230640043,충청남도 천안시 서북구 공원로 227(갤러리아 센터시티 지하 1층 불당동)
20230640100,"충청남도 천안시 서북구 불당23로 73-27(1층 112,113호 불당동)"
20230640168,충청남도 천안시 서북구 성성4길 68(지호락 주건축물제1동 2층 성성동)
20230640294,"충청남도 천안시 서북구 한들3로 36-17(A동 1층 105호 백석동, 천안백석3차 IPARK)"
20230640354,"충청남도 천안시 서북구 성거읍 수청2길 19(1동 1,2층)"
20230640367,충청남도 천안시 서북구 두정로 117(퓨전리더스주차빌딩 1층 113호 두정동)
20230640381,"충청남도 천안시 서북구 북일로 21(상가동 1층 106호 두정동, e편한세상 두정3차)"
20230640772,충청남도 천안시 서북구 검은들3길 58(메가클래스 블루 1층 107호 불당동)
20230640851,충청남도 천안시 서북구 성정로 105(태주빌딩 1층 성정동)
20230643224,"충청남도 당진시 송악읍 신복운로 49(101,102,103호 송악프라자)"
20230643453,충청남도 당진시 신평면 거산3거리길 74-6(왼쪽호)
20230643666,충청남도 당진시 시청2로 20(101호 수청동)
20230646086,충청남도 공주시 신금1길 48(삼우타운 110호 신관동)
20230646192,충청남도 공주시 봉산길 19(중동)
20230646243,충청남도 공주시 이인면 논산천안고속도로 32(이인상행휴게소)
20230646244,충청남도 공주시 탄천면 논산천안고속도로 27(탄천하행휴게소 1층)
20230648134,"충청남도 보령시 터미널길 24-8(1,2층 궁촌동)"
20230648137,충청남도 보령시 한내로 36(103호 동대동)
20230648266,충청남도 보령시 신설1길 25(1층 동대동)
20230648316,충청남도 보령시 명천로2길 15(1층 명천동)
20230648372,충청남도 보령시 보령북로 101(1층 대천동)
20230648391,충청남도 보령시 작은오랏5길 3(1층 동대동)
20230651200,"충청남도 아산시 탕정면 한들물빛6로 14(1층 101호,102호,103호)"
20230651333,충청남도 아산시 온천대로 1538(5층 1호 온천동)
20230651582,"충청남도 아산시 탕정면 한들물빛5로 17(1층 114호,115호,116호)"
20230651588,충청남도 아산시 배방읍 배방로173번길 10-18(1층)
20230651667,충청남도 아산시 탕정면 탕정면로8번길 93-4(1층)
20230651674,충청남도 아산시 배방읍 모산로 121(2동 1층 102호)
20230651739,"충청남도 아산시 문화로 257-17(110동 1층 104-1호 권곡동, 청솔아파트)"
20230651871,충청남도 아산시 탕정면 탕정면로8번길 97-5(1층)
20230651873,충청남도 아산시 배방읍 배방로 267(1층 104호)
20230652207,충청남도 아산시 삼동로16번길 7-5(1층 모종동)
20230654313,충청남도 서산시 예천1로 3-57(1층 예천동)
20230654339,충청남도 서산시 호수공원7로 42(1층 예천동)
20230654477,충청남도 서산시 예천7로 41-7(1층 예천동)
20230654494,충청남도 서산시 안견로 242(3층 동문동)
20230656543,충청남도 논산시 시민로 187(3층 내동)
20230659112,충청남도 계룡시 엄사면 번영5길 15-1(103-1호)
20230669014,충청남도 홍성군 홍북읍 홍학로 48(홍성가족어울림센터 3층)
20230669153,충청남도 홍성군 홍북읍 의향로 267(104호)
20230671001,충청남도 예산군 예산읍 관양산길 36-9
20230671083,"충청남도 예산군 예산읍 형제고개로 967(바동 10,11호)"
20230671197,"충청남도 예산군 예산읍 예산시장길 2(162,163호)"
20230671198,충청남도 예산군 예산읍 형제고개로 967(사동 2호)
20230673047,충청남도 태안군 안면읍 꽃지해안로 204(아일랜드리솜)
20230673097,충청남도 태안군 안면읍 꽃지해안로 204(아일랜드리솜 10동 2층)
20230679244,전북특별자치도 전주시 완산구 메너머1길 7(1층 중화산동2가)
20230679256,전북특별자치도 전주시 완산구 전주객사4길 24-47(B동 4층 고사동)
20230679293,전북특별자치도 전주시 완산구 백제대로 10(2동 1층 101호일부호 평화동1가)
20230679330,전북특별자치도 전주시 완산구 온고을로 2(7층 서신동)
20230679462,전북특별자치도 전주시 완산구 홍산로 261(1층 효자동2가)
20230679680,"전북특별자치도 전주시 완산구 유연로 217(상가동 1층 108호 효자동3가, 호반베르디움아파트)"
20230679688,전북특별자치도 전주시 완산구 마전중앙로 22(3층 효자동3가)
20230679745,전북특별자치도 전주시 완산구 효자로 161(2층 204호일부호 효자동3가)
20230679758,전북특별자치도 전주시 완산구 온고을로 2(지하1층 서신동)
20230679764,전북특별자치도 전주시 완산구 온고을로 2(지하1층 서신동)
20230679769,전북특별자치도 전주시 완산구 온고을로 2(지하1층 서신동)
20230679855,전북특별자치도 전주시 완산구 평화18길 31(1층일부층 평화동1가)
20230680020,전북특별자치도 전주시 완산구 장승배기로 186(1층일부층 평화동1가)
20230680070,전북특별자치도 전주시 완산구 용리로 143(상가동 1층 8호 삼천동1가)
20230683050,전북특별자치도 전주시 덕진구 명륜4길 23(1층 일부호 덕진동1가)
20230683162,전북특별자치도 전주시 덕진구 안덕원로 250(1층 일부호 인후동1가)
20230683388,전북특별자치도 전주시 덕진구 가리내8길 10-5(1층 일부호 덕진동2가)
20230683707,전북특별자치도 전주시 덕진구 만성남9길 12(1층 전체호 만성동)
20230683773,"전북특별자치도 전주시 덕진구 세병로 12(1층 102,103호 송천동2가)"
20230683782,전북특별자치도 전주시 덕진구 송천중앙로 209(1층 일부호 송천동1가)
20230683875,전북특별자치도 전주시 덕진구 기린대로 800(1층 일부호 팔복동1가)
20230683885,전북특별자치도 전주시 덕진구 송천중앙로 192(LP송천점 1층 일부호 송천동2가)
20230687067,전북특별자치도 군산시 조촌로 130(롯데몰 군산점 1층 조촌동)
20230687123,전북특별자치도 군산시 서당길 4(1호 구암동)
20230687160,전북특별자치도 군산시 궁포3로 12(102호 조촌동)
20230687219,전북특별자치도 군산시 조촌로 130(롯데몰 군산점 3층 조촌동)
20230687326,전북특별자치도 군산시 번영로 158(1층 경장동)
20230687536,전북특별자치도 군산시 조촌로 92(조촌동)
20230687756,전북특별자치도 군산시 미장안6길 18(102호 미장동)
20230687819,전북특별자치도 군산시 궁포1로 24-3(202-4호 조촌동)
20230687835,전북특별자치도 군산시 미장안길 50-1(104호 미장동)
20230691054,전북특별자치도 익산시 무왕로11길 18-1(1층 영등동)
20230691255,전북특별자치도 익산시 익산대로68길 32(2층 1호 신동)
20230691353,전북특별자치도 익산시 고봉로5길 32(지하1-1지상층 영등동)
20230691497,전북특별자치도 익산시 중앙로 10(1층 중앙동1가)
20230691811,전북특별자치도 익산시 왕궁면 국가식품로5길 7(2층)
20230695313,전북특별자치도 정읍시 수성4로 41-11(수성동)
20230695482,전북특별자치도 정읍시 서부산업도로 287(연지동)
20230695491,전북특별자치도 정읍시 상신경1길 13-4(상동)
20230698144,전북특별자치도 남원시 이백면 초촌길 185(1층)
20230698301,전북특별자치도 남원시 관서당길 23(1층 쌍교동)
20230700028,전북특별자치도 김제시 금성로 96(1층 신풍동)
20230700045,전북특별자치도 김제시 성산길 138(보건소 104호 요촌동)
20230700139,전북특별자치도 김제시 화동길 6(요촌동)
20230702006,전북특별자치도 완주군 삼례읍 삼봉3로 21(상가동 105호 완주 푸르지오 더 퍼스트)
20230702207,전북특별자치도 완주군 이서면 기지로 47(108호)
20230706014,전북특별자치도 무주군 설천면 구천동로 1051(1층)
20230708075,전북특별자치도 장수군 장수읍 교촌로 21
20230712072,전북특별자치도 순창군 순창읍 순창5길 2
20230712114,전북특별자치도 순창군 순창읍 장류로 55(13동 1층 7호)
20230720020,전남광주통합특별시 목포시 영산로 525(1층 상동)
20230720089,"전남광주통합특별시 목포시 연산백련로1번길 51(상가동 1층 103호 연산동, 포미타운엘에이치6단지)"
20230720110,전남광주통합특별시 목포시 교육로66번길 23-1(1층 상동)
20230720693,전남광주통합특별시 목포시 장미로 25(1층 105호 상동)
20230720702,전남광주통합특별시 목포시 원산중앙로 43(1층 산정동)
20230720799,전남광주통합특별시 목포시 청호로 170(4층 산정동)
20230724057,전남광주통합특별시 여수시 웅남3길 31(1층 웅천동)
20230724481,전남광주통합특별시 여수시 웅남2길 37(웅천동)
20230724662,전남광주통합특별시 여수시 오동도로 61-13(여수 베네치아 호텔 앤 리조트 수정동)
20230724974,전남광주통합특별시 여수시 웅남4길 43(웅천동)
20230728106,전남광주통합특별시 순천시 비봉2길 4-12(지하1층 조례동)
20230728107,전남광주통합특별시 순천시 오천6길 57(1층 오천동)
20230728361,전남광주통합특별시 순천시 오천6길 24(G-Place 오 1층 112호 오천동)
20230728379,전남광주통합특별시 순천시 해룡면 향매로 130(1층)
20230728446,전남광주통합특별시 순천시 해룡면 신대로 10(2층)
20230728504,전남광주통합특별시 순천시 안신기1길 20(1층 가곡동)
20230732031,"전남광주통합특별시 나주시 한빛로 27(106,107호 빛가람동)"
20230732171,전남광주통합특별시 나주시 나주로 81(1층 우측 첫번째칸 송월동)
20230732232,전남광주통합특별시 나주시 그린로 321(1층 104호 빛가람동)
20230732551,"전남광주통합특별시 나주시 중야2길 10(5층501호일부,502호,503호 빛가람동)"
20230734007,"전남광주통합특별시 광양시 시청로 62(101동 201호 중동, e편한세상 광양)"
20230734223,전남광주통합특별시 광양시 광양읍 서평8길 23(4층중1층일부)
20230734254,"전남광주통합특별시 광양시 항만13로 17(2층중1층일부,2층전부,옥상일부 중동)"
20230734297,전남광주통합특별시 광양시 광장로 125(광양시티프라자 A동 107호 중동)
20230734305,전남광주통합특별시 광양시 성황1길 16(5층중2층전부 성황동)
20230734399,전남광주통합특별시 광양시 수동1길 23(1층중1층전부 성황동)
20230734454,전남광주통합특별시 광양시 시청로 67(1층중 1층일부 중동)
20230734571,전남광주통합특별시 광양시 광영로 67(4층중 1층일부 광영동)
20230734647,전남광주통합특별시 광양시 광양읍 순광로 466(광양LF스퀘어 가든동 5층중 1층일부)
20230734656,전남광주통합특별시 광양시 광양읍 순광로 466(광양LF스퀘어 가든동 푸드코트1층일부)
20230737109,전남광주통합특별시 담양군 담양읍 중앙로 22-1
20230737237,전남광주통합특별시 담양군 담양읍 중앙로 106-1
20230739158,전남광주통합특별시 곡성군 곡성읍 읍내19길 2
20230741060,전남광주통합특별시 구례군 구례읍 섬진강로 30
20230747029,전남광주통합특별시 화순군 이양면 이양로 95(1층 일부호)
20230747039,전남광주통합특별시 화순군 화순읍 칠충로 141-7(114동 1층 113B호 힐스테이트 화순)
20230747199,전남광주통합특별시 화순군 화순읍 광덕로 193(1층 106호)
20230747256,"전남광주통합특별시 화순군 화순읍 광덕로 204(화순 부영아파트 상가동 103, 104호)"
20230747301,전남광주통합특별시 화순군 화순읍 대교로 80(1층 좌측호)
20230749006,전남광주통합특별시 장흥군 장흥읍 중앙로 48-1
20230751017,전남광주통합특별시 강진군 도암면 월곶로 469(강진만 해양관광터미널)
20230751024,전남광주통합특별시 강진군 강진읍 고성길 26(1~3층)
20230751069,전남광주통합특별시 강진군 강진읍 서문길 2(1층)
20230751077,전남광주통합특별시 강진군 강진읍 서성안길 8(1층)
20230753040,전남광주통합특별시 해남군 해남읍 남부순환로 9-4(1층 101호)
20230755047,전남광주통합특별시 영암군 삼호읍 대불주거8로 16(215동 101~102호)
20230755206,전남광주통합특별시 영암군 영암읍 중앙로 14(1층 6호)
20230757130,전남광주통합특별시 무안군 무안읍 불무로 38-3(보경프라자)
20230757146,전남광주통합특별시 무안군 삼향읍 남악3로82번가길 34(101호)
20230759094,전남광주통합특별시 함평군 학교면 학교화산길 19
20230761012,전남광주통합특별시 영광군 영광읍 신남로 166(1층)
20230761030,전남광주통합특별시 영광군 홍농읍 상하길 47-1(1층)
20230761090,전남광주통합특별시 영광군 영광읍 신남로 169(1층 105호)
20230767061,전남광주통합특별시 진도군 진도읍 남동1길 62-19
20230767089,전남광주통합특별시 진도군 진도읍 쌍정1길 10(1층)
20230767121,전남광주통합특별시 진도군 진도읍 서문길 36-1
20230769005,전남광주통합특별시 신안군 지도읍 해제지도로 792
20230769006,전남광주통합특별시 신안군 압해읍 원신장길 10-2
20230769017,전남광주통합특별시 신안군 자은면 자은서부1길 163-101
20230769018,전남광주통합특별시 신안군 자은면 자은서부1길 163-101(2층)
20230769019,전남광주통합특별시 신안군 자은면 자은서부1길 163-101(1층)
20230769020,전남광주통합특별시 신안군 자은면 자은서부1길 163-101(2층)
20230769021,전남광주통합특별시 신안군 자은면 자은서부1길 163-101(1층)
20230769050,전남광주통합특별시 신안군 압해읍 압해로 850
20230769075,전남광주통합특별시 신안군 압해읍 대벌길 28-12
20230769113,전남광주통합특별시 신안군 압해읍 압해로 1852-5(5호)
20230778010,경상북도 포항시 북구 흥해읍 흥해로 29-2(1층)
20230778124,경상북도 포항시 북구 중앙상가4길 16-3(1층 상원동)
20230778185,경상북도 포항시 북구 삼흥로 20(1층 장성동)
20230778193,경상북도 포항시 북구 흥해읍 초곡지구로58번길 38-17(135동 지하1층 510호)
20230778390,경상북도 포항시 북구 새천년대로 1029-8(1층 창포동)
20230778502,경상북도 포항시 북구 흥해읍 초곡지구로 65(2동 101호)
20230778835,경상북도 포항시 북구 학산로 62(롯데백화점 9층 학산동)
20230781242,경상북도 경주시 북군3길 12-20(북군동)
20230781333,경상북도 경주시 사정로57번길 7(사정동)
20230781544,경상북도 경주시 보문로 182-27(경주한화리조트 북군동)
20230781583,경상북도 경주시 보문로 529(1층 천군동)
20230781600,경상북도 경주시 보문로 544(경주월드/서라벌청소년수련관 A37호 천군동)
20230781629,"경상북도 경주시 영불로 174(1,2층 진현동)"
20230781731,"경상북도 경주시 진현로2길 54(3동 1층 7,8호 진현동)"
20230782148,경상북도 경주시 원효로 99(1층 노동동)
20230785435,경상북도 김천시 혁신6로 10(율곡동)
20230788073,경상북도 안동시 풍천면 풍요4길 36-9(1층 101호)
20230788400,경상북도 안동시 광명로 178(옥동빌딩 1층 104호 옥동)
20230788697,경상북도 안동시 풍천면 호수공원2길 12(1층 105호)
20230794254,"경상북도 구미시 금오산로 219(1,2층 남통동)"
20230794608,경상북도 구미시 인동26길 35-4(1층 진평동)
20230794709,경상북도 구미시 산호대로25길 10(1층 옥계동)
20230794729,경상북도 구미시 산동읍 강동로 995(주1동 1층)
20230795098,경상북도 구미시 고아읍 문성로6길 4-14(주1동 1층)
20230795164,경상북도 구미시 송선로 503(1층 도량동)
20230801051,경상북도 영주시 대학로68번길 3(휴천동)
20230803222,경상북도 영천시 청통면 청통로 334-42
20230805111,경상북도 상주시 문무1길 48(2층 무양동)
20230805125,경상북도 상주시 동수4길 38-10(1층 무양동)
20230805164,경상북도 상주시 상산로 240(남성동)
20230811112,경상북도 경산시 하양읍 금송로 25-1(1층)
20230811172,"경상북도 경산시 성암로7길 19(1,2,3층 옥산동)"
20230811242,경상북도 경산시 삼성현로 734(유곡동)
20230811886,경상북도 경산시 중앙로 39(5층 중방동)
20230811938,경상북도 경산시 경산로 51(일진빌딩 1층 옥곡동)
20230818041,경상북도 청송군 진보면 진보로 186
20230822156,경상북도 영덕군 영덕읍 군청길 121
20230822159,경상북도 영덕군 축산면 축산항길 85-9(7층)
20230828019,경상북도 성주군 선남면 중부내륙고속도로 77(남성주창원방향휴게소)
20230832036,경상북도 예천군 용궁면 용궁로 173(1층)
20230832060,경상북도 예천군 예천읍 맛고을길 41
20230832125,"경상북도 예천군 호명읍 새움3로 46(우방프라자 센트럴 107,108호)"
20230832160,경상북도 예천군 호명읍 새움3로 36(도청W타워 108호)
20230832236,경상북도 예천군 호명면 새움3로 60-3(한국빌딩 107호)
20230844623,"경상남도 창원시 의창구 창원대로397번길 6(뉴코아아울렛 6층 6003,6003-1,6004,6004-1호 팔용동)"
20230844624,경상남도 창원시 의창구 창원대로397번길 6(뉴코아아울렛 6층 6006호 팔용동)
20230844625,"경상남도 창원시 의창구 창원대로397번길 6(뉴코아아울렛 6층 6007,6007-1,6007-2호 팔용동)"
20230844626,경상남도 창원시 의창구 창원대로397번길 6(뉴코아아울렛 6층 6009호 팔용동)
20230848139,경상남도 창원시 성산구 용지로123번길 13(1층 일부호 중앙동)
20230848241,"경상남도 창원시 성산구 원이대로863번길 7(312동 1층 103일부호 가음동, 창원더샵센트럴파크3단지)"
20230848246,경상남도 창원시 성산구 삼정자로43번길 2(성산빌딩 2층 206호 성주동)
20230848439,경상남도 창원시 성산구 중앙대로 123(롯데마트 창원중앙점 1층 일부호 중앙동)
20230848440,경상남도 창원시 성산구 중앙대로 123(롯데마트 창원중앙점 1층 일부호 중앙동)
20230848497,경상남도 창원시 성산구 상남로 93(상남동 복합공영주차장 1층 일부106호 상남동)
20230852211,경상남도 창원시 마산합포구 합포로 251(신세계백화점 지하1층 산호동)
20230852330,경상남도 창원시 마산합포구 산호북1길 31(1층 산호동)
20230852569,경상남도 창원시 마산합포구 합포로 251(신세계백화점 지하1층 산호동)
20230855252,"경상남도 창원시 마산회원구 삼호로 63(창원NC파크 마산구장 1,2층 양덕동)"
20230855421,경상남도 창원시 마산회원구 내서읍 광려천북로 184-1(지팝프라자 101호)
20230858238,경상남도 창원시 진해구 웅천동로106번길 19(남문에코프라자 1층 104호 남문동)
20230858507,경상남도 창원시 진해구 용원로 48(1층 일부호 용원동)
20230858622,경상남도 창원시 진해구 남영로55번길 6-1(2층 일부호 남문동)
20230861513,경상남도 진주시 사들로 56(노블프라자 105호 충무공동)
20230861517,경상남도 진주시 평거로 38(1층일부 평거동)
20230861580,경상남도 진주시 진양호로 386-1(1층일부 신안동)
20230862452,"경상남도 진주시 새평거로 25(상가1동 114호 평거동, 더 퀸즈웰가)"
20230865046,경상남도 통영시 북신로 58(1층 북신동)
20230865098,"경상남도 통영시 원문로 12(103호 북신동, 진우데파트)"
20230865130,경상남도 통영시 통영해안로 317-1(1~2층 항남동)
20230865192,경상남도 통영시 광도면 죽림5로 55-14(102호)
20230865250,경상남도 통영시 여황로 400-8(진우프라자 B-107호 북신동)
20230865318,"경상남도 통영시 광도면 죽림5로 47(3,4호)"
20230865336,경상남도 통영시 통영해안로 323-1(1층 항남동)
20230865394,"경상남도 통영시 중앙로 264(상가108호 북신동, 송림데파트)"
20230870442,경상남도 김해시 분성로 382(1층 동상동)
20230870465,경상남도 김해시 번화2로28번길 5-15(1층 일부 삼문동)
20230870601,"경상남도 김해시 번화1로44번길 12(위드3빌딩 106호, 107호 대청동)"
20230870836,경상남도 김해시 김해대로1902번길 67(1층 구산동)
20230870860,경상남도 김해시 우암로 2(성원아파트 상가 1층 104호 외동)
20230870988,경상남도 김해시 김해대로 2232(신세계백화점 김해점 4층 외동)
20230871072,"경상남도 김해시 금관대로 1407(근린생활시설동 B103호 내동, 연지공원 푸르지오)"
20230871465,경상남도 김해시 장유로 469(롯데 프리미엄 아울렛 김해점 3층 신문동)
20230877018,경상남도 거제시 거제중앙로19길 42(1층 고현동)
20230877036,경상남도 거제시 장목면 거제북로 2501-40(한화리조트 거제 벨버디어 지1층 푸드코트-8호)
20230877184,경상남도 거제시 거제면 거제남서로 3466(1층 상가 101호 청목 아델하임)
20230877334,"경상남도 거제시 장평로 12(1층 1-018,019,020,021,022호 장평동)"
20230877541,경상남도 거제시 거제중앙로31길 17(1층 고현동)
20230880140,경상남도 양산시 동면 석산1길 21(1층 일부)
20230880170,경상남도 양산시 동면 내송내안2길 13(송림플러스 106호)
20230880314,경상남도 양산시 동면 내송큰들로 35(에듀프라자 105호)
20230880714,경상남도 양산시 동면 내송로 13(1~4호)
20230880865,경상남도 양산시 동면 삼송로 101(102호)
20230881119,"경상남도 양산시 동면 금오14길 9-24(101호,102호)"
20230881488,경상남도 양산시 물금읍 백호로 42-1(1층)
20230890038,경상남도 고성군 고성읍 동외로 166(1층 102호)
20230892102,경상남도 남해군 남해읍 화전로 7-1
20230906105,제주특별자치도 제주시 월랑로10길 9(1층 노형동)
20230906129,제주특별자치도 제주시 첨단로 199(지하1층 102호 영평동)
20230906202,제주특별자치도 제주시 월랑로 82(1층 노형동)
20230906222,제주특별자치도 제주시 월랑로 82(2층 노형동)
20230906638,제주특별자치도 제주시 일주서로 7315(1층 외도이동)
20230906719,제주특별자치도 제주시 다호북길 109(1층 도두이동)
20230906743,제주특별자치도 제주시 동고산로 14-1(1층 이도이동)
20230906772,제주특별자치도 제주시 국기로 9(1층 연동)
20230907024,"제주특별자치도 제주시 원노형남1길 27(1층 101호 노형동, 경림주택)"
20230907076,제주특별자치도 제주시 연동11길 12(1층 연동)
20230907087,제주특별자치도 제주시 우정로 22(1층 외도일동)
20230907502,제주특별자치도 제주시 산지로 17(나동 1층 건입동)
20230907580,"제주특별자치도 제주시 삼무로11길 9(지하1층 B103호 연동, 남해오네뜨)"
20230907883,제주특별자치도 제주시 월랑로 70(1층 노형동)
20230907925,제주특별자치도 제주시 연동13길 38(1층 연동)
20230907982,제주특별자치도 제주시 오남로6길 29-1(1층 오라일동)
20230908002,제주특별자치도 제주시 조천읍 신북로 529(1층)
20230908035,제주특별자치도 제주시 한라대학로 33(1층 노형동)
20230908115,제주특별자치도 제주시 고산동산5길 4(1층 이도이동)
20230908148,제주특별자치도 제주시 서사로 28(삼성리빙프라자 제주삼도점 1층 삼도일동)
20230908236,제주특별자치도 제주시 서광로 205(세종빌딩 1층 삼도일동)
20230908301,제주특별자치도 제주시 조천읍 함덕로 6(1층)
20230911059,제주특별자치도 서귀포시 안덕면 병악로 24(1층)
20230911881,제주특별자치도 서귀포시 안덕면 신화역사로304번길 98(F001동 지하 1층)
20230911935,제주특별자치도 서귀포시 태평로 518(1층 동홍동)
20240040017,"서울특별시 종로구 종로5길 7(Tower 8 지상 1층 116~119, 126~129호 청진동)"
20240040069,서울특별시 종로구 종로53길 17(1층 창신동)
20240040123,서울특별시 종로구 대학로 57(홍익대학교대학로캠퍼스 지하 1층 연건동)
20240040184,서울특별시 종로구 새문안로 76(콘코디언concordian B1층 102호 신문로1가)
20240040271,서울특별시 종로구 종로 19(르메이에르종로타운1 지상 1층 121-1호 종로1가)
20240040284,서울특별시 종로구 청계천로 41(영풍빌딩 지하 2층 서린동)
20240040369,서울특별시 종로구 삼일대로15길 22(지상1층-지상2층 관철동)
20240040426,서울특별시 종로구 새문안로5길 19(로얄빌딩 제지하1층 제57호 당주동)
20240040623,서울특별시 종로구 종로 68(대한기독교서회 1층 종로2가)
20240040836,서울특별시 종로구 인사동길 14(지상2층 인사동)
20240040871,서울특별시 종로구 종로 413(동보빌딩 지상1층 숭인동)
20240045123,서울특별시 중구 다산로36길 36(1층 103호 신당동)
20240045291,서울특별시 중구 청계천로 40(한국관광공사 서울센터 5층 다동)
20240045299,서울특별시 중구 을지로 281(DDP마켓 지2층 C2호 을지로7가)
20240045312,서울특별시 중구 소공로 63(신세계백화점건물 지1층 충무로1가)
20240045487,서울특별시 중구 남대문로 81(롯데백화점 본점 14층 소공동)
20240045715,서울특별시 중구 칠패로 46(우남빌딩 1층 102호 봉래동1가)
20240045755,서울특별시 중구 장충단로 275(두산타워빌딩 지2층 105호 을지로6가)
20240045772,서울특별시 중구 퇴계로 52(16층 회현동1가)
20240045810,서울특별시 중구 을지로 80-1(보승빌딩 1층 102호 을지로2가)
20240045838,서울특별시 중구 삼일대로 343(대신파이낸스센터Daishin Finance Center 지하1층 저동1가)
20240045952,서울특별시 중구 세종대로 81(1층 태평로2가)
20240046080,서울특별시 중구 충무로 22(호운빌딩 1층 인현동1가)
20240046089,서울특별시 중구 퇴계로 52(보코 서울 명동 호텔 2층 회현동1가)
20240046134,서울특별시 중구 장충단로13길 20(현대시티아울렛 지2층 을지로6가)
20240046180,서울특별시 중구 장충단로4길 25(지1~지상2층 장충동1가)
20240046272,서울특별시 중구 다산로 155(BOM빌딩 1층 신당동)
20240046275,서울특별시 중구 을지로 264(7층 2호 을지로6가)
20240046327,서울특별시 중구 남대문로 81(롯데백화점 본점 지하1층 소공동)
20240046333,서울특별시 중구 무교로 13(휘닉스빌딩 2층 무교동)
20240046485,서울특별시 중구 한강대로 405(3층 320-A호 봉래동2가)
20240046486,서울특별시 중구 한강대로 405(3층 320-B호 봉래동2가)
20240046490,서울특별시 중구 남대문로 81(롯데백화점 본점 지하1층 소공동)
20240046611,서울특별시 중구 남대문로 81(롯데백화점 본점 지하1층 소공동)
20240046630,서울특별시 중구 퇴계로 15(3층 남대문로5가)
20240046658,서울특별시 중구 남대문로 81(롯데백화점 본점 14층 소공동)
20240050100,서울특별시 용산구 청파로47길 59(1층 청파동3가)
20240050142,서울특별시 용산구 한강대로23길 55(용산역 7층 한강로3가)
20240050493,서울특별시 용산구 한강대로10길 15(1층 한강로3가)
20240050603,서울특별시 용산구 새창로14길 43(1층 용문동)
20240050750,"서울특별시 용산구 서빙고로 17(1층 1035,1036,1037호 한강로3가)"
20240050906,서울특별시 용산구 독서당로 85(하나은행 지하1층 한남동)
20240051006,서울특별시 용산구 한강대로23길 55(용산역 7층 한강로3가)
20240051075,서울특별시 용산구 한강대로23길 55(용산역 6층 한강로3가)
20240051288,서울특별시 용산구 한강대로23길 55(지하2층 한강로3가)
20240051303,서울특별시 용산구 한강대로23길 55(용산역 8층 한강로3가)
20240051357,서울특별시 용산구 청파로20길 95(서울드래곤시티 33층 한강로3가)
20240051364,서울특별시 용산구 한강대로23길 55(용산역 7층 한강로3가)
20240051387,서울특별시 용산구 청파로20길 95(서울드래곤시티 B동 5층 504호 한강로3가)
20240054101,서울특별시 성동구 독서당로39길 48(1층 옥수동)
20240054301,서울특별시 성동구 왕십리로8길 18-1(3층 성수동1가)
20240054405,서울특별시 성동구 상원1길 35-23(1층 성수동1가)
20240054528,서울특별시 성동구 연무장길 70(1층 성수동2가)
20240054529,"서울특별시 성동구 연무장길 70(3,4층 성수동2가)"
20240055101,"서울특별시 성동구 왕십리로 410(153타워동 1층 107,108,109호 하왕십리동, 센트라스)"
20240055118,서울특별시 성동구 아차산로 6(누디트 서울숲 1층 성수동1가)
20240055153,서울특별시 성동구 성수이로 94(세림빌딩 1층 성수동2가)
20240058133,서울특별시 광진구 능동로 400(보건복지행정타운 102호 중곡동)
20240058338,서울특별시 광진구 능동로 137(1층 화양동)
20240058455,"서울특별시 광진구 능동로 68(107호 자양동, 이튼타워리버1차)"
20240058719,서울특별시 광진구 능동로 246(2층 능동)
20240058801,"서울특별시 광진구 광나루로 545(에이동 1층 4호 구의동, 래미안파크스위트)"
20240058845,서울특별시 광진구 용마산로 107(금빛유치원 1층 102호 중곡동)
20240058899,"서울특별시 광진구 광나루로 458(1층 비01호 구의동, e편한세상 광진 그랜드파크)"
20240058932,서울특별시 광진구 능동로 18(1층 107호 자양동)
20240058955,서울특별시 광진구 아차산로 244(2층 제나 2호 자양동)
20240058976,서울특별시 광진구 뚝섬로 657(1층 105호 자양동)
20240059140,서울특별시 광진구 아차산로 461(1층 구의동)
20240059164,서울특별시 광진구 구의로4길 4(1층 구의동)
20240062075,서울특별시 동대문구 휘경로 12(1층 이문동)
20240062184,서울특별시 동대문구 전농로 36(답십리포레스트스퀘어 1층 102호 답십리동)
20240062223,"서울특별시 동대문구 답십리로57길 53(상가2동 1층 101,102호 답십리동, 답십리청솔우성아파트)"
20240062359,서울특별시 동대문구 전농로 59(1층 101호 답십리동)
20240062531,"서울특별시 동대문구 망우로 67(1층 102호 휘경동, 효자 워너빌)"
20240062597,"서울특별시 동대문구 답십리로 27(상가동 1층 118호 전농동, 청량리역 롯데캐슬 SKY-L65)"
20240062686,서울특별시 동대문구 왕산로32길 43(1층 용두동)
20240062701,"서울특별시 동대문구 왕산로 214(청량리역,롯데백화점 5층 501호 전농동)"
20240062766,서울특별시 동대문구 휘경로 3(2층 이문동)
20240062790,서울특별시 동대문구 경희대로 20(1층 회기동)
20240062878,"서울특별시 동대문구 왕산로 214(청량리역,롯데백화점 지하2층 푸드코트호 전농동)"
20240062975,서울특별시 동대문구 답십리로1길 10(힐스테이트 청량리 더퍼스트 힐스에비뉴동 127호 전농동)
20240063092,서울특별시 동대문구 경희대로4길 2(2-3층 회기동)
20240063150,서울특별시 동대문구 왕산로33길 67(1층 제기동)
20240063288,서울특별시 동대문구 장한로18길 57(축제빌딩 1층 장안동)
20240067065,"서울특별시 중랑구 동일로109길 28-16(우측 1층 103호,104호 면목동)"
20240067452,서울특별시 중랑구 동일로 920(1층 묵동)
20240067502,"서울특별시 중랑구 망우로 353(3층 상봉동, 상봉 프레미어스 엠코)"
20240067565,"서울특별시 중랑구 용마산로 388(석연빌딩 1층 7,8호 면목동)"
20240067618,"서울특별시 중랑구 동일로 941(101동 101호 묵동, 극동늘푸른아파트)"
20240067738,"서울특별시 중랑구 봉화산로 221(1층 104호 신내동, 동성타워프라자)"
20240067752,서울특별시 중랑구 봉우재로 7(1층 2-1호 면목동)
20240067753,서울특별시 중랑구 봉우재로 7(1층 2-2호 면목동)
20240067780,서울특별시 중랑구 면목로55길 42(1층 면목동)
20240067849,서울특별시 중랑구 면목로 398(1층 102호 면목동)
20240067894,서울특별시 중랑구 동일로 919(1층 묵동)
20240072574,서울특별시 성북구 고려대로 73(고려대병원 1층 안암동5가)
20240072583,"서울특별시 성북구 길음로 11(상가동 157호 길음동, 길음역롯데캐슬트윈골드아파트)"
20240072680,서울특별시 성북구 화랑로13길 7(지상2층 하월곡동)
20240073185,"서울특별시 성북구 길음로 11(상가동 B24,B25,B26,B27호 길음동, 길음역롯데캐슬트윈골드아파트)"
20240076014,서울특별시 강북구 도봉로 205(1층 미아동)
20240076118,서울특별시 강북구 노해로36길 12(1층 수유동)
20240076168,"서울특별시 강북구 도봉로 315(1층 101, 102호 수유동, 에피소드 수유 838)"
20240076221,서울특별시 강북구 한천로109길 21-4(101호 번동)
20240076873,서울특별시 강북구 한천로 1051(1층 수유동)
20240080172,서울특별시 도봉구 시루봉로 199(1층 방학동)
20240080218,"서울특별시 도봉구 도봉로150길 43(1층 110호 방학동, ESA 아파트)"
20240080280,"서울특별시 도봉구 마들로13길 61(씨드큐브 창동 3층 301-1,2호 창동)"
20240080721,서울특별시 도봉구 해등로16길 1(1층 창동)
20240080730,서울특별시 도봉구 도당로13길 28(1층 방학동)
20240084387,서울특별시 노원구 동일로242길 36(상계동)
20240084411,서울특별시 노원구 덕릉로 738(정진145빌딩 1층 2호 상계동)
20240084552,"서울특별시 노원구 상계로26길 20(제1층 105호,106호 상계동, 대동청솔아파트)"
20240084643,서울특별시 노원구 동일로 1538(12단지 종합상가 2층 206호 상계동)
20240084748,"서울특별시 노원구 덕릉로 753(101동 1층 1-3호 상계동, 노원 롯데캐슬 시그니처)"
20240084791,서울특별시 노원구 동일로192길 87(2층 공릉동)
20240084815,서울특별시 노원구 동일로218길 41(영보빌딩 2층 우측호 상계동)
20240085026,"서울특별시 노원구 덕릉로 753(101동 1층 18호 상계동, 노원 롯데캐슬 시그니처)"
20240085104,서울특별시 노원구 노원로34길 112(코럴빌딩 1층 102호 상계동)
20240085129,"서울특별시 노원구 동일로203가길 29(1층 153호 중계동, 브라운스톤중계)"
20240085178,서울특별시 노원구 동일로192길 6(청학골 지상1층 공릉동)
20240085220,서울특별시 노원구 동일로173가길 64(1층 공릉동)
20240085303,서울특별시 노원구 공릉로 208(1층 4호 공릉동)
20240085315,서울특별시 노원구 상계로 97(노원위너스빌딩 106호 상계동)
20240085320,서울특별시 노원구 한글비석로 452(1층 상계동)
20240089063,서울특별시 은평구 통일로 1050(롯데몰 은평점 5층 진관동)
20240089338,서울특별시 은평구 통일로 1050(롯데몰 은평점 3층 진관동)
20240089344,"서울특별시 은평구 통일로 767(401동 제지1층 제비124호 대조동, 베르디움STAY1)"
20240089521,서울특별시 은평구 은평로 191-1(1층 녹번동)
20240089539,서울특별시 은평구 통일로 750(1층 불광동)
20240089610,서울특별시 은평구 증산서길 62(1층 증산동)
20240089652,서울특별시 은평구 통일로 1050(롯데몰 은평점 4층 진관동)
20240089666,"서울특별시 은평구 통일로 767(401동 2층 201호, 202호, 203호 대조동, 베르디움STAY1)"
20240089745,"서울특별시 은평구 불광로 118(삼정스카이 1층 101호,102호 불광동)"
20240089798,"서울특별시 은평구 수색로 194(1,2층 증산동)"
20240089813,서울특별시 은평구 은평터널로 15(6-1BL좌동 104호 수색동)
20240089857,"서울특별시 은평구 수색로 217(109호 수색동, 디엠씨 자이1단지DMC 자이1)"
20240089947,"서울특별시 은평구 은평터널로 15(제근린생활시설동 제지1층 112호 수색동, DMC파인시티자이)"
20240090012,"서울특별시 은평구 통일로 767(상가2층 209호 대조동, 베르디움STAY1)"
20240090118,서울특별시 은평구 은평로3길 4(2층 역촌동)
20240090123,"서울특별시 은평구 은평로 42(1층 101호 신사동, 거성리젠시)"
20240090129,서울특별시 은평구 통일로 1050(롯데몰 은평점 4층 진관동)
20240093194,서울특별시 서대문구 신촌로 83(현대백화점신촌점 10층 창천동)
20240093364,"서울특별시 서대문구 세무서길 69(1,2층 홍제동)"
20240093691,"서울특별시 서대문구 이화여대길 51(2,3층 대현동)"
20240093763,서울특별시 서대문구 신촌로 73(테라운드 1층 101호 창천동)
20240093844,서울특별시 서대문구 연희로11라길 2(1층 연희동)
20240093959,서울특별시 서대문구 수색로10길 24(1층 북가좌동)
20240093964,서울특별시 서대문구 신촌로 9(1층 창천동)
20240094076,서울특별시 서대문구 연세로 13(현대백화점 유플렉스 11층 창천동)
20240094097,서울특별시 서대문구 신촌로 109(신촌르메이에르타운5 2층 201호 창천동)
20240097082,서울특별시 마포구 연희로 1(1층 우측호 동교동)
20240097330,"서울특별시 마포구 월드컵북로 13(스마트 빌딩 1층,2층 서교동)"
20240097513,서울특별시 마포구 매봉산로 75(디디엠씨DDMC 1층 105호 상암동)
20240097659,서울특별시 마포구 양화로18안길 8(1층 동교동)
20240097917,서울특별시 마포구 월드컵로 157(1층 오른쪽호 망원동)
20240097930,서울특별시 마포구 매봉산로 45(KBS미디어센터 지하1층 B02호 상암동)
20240098017,서울특별시 마포구 양화로 129(1층 서교동)
20240098176,"서울특별시 마포구 창전로 45(102동 104호 창전동, 서강한화오벨리스크스위트)"
20240098228,서울특별시 마포구 월드컵로 204(이안상암 1층 112호 성산동)
20240098476,서울특별시 마포구 월드컵로17길 50(지하1층 망원동)
20240098521,서울특별시 마포구 홍익로 25(1층 102~106호 서교동)
20240098891,서울특별시 마포구 독막로 68(1층 101호 상수동)
20240098924,서울특별시 마포구 마포나루길 435(2층 망원동)
20240098940,서울특별시 마포구 마포대로 92(효성 해링턴 스퀘어 A동 1층 1호 도화동)
20240099154,서울특별시 마포구 성미산로 78(1층 성산동)
20240099158,서울특별시 마포구 서강로 46(민주당빌딩 1층 일부호 창전동)
20240099345,"서울특별시 마포구 독막로28길 7(1층 상가103호 신수동, 성원아파트)"
20240104343,서울특별시 양천구 오목로50길 5(유정빌딩 1층 신정동)
20240104886,"서울특별시 양천구 목동동로 257(지하2층 목동, 현대하이페리온)"
20240104933,"서울특별시 양천구 오목로 207(1층 101,102호 신정동)"
20240105050,서울특별시 양천구 신월로10길 22(1층 신월동)
20240105102,"서울특별시 양천구 목동동로 257(지하2층 식품관호 목동, 현대하이페리온)"
20240105146,"서울특별시 양천구 목동동로 257(6층 목동, 현대하이페리온)"
20240105264,"서울특별시 양천구 신월로 185(1층 105호 신월동, 로즈그린타운)"
20240105318,서울특별시 양천구 중앙로23길 32(씨엘프라자 1층 101호 신정동)
20240105370,서울특별시 양천구 화곡로 97(1층 신월동)
20240108076,"서울특별시 강서구 하늘길 38(김포공항, 롯데몰, 스카이시티 지하2층 방화동)"
20240108079,"서울특별시 강서구 하늘길 38(김포공항, 롯데몰, 스카이시티 B2층 방화동)"
20240108198,서울특별시 강서구 강서로56길 17(NC 강서점 지하 1층 등촌동)
20240108218,"서울특별시 강서구 공항대로41길 66(세신등촌종합상가 1층 108,109호 등촌동)"
20240108361,"서울특별시 강서구 금낭화로 145(에어뷰21-1오피스텔 1층 105,111,112호 방화동)"
20240108559,서울특별시 강서구 양천로 547(2층 227~231호 가양동)
20240108591,서울특별시 강서구 강서로56길 17(NC 강서점 지하 1층 등촌동)
20240108677,"서울특별시 강서구 화곡로 398(홈플러스강서점앤본사사옥 1층 XF, Y12호 등촌동)"
20240108820,서울특별시 강서구 공항대로 260(이화의대부속서울병원 지하 1층 마곡동)
20240108841,"서울특별시 강서구 하늘길 38(김포공항, 롯데몰, 스카이시티 지하2층 방화동)"
20240109006,서울특별시 강서구 강서로56길 17(NC 강서점 B1층 등촌동)
20240109012,서울특별시 강서구 공항대로 205(에스에이치빌딩 2층 203호 마곡동)
20240109086,"서울특별시 강서구 하늘길 38(김포공항, 롯데몰, 스카이시티 GF지하2층 방화동)"
20240109102,서울특별시 강서구 화곡로 238(아덴하임 1층 104호 화곡동)
20240109192,서울특별시 강서구 강서로56길 17(NC 강서점 지하 1층 일부호 등촌동)
20240109196,서울특별시 강서구 양천로 564(등촌동두산위브센티움 1층 107호 등촌동)
20240109302,"서울특별시 강서구 마곡중앙5로1길 20(마곡나루역보타닉비즈타워 1층 103,104호 마곡동)"
20240109325,서울특별시 강서구 양천로 452(어위쉬예다인 1층 103호 등촌동)
20240109418,"서울특별시 강서구 하늘길 38(김포공항, 롯데몰, 스카이시티 지하1층 방화동)"
20240109450,서울특별시 강서구 화곡로 293(한울에이치배리움 더하이클래스 1층 103호 화곡동)
20240109505,"서울특별시 강서구 하늘길 38(김포공항, 롯데몰, 스카이시티 GF층 일부호 방화동)"
20240109716,서울특별시 강서구 공항대로 194(문영 퀸즈파크12차 1층 110호 마곡동)
20240109792,서울특별시 강서구 공항대로45길 11(태영빌딩 1층 등촌동)
20240109857,서울특별시 강서구 공항대로 242(열린M타워Ⅱ 3층 301호 마곡동)
20240109862,"서울특별시 강서구 마곡중앙로 143(B2층, 4층 마곡동)"
20240109863,서울특별시 강서구 강서로 43-17(오거닉스타워 1층 M101호 화곡동)
20240109975,"서울특별시 강서구 하늘길 38(김포공항, 롯데몰, 스카이시티 GF층 방화동)"
20240113361,서울특별시 구로구 디지털로31길 62(1층 112호 구로동)
20240113468,"서울특별시 구로구 공원로 27(1층 104호 구로동, 대림역대성스카이렉스)"
20240113559,서울특별시 구로구 고척로 140(제일빌딩 1층 고척동)
20240113714,서울특별시 구로구 고척로 204(1층 104호 고척동)
20240113940,"서울특별시 구로구 개봉로24길 46(111호 개봉동, 신영지웰 에스테이트 개봉역)"
20240114028,서울특별시 구로구 가마산로 268(대림역와이즈플레이스 1층 105호 구로동)
20240114069,서울특별시 구로구 경인로 240(예성라온팰리스 102동 104호 오류동)
20240114183,서울특별시 구로구 디지털로 306(대륭포스트타워2차 1층 105호 구로동)
20240114426,서울특별시 구로구 구로동로28길 64-9(1층 구로동)
20240114428,"서울특별시 구로구 경인로43길 49(B동 1층 B-101MB-F01-029-001호 고척동, 고척아이파크)"
20240114483,서울특별시 구로구 디지털로32가길 16(파트너스타워2차 1층 104호 구로동)
20240118140,"서울특별시 금천구 디지털로 178(지하층 109,111,113호 가산동)"
20240118231,"서울특별시 금천구 벚꽃로 30(205동 102호 독산동, 금천 롯데캐슬 골드파크 2차)"
20240118271,서울특별시 금천구 독산로 210(1층 101호 독산동)
20240118285,서울특별시 금천구 시흥대로123길 66(1층 독산동)
20240118361,서울특별시 금천구 가산디지털2로 143(2차 1동 107호 가산동)
20240118521,"서울특별시 금천구 시흥대로 291(지하1층 독산동, 금천롯데캐슬골드파크3차)"
20240118758,"서울특별시 금천구 시흥대로 225(제이타워 제1층 제101호,102호 시흥동)"
20240118863,서울특별시 금천구 가산디지털1로 119(SK트윈테크타워 B동 103호 가산동)
20240118865,서울특별시 금천구 범안로17길 23(우정오피스텔 1층 101호 독산동)
20240119005,서울특별시 금천구 디지털로10길 9(현대시티아울렛 가산점 6층 일부호 가산동)
20240119039,경기도 고양시 덕양구 권율대로 420(이케아 고양점 지하1층 일부호 도내동)
20240121025,서울특별시 영등포구 국제금융로 10(IFC몰 L1층 141호 여의도동)
20240121072,서울특별시 영등포구 국제금융로2길 32(여의도파이낸스타워 2층 201호 여의도동)
20240121293,서울특별시 영등포구 여의대방로65길 23(포레스텔빌딩 101호 여의도동)
20240121307,서울특별시 영등포구 선유서로28길 21-1(1층 양평동1가)
20240121378,서울특별시 영등포구 영중로 9(타임스퀘어 지하1층 일부호 영등포동4가)
20240121472,서울특별시 영등포구 영중로 9(신세계백화점 지하1층 영등포동4가)
20240121523,서울특별시 영등포구 여의대로 128(지하1층 여의도동)
20240121524,"서울특별시 영등포구 여의대로 128(지하1,지상1층 여의도동)"
20240121569,서울특별시 영등포구 여의대로 128(LG트윈타워 서관 지하1층 여의도동)
20240121570,서울특별시 영등포구 여의대로 128(서관 지하1층 여의도동)
20240121571,서울특별시 영등포구 여의대로 128(LG트윈타워 서관 지하1층 여의도동)
20240121573,서울특별시 영등포구 여의대로 128(LG트윈타워 서관 지하1층 여의도동)
20240121595,서울특별시 영등포구 국회대로74길 20(맨하탄21리빙텔 지하1층 B103호 여의도동)
20240121644,서울특별시 영등포구 여의대방로 394(우정빌딩 1층 116호 여의도동)
20240121796,"서울특별시 영등포구 국회대로54길 10(13동 113호 영등포동7가, 아크로타워 스퀘어)"
20240121841,"서울특별시 영등포구 영등포로 106(102동 109,110호 당산동2가, 대우아파트)"
20240121907,서울특별시 영등포구 영중로 15(타임스퀘어 지하1층 영등포동4가)
20240121915,서울특별시 영등포구 의사당대로 96(TP Tower 1층 일부호 여의도동)
20240121984,서울특별시 영등포구 영중로 15(타임스퀘어 지하1층 영등포동4가)
20240122067,서울특별시 영등포구 여의대로 128(서관 지하1층 여의도동)
20240122124,"서울특별시 영등포구 국제금융로 39(판매시설동 1층 106호 여의도동, 브라이튼 여의도)"
20240122233,"서울특별시 영등포구 선유로33길 23(상가동 103호, 104호 양평동3가, 양평동 우림 루미아트)"
20240122265,"서울특별시 영등포구 국제금융로 39(지하1층 108, 109, 110호 여의도동, 브라이튼 여의도)"
20240122298,서울특별시 영등포구 도림로41길 9(청파빌딩 1층 103호 대림동)
20240122300,서울특별시 영등포구 영중로 9(신세계타임스퀘어점 지하1층 영등포동4가)
20240122466,서울특별시 영등포구 도림로139길 2(대철빌딩 1층 문래동2가)
20240122509,서울특별시 영등포구 여의대로 108(더현대서울 지상6층 여의도동)
20240122591,서울특별시 영등포구 도림로139길 17(1층 문래동2가)
20240122672,서울특별시 영등포구 당산로27길 16(한우리빌딩 1층 당산동3가)
20240122743,서울특별시 영등포구 경인로 846(롯데백화점 10층 영등포동)
20240122756,서울특별시 영등포구 국회대로74길 12(국민의힘 2층 201호 여의도동)
20240122775,서울특별시 영등포구 당산로33길 5(1층 당산동3가)
20240122805,서울특별시 영등포구 경인로 849-1(1-2층 영등포동3가)
20240122819,서울특별시 영등포구 여의대로 108(더현대백화점 지하2층 여의도동)
20240122892,"서울특별시 영등포구 대림로 247(대림프라자 1층 101호, 102호 대림동)"
20240123049,서울특별시 영등포구 영중로 15(타임스퀘어 지하1층 영등포동4가)
20240123057,서울특별시 영등포구 영중로 15(타임스퀘어 지하1층 138-0호 영등포동4가)
20240123059,서울특별시 영등포구 영중로 15(타임스퀘어 지하1층 147-2호 영등포동4가)
20240123062,서울특별시 영등포구 영중로 15(타임스퀘어 지하1층 143호 영등포동4가)
20240123063,서울특별시 영등포구 영중로 15(타임스퀘어 지상4층 408호 영등포동4가)
20240123084,서울특별시 영등포구 영중로 15(타임스퀘어 지상 4층 411-1호 영등포동4가)
20240123085,서울특별시 영등포구 경인로 846(롯데백화점 영등포점 1층 영등포동)
20240123124,서울특별시 영등포구 영중로 15(타임스퀘어 4층 415-0호 영등포동4가)
20240123126,서울특별시 영등포구 영중로 15(타임스퀘어 4층 영등포동4가)
20240123322,"서울특별시 영등포구 신풍로 28(지하2층 B241호 신길동, 비스타동원)"
20240123438,"서울특별시 영등포구 당산로 42(홈플러스 2층 X6, YD호 문래동3가)"
20240123440,서울특별시 영등포구 국제금융로 10(IFC몰 L3층 314호 여의도동)
20240123493,서울특별시 영등포구 여의대방로35길 1(1층 제1 일부호 신길동)
20240127060,서울특별시 동작구 노량진로 48(대방동현대아파트현대종합상가 제나동 제2층 제205호 대방동)
20240127135,서울특별시 동작구 대림로 34(1층 신대방동)
20240127293,서울특별시 동작구 사당로 196(거묵프리미엄 상가 1층 105호 사당동)
20240127328,"서울특별시 동작구 시흥대로 606(1층 119호 신대방동, 동작 협성휴포레 시그니처)"
20240127363,"서울특별시 동작구 여의대방로22길 121(제상가동 제1층 1405호 신대방동, 보라매자이 더 포레스트)"
20240127630,서울특별시 동작구 현충로 104(2층 흑석동)
20240127718,서울특별시 동작구 현충로 100(2층 흑석동)
20240131066,서울특별시 관악구 난우길 34(1층 신림동)
20240131374,"서울특별시 관악구 중앙길 133(1층 101호 봉천동, 은선파인빌)"
20240131398,서울특별시 관악구 문성로 233(1층 105호 신림동)
20240131416,서울특별시 관악구 문성로 233(102호 신림동)
20240131417,서울특별시 관악구 문성로 233(103호 신림동)
20240131418,서울특별시 관악구 문성로 233(104호 신림동)
20240131580,서울특별시 관악구 관악로12길 104(1층 봉천동)
20240131607,서울특별시 관악구 남부순환로163길 10(1층 신림동)
20240131671,서울특별시 관악구 호암로26길 63(1층 신림동)
20240131744,서울특별시 관악구 조원로 170(B1층 5호 신림동)
20240131780,서울특별시 관악구 신림로 309(2층 신림동)
20240131829,서울특별시 관악구 호암로22길 61(1층 신림동)
20240131948,서울특별시 관악구 봉천로 209(롯데백화점 지하2층 봉천동)
20240132232,서울특별시 관악구 봉천로 536(1층 봉천동)
20240132290,서울특별시 관악구 신림로 330(타임스트림 9층 907호 신림동)
20240132311,서울특별시 관악구 신림로 364(우장빌딩 1층 신림동)
20240132327,서울특별시 관악구 관악로 274(1층 봉천동)
20240132435,서울특별시 관악구 봉천로 407(덕운빌딩 지하1층 1호 봉천동)
20240132437,서울특별시 관악구 봉천로 407(덕운빌딩 지하1층 2호 봉천동)
20240132438,서울특별시 관악구 봉천로 407(덕운빌딩 지하1층 3호 봉천동)
20240132439,서울특별시 관악구 봉천로 407(덕운빌딩 지하1층 4호 봉천동)
20240132440,서울특별시 관악구 봉천로 407(덕운빌딩 지하1층 5호 봉천동)
20240132441,서울특별시 관악구 봉천로 407(덕운빌딩 지하1층 6호 봉천동)
20240132442,서울특별시 관악구 봉천로 407(덕운빌딩 지하1층 7호 봉천동)
20240136034,서울특별시 서초구 서운로6길 29(1층 서초동)
20240136068,서울특별시 서초구 방배중앙로 196(1동 1층 306호 방배동)
20240136377,"서울특별시 서초구 남부순환로317길 79(1층, 지하1층 서초동)"
20240136514,서울특별시 서초구 효령로31길 68(1층 방배동)
20240136599,서울특별시 서초구 서운로6길 21-2(1층 서초동)
20240136619,서울특별시 서초구 방배천로2길 10(1층 방배동)
20240136806,서울특별시 강남구 삼성로86길 20(지하1층 대치동)
20240136841,"서울특별시 서초구 동작대로 10(1층,2층,3층 방배동)"
20240136924,서울특별시 서초구 서초대로53길 12(두리코사옥 1층 서초동)
20240136964,서울특별시 서초구 마방로10길 42(1층 양재동)
20240136989,서울특별시 서초구 청계산로 10(1층 푸드카페 양재동)
20240137014,서울특별시 서초구 잠원로 51(강남뉴코아아울렛 지하1층 잠원동)
20240137383,서울특별시 서초구 잠원로 51(지하1층 잠원동)
20240137463,서울특별시 서초구 방배로 199(2층 방배동)
20240137483,서울특별시 서초구 서운로 14(3층 서초동)
20240137508,서울특별시 서초구 강남대로 527(브랜드칸 타워 1~2층 반포동)
20240137603,서울특별시 서초구 강남대로10길 16(지하1층 양재동)
20240137633,서울특별시 서초구 잠원동 121-9 2층
20240137660,서울특별시 서초구 신반포로 194(강남고속버스터미널 1층 반포동)
20240137740,서울특별시 서초구 방배로 199(지하1층 방배동)
20240137832,서울특별시 서초구 효령로55길 39(1층 3호 서초동)
20240137944,서울특별시 서초구 강남대로97길 23(1층 잠원동)
20240138039,서울특별시 서초구 나루터로 61(1층 잠원동)
20240138081,서울특별시 서초구 사임당로 157(릿타워 1층 서초동)
20240138132,"서울특별시 서초구 서초중앙로24길 22(1층,2층 서초동)"
20240138149,서울특별시 서초구 강남대로 465(1층 서초동)
20240138249,서울특별시 서초구 동광로 92(1층 방배동)
20240138301,서울특별시 서초구 언남10길 30(양재빌딩 1층 양재동)
20240138376,서울특별시 서초구 서초대로74길 11(지하2층 서초동)
20240138389,서울특별시 서초구 잠원로 51(킴스클럽 강남점 지하1층 식품관 잠원동)
20240138568,서울특별시 서초구 방배로 91(1층 방배동)
20240144073,서울특별시 강남구 개포로 265(개포동 메디시스빌딩 지상1층 108호 개포동)
20240144151,서울특별시 강남구 삼성로 548(지상1층 삼성동)
20240144296,서울특별시 강남구 밤고개로21길 69(엔투셀빌딩 지상1층 101호 율현동)
20240144308,서울특별시 강남구 테헤란로87길 58(컨벤션별관 지하2층 2A09호 삼성동)
20240144319,"서울특별시 강남구 논현로114길 14(지상1층,지하1층 논현동)"
20240144328,서울특별시 강남구 압구정로 459(한솥빌딩 지상1층 청담동)
20240144353,서울특별시 강남구 남부순환로359길 10(지상1층 도곡동)
20240144455,서울특별시 강남구 선릉로63길 7(지상1층 1호 역삼동)
20240144519,서울특별시 강남구 선릉로93길 18(지상2층 역삼동)
20240144563,"서울특별시 강남구 도산대로46길 21(지하1층 B125호 논현동, 한진로즈힐아파트)"
20240144744,서울특별시 강남구 테헤란로 517(현대백화점 10층 삼성동)
20240144752,"서울특별시 강남구 강남대로 324(역삼디오슈페리움 지상1층 101호,103호 역삼동)"
20240145008,서울특별시 강남구 밤고개로21길 71(지상1층 율현동)
20240145353,서울특별시 강남구 논현로 429(C and C빌딩 2층 201호 역삼동)
20240145372,서울특별시 강남구 도산대로92길 6(삼성빌딩 지상1층 107호 청담동)
20240145394,"서울특별시 강남구 강남대로 328(강남역 쉐르빌 지상2층 201호,202호,203호 역삼동)"
20240145468,서울특별시 강남구 봉은사로51길 3-3(지상1층 202호 논현동)
20240145496,서울특별시 강남구 테헤란로4길 6(강남역 센트럴 푸르지오 시티 지하1층 B119호 역삼동)
20240145758,서울특별시 강남구 테헤란로 231(더샵스앳센터필드 지상2층 E208호 역삼동)
20240145900,"서울특별시 강남구 테헤란로 428(지상1층 207호,208호 대치동, 테헤란로 대우 아이빌)"
20240145956,서울특별시 강남구 테헤란로 115(서림빌딩 지상1층 역삼동)
20240146012,서울특별시 강남구 논현로 552(문화빌딩 지상2층 203호 역삼동)
20240146022,서울특별시 강남구 삼성로100길 14(지상1층 삼성동)
20240146085,서울특별시 강남구 선릉로129길 13(2층 논현동)
20240146090,"서울특별시 강남구 언주로113길 22(지상1,2층 논현동)"
20240146371,서울특별시 강남구 학동로 325(대명빌딩 지상1층 논현동)
20240146528,서울특별시 강남구 강남대로 324(역삼디오슈페리움 지하1층 역삼동)
20240146541,서울특별시 강남구 선릉로76길 5-11(지상1층 101호 대치동)
20240146630,서울특별시 강남구 논현로85길 5-7(지상1층 역삼동)
20240146652,서울특별시 강남구 남부순환로 2728(유일빌딩 지상1층 102호 도곡동)
20240146653,서울특별시 강남구 강남대로152길 19(2층 신사동)
20240146657,서울특별시 강남구 언주로134길 9(지상1층 논현동)
20240146672,서울특별시 강남구 남부순환로363길 16(지상1층 102호 도곡동)
20240146674,서울특별시 강남구 압구정로 343(갤러리아백화점 WEST점 5층 압구정동)
20240146700,"서울특별시 강남구 도곡로3길 26(1층 106,107호 역삼동, 역삼한스빌아파트)"
20240146788,서울특별시 강남구 압구정로 432(2층 청담동)
20240146928,서울특별시 강남구 테헤란로 201(아주빌딩 지상1층 역삼동)
20240146957,서울특별시 강남구 테헤란로 517(현대백화점 지하 1층 삼성동)
20240147163,서울특별시 강남구 선릉로112길 87(명인빌딩 지상1층 102호 삼성동)
20240147200,서울특별시 강남구 도산대로 329(지상1층~2층 신사동)
20240147260,서울특별시 강남구 도곡로 401(롯데백화점 지하1층 대치동)
20240147445,서울특별시 강남구 테헤란로 517(현대백화점 지상1층 삼성동)
20240147452,서울특별시 강남구 테헤란로87길 36(도심공항타워 지하1층 B02호 삼성동)
20240147457,서울특별시 강남구 테헤란로87길 36(도심공항타워 지하1층 B09호 삼성동)
20240147460,서울특별시 강남구 테헤란로87길 36(도심공항타워 지하1층 B07호 삼성동)
20240147480,서울특별시 강남구 테헤란로87길 36(도심공항타워 지하1층 B01호 삼성동)
20240147489,서울특별시 강남구 테헤란로87길 36(도심공항타워 지하1층 B12호 삼성동)
20240147490,서울특별시 강남구 테헤란로87길 36(도심공항타워 지하1층 B05호 삼성동)
20240147503,서울특별시 강남구 삼성로85길 33(지상1층 105호 대치동)
20240147505,서울특별시 강남구 도곡로 401(롯데백화점 B1층 대치동)
20240147511,서울특별시 강남구 테헤란로87길 36(도심공항타워 지하1층 B10호 삼성동)
20240147512,서울특별시 강남구 테헤란로 152(강남파이낸스센터 B1층 P3호 역삼동)
20240147514,서울특별시 강남구 테헤란로87길 36(도심공항타워 지하1층 B03호 삼성동)
20240147518,서울특별시 강남구 테헤란로87길 36(도심공항타워 지하1층 B04호 삼성동)
20240147558,서울특별시 강남구 논현로85길 70(지상1층 101호 역삼동)
20240147691,"서울특별시 강남구 언주로 123(상가동 지상1층 103호 도곡동, 개포한신아파트)"
20240147697,서울특별시 강남구 테헤란로87길 36(도심공항타워 지하1층 B11호 삼성동)
20240147732,서울특별시 강남구 강남대로 584(성일빌딩 지상1층 논현동)
20240147804,서울특별시 강남구 논현로167길 11(지상1층 102호 신사동)
20240147828,서울특별시 강남구 도곡로 401(롯데백화점 지하1층 일부호 대치동)
20240147879,서울특별시 강남구 테헤란로 517(현대백화점 10층 삼성동)
20240147911,서울특별시 강남구 학동로20길 16(지상1층 102호 논현동)
20240147952,서울특별시 강남구 강남대로 428(만이빌딩 지상3층 2-303호 역삼동)
20240147975,"서울특별시 강남구 테헤란로 205(역삼빌딩 지하1층,지상1층2층 역삼동)"
20240148036,서울특별시 강남구 강남대로94길 10(1층 역삼동)
20240148225,서울특별시 강남구 양재대로33길 22(지하1층 일원동)
20240148416,서울특별시 강남구 테헤란로 521(파르나스타워 지하1층 F-17호 삼성동)
20240148423,서울특별시 강남구 선릉로155길 29(1층 102호 신사동)
20240148508,서울특별시 강남구 논현로 508(GS강남타워 1층 역삼동)
20240148509,서울특별시 강남구 도곡로33길 8(103호 역삼동)
20240148592,서울특별시 강남구 언주로 615(논현 아이파크 103동 지하1층 B101호 논현동)
20240148691,서울특별시 강남구 테헤란로 517(현대백화점 지하1층 삼성동)
20240148693,서울특별시 강남구 압구정로 343(갤러리아백화점 명품관 WEST 지하1층 압구정동)
20240154055,서울특별시 송파구 토성로 25(1층 101호 풍납동)
20240154211,서울특별시 송파구 올림픽로 240(롯데월드 매직아일랜드 1층 잠실동)
20240154397,"서울특별시 송파구 올림픽로 240(롯데월드 매직아일랜드동 MI1F04 1,2층 잠실동)"
20240154495,"서울특별시 송파구 올림픽로35가길 16(홈플러스 잠실점 3층 X5.5, YC호 신천동)"
20240154522,서울특별시 송파구 올림픽로 240(롯데월드 쇼핑몰동 B1층 23호 잠실동)
20240154525,서울특별시 송파구 백제고분로 217(한샘잠실전시장 1층 삼전동)
20240154528,서울특별시 송파구 동남로 460(1층 방이동)
20240154544,서울특별시 송파구 양재대로 932(가락동 농수산물도매시장 가락몰 1관 3층 001-1호 가락동)
20240154756,"서울특별시 송파구 백제고분로 459(1,2층 방이동)"
20240154767,서울특별시 송파구 올림픽로 240(롯데백화점 잠실점 지하1층 잠실동)
20240154847,서울특별시 송파구 올림픽로 300(에비뉴엘 월드타워점 6층 신천동)
20240155100,"서울특별시 송파구 올림픽로 300(롯데월드몰 5,6층 신천동)"
20240155147,서울특별시 송파구 가락로16길 2-10(지하1층 1호 석촌동)
20240155148,서울특별시 송파구 가락로16길 2-10(지하1층 2호 석촌동)
20240155149,서울특별시 송파구 가락로16길 2-10(지하1층 3호 석촌동)
20240155150,서울특별시 송파구 가락로16길 2-10(지하1층 4호 석촌동)
20240155151,서울특별시 송파구 가락로16길 2-10(지하1층 5호 석촌동)
20240155152,서울특별시 송파구 가락로16길 2-10(지하1층 6호 석촌동)
20240155178,서울특별시 송파구 올림픽로 240(롯데월드 아이스가든 어드벤처동 지하3층 잠실동)
20240155219,서울특별시 송파구 올림픽로 240(롯데월드 쇼핑몰동 지하1층 6호 잠실동)
20240155359,서울특별시 송파구 오금로 105(덕림빌딩 4층 방이동)
20240155415,서울특별시 송파구 올림픽로 300(롯데월드타워앤드롯데월드몰 지하1층 신천동)
20240155442,서울특별시 송파구 올림픽로 240(롯데월드 지하1층 잠실동)
20240155474,서울특별시 송파구 가락로16길 4(대흥빌딩 1층 103호 석촌동)
20240155505,서울특별시 송파구 양재대로 932(가락몰 3관 편의시설 1층 001-1호 가락동)
20240155563,서울특별시 송파구 올림픽로 300(롯데월드몰 5층 신천동)
20240155714,"서울특별시 송파구 석촌호수로 258(1층 102호 송파동, 잠실 아르누보 팰리스)"
20240155768,서울특별시 송파구 백제고분로 217(LOTTE GRS 79 SQUARE 지하1층 삼전동)
20240155785,서울특별시 송파구 충민로 66(NC백화점 송파점 패션관동 7층 F-7040호 문정동)
20240155908,서울특별시 송파구 올림픽로 240(롯데월드 어드벤처 회전목마 인근 1층 잠실동)
20240155964,서울특별시 송파구 송파대로48길 17(1층 송파동)
20240155967,서울특별시 송파구 올림픽로 240(롯데월드 어드벤처 1층 10호 잠실동)
20240155986,서울특별시 송파구 올림픽로 240(잠실롯데백화점 내 밸런티 지하1층 잠실동)
20240156128,서울특별시 송파구 백제고분로48길 23(1층 방이동)
20240156208,서울특별시 송파구 백제고분로7길 6-15(금석빌딩 1층 잠실동)
20240156246,서울특별시 송파구 올림픽로 240(롯데백화점 잠실점 지하1층 잠실동)
20240156260,"서울특별시 송파구 백제고분로51길 7(1층 105,106,107,108호 방이동, 잠실엘퍼스트오피스텔)"
20240156300,서울특별시 송파구 백제고분로40길 10(지층 1호 석촌동)
20240156464,"서울특별시 송파구 동남로 317(1층 105호 오금동, 한두리타워)"
20240156474,서울특별시 송파구 충민로 66(현대아울렛 가든파이브점 지하1층 문정동)
20240156512,서울특별시 송파구 거마로22길 5(1층 102호 마천동)
20240156541,서울특별시 송파구 송파대로 373(1층 석촌동)
20240161219,서울특별시 강동구 성안로 17(정안빌딩 1층 성내동)
20240161409,서울특별시 강동구 천호대로 1005(현대백화점 11층 천호동)
20240161423,"서울특별시 강동구 올림픽로 664(1층 104,105호 천호동, 대우 한강 베네시티)"
20240161493,서울특별시 강동구 고덕비즈밸리로 26(강동U1센터 1층 B-106호 고덕동)
20240161714,"서울특별시 강동구 양재대로 1625(숨결TOWER 1층 101,102,103호 천호동)"
20240161877,서울특별시 강동구 아리수로76길 17(1층 고덕동)
20240161983,서울특별시 강동구 천호대로 1005(현대백화점 12층 천호동)
20240162027,서울특별시 강동구 천호대로 1005(현대백화점 지2층 천호동)
20240162113,서울특별시 강동구 천호대로 1005(현대백화점 지2층 천호동)
20240162157,서울특별시 강동구 올림픽로 786(1층 104호 암사동)
20240162164,서울특별시 강동구 올림픽로48길 31-31(지인빌딩 1층 성내동)
20240162219,서울특별시 강동구 양재대로89가길 34(천지빌딩 2층 성내동)
20240162225,"서울특별시 강동구 아리수로 419(강일리슈빌에스 1층 101,102호 강일동)"
20240162227,서울특별시 강동구 천호대로 1005(현대백화점 지2층 천호동)
20240162283,서울특별시 강동구 천호대로 1128(웰빙메디컬빌딩 1층 107호 성내동)
20240162413,"서울특별시 강동구 양재대로 1549(삼정빌딩 1층 105,106호 천호동)"
20240162447,서울특별시 강동구 천호대로157길 11(1층 천호동)
20240162507,서울특별시 강동구 천호대로 1024(힐스테이트 천호역 젠트리스 1층 138호 성내동)
20240162534,서울특별시 강동구 천호대로177길 48(1층 길동)
20240162548,서울특별시 강동구 천호대로 1024(힐스테이트 천호역 젠트리스 지1층 B101~B108호 성내동)
20240162655,서울특별시 강동구 양재대로89길 17(1층 성내동)
20240162665,서울특별시 강동구 동남로81길 94(1층 고덕동)
20240162687,서울특별시 강동구 양재대로 1360(스테이션5동 지2층 B217호 둔촌동)
20240169192,부산광역시 중구 중앙대로 2(롯데백화점광복점 지하1층 중앙동7가)
20240169196,부산광역시 중구 백산길 17(1층 동광동3가)
20240169197,부산광역시 중구 중앙대로 2(롯데마트 광복점 지상6층 중앙동7가)
20240169263,부산광역시 중구 충장대로9번길 32-1(지상1층 중앙동4가)
20240169285,부산광역시 중구 중앙대로 2(롯데백화점광복점 지상4층 중앙동7가)
20240169399,부산광역시 중구 중앙대로 2(롯데백화점광복점 지상10층 중앙동7가)
20240169432,부산광역시 중구 중앙대로 2(롯데백화점광복점 아쿠아몰 지하1층 중앙동7가)
20240172052,"부산광역시 서구 대영로 54(1층 103호 일부호 서대신동1가, 대신메디컬센터)"
20240172101,부산광역시 서구 구덕로194번길 24-1(1층 토성동2가)
20240172121,부산광역시 서구 등대로 27(윈덤 그랜드 부산 27층 암남동)
20240172149,부산광역시 서구 등대로 9(301동 1층 103호 암남동)
20240174101,부산광역시 동구 고관로 79(1층 수정동)
20240174119,부산광역시 동구 초량로16번길 6(2층 초량동)
20240174120,부산광역시 동구 중앙대로286번길 9(녹원빌딩 101호 초량동)
20240174147,부산광역시 동구 중앙대로226번길 3-2(2층 초량동)
20240174153,부산광역시 동구 범일로 125(현대백화점 부산점 지하 2층 범일동)
20240174157,부산광역시 동구 범일로 125(현대백화점 부산점 4층 범일동)
20240174165,부산광역시 동구 범일로 125(현대백화점 부산점 지하2층 범일동)
20240174184,부산광역시 동구 범일로 125(커넥트현대 지하2층 범일동)
20240176011,부산광역시 영도구 태종로 388(1층 청학동)
20240176064,부산광역시 영도구 영선대로 63-1(1층 영선동3가)
20240176079,부산광역시 영도구 태종로 125-2(1층 영선동1가)
20240176234,부산광역시 영도구 해양로247번길 35(1층 동삼동)
20240176247,부산광역시 영도구 와치로 199-9(1층 동삼동)
20240178075,부산광역시 부산진구 당감로34번길 36(1층 당감동)
20240178098,부산광역시 부산진구 부전로95번길 23(2층 부전동)
20240178270,부산광역시 부산진구 거제대로60번길 51(1층 양정동)
20240178351,"부산광역시 부산진구 동천로 73(디에스타워 1층, 2층 부전동)"
20240178353,부산광역시 부산진구 골드테마길 36(1층 일부 범천동)
20240178459,"부산광역시 부산진구 마철로 114(501동 101-1호 당감동, 서면비스타동원)"
20240178461,부산광역시 부산진구 연수로 2(1층 양정동)
20240178603,부산광역시 부산진구 서전로46번길 42(1층 전포동)
20240178614,"부산광역시 부산진구 동성로 50(상가1동 지하1층 6호 전포동, 서면아이파크아파트)"
20240178621,부산광역시 부산진구 서전로 63-1(2층 전포동)
20240178698,"부산광역시 부산진구 서면로 74(아이온시티빌딩 1층 F101호, F102호, F103호 부전동)"
20240178719,"부산광역시 부산진구 가야대로 613(1층 112호 가야동, 유림아파트)"
20240178724,부산광역시 부산진구 부전로 118(1층 부전동)
20240178781,"부산광역시 부산진구 가야대로 497(107동 1층 103호 개금동, 이진 젠시티 개금)"
20240178899,부산광역시 부산진구 당감서로98번길 29(1층 2호 부암동)
20240178960,부산광역시 부산진구 가야대로 772(롯데백화점부산본점 지하1층 일부호 부전동)
20240178962,부산광역시 부산진구 서면로 10(2층 203-206호 부전동)
20240179098,부산광역시 부산진구 당감로34번길 28(1층 당감동)
20240179162,부산광역시 부산진구 동평로235번길 23(다인상가 1층 102호 연지동)
20240179219,부산광역시 부산진구 가야대로 772(롯데백화점부산본점 지하2층 부전동)
20240182045,"부산광역시 동래구 명륜로 170(상가201동 1층 103호 명륜동, 명륜아이파크1단지)"
20240182058,부산광역시 동래구 충렬대로179번길 7(1층 명륜동)
20240182075,부산광역시 동래구 사직로 45(사직야구장 2층 B8호 사직동)
20240182092,부산광역시 동래구 사직로 45(사직야구장 C3호 사직동)
20240182123,"부산광역시 동래구 사직로 36(상가동 지1층 104호 사직동, 사직자이)"
20240182221,부산광역시 동래구 동래로79번길 15(1층 명륜동)
20240182402,부산광역시 동래구 사직로 45(사직야구장 2층 3호 사직동)
20240182460,부산광역시 동래구 연안로 57(효창빌딩 1층 안락동)
20240182571,부산광역시 동래구 충렬대로 455(지하2층 일부호 안락동)
20240182622,부산광역시 동래구 반송로 271(1층 명장동)
20240186024,부산광역시 남구 수영로334번길 56-3(1층 일부호 대연동)
20240186150,부산광역시 남구 못골로 87(4층 일부호 대연동)
20240186248,"부산광역시 남구 분포로 61(빌리브센트로 B동 B129,B130호 용호동)"
20240186424,부산광역시 남구 전포대로91번길 47(이마트 문현점 3층 문현동)
20240186436,부산광역시 남구 분포로 66-17(3층 용호동)
20240186457,부산광역시 남구 못골로 87(대연스퀘어 B동 104호 대연동)
20240186564,부산광역시 남구 수영로 36(1층 일부호 문현동)
20240189026,"부산광역시 북구 화명대로 32(105,106,107호 화명동)"
20240189267,부산광역시 북구 시랑로 72(1층 구포동)
20240189377,부산광역시 북구 학사로17번나길 21(하은빌딩 1층 102호 화명동)
20240189447,부산광역시 북구 금곡대로285번길 19(리버사이드빌딩 204호 화명동)
20240189490,부산광역시 북구 학사로 1(1층 101호 화명동)
20240189506,부산광역시 북구 상학로 3(1층 일부호 만덕동)
20240192029,부산광역시 해운대구 재송1로38번길 6(1층 일부호 재송동)
20240192060,"부산광역시 해운대구 달맞이길 30(랜드마크타워동 99층 일부호 중동, 엘시티)"
20240192307,부산광역시 해운대구 좌동순환로 473(해운대로데오아울렛 113호 중동)
20240192404,"부산광역시 해운대구 달맞이길 30(포디움동 3층 3004호 중동, 엘시티)"
20240192405,부산광역시 해운대구 중동1로 33-1(1층 일부호 중동)
20240192512,부산광역시 해운대구 해운대해변로 277(다옴빌딩 1층 일부호 중동)
20240192587,"부산광역시 해운대구 달맞이길 30(포디움동 2층 2021,2024호 중동, 엘시티)"
20240192599,"부산광역시 해운대구 센텀동로 25(123호 우동, 대우월드마크센텀아파트)"
20240192642,"부산광역시 해운대구 세실로 48(상가125,132호 좌동, 해운대삼정코아주상복합)"
20240192745,부산광역시 해운대구 해운대로 813(NC백화점 지하2층 일부호 좌동)
20240192830,부산광역시 해운대구 센텀동로 6(홈플러스 센텀시티점 1층 일부호 우동)
20240192849,부산광역시 해운대구 센텀동로 67(굿센텀 1층 우동)
20240192993,부산광역시 해운대구 마린시티3로 23(벽산이오렌지프라자 520호 우동)
20240193109,부산광역시 해운대구 해운대해변로237번길 12(소노문 해운대 20층 일부호 우동)
20240193310,부산광역시 해운대구 양운로80번길 10(1층 일부호 좌동)
20240193333,"부산광역시 해운대구 청사포로67번길 39(1,2층 중동)"
20240193405,부산광역시 해운대구 좌동순환로 505(센트럴메디타워 1층 103호 중동)
20240193571,부산광역시 해운대구 송정광어골로 80(지하1층 일부호 송정동)
20240193643,"부산광역시 해운대구 마린시티3로 23(벽산이오렌지프라자 2층 227,228호 우동)"
20240193697,부산광역시 해운대구 재반로118번길 14(2층 일부호 재송동)
20240193757,부산광역시 해운대구 좌동로10번길 15(1층 일부호 중동)
20240193781,"부산광역시 해운대구 달맞이길 30(포디움동 1층 1019호 중동, 엘시티)"
20240196025,"부산광역시 사하구 사하로 182(1층 101-1호 괴정동, IDS 아델하임)"
20240196326,"부산광역시 사하구 낙동대로549번길 29(303동 1층 302호 하단동, 청목미르피아아파트)"
20240196337,부산광역시 사하구 낙동대로535번길 47(1층 하단동)
20240200017,부산광역시 금정구 중앙대로 1718(2층 부곡동)
20240200044,부산광역시 금정구 서곡로20번길 121(3층 금사동)
20240200088,부산광역시 금정구 두실로15번길 90(A동 1층 구서동)
20240200112,부산광역시 금정구 무학송로 148(1층 부곡동)
20240200149,부산광역시 금정구 장전온천천로 95(1층 장전동)
20240200320,부산광역시 금정구 무학송로 128-1(1층 부곡동)
20240200391,부산광역시 금정구 금사로 68(1층 금사동)
20240200424,부산광역시 금정구 부곡로 130(1층 부곡동)
20240200513,부산광역시 금정구 구서로 17(덕원메디컬 1층 구서동)
20240203024,"부산광역시 강서구 명지국제6로 254(1층 일부, 2층 일부 명지동)"
20240203240,부산광역시 강서구 명지오션시티8로34번길 26(1층 명지동)
20240203288,부산광역시 강서구 명지오션시티8로30번길 11(1층 명지동)
20240203507,부산광역시 강서구 공항진입로 108(국제선여객터미널 2층 일부 대저2동)
20240203550,부산광역시 강서구 명지국제6로 168(스타필드 시티 명지점 1149호 명지동)
20240203578,"부산광역시 강서구 명지국제8로 230(106, 107호 명지동)"
20240203729,부산광역시 강서구 영강길17번가길 45(4층 일부 명지동)
20240205021,부산광역시 연제구 반송로 50-10(1층 연산동)
20240205072,부산광역시 연제구 아시아드대로 39(레이카운티 2단지 상가동 110호 거제동)
20240205101,"부산광역시 연제구 연수로 110(105동 3,4호 연산동, 연산 경동메르빌아파트)"
20240205133,"부산광역시 연제구 반송로 40(102동 101,102호 연산동, e편한세상 연산 더퍼스트)"
20240205202,"부산광역시 연제구 시청로31번길 22(1,2층 연산동)"
20240205309,부산광역시 연제구 법원남로9번길 17(연제청년창업나래센터 2층 일부호 거제동)
20240205411,부산광역시 연제구 거제천로 66(1층 연산동)
20240205443,"부산광역시 연제구 고분로13번길 25(205호 연산동, 연산동 쌍용아파트)"
20240205485,"부산광역시 연제구 안연로 33(상가C동 106호 연산동, 더샵 파크시티)"
20240205503,부산광역시 연제구 종합운동장로 7(홈플러스아시아드점 지하2층 거제동)
20240205532,"부산광역시 연제구 신촌로17번길 8(1층 104,105호 연산동, 시청역동원시티비스타)"
20240205608,부산광역시 연제구 신금로 12-1(1층 연산동)
20240208184,부산광역시 수영구 광안해변로 241(1~4층 민락동)
20240208231,부산광역시 수영구 광안로41번길 3(1층 광안동)
20240208247,부산광역시 수영구 구락로123번길 20(F1963 1동 1층 동쪽공간호 망미동)
20240208335,부산광역시 수영구 호암로29번길 59(1층 일부호 광안동)
20240208344,"부산광역시 수영구 수영로575번길 10(1층 103호 광안동, 광안 부백 자연애 아파트)"
20240208385,부산광역시 수영구 광안로61번가길 17(1층 민락동)
20240208447,"부산광역시 수영구 민락수변로17번길 56(2층 D1, D2호 민락동)"
20240208524,부산광역시 수영구 광남로 209(1층 민락동)
20240208584,부산광역시 수영구 수영로510번길 20(2층 광안동)
20240211307,부산광역시 사상구 사상로 201(서부시외버스터미널 본관동 2층 괘법동)
20240211349,"부산광역시 사상구 가야대로255번길 5(115동 102호 주례동, 주례롯데캐슬골드스마트)"
20240214055,부산광역시 기장군 기장읍 기장해안로 147(롯데몰 동부산점 3층 D302호)
20240214059,부산광역시 기장군 기장읍 기장해안로 147(롯데몰 동부산점 3층 D301호)
20240214089,부산광역시 기장군 일광읍 해빛5로 26(상가동 123호 이지더원2차 포레온)
20240214256,부산광역시 기장군 기장읍 기장해안로 108(112호)
20240214343,부산광역시 기장군 일광읍 해빛1로 99(104호)
20240214551,부산광역시 기장군 장안읍 정관로 1133(부산프리미엄아울렛 1600동 지하 2층 552호)
20240214553,부산광역시 기장군 일광읍 일광로 293(A동 1층)
20240214554,부산광역시 기장군 장안읍 정관로 1133(부산프리미엄아울렛 1600동 지하2층 551호)
20240214567,부산광역시 기장군 장안읍 정관로 1133(부산프리미엄아울렛 1600동 지하2층 544호)
20240214571,부산광역시 기장군 장안읍 정관로 1133(부산 프리미엄 아울렛 1600동 B2층 550호)
20240214572,부산광역시 기장군 장안읍 정관로 1133(부산프리미엄아울렛 1600동 B2층 542호)
20240214585,부산광역시 기장군 장안읍 정관로 1133(부산프리미엄아울렛 1600동 지하2층 547호)
20240214589,부산광역시 기장군 장안읍 정관로 1133(부산프리미엄아울렛 1600동 지하2층 540호)
20240214596,부산광역시 기장군 장안읍 정관로 1133(부산프리미엄아울렛 1600동 지하1층 658호)
20240214602,부산광역시 기장군 장안읍 정관로 1133(부산프리미엄아울렛 1600동 지하2층 535호)
20240214603,부산광역시 기장군 장안읍 정관로 1133(부산프리미엄아울렛 골프관동 2층 470호)
20240214699,부산광역시 기장군 장안읍 정관로 1133(부산 프리미엄 아울렛 1600동 B2층 536호)
20240219444,대구광역시 중구 동덕로 125(봄봄빌딩 1층 삼덕동2가)
20240219544,"대구광역시 중구 태평로 195(1,2층 태평로1가)"
20240219550,"대구광역시 중구 태평로 50(A동 102호 도원동, 힐스테이트 도원 센트럴)"
20240219567,대구광역시 중구 국채보상로131길 22(가동 1층 동인동2가)
20240219664,대구광역시 중구 달구벌대로 2085(동아쇼핑 10층 덕산동)
20240219726,대구광역시 중구 달구벌대로 2077(현대백화점 지하1층 계산동2가)
20240219746,대구광역시 중구 서성로14길 56(1층 대안동)
20240219765,"대구광역시 중구 명덕로 33(상가1동 지하1층 4호 남산동, 남산자이하늘채)"
20240219779,대구광역시 중구 달구벌대로 2077(현대백화점 지하1층 계산동2가)
20240219990,대구광역시 중구 동성로2길 12-9(1층 봉산동)
20240222233,대구광역시 동구 동부로 149(신세계동대구복합환승센터 지하1층 신천동)
20240222380,대구광역시 동구 동부로 149(신세계동대구복합환승센터 8층 신천동)
20240222480,"대구광역시 동구 아양로 190(1층 8,9호 효목동, 동보맨숀아파트)"
20240222507,대구광역시 동구 동부로 149(신세계동대구복합환승센터 8층 신천동)
20240222575,"대구광역시 동구 동대구로 590(303동 109호 신암동, 동대구역화성파크드림아파트)"
20240222613,대구광역시 동구 공항로50길 12(1층 지저동)
20240222615,"대구광역시 동구 경대로 126(307동 1층 2호 신암동, 해링턴플레이스동대구아파트)"
20240222627,대구광역시 동구 반야월로 32(1층 용계동)
20240222655,대구광역시 동구 동부로 149(신세계동대구복합환승센터 9층 신천동)
20240222713,대구광역시 동구 안심로51길 59(1층 서호동)
20240222714,대구광역시 동구 안심로51길 59(1층 서호동)
20240222725,대구광역시 동구 동부로 149(신세계동대구복합환승센터 지하1층 신천동)
20240222759,대구광역시 동구 동부로 149(신세계동대구복합환승센터 지하1층 신천동)
20240222766,대구광역시 동구 동부로 149(신세계동대구복합환승센터 지하1층 신천동)
20240222827,대구광역시 동구 신암남로23길 34(1층 신암동)
20240222926,대구광역시 동구 동부로 149(신세계동대구복합환승센터 지하1층 신천동)
20240223045,대구광역시 동구 과학로 8(1층 각산동)
20240223102,대구광역시 동구 반야월로24길 52(1층 율하동)
20240223185,대구광역시 동구 아양로 28(1층 신암동)
20240223194,"대구광역시 동구 경대로 126(305동 1층 4호 신암동, 해링턴플레이스동대구아파트)"
20240223277,대구광역시 동구 신서로 77(1층 신서동)
20240226019,"대구광역시 서구 문화로 230(302동 110호 평리동, 서대구역반도유보라센텀)"
20240226195,"대구광역시 서구 고성로 33(402동 1층 104호 원대동3가, 서대구센트럴자이)"
20240226243,대구광역시 서구 서대구로 122(1층 평리동)
20240226279,대구광역시 서구 평리로 164(1층 중리동)
20240226285,"대구광역시 서구 문화로 230(301동 1층 115호 평리동, 서대구역반도유보라센텀)"
20240226329,"대구광역시 서구 문화로 150(상가 5113동 1호 평리동, 서대구역센텀화성파크드림)"
20240230020,대구광역시 남구 중앙대로51길 37-1(1층 대명동)
20240230099,대구광역시 남구 장전3길 148(1층 대명동)
20240230125,대구광역시 남구 중앙대로47길 5(1층 대명동)
20240230138,대구광역시 남구 이천로12길 13-2(1층 봉덕동)
20240230361,대구광역시 남구 자유1길 43-1(1층 대명동)
20240233246,대구광역시 북구 대불로5길 11(1층 산격동)
20240233304,대구광역시 북구 성북로 62(가동 1층 침산동)
20240233424,대구광역시 북구 내곡로 75(105호 사수동)
20240233560,대구광역시 북구 서변로3길 47-12(주4동 1층 서변동)
20240233626,대구광역시 북구 동암로 110(빅타운 1층 106호 동천동)
20240233654,대구광역시 달서구 용산큰못2길 24(1층 용산동)
20240233715,대구광역시 북구 동암로12길 8(칠곡홈플러스 1층 동천동)
20240233738,대구광역시 북구 경대로7길 41(4층 대현동)
20240233749,"대구광역시 북구 학정로 149(1층 110호 태전동, 한우리메디칼타워)"
20240233807,대구광역시 북구 태평로 161(롯데백화점 대구역 9층 칠성동2가)
20240233834,대구광역시 북구 유통단지로 80(산격동)
20240233869,대구광역시 북구 태평로 161(롯데백화점 대구역 3층 칠성동2가)
20240233879,"대구광역시 북구 연경중앙로11길 6(1층 101,102,103호 연경동)"
20240233890,대구광역시 북구 동암로12길 8(칠곡홈플러스 1층 동천동)
20240233930,"대구광역시 북구 팔거천동로 222(동천 메디빌 빌딩 1층 103,105호 동천동)"
20240234032,대구광역시 북구 침산로21길 41(MH엘퍼스트 오페라 1층 102호 칠성동2가)
20240234058,대구광역시 북구 대학로 107(1층 산격동)
20240234145,대구광역시 북구 산격로8길 23-1(1층 산격동)
20240234172,"대구광역시 북구 침산로 158(제101동 1층 상가1102-1호 침산동, 건영하이츠)"
20240234313,"대구광역시 북구 옥산로17길 50(101동 상가1층 3호 침산동, 침산제일아파트)"
20240234320,대구광역시 북구 구암로17길 28(1층 읍내동)
20240240007,"대구광역시 수성구 신매로 21(205동 102호 신매동, 시지보성서한타운아파트)"
20240240058,대구광역시 수성구 달구벌대로480길 5(1층 범어동)
20240240081,대구광역시 수성구 파동로 96(A동 1층 파동)
20240240102,대구광역시 수성구 무학로23길 64(1층 두산동)
20240240202,대구광역시 수성구 청수로35길 79(삼영빌딩 1층 황금동)
20240240363,"대구광역시 수성구 지산로3길 33(401동 119호 지산동, 더샵 수성라크에르)"
20240240415,대구광역시 수성구 알파시티2로 14(황금빌딩 1층 시지동)
20240240446,대구광역시 수성구 알파시티2로3길 72(1층 시지동)
20240240449,대구광역시 수성구 알파시티2로 27(수성메트로 1층 104호 시지동)
20240240515,대구광역시 수성구 알파시티2로 27(수성메트로 103호 시지동)
20240240534,대구광역시 수성구 알파시티1로40길 6(1층 대흥동)
20240240548,대구광역시 수성구 청수로26길 36(한성스퀘어 1층 103호 두산동)
20240240610,대구광역시 수성구 국채보상로 983(1층 만촌동)
20240240671,대구광역시 수성구 파동로48길 5-30(1층 파동)
20240240700,대구광역시 수성구 알파시티2로3길 48-12(1층 시지동)
20240240765,"대구광역시 수성구 지범로48길 21(302동 지하2층 103호 범물동, 수성하늘채르레브아파트)"
20240240800,대구광역시 수성구 알파시티2로 18(1층 시지동)
20240240801,"대구광역시 수성구 알파시티2로 28(1층 101호,102호 시지동)"
20240240821,대구광역시 수성구 들안로 68(2층 두산동)
20240240968,"대구광역시 수성구 상록로 80(101동 1층 101호 범어동, 힐스테이트 범어센트럴)"
20240241023,"대구광역시 수성구 지범로 200(1층 101,102호 범물동)"
20240241106,대구광역시 수성구 들안로2길 33(1층 두산동)
20240241249,"대구광역시 수성구 교학로 13(1층 107호 만촌동, 만촌3차 화성파크드림)"
20240248227,"대구광역시 달서구 와룡로 169(판매시설동 1층 101-114호 감삼동, 월드마크웨스트엔드)"
20240248290,대구광역시 달서구 조암남로10길 7(주건축물제1동 1층 월성동)
20240248505,대구광역시 달서구 한실로 95(1층 도원동)
20240248587,대구광역시 달서구 조암로 38(유성스파랜드 A동 105호 월성동)
20240248603,대구광역시 달서구 구마로 103-1(1층 본리동)
20240248631,대구광역시 달서구 조암로 42(플러스타워 1층 104호 월성동)
20240248646,대구광역시 달서구 갈밭로 6(대곡메디컬빌딩 1층 106호 대곡동)
20240248730,"대구광역시 달서구 조암남로 38(원더풀메디컬센터 1층 102, 103호 월성동)"
20240248779,"대구광역시 달서구 성서공단로11길 64-1(107, 108호 호산동)"
20240248864,대구광역시 달서구 대명천로42길 22(1층 본리동)
20240248961,대구광역시 달서구 진천로 92(남대구이마트 1층 대천동)
20240249104,대구광역시 달서구 달구벌대로344길 1(A동 1층 1호 두류동)
20240249134,"대구광역시 달서구 달구벌대로 1551(골든타워 1층 113,114호 죽전동)"
20240249266,대구광역시 달서구 조암로 17(월성동 이래타워 키즈 1층 108호 월성동)
20240249291,대구광역시 달서구 구마로21길 45(1층 본리동)
20240249344,대구광역시 달서구 성당로 3(1층 성당동)
20240256106,"대구광역시 달성군 옥포읍 돌미로 65(2층 201,202일부호)"
20240256196,대구광역시 달성군 유가읍 테크노중앙대로 254(하이젠스타 1층 101호)
20240256369,대구광역시 달성군 다사읍 대실역북로 8(1층)
20240256378,대구광역시 달성군 다사읍 서재로7길 25(604동 101호 에코폴리스 동화 아이위시 3차)
20240256393,대구광역시 달성군 다사읍 세천로 160(303동 111호 북죽곡엠코타운더솔레뉴)
20240256645,대구광역시 달성군 유가읍 테크노공원로 77(1층 109호)
20240263011,인천광역시 영종구 공항문화로 127(인스파이어 1층 R-12A호 운서동)
20240263050,인천광역시 영종구 제2터미널대로 446(인천국제공항 제2여객터미널 면세동 4층 운서동)
20240263051,인천광역시 영종구 제2터미널대로 446(인천국제공항 제2여객터미널 면세동 4층 운서동)
20240263173,인천광역시 영종구 제2터미널대로 446(인천국제공항 제2여객터미널 면세동 2층 운서동)
20240263272,인천광역시 영종구 공항문화로 127(인스파이어 1층 F-01호 운서동)
20240263309,인천광역시 영종구 공항로 272(인천국제공항제1여객터미널 면세동 3층 운서동)
20240263329,"인천광역시 제물포구 월미로 219(문테라스 1~3층, 4층옥상층 북성동1가)"
20240263402,인천광역시 영종구 제2터미널대로 446(인천공항제2여객터미널 면세동 3층 운서동)
20240263445,"인천광역시 영종구 용유서로 402-11(1동 1,2,3층 을왕동)"
20240263467,인천광역시 영종구 제2터미널대로 446(면세동 3층 5-54-18호 운서동)
20240263535,인천광역시 영종구 영종해안남로321번길 186(파라다이스시티 플라자 1층 H103호 운서동)
20240263543,인천광역시 영종구 영종대로196번길 15-7(스카이탑 제1층 102호 운서동)
20240263564,인천광역시 영종구 제2터미널대로 446(인천국제공항 제2여객터미널 면세동 3층 운서동)
20240263569,인천광역시 영종구 제2터미널대로 446(인천공항제2터미널 면세동 3층 운서동)
20240263585,인천광역시 영종구 제2터미널대로 446(면세구역 4층 운서동)
20240263598,인천광역시 영종구 공항문화로 127(인스파이어 1층 F-08호 운서동)
20240263631,인천광역시 영종구 제2터미널대로 446(4층 중앙 운서동)
20240263632,인천광역시 영종구 제2터미널대로 446(4층 중앙 운서동)
20240263633,인천광역시 영종구 제2터미널대로 446(4층 중앙 운서동)
20240263636,인천광역시 영종구 제2터미널대로 446(인천국제공항제2여객터미널 면세동3층 운서동)
20240263646,인천광역시 영종구 공항로 272(인천국제공항 제1여객터미널 면세구역 A/S 3층 5-82-16호 운서동)
20240263647,인천광역시 영종구 하늘중앙로225번길 4(영종S타워 201호 일부 2층 중산동)
20240263656,인천광역시 영종구 화랑목로 56-10(102호 운서동)
20240263681,인천광역시 영종구 제2터미널대로 446(인천공항제2터미널 일반동 지하1층 운서동)
20240263804,인천광역시 영종구 공항로 272(인천공항1터미널 면세동 3층 운서동)
20240263872,인천광역시 영종구 제2터미널대로 446(지하1층 운서동)
20240263880,인천광역시 영종구 제2터미널대로 446(인천공항제2터미널 지하1층 2-08-072호 운서동)
20240263898,인천광역시 영종구 영종대로 911(블루오션1차 1동 1층 106호 중산동)
20240263904,인천광역시 영종구 공항로 272(인천공항제1여객터미널 일반동 지하1층 운서동)
20240263905,인천광역시 영종구 공항로 272(인천공항제1여객터미널 일반동 지하1층 운서동)
20240263906,인천광역시 영종구 공항로 272(인천공항1여객터미널 일반동 지하1층 운서동)
20240263916,인천광역시 영종구 월촌길 32(1층 101호 중산동)
20240263918,인천광역시 영종구 제2터미널대로 446(인천공항제2여객터미널 4층 중앙 운서동)
20240263919,인천광역시 영종구 제2터미널대로 446(인천공항제2여객터미널 4층 중앙 운서동)
20240263952,인천광역시 영종구 공항로 272(인천공항제1여객터미널 일반동 지하1층 2-40-09호 운서동)
20240263953,인천광역시 영종구 제2터미널대로 446(일반동 4층 6-31-31호 운서동)
20240263964,인천광역시 영종구 제2터미널대로 446(인천공항제2여객터미널 일반동 4층 중앙 운서동)
20240263995,인천광역시 영종구 제2터미널대로 446(인천공항제2여객터미널 4층 중앙 운서동)
20240263999,인천광역시 영종구 제2터미널대로 446(인천공항제2터미널 일반동 지하1층 운서동)
20240264006,인천광역시 영종구 하늘중앙로225번길 20(스카이에비뉴2 3층 310호 중산동)
20240264011,인천광역시 영종구 용유서로 443(1층 101호 을왕동)
20240264042,인천광역시 영종구 제2터미널대로 446(일반동 4층 6-29-112호 운서동)
20240264053,인천광역시 영종구 공항문화로 127(인스파이어리조트 3층 R-02호 운서동)
20240264055,인천광역시 영종구 하늘별빛로 59(1층 112호 중산동)
20240264071,인천광역시 영종구 제2터미널대로 446(일반동 1층 3-11-14호 운서동)
20240268095,인천광역시 미추홀구 미추홀대로719번길 7-23(1층 주안동)
20240268355,인천광역시 미추홀구 경원대로 705(1층 좌측호 관교동)
20240268450,"인천광역시 미추홀구 학익로 116(125동 1층 111호 학익동, 시티오씨엘 1단지)"
20240268524,인천광역시 미추홀구 남주길147번길 3(106호 주안동)
20240268767,"인천광역시 미추홀구 숙골로88번길 12(110동 3층 304,305,306호 도화동, 더샵 인천스카이타워 1단지)"
20240268789,"인천광역시 미추홀구 경인로 452(센트레뷰 202호,203호,204호 주안동)"
20240268819,"인천광역시 미추홀구 학익로 116(125동 1층 109호 학익동, 시티오씨엘 1단지)"
20240268823,"인천광역시 미추홀구 경인로 372(201동 지하2층 2003호 주안동, 포레나 미추홀)"
20240268834,인천광역시 미추홀구 경인남길30번길 62(1층 좌측호 용현동)
20240268855,인천광역시 미추홀구 길파로28번길 8(1층 주안동)
20240268856,인천광역시 미추홀구 길파로28번길 8(2층 주안동)
20240268880,"인천광역시 미추홀구 경인로 372(201동 b2층 2124호 주안동, 포레나 미추홀)"
20240268889,인천광역시 미추홀구 석정로 278-2(희나리 1층 좌측호 도화동)
20240268991,인천광역시 미추홀구 제일로 31(삼라마이다스 1층 112호 도화동)
20240269024,"인천광역시 미추홀구 학익로 116(124동 4호 학익동, 시티오씨엘 1단지)"
20240269054,"인천광역시 미추홀구 연남로 35(인천종합터미널,롯데백화점 지하 1층 일부호 관교동)"
20240269243,"인천광역시 미추홀구 경인로 372(201동 1층 1033호 주안동, 포레나 미추홀)"
20240269330,"인천광역시 미추홀구 연남로 35(인천종합터미널,롯데백화점 6층 일부호 관교동)"
20240269336,"인천광역시 미추홀구 연남로 35(인천종합터미널,롯데백화점 지하 1층 일부호 관교동)"
20240269400,인천광역시 미추홀구 경인로 26(1층 102호 숭의동)
20240273019,인천광역시 연수구 해돋이로 161(세종프라자 107~110호 송도동)
20240273219,인천광역시 연수구 아트센터대로168번길 100(한라 웨스턴파크 송도 136호 송도동)
20240273551,"인천광역시 연수구 앵고개로 260(맘모스빌딩 지상2층 202호,203호 동춘동)"
20240273604,인천광역시 연수구 송도과학로16번길 33-3(송도 트리플스트리트 C동 2층 203호 송도동)
20240273724,인천광역시 연수구 연구단지로55번길 16(더샵 송도엘테라스 2층 208호 송도동)
20240273767,인천광역시 연수구 먼우금로 190(연수프라자 지상1층 104호 연수동)
20240273781,인천광역시 연수구 신송로 165-10(더 아르곤 지상1층 101호 송도동)
20240273808,인천광역시 연수구 신송로 121(송도센타프라자 1층 117호 송도동)
20240273991,"인천광역시 연수구 센트럴로 160(판매시설동 160호 송도동, 송도센트럴파크푸르지오)"
20240274213,"인천광역시 연수구 송도과학로16번길 33-2(송도 트리플스트리트 B동 지하2,3층 B202호,B310a호 송도동)"
20240274371,인천광역시 연수구 용담로 111(아시스타워 지상1층 103호 연수동)
20240274452,"인천광역시 연수구 인천타워대로 257(송도 아트포레 푸르지오 시티 A동 A-133호,A-134호 송도동)"
20240274575,인천광역시 연수구 송도미래로 30(송도 BRC 스마트밸리 지식산업센터 에프동 102호 송도동)
20240274605,"인천광역시 연수구 인천타워대로 365(301동 1층 101호 송도동, 힐스테이트 송도 더스카이)"
20240274632,"인천광역시 연수구 컨벤시아대로 50(1단지 지상1층 144호 송도동, 푸르지오월드마크)"
20240274704,"인천광역시 연수구 아트센터대로168번길 101(송도랜드마크푸르지오시티 1층 118,119호 송도동)"
20240274723,인천광역시 연수구 아트센터대로 149(커낼워크D1 SPRING 102동 1층 121호 송도동)
20240274845,"인천광역시 연수구 하모니로 158(송도타임스페이스 지1층 B06,B07호 송도동)"
20240279015,경기도 시흥시 비둘기공원7길 69(은행아트룸 1층 일부호 대야동)
20240279233,인천광역시 남동구 석정로552번길 9-33(1층 일부호 간석동)
20240279285,"인천광역시 남동구 미래로 13(노빌리안명품 101, 113호 구월동)"
20240279642,인천광역시 남동구 백범로294번길 20(간석LH2단지상가1동 지1층 비106호 간석동)
20240279733,"인천광역시 남동구 수현로12번길 20(1,2,3,4층 장수동)"
20240279739,인천광역시 남동구 호구포로888번길 15(1층 일부호 간석동)
20240279851,인천광역시 남동구 석산로141번길 1(대성프라자 1층 104호 간석동)
20240279895,인천광역시 남동구 남동대로915번길 19(1층 106호 간석동)
20240279953,인천광역시 남동구 석산로 166(간석래미안자이아파트 상가2동 1층 107호 간석동)
20240279982,인천광역시 남동구 구월로 364(성원빌딩 1층 일부호 만수동)
20240279987,인천광역시 남동구 논현역로 4(이지프라자 1층 108호 논현동)
20240280155,인천광역시 남동구 소래역남로16번길 39(1층 108호 논현동)
20240280267,인천광역시 남동구 문화로89번길 5(1층 일부호 구월동)
20240280311,인천광역시 남동구 경원대로 962(신원아침도시 비 B동 206호 간석동)
20240280321,인천광역시 남동구 논현로 42(제일프라자 1층 102호 논현동)
20240280326,인천광역시 남동구 소래역남로16번길 8-7(1층 106호 논현동)
20240280344,인천광역시 남동구 미래로 6(1층 108호 구월동)
20240280352,"인천광역시 남동구 남동대로799번길 34(B동 1층 127호 구월동, 신영구월지웰시티푸르지오)"
20240280459,인천광역시 남동구 용천로 106(1층 일부호 구월동)
20240283039,인천광역시 부평구 충선로81번길 6(1층 일부 부개동)
20240283040,인천광역시 부평구 장제로52번길 26(더 갤러리 1층 101호 부평동)
20240283239,인천광역시 부평구 경원대로 1041(씨앤케이무역 1층 일부 십정동)
20240283395,인천광역시 부평구 부평대로 125(1층 일부 부평동)
20240283425,인천광역시 부평구 산청로 102(1층 일부 청천동)
20240283639,인천광역시 부평구 배곶로 66(1층 일부 십정동)
20240283662,인천광역시 부평구 시장로 24(1층 일부 부평동)
20240283743,인천광역시 부평구 동수로 7(로뎀레뷰 106호 부평동)
20240283775,인천광역시 부평구 길주로 659(미라쥬타워 1층 104호 삼산동)
20240283851,인천광역시 부평구 길주남로 40(1층 부평동)
20240283901,인천광역시 부평구 경인로1012번길 12-6(1층 부평동)
20240283920,인천광역시 부평구 평천로 286(1층 일부 갈산동)
20240284006,인천광역시 부평구 길주남로 123(1층 일부 부개동)
20240284009,"인천광역시 부평구 동수로 50(1, 2층 부평동)"
20240284131,인천광역시 부평구 부평북로 442(삼산프라자 1층 104호 삼산동)
20240284135,인천광역시 부평구 경원대로1344번길 34(e편한세상시티부평역 1층 107호 부평동)
20240284142,인천광역시 부평구 부흥북로 2(1층 일부 부평동)
20240284153,인천광역시 부평구 열우물로 64(108호 십정동)
20240284171,인천광역시 부평구 신트리로6번길 3-2(BK빌딩 1층 105호 부평동)
20240284266,인천광역시 부평구 부평문화로 188(1층 일부 부개동)
20240287118,인천광역시 계양구 계양산로134번길 37-1(1층 계산동)
20240287135,인천광역시 계양구 계양산로 96(1층 계산동)
20240287418,"인천광역시 계양구 봉오대로651번길 9(202동 지하1층 212-2호 작전동, 힐스테이트자이계양)"
20240287428,"인천광역시 계양구 봉오대로651번길 9(202동 206호 작전동, 힐스테이트자이계양)"
20240287496,"인천광역시 계양구 봉오대로651번길 9(202동 지하1층 201호 작전동, 힐스테이트자이계양)"
20240287518,인천광역시 계양구 도두리로 25-1(대양나이스빌 1층 101호 계산동)
20240287663,인천광역시 계양구 용종로 23(은행마을 태산아파트 상가동 1층 117호 계산동)
20240291468,인천광역시 서해구 승학로 444(1층 105호 검암동)
20240291501,인천광역시 검단구 이음대로 475(금강프라자 101호 당하동)
20240291582,"인천광역시 서해구 서곶로 45(근린생활시설동 제지1층 B114호 가정동, 루원 린스트라우스 더 린시티)"
20240291676,"인천광역시 검단구 서곶로 798(재원빌딩 201,202,203호일부호 당하동)"
20240292020,인천광역시 서해구 승학로 244(제스트빌 107호 심곡동)
20240292055,인천광역시 검단구 검단로 480(검단리치웰프라자 101호 왕길동)
20240292083,인천광역시 서해구 청라루비로42번길 6-6(1층 일부호 청라동)
20240292123,"인천광역시 서해구 서곶로 45(근린생활시설동 제지1층 제B109,B110호 가정동, 루원 린스트라우스 더 린시티)"
20240292430,인천광역시 서해구 염곡로464번길 24(213ㆍ214ㆍ215ㆍ216ㆍ217호 가정동)
20240292450,"인천광역시 서해구 가정로 406(A동 103호 가정동, 루원지웰시티푸르지오)"
20240292482,인천광역시 서해구 승학로 497(검암프라자 1층 104호 검암동)
20240292539,인천광역시 검단구 검단로 470(201호 왕길동)
20240292585,인천광역시 서해구 담지로8번길 7-25(1층 청라동)
20240292719,"인천광역시 검단구 이음2로 29(602동 207호 당하동, 파라곤 센트럴파크)"
20240292725,"인천광역시 검단구 원당대로 966(150호 당하동, 금강펜테리움더시글로1차)"
20240292729,"인천광역시 서해구 염곡로464번길 23(엔시티타워 6층 603,604,605,606호 가정동)"
20240292753,인천광역시 서해구 북항로32번안길 9-19(힘찬프라자 109호 원창동)
20240292840,인천광역시 서해구 염곡로464번길 23(엔시티타워 1층 101호 가정동)
20240292900,인천광역시 서해구 중봉대로586번길 15(청연프라자 104호 청라동)
20240292934,인천광역시 서해구 염곡로498번안길 5-15(1층 일부호 가정동)
20240293181,"인천광역시 검단구 이음대로 428(108,109호 당하동)"
20240293209,인천광역시 검단구 원당대로 438(나동 1층 일부호 왕길동)
20240297008,인천광역시 강화군 길상면 해안남로 925(2층)
20240297032,인천광역시 강화군 강화읍 청하동길 8
20240303163,전남광주통합특별시 동구 충장로 102-5(1층 충장로1가)
20240303256,전남광주통합특별시 동구 제봉로 217(1층 대인동)
20240303288,전남광주통합특별시 동구 중앙로 349-3(1층 계림동)
20240303347,전남광주통합특별시 동구 무등로321번길 17(1층 계림동)
20240303488,전남광주통합특별시 동구 충장로 104(1층 충장로1가)
20240303506,전남광주통합특별시 동구 독립로 268(롯데백화점 광주점 10층 대인동)
20240303512,전남광주통합특별시 동구 필문대로273번길 9(1층 지산동)
20240303515,전남광주통합특별시 동구 문화전당로26번길 6(1~2층 남동)
20240306205,전남광주통합특별시 서구 무진대로 932(신세계백화점 광주점 지하1층 식품관 광천동)
20240306316,전남광주통합특별시 서구 북촌길 40(1층 마륵동)
20240306488,전남광주통합특별시 서구 무진대로 932(신세계백화점 지하1층 광천동)
20240306502,전남광주통합특별시 서구 무진대로 932(신세계백화점 광주점 지하1층 광천동)
20240306514,전남광주통합특별시 서구 쌍촌로3번길 10-24(1층 쌍촌동)
20240306569,전남광주통합특별시 서구 화개1로79번길 3(신화빌딩 1층 102호 금호동)
20240306621,전남광주통합특별시 서구 상무대로 1104-26(1층 농성동)
20240306645,전남광주통합특별시 서구 무진대로 904(유스퀘어광천터미널 1층 115호 광천동)
20240306691,전남광주통합특별시 서구 천변좌로 243(양동복개상가 가동 2층 208호 양동)
20240306704,전남광주통합특별시 서구 죽봉대로 61(광주 이마트 2층 화정동)
20240306741,전남광주통합특별시 서구 회재로 970(1~3층 풍암동)
20240306841,전남광주통합특별시 서구 상무공원로 15(1층 치평동)
20240306859,전남광주통합특별시 서구 상무연하로 49(1층 101호 치평동)
20240306879,전남광주통합특별시 서구 염화로134번길 29(1층 화정동)
20240306947,전남광주통합특별시 서구 하남대로 692(1층 동천동)
20240307054,전남광주통합특별시 서구 상무버들로 24(유촌동성현빌딩 1층 유촌동)
20240310083,전남광주통합특별시 남구 봉선로 198(지하1층 봉선동)
20240310210,전남광주통합특별시 남구 봉선로 152(1층 봉선동)
20240310261,전남광주통합특별시 남구 서문대로 670(1층 105호 진월동)
20240310296,전남광주통합특별시 남구 봉선로 164(1층 봉선동)
20240310314,전남광주통합특별시 남구 봉선2로 34(1층 봉선동)
20240310369,"전남광주통합특별시 남구 구성로8번길 6(상가B동 지하1층 7,8호 월산동, 반도유보라 더 퍼스트)"
20240310403,전남광주통합특별시 남구 군분로24번길 8(1층 백운동)
20240310446,"전남광주통합특별시 남구 효천2로가길 17(1층 102, 103호 임암동)"
20240310447,전남광주통합특별시 남구 봉선1로47번길 8(1층 봉선동)
20240310461,전남광주통합특별시 남구 봉선중앙로 33(1층 봉선동)
20240313031,전남광주통합특별시 북구 송월로40번길 63(1층 오치동)
20240313108,전남광주통합특별시 북구 설죽로 518-4(1층 일곡동)
20240313207,전남광주통합특별시 북구 설죽로 136(1층 용봉동)
20240313212,전남광주통합특별시 북구 서림로 10(무등종합경기장 5층 임동)
20240313315,전남광주통합특별시 북구 양산택지로 36(1층 양산동)
20240313452,전남광주통합특별시 북구 면앙로 207(1층 두암동)
20240313625,전남광주통합특별시 북구 용봉로 124-1(1층 중흥동)
20240313809,전남광주통합특별시 북구 천변우로79번길 25-1(한국아델리움 2차 1층 102호 임동)
20240313837,"전남광주통합특별시 북구 군왕로 295(116동 1층 106호 각화동, 힐스테이트 각화)"
20240313847,전남광주통합특별시 북구 양산로 2(1층 양산동)
20240313856,전남광주통합특별시 북구 서하로 185(1층 오치동)
20240313858,전남광주통합특별시 북구 첨단연신로 88(1층 112호 연제동)
20240313862,전남광주통합특별시 북구 하서로 438(1층 용두동)
20240313895,전남광주통합특별시 북구 호동로79번길 47(1층 용봉동)
20240313896,전남광주통합특별시 북구 호동로79번길 47(1층 용봉동)
20240313914,"전남광주통합특별시 북구 매곡로 58(상가동 1층 101호 매곡동, 호반맨션)"
20240313936,전남광주통합특별시 북구 대자로 36(MVG#78 1층 111호 운암동)
20240313944,전남광주통합특별시 북구 향토문화로12번길 15(1층 중흥동)
20240314099,전남광주통합특별시 북구 군왕로 55-1(1층 두암동)
20240320099,"전남광주통합특별시 광산구 풍영로101번길 22(상가3동 지하1층 B110,B111호 흑석동, 광주 수완지구 이지 더원 아파트)"
20240320109,전남광주통합특별시 광산구 임방울대로 364(1층 106호 수완동)
20240320113,"전남광주통합특별시 광산구 첨단중앙로182번길 76(상가동 108,109,110,111,112,113호 쌍암동)"
20240320139,전남광주통합특별시 광산구 평동로 851(1층 101일부호 옥동)
20240320337,"전남광주통합특별시 광산구 사암로383번길 39(1층 101,102,103,104호 하남동)"
20240320338,전남광주통합특별시 광산구 수완로74번길 23-27(1층 수완동)
20240320426,전남광주통합특별시 광산구 용아로399번길 80(1층 하남동)
20240320537,전남광주통합특별시 광산구 임방울대로 360(1층 103-2호 수완동)
20240320547,전남광주통합특별시 광산구 어등대로 449(1층 선암동)
20240320561,전남광주통합특별시 광산구 어등대로 449(1층 선암동)
20240320584,"전남광주통합특별시 광산구 수등로 205(상가동 1층 103호 신가동, 신가2차호반리젠시빌)"
20240320661,전남광주통합특별시 광산구 첨단내촌로36번길 26(1층 월계동)
20240320662,전남광주통합특별시 광산구 첨단내촌로36번길 26(1층 월계동)
20240320666,"전남광주통합특별시 광산구 동곡로185번길 14(가동 2,3층 하산동)"
20240320694,전남광주통합특별시 광산구 송도로 150(1층 106호 도산동)
20240320739,"전남광주통합특별시 광산구 장신로50번길 20-3(1층 102,103,104호 장덕동)"
20240320750,전남광주통합특별시 광산구 하남마항로12번안길 10(1층 하남동)
20240320811,전남광주통합특별시 광산구 신가삼효로 2-10(1층 신가동)
20240320823,전남광주통합특별시 광산구 용아로379번길 41(1층 산정동)
20240320845,전남광주통합특별시 광산구 송정로30번길 5(1층 송정동)
20240320870,전남광주통합특별시 광산구 수완로106번길 67(우성빌 1층 101호 수완동)
20240320887,전남광주통합특별시 광산구 월계로 217(쌍암동 첨단프라자 1층 101호 쌍암동)
20240321011,"전남광주통합특별시 광산구 선운중앙로 43(211동 B101, B102호 선암동, 광주 선운지구 EG the1 2단지)"
20240321055,"전남광주통합특별시 광산구 임방울대로826번길 29-12(1층 101,102,103,104호 쌍암동)"
20240326185,대전광역시 동구 대전로542번길 80-63(천동하늘 빌딩 1층 101호 천동)
20240326421,대전광역시 동구 백룡로11번길 3(1층 자양동)
20240326766,"대전광역시 동구 계족로 33(101,102호 효동)"
20240329303,대전광역시 중구 대둔산로 354(1층 사정동)
20240329316,대전광역시 중구 계백로 1624(1층 유천동)
20240329441,"대전광역시 중구 보문산로36번길 9(1층, 2층 산성동)"
20240329675,대전광역시 중구 계룡로 856(1층 오류동)
20240329722,대전광역시 중구 충무로 129(1층 대사동)
20240333004,대전광역시 서구 갈마로 62-1(1층 일부호 갈마동)
20240333313,대전광역시 서구 둔산북로 36(1층 109호 둔산동)
20240333812,"대전광역시 서구 관저로 25(1층 101,102호 관저동)"
20240333847,대전광역시 서구 관저로 23(1층 111호 관저동)
20240333861,대전광역시 서구 대덕대로 211(갤러리아타임월드백화점 11층 일부호 둔산동)
20240333942,대전광역시 서구 한밭대로 817(이랜드 PEER 둔산 2층 201호 둔산동)
20240334123,대전광역시 서구 도마1길 31(1층 일부호 도마동)
20240334146,대전광역시 서구 문정로 62(프라임빌딩 3층 일부호 탄방동)
20240334164,대전광역시 서구 둔산중로 50(파이낸스빌딩 1층 101호 둔산동)
20240334217,대전광역시 서구 계룡로 598(롯데백화점 9층 일부호 괴정동)
20240334251,"대전광역시 서구 한밭대로 817(이랜드 PEER 둔산 1층 119호, 124호 둔산동)"
20240334422,대전광역시 서구 계룡로 598(롯데백화점 지하1층 일부호 괴정동)
20240334560,"대전광역시 서구 도안북로93번길 20-24(덕성펠리체 Ⅱ 1층 103,104,105호 도안동)"
20240334563,대전광역시 서구 배재로 168(1층 일부호 도마동)
20240334573,대전광역시 서구 계룡로 598(롯데백화점 9층 괴정동)
20240338271,"대전광역시 유성구 엑스포로123번길 34(지상1층층 127호 도룡동, 도룡코아루스마트리치오피스텔)"
20240338432,대전광역시 유성구 진잠로150번길 11(지상1층 원내동)
20240338512,대전광역시 유성구 엑스포로 1(신세계엑스포점 지하1층 A34호 도룡동)
20240338782,대전광역시 유성구 상대동로2번길 31(지상1층 상대동)
20240338833,"대전광역시 유성구 문화원로 124(지상1,2층 봉명동)"
20240338912,대전광역시 유성구 문지로 319-16(지상1층 문지동)
20240338927,대전광역시 유성구 테크노중앙로 123(현대프리미엄아울렛 대전점 지상 1층 1227호 용산동)
20240338951,"대전광역시 유성구 상대복용로29번길 52(상가동 지하1층 1-10호 상대동, 대전아이파크시티 1단지)"
20240339110,"대전광역시 유성구 상대복용로29번길 51(상가동 지상1층 2-44호 상대동, 대전아이파크시티 2단지)"
20240339391,대전광역시 유성구 계룡로 119(NC대전유성점 지상9층 9-2호 봉명동)
20240339450,"대전광역시 유성구 노은로 151(상가 1층 103호 지족동, 가나파로스빌II)"
20240339532,대전광역시 유성구 엑스포로 1(지하1층 A17호 도룡동)
20240339648,대전광역시 유성구 엑스포로 1(신세계엑스포점 지하1층 A59-1호 도룡동)
20240342427,대전광역시 대덕구 대덕대로1593번길 45(1층 석봉동)
20240347121,울산광역시 중구 유곡로 70(1층 유곡동)
20240347198,울산광역시 중구 종가3길 22(1층 101호 유곡동)
20240347452,울산광역시 중구 젊음의거리 92(1층 옥교동)
20240347464,울산광역시 중구 북부순환도로 874(1층 서동)
20240347678,울산광역시 중구 옥골샘길 10(1층 학산동)
20240347757,"울산광역시 중구 종가4길 10(219동 105호 유곡동, 우정혁신도시2차동원로얄듀크)"
20240347767,"울산광역시 중구 강북로 105(1층 110호 성남동, 롯데캐슬 스카이)"
20240350223,울산광역시 남구 수암로 28-1(1층 신정동)
20240350304,울산광역시 남구 돋질로 239(1층 달동)
20240350519,울산광역시 남구 대공원입구로 11(1층 옥동)
20240350520,"울산광역시 남구 번영로 223(103,104호 신정동, 극동스타클래스)"
20240350536,울산광역시 남구 문수로 355(1층 옥동)
20240350729,"울산광역시 남구 봉월로 55(1층 102호 신정동, 양우내안애팰리스)"
20240350777,울산광역시 남구 대학로 88(2층 무거동)
20240350829,울산광역시 남구 삼산로 282(롯데호텔 지하1층 삼산동)
20240350843,울산광역시 남구 삼산로 261(현대백화점 지하1층 삼산동)
20240350849,울산광역시 남구 삼산로 261(현대백화점 지하1층 삼산동)
20240350892,울산광역시 남구 왕생로128번길 16(1층 삼산동)
20240350994,울산광역시 남구 신복로 11(1층 무거동)
20240351018,울산광역시 남구 문수로423번길 18-3(2층 신정동)
20240351033,울산광역시 남구 돋질로 3(201동 1층 116호 신정동)
20240351047,울산광역시 남구 대공원입구로21번길 27(1층 옥동)
20240351114,울산광역시 남구 팔등로67번길 1-1(1층 신정동)
20240351167,울산광역시 남구 산업로 595(2~3층 삼산동)
20240351198,울산광역시 남구 대학로43번길 14(1층 무거동)
20240351283,울산광역시 남구 월평로 50(1층 101호 신정동)
20240351307,"울산광역시 남구 삼산로 288(롯데백화점, 울산고속버스터미널 지하1층 삼산동)"
20240351366,울산광역시 남구 삼산로 261(현대백화점 13층 삼산동)
20240356041,"울산광역시 동구 서부로 50(B109, 110호 서부동)"
20240356077,울산광역시 동구 서부로 51(B204호 서부동)
20240356118,울산광역시 동구 일산진6길 29(1층 108호 일산동)
20240356326,울산광역시 동구 꽃바위로 246(101호 방어동)
20240359008,울산광역시 북구 동대19길 15(지상1층 호계동)
20240359314,울산광역시 북구 송정36길 5(지상1층 송정동)
20240359384,울산광역시 북구 화봉로 131(지상1층 연암동)
20240359404,울산광역시 북구 중산5길 19-9(2동 지상1층 중산동)
20240359506,울산광역시 북구 중산로 3(지상1층 중산동)
20240359530,울산광역시 북구 매곡로 160(지상2층 매곡동)
20240362025,울산광역시 울주군 청량읍 율리영해2길 20-7(타미하우스 1층)
20240362229,울산광역시 울주군 언양읍 헌양길 141(1층)
20240362419,울산광역시 울주군 삼동면 삼동로 778(1층)
20240362466,울산광역시 울주군 삼남읍 도호길 31(금아드림스퀘어 209호)
20240362494,울산광역시 울주군 온양읍 망양리 산 14-9 2층
20240362810,울산광역시 울주군 삼남읍 반구대로 158(1동 1층)
20240365122,"세종특별자치시 한누리대로 499(세종포스트빌딩 1층 105,106일부호 어진동)"
20240365129,"세종특별자치시 도움3로 105-8(신목빌딩 1층 101,102호 종촌동)"
20240365268,세종특별자치시 시청대로 127(강남프라자 1층 117-119호 보람동)
20240365323,세종특별자치시 시청대로 123(해오름빌딩 1층 106호 보람동)
20240365379,세종특별자치시 시청대로 137(리버피크닉 2층 209호 보람동)
20240365449,"세종특별자치시 새롬중앙1로 13(상가2동 지1층 105호 새롬동, 새뜸마을6단지)"
20240365453,세종특별자치시 도움3로 105-5(종촌 중앙프라자 1층 103호 종촌동)
20240365480,세종특별자치시 새롬중앙로 47(세움빌딩 1층 103호 새롬동)
20240365563,세종특별자치시 남세종로 454(강남제일타워 203호 보람동)
20240365630,세종특별자치시 새롬로 26(새뜸마을13단지 근린생활시설 1층 B-111호 새롬동)
20240365768,세종특별자치시 호려울로 9(네이버타워 1층 112호 보람동)
20240365943,"세종특별자치시 산울7로 11(근생E711동하부동 1층 E-112호 산울동, 산울마을7단지)"
20240366041,세종특별자치시 다솜3로 6(코트야드바이 메리어트 1층 110호 어진동)
20240366142,세종특별자치시 세종로 1219(세종중앙타워 1층 111호 고운동)
20240366181,세종특별자치시 조치원읍 으뜸길 208(1층 일부호)
20240378057,경기도 수원시 팔달구 덕영대로 924(AK플라자 3층 매산로1가)
20240378143,경기도 수원시 팔달구 덕영대로 924(AK플라자 지하1층 매산로1가)
20240378232,경기도 하남시 동남로424번길 96(호안 1층 감일동)
20240378254,경기도 수원시 팔달구 세지로 230(한택 1층 인계동)
20240378266,"경기도 수원시 팔달구 향교로 12-1(1층,지하1층 매산로1가)"
20240378267,"경기도 수원시 팔달구 권선로 753(트윈파크비동 1층 108,109호 인계동)"
20240378394,경기도 수원시 팔달구 덕영대로 924(AK플라자 지하1층 매산로1가)
20240378411,경기도 수원시 팔달구 덕영대로 924(AK플라자 6층 매산로1가)
20240378465,경기도 수원시 팔달구 중부대로206번길 10(전원빌딩 1층 인계동)
20240378619,경기도 수원시 팔달구 덕영대로 924(AK플라자 6층 매산로1가)
20240381017,경기도 수원시 영통구 광교중앙로248번길 95-3(1층 103~105호 하동)
20240381018,경기도 수원시 영통구 광교중앙로248번길 95-3(1층 106~107호 하동)
20240381097,경기도 수원시 영통구 도청로17번길 40(1층 114호 이의동)
20240381186,경기도 수원시 영통구 매영로 52(1층 102호 매탄동)
20240381414,경기도 수원시 영통구 권선로908번길 47(드림타워 1층 112호 신동)
20240381418,경기도 수원시 영통구 청명남로 25(2층 210호 영통동)
20240381434,경기도 수원시 영통구 법조로 25(광교 SK VIEW Lake 40층 4001호 하동)
20240381483,경기도 수원시 영통구 봉영로 1606(미네시티 1층 118호 영통동)
20240381504,경기도 수원시 영통구 청명남로50번길 10(1층 영통동)
20240381511,"경기도 수원시 영통구 광교호수공원로 300(포레나 광교 1층 151호, 152호 하동)"
20240381520,"경기도 수원시 영통구 효원로 387(풍성프라자 1층 101, 102호 매탄동)"
20240381611,경기도 수원시 영통구 법조로 25(광교 SK VIEW Lake A동 41층 4101호 하동)
20240381619,"경기도 수원시 영통구 센트럴타운로 85(203동 지하1층 Cb28,Cb29호 이의동, 광교C1 호반베르디움, Summit Place광교)"
20240381632,경기도 수원시 영통구 도청로 10(광교센트럴푸르지오시티 1층 이의동)
20240381715,경기도 수원시 영통구 봉영로 1623(드림피아빌딩 1층 112호 영통동)
20240384006,경기도 수원시 장안구 수성로 175(스타필드 수원화서점 7층 7178호 정자동)
20240384018,경기도 수원시 장안구 수성로 175(7층 7175호 정자동)
20240384021,경기도 수원시 장안구 수성로 175(7층 7170호 정자동)
20240384035,경기도 수원시 장안구 수성로 175(스타필드수원 1층 1152호 정자동)
20240384055,경기도 수원시 장안구 수성로 175(스타필드수원 3층 3210호 정자동)
20240384057,경기도 수원시 장안구 수성로 175(7층 7120호 정자동)
20240384058,경기도 수원시 장안구 수성로 175(7층 7127호 정자동)
20240384065,경기도 수원시 장안구 수성로 175(7층 7152호 정자동)
20240384070,경기도 수원시 장안구 수성로 175(7층 7177호 정자동)
20240384071,경기도 수원시 장안구 수성로 175(2층 2326호 정자동)
20240384073,경기도 수원시 장안구 수성로 175(2층 2330호 정자동)
20240384077,경기도 수원시 장안구 수성로 175(2층 2320호 정자동)
20240384079,경기도 수원시 장안구 수성로 175(7층 7160호 정자동)
20240384085,경기도 수원시 장안구 수성로 175(스타필드수원 2층 2328호 정자동)
20240384086,경기도 수원시 장안구 수성로 175(스타필드수원 7층 7154호 정자동)
20240384091,경기도 수원시 장안구 수성로 175(2층 2324호 정자동)
20240384093,경기도 수원시 장안구 수성로 175(스타필드수원 7층 7142호 정자동)
20240384285,경기도 수원시 장안구 수성로 175(스타필드수원 4층 4292호 정자동)
20240384348,경기도 수원시 장안구 경수대로 930(삼성홈플러스 1층 X4YD호 조원동)
20240384384,경기도 수원시 장안구 이목로 24-3(1층 111호 정자동)
20240384430,경기도 수원시 장안구 서부로2105번길 12(2층 일부호 율전동)
20240384536,경기도 수원시 장안구 대평로 128(파크프라자 1층 116호 정자동)
20240387048,경기도 수원시 권선구 금곡로 112(이수프라자 106-5호 금곡동)
20240387060,"경기도 수원시 권선구 경수대로 270(터미널동, 할인점동 5층 권선동)"
20240387100,경기도 수원시 권선구 세화로 134(롯데몰 수원점 3층 서둔동)
20240387107,경기도 수원시 권선구 세화로 134(롯데몰 수원점 3층 푸드홀호 서둔동)
20240387137,경기도 수원시 권선구 세화로 134(롯데몰 수원점 3층 서둔동)
20240387140,경기도 수원시 권선구 세화로 134(롯데몰 수원점 3층 서둔동)
20240387164,경기도 수원시 권선구 세화로 134(롯데몰 수원점 3층 서둔동)
20240387171,경기도 수원시 권선구 세권로 188(1층 일부호 권선동)
20240387179,경기도 수원시 권선구 세화로 134(롯데몰 수원점 3층 서둔동)
20240387182,경기도 수원시 권선구 세화로 134(롯데몰 수원점 3층 서둔동)
20240387190,경기도 수원시 권선구 세화로 134(롯데몰 수원점 3층 서둔동)
20240387212,경기도 수원시 권선구 세화로 134(롯데몰 수원점 3층 일부호 서둔동)
20240387215,경기도 수원시 권선구 세화로 134(롯데몰 수원점 3층 일부호 서둔동)
20240387216,경기도 수원시 권선구 세화로 134(롯데몰 수원점 3층 일부호 서둔동)
20240387218,경기도 수원시 권선구 세화로 134(롯데몰 수원점 3층 일부호 서둔동)
20240387224,경기도 수원시 권선구 세화로 134(롯데몰 수원점 3층 서둔동)
20240387225,경기도 수원시 권선구 세화로 134(롯데몰 수원점 7층 서둔동)
20240387231,경기도 수원시 권선구 세화로 134(롯데몰 수원점 3층 서둔동)
20240387248,경기도 수원시 권선구 세화로 134(롯데몰 수원점 3층 서둔동)
20240387250,경기도 수원시 권선구 세권로304번길 62(베스토아 114-1호 권선동)
20240387307,경기도 수원시 권선구 세화로 134(1층 일부호 서둔동)
20240387326,경기도 수원시 권선구 정조로 409(면회실 1층 일부호 세류동)
20240387383,경기도 수원시 권선구 덕영대로1201번길 16(세일프라자 104호 권선동)
20240387433,경기도 수원시 권선구 권선로 179(1층 탑동)
20240387441,"경기도 수원시 권선구 세권로195번길 13(1층 129,130호 권선동, 권선종합상가)"
20240387462,경기도 수원시 권선구 노림로 13(1층 일부호 호매실동)
20240387482,경기도 수원시 권선구 세화로 134(타임빌라스 수원 3층 서둔동)
20240387513,경기도 수원시 권선구 세화로 134(타임빌라스 수원 지하1층 서둔동)
20240387647,경기도 수원시 권선구 금곡로 112(1층 102호 금곡동)
20240387697,경기도 수원시 권선구 권광로 107(2층 3호 일부호 권선동)
20240393150,경기도 성남시 수정구 위례동로 135(신성위캐슬타워 1층 109호 창곡동)
20240393254,경기도 성남시 수정구 위례광장로 300(창곡동 509번지 1층 118-1호 창곡동)
20240393312,"경기도 성남시 수정구 위례광장로 300(창곡동 509번지 137,138,139호 창곡동)"
20240393325,경기도 성남시 수정구 대왕판교로 1012(1층 고등동)
20240393359,경기도 성남시 수정구 고등로 3(현대지식산업센터 성남고등 지하1층 C-B118 일부호 고등동)
20240393360,경기도 성남시 수정구 고등로 3(현대지식산업센터 성남고등 지하1층 C-B118 일부호 고등동)
20240393422,경기도 성남시 수정구 오야로 5(1층 오야동)
20240393452,경기도 성남시 수정구 청계산로1길 25(카사벨라 1층 고등동)
20240393469,경기도 성남시 수정구 달래내로 389(1층 상적동)
20240393485,경기도 성남시 수정구 위례서일로3길 22(1층 창곡동)
20240396105,경기도 성남시 중원구 광명로 336(신호빌딩 2층 금광동)
20240396200,경기도 성남시 중원구 금빛로 43(지층 B101호 금광동)
20240396240,경기도 성남시 중원구 광명로324번길 3(1층 104호일부호 금광동)
20240396304,경기도 성남시 중원구 광명로 347(형제빌딩 1층 일부호 금광동)
20240396318,경기도 성남시 중원구 제일로63번길 14(1층 일부호 성남동)
20240396337,경기도 성남시 중원구 희망로 446(1층 일부호 금광동)
20240396341,경기도 성남시 중원구 광명로42번길 12(1층 일부호 성남동)
20240396351,경기도 성남시 중원구 산성대로 556(한양빌딩 1층 일부호 은행동)
20240396352,경기도 성남시 중원구 성남대로 1152(2층 성남동)
20240396354,경기도 성남시 중원구 광명로 325(대성빌딩 1층 일부호 금광동)
20240399135,"경기도 성남시 분당구 정자일로 135(정자동3차 푸르지오 시티 D동 1층 108호, 109호 정자동)"
20240399182,경기도 성남시 분당구 야탑로 59(차의과학대학교분당차병원 지하1층 일부호 야탑동)
20240399234,경기도 성남시 분당구 판교대장로7길 6-23(1층 일부101-1호 대장동)
20240399389,경기도 성남시 분당구 판교로25번길 18-4(1층 운중동)
20240399413,경기도 성남시 분당구 정자일로 234(태남프라자 1층 106 일부호 정자동)
20240399492,경기도 성남시 분당구 서현로257번길 8(1층 서현동)
20240399501,"경기도 성남시 분당구 정자일로 120(2층 201~202 일부호 정자동, 삼성아데나루체)"
20240399530,경기도 성남시 분당구 판교역로2번길 10(1층 백현동)
20240399585,"경기도 성남시 분당구 정자일로 210(지하1층 103호 정자동, 동양정자파라곤)"
20240399594,경기도 성남시 분당구 판교역로 231(에이치스퀘어 에스동 1층 126호 삼평동)
20240399652,경기도 성남시 분당구 황새울로200번길 9-7(현대판테온I오피스텔 1층 108호 수내동)
20240399654,경기도 성남시 분당구 느티로 22(백궁동양파라곤 1~2층 112 일부호 정자동)
20240399795,경기도 성남시 분당구 성남대로 389(폴라리스빌딩2 1층 115호 정자동)
20240399806,경기도 성남시 분당구 느티로77번길 10-2(1층 일부호 정자동)
20240399926,경기도 성남시 분당구 미금로 63(무지개마을 상가동 1층 102호 구미동)
20240399955,경기도 성남시 분당구 판교로25번길 6-2(1층 운중동)
20240399995,경기도 성남시 분당구 판교대장로7길 10(1층 대장동)
20240399997,경기도 성남시 분당구 성남대로171번길 17(씨티밸리 1층 111호 금곡동)
20240400066,경기도 성남시 분당구 황새울로360번길 28(은성프라자 2층 206호 서현동)
20240400107,"경기도 성남시 분당구 백현로 206(근린상가동 2층 202 일부호 정자동, 한솔마을)"
20240400127,"경기도 성남시 분당구 동판교로 91(지하1층 B105호 백현동, 백현마을4단지)"
20240400142,경기도 성남시 분당구 판교역로146번길 20(현대백화점 판교점 5층 일부호 백현동)
20240400144,"경기도 성남시 분당구 백현로 206(2층 202 일부호 정자동, 한솔마을)"
20240400217,경기도 성남시 분당구 황새울로240번길 10-3(2층 수내동)
20240400261,경기도 성남시 분당구 성남대로 165(천사의도시1 오피스텔 1층 118호 금곡동)
20240400318,경기도 성남시 분당구 판교역로146번길 20(현대백화점 판교점 지하1층 일부호 백현동)
20240400451,경기도 성남시 분당구 판교역로192번길 12(판교미래에셋센터 1일부층 삼평동)
20240400470,경기도 성남시 분당구 운중로 131(스타식스 메트로 1층 101호 운중동)
20240400588,"경기도 성남시 분당구 야탑로75번길 15(세화2001빌딩 2층 205, 206호 야탑동)"
20240400595,경기도 성남시 분당구 정자일로 135(정자동3차 푸르지오 시티 D동 2층 212호 정자동)
20240404004,"경기도 의정부시 수암로 25(상가1동 지상1층 103호 산곡동, 고산 수자인 디에스티지)"
20240404099,경기도 의정부시 평화로 525(신세계백화점 의정부점 지상3층 의정부동)
20240404306,경기도 의정부시 청사로 38(홈플러스 의정부점 지상1층 금오동)
20240404469,"경기도 의정부시 평화로 266(A동 지상1층 104.105호 호원동, 예다음 5차)"
20240404482,경기도 의정부시 평화로 525(신세계백화점 의점부점 지상9층 의정부동)
20240404751,경기도 의정부시 흥선로 53(지상1층 가능동)
20240404886,"경기도 의정부시 신흥로 125(지상1층 103호,115호 호원동)"
20240404904,경기도 의정부시 범골로157번길 25-20(지상1층 의정부동)
20240404983,경기도 의정부시 가능로 146(지상1층 의정부동)
20240405084,경기도 의정부시 오목로225번길 69-21(지상1층 101호 민락동)
20240405123,경기도 의정부시 평화로 323(지상1층 호원동)
20240405133,경기도 의정부시 신흥로 95(지상1층 호원동)
20240405177,경기도 의정부시 동일로 737(지상1층 금오동)
20240405207,"경기도 의정부시 체육로 298-12(201동 지상1층 상가102호 녹양동, 휴먼시아)"
20240405209,경기도 의정부시 신곡동 571-1 상가동 지상1층 7호
20240405285,"경기도 의정부시 수암로 4(라움프라자 지상2층 204,205호 산곡동)"
20240405339,경기도 의정부시 배꽃길 105(의정부 더리브 센텀스퀘어Ⅰ 지식산업센터 지하1층 B108호 민락동)
20240405348,경기도 의정부시 백석로52번길 51-22(지상1층 호원동)
20240405354,경기도 의정부시 평화로 220(지상1층 105호 호원동)
20240411062,경기도 안양시 만안구 장내로120번길 56(1층 일부호 안양동)
20240411081,경기도 안양시 만안구 덕천로152번길 25(안양아이에스BIZ타워센트럴 1층 127호 안양동)
20240411195,경기도 안양시 만안구 양화로37번길 28(1층 일부호 안양동)
20240411255,"경기도 안양시 만안구 경수대로 1401(1,2층 석수동)"
20240414077,"경기도 안양시 동안구 시민대로 180(G.SQURE, 롯데백화점 평촌점 7층 일부호 호계동)"
20240414167,경기도 안양시 동안구 경수대로 428(덕유파크 1층 107호 호계동)
20240414232,경기도 안양시 동안구 시민대로 190(힐스테이트 범계역 모비우스 2층 221호 호계동)
20240414287,경기도 안양시 동안구 동안로 119(킴스아울렛 9층 일부호 호계동)
20240414315,경기도 안양시 동안구 동안로 119(뉴코아아울렛 9층 일부호 호계동)
20240414408,"경기도 안양시 동안구 시민대로 180(G.SQURE, 롯데백화점 평촌점 1층 일부호 호계동)"
20240414444,경기도 안양시 동안구 엘에스로 122(호계 데시앙플렉스 1층 105호 호계동)
20240427066,경기도 부천시 원미구 신흥로 83-1(1층 심곡동)
20240427146,경기도 부천시 원미구 길주로 300(롯데백화점 지하1층 일부 중동)
20240427212,경기도 부천시 원미구 부일로469번길 30(1층 심곡동)
20240427304,경기도 부천시 원미구 송내대로265번길 73(보람프라자 111호 상동)
20240427400,경기도 부천시 원미구 조마루로291번길 9(중동 공영노외주차장6호 1층 일부호 중동)
20240427410,경기도 부천시 원미구 길주로 180(현대백화점 중동점 백화점동 지하1층 일부호 중동)
20240427411,경기도 부천시 원미구 길주로 180(현대백화점 중동점 백화점동 지하1층 일부호 중동)
20240427412,경기도 부천시 원미구 길주로 180(현대백화점 중동점 백화점동 지하1층 일부호 중동)
20240427413,경기도 부천시 원미구 길주로 180(현대백화점 중동점 백화점동 지하1층 일부호 중동)
20240427414,경기도 부천시 원미구 길주로 180(현대백화점 중동점 백화점동 지하1층 일부호 중동)
20240427438,"경기도 부천시 원미구 석천로177번길 11(제이클래스중동 102호, 103호 중동)"
20240427447,경기도 부천시 원미구 신흥로 170-1(위브더스테이트 상가6동 112호 중동)
20240427569,"경기도 부천시 원미구 길주로560번길 35(춘의동상가 1층,2층,3층 춘의동)"
20240427584,"경기도 부천시 원미구 상동로 69(새롬프라자15차 2층 206호,207호 상동)"
20240427593,경기도 부천시 원미구 상동로 108(다인타운 111호 상동)
20240427604,"경기도 부천시 원미구 신흥로 190-1(위브더스테이트 상가2동 1층 112호,113호 중동)"
20240427664,경기도 부천시 원미구 소향로 127(프라움시티 1층 104호 중동)
20240427722,"경기도 부천시 원미구 소향로 181(128호 중동, 센트럴파크 푸르지오)"
20240427744,"경기도 부천시 원미구 길주로 234(203동 1층 1010호 중동, 힐스테이트 중동)"
20240427766,경기도 부천시 원미구 길주로 300(LOTTE백화점 지하1층 일부호 중동)
20240427863,경기도 부천시 원미구 부천로 6(1층일부 심곡동)
20240437017,"경기도 부천시 소사구 범안로 10(1층 109,110호 괴안동, 리아아파트)"
20240437077,"경기도 부천시 소사구 양지로 205(부천옥길 서영아너시티2 1층 107,108호 옥길동)"
20240437116,경기도 부천시 소사구 호현로 448-2(1층 일부호 소사본동)
20240437137,경기도 부천시 소사구 은성로117번길 6-9(1층 괴안동)
20240437166,경기도 부천시 소사구 양지로67번길 14(1층 일부호 범박동)
20240437171,경기도 부천시 소사구 양지로67번길 64(1층 일부호 범박동)
20240437204,"경기도 부천시 소사구 양지로 205(부천옥길 서영아너시티2 1층 115,116호 옥길동)"
20240437239,경기도 부천시 소사구 경인로224번길 7(2호 1층 심곡본동)
20240437242,경기도 부천시 소사구 옥길로56번길 24-46(온새미로하우스 1층 옥길동)
20240437288,경기도 부천시 소사구 경인로 110-1(삼경빌딩 1층 일부호 송내동)
20240447125,경기도 부천시 오정구 원종로 37(1 2층 일부호 원종동)
20240457106,"경기도 광명시 광명역로 26(상가동 107호 일직동, 광명역파크자이)"
20240457309,경기도 광명시 소하로 94(주건축물제1동 1층 104호 소하동)
20240457341,"경기도 광명시 신기로17번길 11(1층 106호,107호 일직동)"
20240457399,경기도 광명시 범안로 1049(성원빌딩 205호 하안동)
20240457463,"경기도 광명시 범안로 1035(송화빌딩 2층 202호, 203호 하안동)"
20240457493,경기도 광명시 철산로 12(로데오빌딩 1층 5호 철산동)
20240457532,"경기도 광명시 철산로30번길 5(기린빌딩 제상가동 3층 301호, 302호 철산동)"
20240457533,경기도 광명시 광명로918번길 10-1(1층 일부호 광명동)
20240457633,경기도 광명시 소하로 190(광명G타워 1층 117호 소하동)
20240460035,경기도 평택시 경기대로 279(뉴코아 아울렛 백화점 9층 비전동)
20240460266,경기도 평택시 모산영신2길 41(하하빌딩 1층 동삭동)
20240460686,경기도 평택시 경기대로 564(1층 세교동)
20240460873,경기도 평택시 평택2로 12(2층 일부호 평택동)
20240460905,경기도 평택시 평택2로20번길 20(1동 1층 평택동)
20240460944,경기도 평택시 은실고가길 181(1층 세교동)
20240461094,경기도 평택시 비전5로 41(1층 비전동)
20240463011,경기도 평택시 고덕갈평5길 26(평택고덕 성산타워 1층 102호 고덕동)
20240463025,"경기도 평택시 고덕갈평6길 29(삼성메디컬타워 제1동 2층 203,204호 고덕동)"
20240463049,경기도 평택시 칠괴길 118-16(1~2층 칠괴동)
20240463108,경기도 평택시 고덕갈평6길 29(삼성메디컬타워 1층 113호 고덕동)
20240463369,경기도 평택시 탄현로 334(1층 지산동)
20240463436,경기도 평택시 고덕로3길 26(애플타워 1층 114~115호 고덕동)
20240463531,경기도 평택시 고덕갈평6길 27(고덕로자벨2 1층 115호 고덕동)
20240463547,"경기도 평택시 고덕여염9길 51(고덕헤리움시그니어 137,138,139호 고덕동)"
20240463629,"경기도 평택시 고덕국제대로 99(2층 2303호 고덕동, 힐스테이트 고덕 스카이시티)"
20240463675,"경기도 평택시 고덕국제대로 99(근린생활시설동 2층 2315호 고덕동, 힐스테이트 고덕 스카이시티)"
20240463717,경기도 평택시 고덕면 효덕새싹길 55(1층 고덕하늘채 시그니처)
20240463788,경기도 평택시 고덕중앙로 200-4(우성고덕타워 1층 104호 고덕동)
20240463826,경기도 평택시 청원로 1200(금강프라자 1층 112~113호 이충동)
20240463827,경기도 평택시 청원로 1200(금강프라자 1층 112~113호 이충동)
20240468218,경기도 동두천시 지행로 100(1층 지행동)
20240473001,경기도 안산시 상록구 용신로 387(서일빌딩 1층 101호 본오동)
20240473168,경기도 안산시 상록구 성호로 60(1층 일부 일동)
20240473170,경기도 안산시 상록구 본삼로 38(월드아파트 상가3동 1층 112호 본오동)
20240473184,경기도 안산시 상록구 성안2길 16(1층 사동)
20240473272,경기도 안산시 상록구 용신로 389(상록수상가 2층 202호 본오동)
20240473285,경기도 안산시 상록구 석호로 201(1층 사동)
20240473295,경기도 안산시 상록구 성호로14길 15(1층 일부 부곡동)
20240473296,경기도 안산시 상록구 성호로14길 15(2층 부곡동)
20240477018,경기도 안산시 단원구 광덕대로 194(스타맥스타워2 지하1층 7~12호 고잔동)
20240477045,"경기도 안산시 단원구 광덕대로 146(일번지프라자, 1층 115호, 116호 고잔동)"
20240477176,경기도 안산시 단원구 선부광장로 71(원영크레온오피스텔 106호 선부동)
20240477178,경기도 안산시 단원구 신길로1길 92(그린프라자 104호 신길동)
20240477189,경기도 안산시 단원구 원선1로 9(e편한세상 초지역 센트럴포레 상가4동 지1층 104호 원곡동)
20240477217,경기도 안산시 단원구 화랑로 102(e편한세상 초지역 센트럴포레 상가1동 131호 원곡동)
20240477236,경기도 안산시 단원구 예술대학로 17(안산중앙노블레스 106호 고잔동)
20240477295,"경기도 안산시 단원구 광덕대로 146(일번지프라자 304,305호 고잔동)"
20240477316,"경기도 안산시 단원구 광덕대로 194(스타맥스타워1 지1층 40,41,46,47호 고잔동)"
20240477355,경기도 안산시 단원구 지곡로2길 31(1층일부 선부동)
20240477367,"경기도 안산시 단원구 광덕3로 145-7(한솔프라자 111,112,113호 고잔동)"
20240477392,경기도 안산시 상록구 송호5길 19(1층 이동)
20240477424,경기도 안산시 단원구 고잔로 108(대동조이월드 128호 고잔동)
20240477485,경기도 안산시 단원구 광덕동로 41(로진프라자 108호 고잔동)
20240477495,경기도 안산시 단원구 광덕3로 178(화승타운 116호 고잔동)
20240489036,"경기도 고양시 덕양구 충장로 285(디안빌딩 2층 202,203호 화정동)"
20240489069,경기도 고양시 덕양구 으뜸로 90(DMC한강 삼정그린코아 더베스트 상가동 106호 일부호 덕은동)
20240489073,경기도 고양시 덕양구 충장로 118-27(Parc One파크원 2층 일부호 행신동)
20240489206,경기도 고양시 덕양구 토당로 105(대곡역두산위브2단지 근린생활시설 106호 토당동)
20240489240,경기도 고양시 덕양구 신원로 32(미래메디컬 빌딩 1층 일부호 신원동)
20240489250,"경기도 고양시 덕양구 꽃마을로 66(한일미디어타워 109,110,111호 향동동)"
20240489277,경기도 고양시 덕양구 꽃마을로 4(고양향동 퍼스트타워 2층 202호 향동동)
20240489370,경기도 고양시 덕양구 중앙로 554(희성프라자 1층 112호 행신동)
20240489419,경기도 고양시 덕양구 원흥1로 58(2층 원흥동)
20240489428,경기도 고양시 덕양구 삼송로 94-6(103일부호 삼송동)
20240489448,경기도 고양시 덕양구 동송로 33(이편한세상시티삼송 상가동 1-042호 동산동)
20240489622,"경기도 고양시 덕양구 신원로 40-46(삼송원프라자 1층 102,103호 신원동)"
20240489649,경기도 고양시 덕양구 호국로 778-6(1일부층 성사동)
20240489671,"경기도 고양시 덕양구 중앙로 34-1(1,2층 덕은동)"
20240489706,"경기도 고양시 덕양구 향동로 217(DMC 플렉스 데시앙 R161,R162호 향동동)"
20240489848,"경기도 고양시 덕양구 화신로272번길 48(유퍼스트빌딩 207,208호 화정동)"
20240489877,"경기도 고양시 덕양구 청초로 66(덕은리버워크 213,214호 덕은동)"
20240489880,"경기도 고양시 덕양구 향기2로 22(213상가동 102호 향동동, DMC 호반베르디움 더포레 2단지)"
20240489882,"경기도 고양시 덕양구 고양대로 1415(C109, C110호 성사동)"
20240492095,경기도 고양시 일산동구 호수로 336(브라운스톤 117호 백석동)
20240492111,경기도 고양시 일산서구 호수로 817(레이킨스몰 1층 155호 대화동)
20240492271,경기도 고양시 일산동구 일산로394번길 18(1층 전체호 정발산동)
20240492619,경기도 고양시 일산동구 일산로380번길 55(1층 전체호 정발산동)
20240495052,경기도 고양시 일산서구 일청로 46(1층 일부호 일산동)
20240495142,경기도 고양시 일산서구 일산로803번길 5-1(1층 전체호 대화동)
20240495254,경기도 고양시 일산서구 호수로 817(현대백화점 킨텍스점 6층 일부호 대화동)
20240495299,"경기도 고양시 일산서구 일현로 97-11(1층 169호 탄현동, 일산 위브더제니스)"
20240495308,경기도 고양시 일산서구 성저로38번길 71(1층 전체호 대화동)
20240495334,"경기도 고양시 일산서구 고양대로 666(상가동 2층 B218,B219,B220,C201,C202,C203호 일산동, e편한세상 일산 어반스카이)"
20240495427,경기도 고양시 일산서구 킨텍스로 171(일산 킨텍스 복합개발 1층 일부호 대화동)
20240495486,경기도 고양시 일산서구 호수로 817(현대백화점킨텍스점 지하1층일부호 대화동)
20240495533,경기도 고양시 일산서구 호수로 817(현대백화점 레이킨스몰 8층 일부호 대화동)
20240495581,경기도 고양시 일산서구 호수로 817(현대백화점 킨텍스점 8층 일부호 대화동)
20240495613,경기도 고양시 일산서구 호수로 817(현대백화점 킨텍스점 지하1층 일부호 대화동)
20240495692,경기도 고양시 일산서구 대화로 120(자유로프라자 110호 대화동)
20240495759,경기도 고양시 일산서구 송포로 26(현대플라자 1층 105호 대화동)
20240498002,경기도 과천시 과천대로7길 20(과천 스마트케이 업무시설 A동 B119호 갈현동)
20240498016,"경기도 과천시 과천대로7가길 20(프리즘스퀘어1, 101호 일부 갈현동)"
20240498018,"경기도 과천시 과천대로7가길 20(프리즘스퀘어1,103호 일부 갈현동)"
20240498048,"경기도 과천시 과천대로7길 20(과천 스마트케이 업무시설 B동 139,140,141호 갈현동)"
20240498085,"경기도 과천시 과천대로7길 26(과천스마트케이업무시설 B동 1층 160,162,163호 갈현동)"
20240498113,경기도 과천시 과천대로2길 6(과천 테라스 원 제 1층 제 109호 갈현동)
20240498166,경기도 과천시 과천대로7길 20(과천 스마트케이 업무시설 B동 134호 갈현동)
20240498172,"경기도 과천시 과천대로7길 20(과천 스마트케이 업무시설 1층 125,126호 갈현동)"
20240498235,경기도 과천시 과천대로6나길 80(갈현파크뷰 102호 갈현동)
20240498342,경기도 과천시 과천대로12길 117(과천 펜타원 1동 1층 108호 갈현동)
20240498349,경기도 과천시 과천대로7가길 20(프리즘스퀘어1 105~108호 갈현동)
20240498358,경기도 과천시 별양로 28(래미안 슈르 상가동 1047호 원문동)
20240498360,경기도 과천시 과천대로7나길 60(과천어반허브 A동 113호 갈현동)
20240498362,경기도 과천시 과천대로7길 20(과천 스마트케이 업무시설 B동 138호 갈현동)
20240498376,경기도 과천시 과천대로7길 20(과천 스마트케이 업무시설 A동 127호 갈현동)
20240498392,경기도 과천시 과천대로7길 20(과천 스마트케이 업무시설 B동 1층 155호 갈현동)
20240498423,경기도 과천시 과천대로7길 20(과천 스마트케이 업무시설 B동 135호 갈현동)
20240498426,"경기도 과천시 과천대로7길 20(과천 스마트케이 업무시설 B동 1층 161호, 164호 갈현동)"
20240500120,경기도 구리시 경춘로 261(롯데백화점 구리점 지하1층 인창동)
20240500142,경기도 구리시 벌말로 110(1층 토평동)
20240500234,경기도 구리시 갈매중앙로 91(한덕프라자 2층 201호 갈매동)
20240500303,경기도 구리시 갈매중앙로55번길 96-4(105호 갈매동)
20240500306,경기도 구리시 갈매순환로204번길 119(파크위버 126호 갈매동)
20240500525,경기도 구리시 갈매중앙로55번길 117(1층 101호 갈매동)
20240500618,경기도 구리시 원수택로 32(1층 102호 수택동)
20240500640,경기도 구리시 갈매순환로166번길 45(구리갈매 아너시티 지하1층 B144호 갈매동)
20240500667,경기도 구리시 갈매중앙로55번길 16-4(1층 102호 갈매동)
20240503004,경기도 남양주시 경춘로 460(백석빌딩 주1동 1층 일부호 다산동)
20240503113,"경기도 남양주시 호평로46번안길 3-17(1층 일부호 호평동, 영준빌라)"
20240503269,"경기도 남양주시 호평로 33(1층 119-1호 호평동, 호평 두산위브파크)"
20240503493,경기도 남양주시 별내3로 334(다우프라자 1층 108호 별내동)
20240503636,경기도 남양주시 오남읍 진건오남로 806-6(1층 일부)
20240503690,경기도 남양주시 진접읍 해밀예당1로190번길 28(1층 일부)
20240503829,경기도 남양주시 화도읍 경춘로1876번길 3(1층 일부호)
20240503894,경기도 남양주시 와부읍 경강로849번길 37(1층)
20240504187,경기도 남양주시 덕송2로6번길 28-26(1층 일부호 별내동)
20240504426,경기도 남양주시 다산중앙로82번안길 115-14(1층 일부 다산동)
20240504452,경기도 남양주시 경춘로1256번길 25(CH리베로2 116호 평내동)
20240504552,경기도 남양주시 다산순환로 50(현대프리미엄아울렛 SPACE1 1층 일부호 다산동)
20240504553,경기도 남양주시 다산순환로 50(현대프리미엄아울렛 SPACE1 1층 일부호 다산동)
20240504627,경기도 남양주시 다산순환로 50(현대프리미엄아울렛 SPACE1 1층 일부호 다산동)
20240504728,경기도 남양주시 다산순환로 50(현대프리미엄아울렛 SPACE1 1층 일부 A196호 다산동)
20240504771,경기도 남양주시 덕송2로10번길 27-6(1층 별내동)
20240504791,경기도 남양주시 다산순환로 50(현대프리미엄아울렛 SPACE1 1층 일부호 다산동)
20240504816,"경기도 남양주시 별내중앙로 10(별내역 아이파크 스위트 1층 112,132호 별내동)"
20240504839,경기도 남양주시 진접읍 해밀예당2로 125-1(1층 일부호)
20240504862,경기도 남양주시 늘을2로14번길 3(에이스프라자 1층 104호 호평동)
20240504890,경기도 남양주시 다산중앙로82번안길 22-109(이안파크뷰 1층 일부호 다산동)
20240504962,경기도 남양주시 화도읍 경춘로 1850(1층 일부호)
20240505069,경기도 남양주시 다산지금로 202(1층 알01-0134호 다산동)
20240505075,경기도 남양주시 와부읍 덕소로 213(상가1동 1층 105호 덕소강변서희스타힐스)
20240505084,경기도 남양주시 별내중앙로58번길 28(1층 별내동)
20240505269,경기도 남양주시 수동면 송천2길 5(1층)
20240505361,경기도 남양주시 퇴계원읍 퇴계원로 93(도심빌딩 1층 일부호)
20240505521,"경기도 남양주시 다산중앙로 132(다산역 데시앙 167,168,169호 다산동)"
20240510006,경기도 오산시 경기대로148번길 24(디자인타운 101동 101호 원동)
20240510133,"경기도 오산시 남부대로 26(주비앤엠 1동 1,2층 두곡동)"
20240510294,경기도 오산시 대원로39번길 24(2층 원동)
20240510323,"경기도 오산시 원당로 35(근린생활시설3동 B2층 103호 원동, 오산롯데캐슬스카이파크)"
20240510426,경기도 오산시 죽담안로 20-11(오산세교2택지개발지구 RA2-9 11 1층 일부호 궐동)
20240510443,경기도 오산시 궐리사로 103(1층 일부호 궐동)
20240510448,경기도 오산시 죽담3로 6(오산W빌딩 1층 110호 궐동)
20240510474,경기도 오산시 죽담안로 34-13(1층 일부호 궐동)
20240510509,경기도 오산시 내삼미로79번길 46(어반스페이스타워 1층 106호 수청동)
20240510519,"경기도 오산시 원당로 35(근린생활시설1동 지하2층 108호 원동, 오산롯데캐슬스카이파크)"
20240510604,"경기도 오산시 엘지로 230(1,2층 청호동)"
20240510719,경기도 오산시 운천로 59(다온 2층 원동)
20240510730,경기도 오산시 가수안길 30(1층 가수동)
20240510772,경기도 오산시 초평중앙로 127-4(1층 일부호 가수동)
20240510782,경기도 오산시 대호로 131(대유프라자 1층 108호 궐동)
20240513029,경기도 시흥시 옥구천동로 218(타원타크라 6차 지식산업센터 1층 B114호 정왕동)
20240513183,경기도 시흥시 정왕대로 210(성담스퀘어 3층 일부호 정왕동)
20240513268,경기도 시흥시 시청로 33(시티프론트 561 The Six 1층 104호 장현동)
20240513372,경기도 시흥시 비둘기공원3길 1(1층 대야동)
20240513452,경기도 시흥시 옥구상가4길 15(2층 일부호 정왕동)
20240513558,경기도 시흥시 군자로477번길 2(1층 일부호 거모동)
20240513625,"경기도 시흥시 거북섬남로 77(121동 지1층 B113호 정왕동, 호반써밋더프라임)"
20240513840,"경기도 시흥시 월곶중앙로 48(1층 120호 월곶동, 유호아파트)"
20240514068,"경기도 시흥시 서울대학로 59-69(배곧테크노밸리 1층 134,135호 배곧동)"
20240514098,경기도 시흥시 서울대학로278번길 26(시흥배곧 아브뉴프랑 센트럴 오렌지 1층 103호 배곧동)
20240514134,경기도 시흥시 서울대학로278번길 21(새롬프라자2 104호 배곧동)
20240514174,"경기도 시흥시 장현순환로 81(근린생활시설1동 지1층 16호 장현동, 시흥능곡역 모아미래도 에듀포레)"
20240514451,"경기도 시흥시 은계중앙로 374(골드웨이Ⅱ 112,113호 대야동)"
20240514630,"경기도 시흥시 서울대학로 172-20(상가4동 1층 102호 배곧동, 한라비발디캠퍼스3차)"
20240514651,경기도 시흥시 서울대학로278번길 19-8(새롬프라자1차 108호 배곧동)
20240514723,"경기도 시흥시 서촌상가4길 6(은광프라자 108, 109호 정왕동)"
20240514866,"경기도 시흥시 시청로72번길 27(1층 일부호 장현동, 파크타운)"
20240520191,경기도 군포시 번영로 504(뉴코아산본점 1층 일부호 산본동)
20240520195,경기도 군포시 금재로 15(1층 102호 금정동)
20240520250,경기도 군포시 번영로 485(롯데 피트인 산본 1층 일부호 산본동)
20240520418,경기도 군포시 당동로 20(1층 101호 당동)
20240520505,경기도 군포시 번영로 485(롯데 피트인 산본 7층 일부호 산본동)
20240520576,경기도 군포시 번영로 485(롯데 피트인 산본 7층 일부호 산본동)
20240520673,경기도 군포시 번영로 485(롯데피트인 산본점 7층 일부호 산본동)
20240520698,경기도 군포시 번영로 405(가야아파트 종합상가 108호 산본동)
20240520740,경기도 군포시 광정로 68(세종빌딩 2층 204호 산본동)
20240523333,경기도 의왕시 백운중앙로3길 7(116호 학의동)
20240525030,경기도 하남시 미사강변대로54번길 75(홍우프라자 1층 101호 풍산동)
20240525074,"경기도 하남시 감일백제로 155(감일역 트루엘 1층 105, 106호 감이동)"
20240525153,경기도 하남시 미사강변북로30번길 129(1층 망월동)
20240525168,"경기도 하남시 미사강변동로 95(힐스테이트 미사역 그랑파사쥬12-1BL 지1층 B1069, B1096호 망월동)"
20240525818,경기도 하남시 감일백제로180번길 17(퀸즈에비뉴 1층 125호 감이동)
20240525828,경기도 하남시 미사강변대로226번길 26(미사원프라자 1층 105호 망월동)
20240525862,경기도 하남시 미사강변중앙로 180(힐스테이트 미사역 그랑파사쥬11-1BL 1층 1021호 망월동)
20240526026,경기도 하남시 신장동로 158(1층 일부호 신장동)
20240526162,경기도 하남시 미사강변중앙로198번길 35(우성르보아리버 1층 107호 망월동)
20240526201,경기도 하남시 미사강변대로226번길 66(명성빌딩 1층 일부호 망월동)
20240526247,경기도 하남시 미사대로 750(스타필드 하남 2층 일부호 신장동)
20240526289,경기도 하남시 미사강변대로 90(승리타워 1층 106호 풍산동)
20240526427,경기도 하남시 미사동로40번길 178-35(1~2층 미사동)
20240526438,"경기도 하남시 미사강변중앙로 200(e편한세상 시티 미사 1층 118-1,118-2,119호 망월동)"
20240526440,경기도 하남시 신평로 45(SN 타워 1층 103호 신장동)
20240526487,"경기도 하남시 미사강변중앙로 173(미사 리버에비뉴 1층 125,126,127호 망월동)"
20240526520,경기도 하남시 미사대로 750(스타필드 하남 2층 일부호 신장동)
20240532072,경기도 용인시 처인구 포곡읍 포곡로 174(103호)
20240532253,경기도 용인시 처인구 명지로 24(용인역북더럭스나인 1동 B116호 역북동)
20240532371,경기도 용인시 처인구 모현읍 백옥대로 2386(1층 일부)
20240532551,경기도 용인시 처인구 이동읍 이원로384번길 71(용인처인CC컨트리클럽하우스 1층 일부)
20240532552,경기도 용인시 처인구 이동읍 이원로384번길 71(용인처인CC컨트리클럽 스타트하우스1층 전체)
20240532602,경기도 용인시 처인구 주북로94번길 30-1(용인휴게소 1층 일부 고림동)
20240532714,경기도 용인시 처인구 명지로60번길 15-6(101호 역북동)
20240532762,경기도 용인시 처인구 포곡읍 에버랜드로 100(1층 일부)
20240532920,경기도 용인시 처인구 남사읍 한숲로 83(근린생활시설동 5-117호 e편한세상 용인 한숲시티)
20240532981,경기도 용인시 처인구 이동읍 백자로 581(1층 일부)
20240533031,경기도 용인시 처인구 남사읍 아곡로42번길 22-11(1층 A호)
20240533072,경기도 용인시 처인구 포곡읍 에버랜드로 199(에버랜드 본관동 3층 일부)
20240533102,경기도 용인시 처인구 모현읍 곡현로619번길 36(2층 일부)
20240535102,경기도 용인시 기흥구 신고매로 124(롯데프리미엄 아울렛 2층 고매동)
20240535123,경기도 용인시 기흥구 동백중앙로 269(동백벤포스타 제1동 제1층 제102호 중동)
20240535229,경기도 용인시 기흥구 서천로127번길 3-3(102호 서천동)
20240535337,경기도 용인시 기흥구 신고매로 124(2층 일부호 고매동)
20240535356,경기도 용인시 기흥구 신고매로 124(롯데프리미엄아울렛기흥점 2층 일부호 고매동)
20240535357,경기도 용인시 기흥구 한보라1로10번길 6-3(테마프라자 103-1호 보라동)
20240535520,경기도 용인시 기흥구 신고매로 124(롯데프리미엄아울렛기흥점 주건축물 제1동 2층 일부호 고매동)
20240535550,경기도 용인시 기흥구 흥덕2로118번길 3(202호 영덕동)
20240535559,경기도 용인시 기흥구 신고매로 124(롯데프리미엄아울렛 기흥점 2층 일부호 고매동)
20240535637,경기도 용인시 기흥구 서천로 121(원희캐슬 서천프라자 111호 서천동)
20240535641,경기도 용인시 기흥구 흥덕1로79번길 24(굿모닝 요양병원 1층 103호 영덕동)
20240535829,경기도 용인시 기흥구 신고매로 124(2층 일부호 고매동)
20240535890,경기도 용인시 기흥구 동백5로 21-11(동백 훼미리프라자 1 108호 중동)
20240535920,"경기도 용인시 기흥구 기흥역로 63(상가동 2층 201 일부호 구갈동, 힐스테이트 기흥)"
20240536038,경기도 용인시 기흥구 신고매로 124(2층 일부호 고매동)
20240536048,경기도 용인시 기흥구 신고매로 124(롯데프리미엄아울렛 기흥점 2층 일부호 고매동)
20240536096,경기도 용인시 기흥구 신고매로 124(2층 일부호 고매동)
20240536097,경기도 용인시 기흥구 신고매로 124(롯데프리미엄아울렛 기흥점 2층 일부호 고매동)
20240536103,경기도 용인시 기흥구 신고매로 124(2층 일부호 고매동)
20240536105,경기도 용인시 기흥구 신고매로 124(2층 일부호 고매동)
20240536108,경기도 용인시 기흥구 신고매로 124(2층 일부호 고매동)
20240536110,경기도 용인시 기흥구 신고매로 124(2층 일부호 고매동)
20240536117,경기도 용인시 기흥구 신고매로 124(2층 일부호 고매동)
20240536136,경기도 용인시 기흥구 신고매로 124(롯데프리미엄아울렛 주건축물제1동 2층 일부호 고매동)
20240539096,경기도 용인시 수지구 수지로296번길 47(수석빌딩 102호 풍덕천동)
20240539349,경기도 용인시 수지구 성복2로 38(롯데몰 수지점 4층 401호 일부호 성복동)
20240539384,경기도 용인시 수지구 신수로 767(분당수지 U-TOWER A동 1층 A110호 동천동)
20240539530,경기도 용인시 수지구 정평로 34-2(성운코아 1층 104호 풍덕천동)
20240539627,경기도 용인시 수지구 수지로296번길 51-11(1층 103호 일부호 풍덕천동)
20240539720,경기도 용인시 수지구 포은대로 552(이마트 2층 일부호 죽전동)
20240539733,경기도 용인시 수지구 포은대로 552(이마트 죽전점 1층 일부호 죽전동)
20240539740,경기도 용인시 수지구 포은대로 552(이마트 2층 일부호 죽전동)
20240539779,경기도 용인시 수지구 대지로 42(102호 죽전동)
20240539794,경기도 용인시 수지구 만현로 113(미래프라자 1층 109호 상현동)
20240539845,경기도 용인시 수지구 죽전로 150(단대프라자III 1층 102호 죽전동)
20240539991,경기도 용인시 수지구 광교중앙로 305(광교2차 푸르지오시티 C동 1층 106호 상현동)
20240542007,경기도 파주시 아리랑로 3(1층 일부호 금촌동)
20240542316,"경기도 파주시 미래로 369-21(삼우프라자 104호 전체, 105호 일부 동패동)"
20240542369,경기도 파주시 탄현면 필승로 200(파주프리미엄아울렛 지하1층 903호)
20240542370,경기도 파주시 탄현면 필승로 200(파주프리미엄아울렛 지1층 901호)
20240542454,경기도 파주시 와석순환로 431(신운정프라자 102호 와동동)
20240542602,"경기도 파주시 경의로1240번길 14-11(112,113호 와동동)"
20240542606,경기도 파주시 경의로 1114(에펠타워 112호 야당동)
20240542684,경기도 파주시 가람로21번길 30(1층 일부 와동동)
20240542917,경기도 파주시 초롱꽃로 139(스타타워 A동 202호 동패동)
20240542955,경기도 파주시 교하로 605-34(1층 동패동)
20240543075,경기도 파주시 초롱꽃로 109(2층 동패동)
20240543157,경기도 파주시 책향기로 423(두손비채-Ⅰ 134호 동패동)
20240543172,경기도 파주시 해올1길 7(1층 109호 다율동)
20240543205,경기도 파주시 경의로 1050(센트럴파크리움 102호 야당동)
20240543232,경기도 파주시 양지로 131(1층 109호 동패동)
20240543278,"경기도 파주시 양지로 123(진영프라자 105,106호 동패동)"
20240543333,"경기도 파주시 청암로17번길 61(104호, 105호, 122호 목동동)"
20240543369,"경기도 파주시 한울로 101(상가동 1층 103호 동패동, 휴먼시아한울마을)"
20240543384,경기도 파주시 청석로 115(반석프라자 104호 동패동)
20240543474,경기도 파주시 소라지로 13(1층 일부 신촌동)
20240543492,경기도 파주시 동산2길 32(1층 103호 금촌동)
20240543538,경기도 파주시 조리읍 봉천로 35(1층 일부)
20240543575,경기도 파주시 탄현면 필승로 200(파주프리미엄아울렛 1층 543호)
20240543599,경기도 파주시 법원읍 사임당로 791
20240543648,경기도 파주시 번영로 26(. 1층 금촌동)
20240543723,경기도 파주시 법원읍 사임당로 805(1층)
20240543744,경기도 파주시 쇠재로 126(동현빌딩 1층 103호 금릉동)
20240543846,경기도 파주시 탄현면 필승로 200(파주프리미엄아울렛 814호)
20240543847,경기도 파주시 탄현면 필승로 200(파주프리미엄아울렛 816호)
20240543935,경기도 파주시 문산읍 방촌로 1721(1층 110호)
20240544017,경기도 파주시 청암로17번길 67(MD프라자 2층 207호 목동동)
20240544128,경기도 파주시 청석로 262(이지타운 110호 동패동)
20240544228,경기도 파주시 돌곶이길 80(1층 전체 서패동)
20240548092,경기도 이천시 증포로 54(1층 증포동)
20240548428,경기도 이천시 구만리로 107(2층 진리동)
20240548442,"경기도 이천시 애련정로49번길 36(1층 144호 안흥동, 이천 롯데캐슬 페라즈 스카이)"
20240548530,경기도 이천시 이섭대천로 1227-5(2층 창전동)
20240548648,경기도 이천시 마장면 마장로91번길 10(101호)
20240548678,경기도 이천시 구만리로 42-1(1층 증일동)
20240548904,"경기도 이천시 애련정로 67-23(상가동 1층 104호 안흥동, 이천코아루휴티스1단지)"
20240548928,"경기도 이천시 부발읍 경충대로 2269(롯데프라자 2층 202,203호)"
20240551033,경기도 안성시 아양2로 83(호안빌딩 2층 석정동)
20240551039,경기도 안성시 공도읍 공도로 91(성지프라자 108호)
20240551052,경기도 안성시 대덕면 서동대로 4719(B02호)
20240551237,경기도 안성시 안성맞춤대로 751(1층 계동)
20240551445,경기도 안성시 공도읍 공도로 42-71(B110. B111호 쌍용더플래티넘프리미어)
20240551477,경기도 안성시 공도읍 공도로 42-71(114호 쌍용더플래티넘프리미어)
20240551499,경기도 안성시 일죽면 서동대로 7451-8(가동 1층)
20240551696,경기도 안성시 공도읍 서동대로 3930-39(스타필드 안성 L2층 2310호)
20240551766,경기도 안성시 공도읍 서동대로 3930-39(스타필드 안성 L1층 1330호)
20240551819,경기도 안성시 공도읍 서동대로 3930-39(스타필드 안성 L2층 2311호)
20240554006,경기도 김포시 풍무2로 59(101호 풍무동)
20240554071,경기도 김포시 양촌읍 양곡2로80번길 33(LH 2단지 상가 3호)
20240554108,경기도 김포시 풍무로 34(당곡마을범양아파트 107호 풍무동)
20240554145,경기도 김포시 김포한강8로 158(103호 마산동)
20240554214,"경기도 김포시 양촌읍 양곡2로 50(아름터프라자 1동 202, 202-1호)"
20240554237,경기도 김포시 양도로19번길 30(골드스타프라자 106호 풍무동)
20240554270,경기도 김포시 풍무로146번길 52-17(1층 풍무동)
20240554291,경기도 김포시 고촌읍 신곡로29번길 31(다빈치프라자 가동 1층 104호)
20240554443,경기도 김포시 김포한강9로 83(지오클래스 2층 203호 구래동)
20240554538,경기도 김포시 양촌읍 김포한강4로 357(1층)
20240554620,"경기도 김포시 돌문로 50-6(두손프라자 108,109호 사우동)"
20240554772,경기도 김포시 김포한강4로 118(201호 장기동)
20240554817,경기도 김포시 풍무로 20(1층 107 일부호 풍무동)
20240554818,경기도 김포시 풍무로 20(1층 107 일부호 풍무동)
20240554922,경기도 김포시 양촌읍 양곡2로30번길 7-7(1층 일부호)
20240555119,경기도 김포시 고촌읍 상미로 38(상가 나동 101호 힐스테이트 리버시티 1단지)
20240555263,경기도 김포시 양촌읍 양곡2로80번길 33(s001동 9호)
20240555376,경기도 김포시 걸포로 32(106호 걸포동)
20240555502,경기도 김포시 풍무2로 4(2층 전체호 풍무동)
20240555573,"경기도 김포시 김포한강8로 410(스타프라자 115,116호 구래동)"
20240555627,경기도 김포시 풍무로 176(서래메디컬프라자 제1층 105호 풍무동)
20240555725,경기도 김포시 봉화로 26(1층 일부호 사우동)
20240555749,"경기도 김포시 김포한강10로133번길 66(제1동 106, 107호 구래동)"
20240556098,경기도 김포시 고촌읍 아라육로152번길 97(현대프리미엄아울렛 타워존 E동 4층 일부호)
20240561012,경기도 화성시 동탄구 동탄역로 160(동탄역 롯데캐슬 지하1층 일부호 오산동)
20240561533,경기도 화성시 동탄구 동탄순환대로 253(모닝그레이스빌딩 1동 1층 106호 산척동)
20240561609,"경기도 화성시 만세구 향남읍 상신하길로298번길 7-9(1동 1층 108,109호)"
20240561655,"경기도 화성시 동탄구 동탄장지천5길 16-18(1층 일부101,102호 장지동)"
20240561824,경기도 화성시 만세구 장안면 3.1만세로 545(1층)
20240561833,경기도 화성시 동탄구 동탄역로 160(동탄역 롯데캐슬 롯데백화점 동탄점 지하 1층 일부호 오산동)
20240561900,경기도 화성시 효행구 봉담읍 상리중심상가길 30(107호)
20240562173,경기도 화성시 동탄구 동탄반송3길 18-13(1층 반송동)
20240562204,경기도 화성시 동탄구 동탄대로 451(1층 일부호 오산동)
20240562364,경기도 화성시 동탄구 동탄중심상가2길 8(로하스애비뉴 2층 203호 반송동)
20240562659,"경기도 화성시 동탄구 동탄대로5길 15(더샵 동탄센텀폴리스 1단지 그랑파사쥬 1033,1034일부호 송동)"
20240562853,경기도 화성시 동탄구 동탄역로 160(동탄역 롯데캐슬 2층 일부호 오산동)
20240562907,"경기도 화성시 동탄구 동탄대로시범길 134(1층 1056호 청계동, 동탄역시범반도유보라아이비파크4.0)"
20240563039,경기도 화성시 동탄구 지산2길 16-8(1층 영천동)
20240563072,"경기도 화성시 동탄구 동탄역로 102(판매시설동 1층 1027호 오산동, 동탄역 린스트라우스)"
20240563301,경기도 화성시 만세구 꽃내음2길 12-2(1동 1층 124호 새솔동)
20240563672,"경기도 화성시 병점구 영통로60번길 7(신동탄 헤센IT타워 지1층 B111호, B113호, B114호 반월동)"
20240563699,경기도 화성시 효행구 봉담읍 오래2길 5(102호)
20240563701,경기도 화성시 동탄구 동탄역로 160(동탄역 롯데캐슬 판매시설 지1층 일부호 오산동)
20240563761,"경기도 화성시 동탄구 동탄대로시범길 148-20(마추프라자 1층 104호, 105호 청계동)"
20240563833,경기도 화성시 동탄구 동탄역로 160(동탄역 롯데캐슬 판매시설 지1층 쇼핑몰 일부호 오산동)
20240563859,경기도 화성시 동탄구 동탄순환대로 20(1층 일부107호 일부호 장지동)
20240563993,경기도 화성시 동탄구 동탄역로 160(롯데백화점 동탄점 지하1층 일부호 오산동)
20240564111,경기도 화성시 동탄구 동탄역로 160(동탄역 롯데캐슬 판매시설동 2층 일부호 오산동)
20240564146,"경기도 화성시 동탄구 동탄대로시범길 134(판매시설동 지1층 0059호 청계동, 동탄역시범반도유보라아이비파크4.0)"
20240564194,경기도 화성시 동탄구 동탄반송2길 31-9(1층 반송동)
20240564209,경기도 화성시 만세구 남양읍 역골중앙로 118(A동 1층 109호 동광뷰엘)
20240564222,경기도 화성시 병점구 장조2로 29(라온힐조 제1동 1층 103호 안녕동)
20240564241,경기도 화성시 효행구 봉담읍 상리중심상가길 30(105호)
20240564454,"경기도 화성시 동탄구 동탄대로시범길 193(1층 107,108호 청계동)"
20240564500,"경기도 화성시 만세구 서신면 제부로 499-7(1층 1동, 2동, 3동, 4동, 영업소 앞 야외테이블)"
20240564630,경기도 화성시 동탄구 동탄대로14길 6-6(1층 일부103호 오산동)
20240564685,경기도 화성시 동탄구 동탄역로 160(롯데백화점 동탄점 지하1층 일부 오산동)
20240564727,경기도 화성시 동탄구 큰재봉길 23-11(동탄 삼성쉐르빌 1층 105호 석우동)
20240564729,경기도 화성시 동탄구 동탄반석로 130(드림프라자 1층 102호 반송동)
20240564731,경기도 화성시 동탄구 동탄기흥로353번길 102(동탄 JS에듀타워 주건축물제1동 1층 101호 오산동)
20240564761,경기도 화성시 만세구 남양읍 역골중앙로 14(104호)
20240564903,경기도 화성시 효행구 봉담읍 삼봉안길 76(243동 103호 힐스테이트봉담프라이드시티)
20240565375,경기도 화성시 동탄구 동탄영천로 81-5(골든프라자 1층 103호 영천동)
20240569241,경기도 광주시 회안대로 104(1층 일부호 매산동)
20240569356,경기도 광주시 광주대로 31(2층 경안동)
20240569498,"경기도 광주시 경안로41번길 6(A동 203호 경안동, 경기광주역 금호리첸시아)"
20240569692,경기도 광주시 중앙로187번길 23(1층일부 송정동)
20240569732,경기도 광주시 오포로 277(1층 문형동)
20240569822,경기도 광주시 초월읍 경충대로1284번길 36(쌍용 더 플래티넘 광주 206호)
20240569842,경기도 광주시 중앙로 109-2(1층 경안동)
20240569895,경기도 광주시 벼루개로 36(서원프라자3 110호 태전동)
20240569908,경기도 광주시 오포로 896(1층 고산동)
20240569919,경기도 광주시 경충대로1481번길 30-1(1층 쌍령동)
20240569972,"경기도 광주시 중앙로 334(1층 101,102호 송정동)"
20240569973,"경기도 광주시 중앙로 334(101,102일부호 송정동)"
20240569989,경기도 광주시 태성로 130-60(2층 태전동)
20240570026,경기도 광주시 도척면 도척윗로 278(곤지암리조트 문화체육시설 1층)
20240570057,"경기도 광주시 퇴촌면 도지울길 7(만사르다 1층 101,102주방 일부호)"
20240570107,경기도 광주시 파발로 185(KJ빌딩 1층 102호 탄벌동)
20240570310,경기도 광주시 절골길11번길 5-41(D동 2~3층 장지동)
20240574015,경기도 양주시 평화로 1420(세원빌딩 104호 덕계동)
20240574022,"경기도 양주시 장흥면 권율로 529-26(가동 1층 일부, 2층 일부, 주3동~8동)"
20240574039,경기도 양주시 회천남로 92(센타프라자 115호 옥정동)
20240574112,경기도 양주시 옥정로 200(옥정 시네마엠디프라자 111호 옥정동)
20240574120,"경기도 양주시 부흥로 2128(근린생활시설동 지1층 126호 삼숭동, 옥정역 로제비앙 메트로파크)"
20240574307,경기도 양주시 옥정동로5나길 83-13(1층 일부 옥정동)
20240574490,경기도 양주시 옥정동로7길 91(201호 옥정동)
20240574519,경기도 양주시 옥정동로 173(다올레이크프라자 105호 옥정동)
20240574581,"경기도 양주시 덕계로 137(근린생활시설동 B106호 덕계동, 덕계역 대광로제비앙 더 메트로팰리스)"
20240574595,경기도 양주시 옥정동로7가길 36(옥정메인타워 201호 옥정동)
20240574601,경기도 양주시 광적면 삼일로65번길 153(1층일부)
20240574610,경기도 양주시 옥정로7길 9-5(케이타워 주건축물제1동 103호 옥정동)
20240574662,"경기도 양주시 옥정서로5길 55(근린생활시설동 지2층 B207호 옥정동, 양주옥정신도시 디에트르 에듀포레)"
20240574717,경기도 양주시 평화로1466번길 30(1층 일부 덕계동)
20240574744,경기도 양주시 독바위로 9(1층 일부 덕정동)
20240574767,경기도 양주시 옥정로 200(옥정 시네마엠디프라자 2층 211호 옥정동)
20240574811,경기도 양주시 고읍남로 6(세원메디컬프라자 101호 광사동)
20240574819,경기도 양주시 옥정동로3길 40(1층 일부 옥정동)
20240574863,경기도 양주시 옥정동로7가길 4(파스텔시티Ⅱ 112호 옥정동)
20240574908,경기도 양주시 덕계로7길 4-8(1층 일부 덕계동)
20240574918,경기도 양주시 회천중앙로 240(센트럴본타워 107호 덕계동)
20240574944,경기도 양주시 화합로 1334(1층 일부 덕정동)
20240575018,경기도 양주시 회천남로 92(센타프라자 105호 옥정동)
20240575065,경기도 양주시 고원길 68(1층일부102호 고암동)
20240575081,경기도 양주시 옥정로7길 9-5(케이타워주건축물제1동 205호 옥정동)
20240575097,경기도 양주시 회천중앙로 240(센트럴본타워 102호 덕계동)
20240575204,경기도 양주시 삼숭로38번길 80(양주자이프라자1 1층 2148호 삼숭동)
20240577656,경기도 포천시 구절초로 37(주건축물제1동 1층 신읍동)
20240580246,경기도 여주시 명품1로 22-2(3-1블럭 104~105호 상거동)
20240580285,경기도 여주시 세종로 86(1층 홍문동)
20240580460,경기도 여주시 명품로 360(WEST동 564호 상거동)
20240580489,경기도 여주시 명품로 360(200동 640A호 상거동)
20240580497,경기도 여주시 명품로 370(2.0  200동 1층 640B호 상거동)
20240584072,경기도 가평군 조종면 현창로 28-5(1층)
20240584323,경기도 가평군 설악면 미사리로 544(외 39필지)
20240584324,경기도 가평군 설악면 미사리로540번길 51(외 45필지)
20240586206,경기도 양평군 강상면 신화길 12
20240586317,경기도 양평군 양평읍 양평시장길18번길 2(2층)
20240586339,경기도 양평군 강하면 왕창로 31
20240586421,경기도 양평군 용문면 용문역길 22(1층)
20240590632,강원특별자치도 춘천시 시청길12번길 14(1층 조양동)
20240590649,강원특별자치도 춘천시 우두6길 21(B동 1층 우두동)
20240590928,강원특별자치도 춘천시 공지로 272(1층 101호 효자동)
20240590938,강원특별자치도 춘천시 퇴계로 240(1층 102호 석사동)
20240591038,"강원특별자치도 춘천시 백령로 215(상가2동 106호 후평동, 춘천일성트루엘더퍼스트아파트)"
20240591042,강원특별자치도 춘천시 칠전동길 5(1층 칠전동)
20240594436,강원특별자치도 원주시 지정면 신지정로 300(B101호 원주 롯데캐슬 골드파크 2차)
20240594557,강원특별자치도 원주시 건강로 23(1층 104호 반곡동)
20240594727,강원특별자치도 원주시 지정면 조엄로 391(143동 1층 101호 이지더원 어반포레)
20240595182,강원특별자치도 원주시 지정면 오크밸리2길 40(지하1층 102호)
20240595202,강원특별자치도 원주시 능라동길 30(1층 107호 무실동)
20240595270,강원특별자치도 원주시 능라동길 61(1층 105호 무실동)
20240598565,강원특별자치도 강릉시 해안로 476(스카이베이 경포호텔 지하층 1002호 강문동)
20240598608,강원특별자치도 강릉시 강릉대로 285(1층 119~120호 교동)
20240598658,강원특별자치도 강릉시 강동면 헌화로 920-16(107호)
20240598886,강원특별자치도 강릉시 경강로 2572(1층 견소동)
20240598891,강원특별자치도 강릉시 경강로 2260(1층 포남동)
20240598951,강원특별자치도 강릉시 월대산로 59(6호 입암동)
20240599010,강원특별자치도 강릉시 솔올로 40(2층 교동)
20240599279,강원특별자치도 강릉시 사천면 방동길 38-1(강릉아산병원 별관 1층)
20240599280,강원특별자치도 강릉시 사천면 방동길 38-1(강릉아산병원 별관 1층)
20240599281,강원특별자치도 강릉시 사천면 방동길 38-1(강릉아산병원 별관 1층)
20240599282,강원특별자치도 강릉시 사천면 방동길 38-1(강릉아산병원 별관 1층)
20240599359,강원특별자치도 강릉시 율곡초교길39번길 18(1층 교동)
20240599375,강원특별자치도 강릉시 강릉대로313번길 36(1층 포남동)
20240602111,강원특별자치도 동해시 대학로 28(1층 108호 천곡동)
20240602193,"강원특별자치도 동해시 한섬로 61-1(1층 102호 천곡동, 삼양타워1차)"
20240602433,강원특별자치도 동해시 이원길 142(1층 이도동)
20240607063,강원특별자치도 속초시 중앙시장로 87(1~2층 중앙동)
20240607137,"강원특별자치도 속초시 영랑호반길 170(지하2층일부, 1층 금호동)"
20240607139,강원특별자치도 속초시 영랑호반길 170(20층 금호동)
20240607141,강원특별자치도 속초시 중앙로 359(1층 영랑동)
20240607218,강원특별자치도 속초시 대포항희망길 120(402호 대포동)
20240607219,강원특별자치도 속초시 대포항희망길 120(403호 대포동)
20240607220,강원특별자치도 속초시 대포항희망길 120(2601호 대포동)
20240611216,강원특별자치도 홍천군 홍천읍 갈마로4길 49(1층)
20240613123,강원특별자치도 횡성군 횡성읍 화성로 25(1층)
20240615036,강원특별자치도 영월군 영월읍 서부시장길 12-11
20240615048,강원특별자치도 영월군 영월읍 제방안길 16-1(1층 114호)
20240617093,강원특별자치도 평창군 봉평면 태기로 174(센터플라자)
20240619060,강원특별자치도 정선군 북평면 졸드루길 11-6(1층)
20240619148,강원특별자치도 정선군 북평면 남평강변로 114
20240621061,강원특별자치도 철원군 갈말읍 명성로158번길 19-1
20240625103,강원특별자치도 양구군 양구읍 중심로 189
20240631316,강원특별자치도 양양군 양양읍 양양로 48-1(1층)
20240638163,충청북도 청주시 상당구 중고개로141번길 22-7(1층 용암동)
20240638259,충청북도 청주시 상당구 낙영로12번길 12(1층 용암동)
20240638287,충청북도 청주시 상당구 상당로143번길 49(1층 영동)
20240638551,충청북도 청주시 상당구 중고개로141번길 8(1층 103호 용암동)
20240638610,충청북도 청주시 상당구 남일면 송암리 245 병사식당 2층
20240638650,충청북도 청주시 상당구 용정로12번길 3(1층 용정동)
20240643182,충청북도 청주시 서원구 1순환로 989(1층 분평동)
20240643335,충청북도 청주시 서원구 산남로 57(1층 산남동)
20240643391,"충청북도 청주시 서원구 쌍샘로 22(상가1동 103호 일부호 모충동, LH트릴로채)"
20240648102,충청북도 청주시 흥덕구 강서로 121(102호 강서동)
20240648198,충청북도 청주시 흥덕구 오송읍 오송생명7로 146(1층 105호)
20240648266,충청북도 청주시 흥덕구 옥산면 오송가락로 1055(1층 107호)
20240648833,충청북도 청주시 흥덕구 직지대로 308(현대백화점 지하1층 일부호 복대동)
20240648897,"충청북도 청주시 흥덕구 대신로40번길 50(2,3층 복대동)"
20240648916,충청북도 청주시 흥덕구 오송읍 오송생명8로 169(1층 101호)
20240648920,충청북도 청주시 흥덕구 직지대로 308(현대백화점 6층 복대동)
20240649028,충청북도 청주시 흥덕구 진재로 38(양지빌딩 102호 복대동)
20240649082,충청북도 청주시 흥덕구 사운로 255(1층 110호 운천동)
20240649094,충청북도 청주시 흥덕구 옥산면 가락길 32(1층 일부호)
20240649096,"충청북도 청주시 흥덕구 강서로 118(1층 107,108호 강서동)"
20240649275,"충청북도 청주시 흥덕구 서현북로 87(SM메디타워 106,107호 가경동)"
20240653299,충청북도 청주시 청원구 율량로 198(1층 율량동)
20240653552,충청북도 청주시 상당구 중앙로 7-1(1층 북문로2가)
20240661249,충청북도 제천시 청전대로 165(1층 청전동)
20240668187,충청북도 영동군 상촌면 임산3길 3
20240670046,충청북도 증평군 증평읍 광장로 26(1층)
20240672043,충청북도 진천군 덕산읍 대하로 147(117호)
20240676460,충청북도 음성군 대소읍 성본상가로 61(105호)
20240679087,충청북도 단양군 단양읍 상진19길 2
20240688143,"충청남도 천안시 동남구 옛시청길 29(202~203호 문화동, 힐스테이트 천안)"
20240688314,충청남도 천안시 동남구 만남로 43(본관2동 6층 신부동)
20240688315,충청남도 천안시 동남구 만남로 43(본관2동 6층 신부동)
20240688395,충청남도 천안시 동남구 목천읍 독립기념관로 1(독립기념관 108동 겨레마루 1층)
20240688429,충청남도 천안시 동남구 상명대길 38(지하1층 안서동)
20240688435,충청남도 천안시 동남구 구성1길 10(1층 구성동)
20240688446,충청남도 천안시 동남구 청수14로 62(1층 101호 청당동)
20240688550,충청남도 천안시 동남구 청수7로 6-40(1층 청당동)
20240688597,충청남도 천안시 동남구 수곡로 67(1층 111호 신방동)
20240691240,충청남도 천안시 서북구 충무로 124-5(1층 쌍용동)
20240691251,"충청남도 천안시 서북구 한들3로 36-17(A동 1층 107호 백석동, 천안백석3차 IPARK)"
20240691542,충청남도 천안시 서북구 서부14길 14-1(1층 성정동)
20240691573,충청남도 천안시 서북구 쌍용대로 297(1층 성정동)
20240691602,충청남도 천안시 서북구 불당33길 22(고은타워 1층 105호 불당동)
20240694318,충청남도 당진시 시청2로 49-25(로고스타워 114호 수청동)
20240694370,충청남도 당진시 무수동7길 69(1층 101호 읍내동)
20240694381,"충청남도 당진시 수청2로 42(103,104호 수청동)"
20240694450,충청남도 당진시 서해로 6260(2층 시곡동)
20240697003,충청남도 공주시 흑수골길 37(1층 신관동)
20240697052,충청남도 공주시 무령로 592(1층 107호 월송동)
20240697068,충청남도 공주시 한적2길 7(1층 신관동)
20240697135,충청남도 공주시 전막1길 7(2호 신관동)
20240697246,충청남도 공주시 흑수골길 26(202호 신관동)
20240697264,충청남도 공주시 신금1길 81-11(금흥동)
20240697288,충청남도 공주시 공주대학로 94-27(1층 신관동)
20240697418,충청남도 공주시 흑수골길 13(신관동)
20240697421,충청남도 공주시 유구읍 구장터길 8-12(1층)
20240699192,충청남도 보령시 중앙로 109(1층 대천동)
20240699269,충청남도 보령시 한내로 44(1층 동대동)
20240699303,충청남도 보령시 주공로 101(1층 명천동)
20240702030,충청남도 아산시 탕정면 한들물빛5로 11(젤존 트윈시티I 206호)
20240702113,충청남도 아산시 배방읍 세교길 107(1~2층)
20240702161,충청남도 아산시 신창면 남성길 202(1층)
20240702167,충청남도 아산시 배방읍 희망로46번길 45-3(1층)
20240702271,충청남도 아산시 문화로 301-13(1층 모종동)
20240702294,"충청남도 아산시 어의정로 182(211동 지하1층 106호,107호 풍기동, 이지더원 2차 아파트)"
20240702434,충청남도 아산시 시민로439번길 24-10(1층 온천동)
20240702510,충청남도 아산시 아산로 118-2(1층 103호 온천동)
20240702523,"충청남도 아산시 번영로 223(1층 102,103,104호 모종동)"
20240702577,충청남도 아산시 배방읍 배방로 311(1층)
20240702615,충청남도 아산시 탕정면 한들물빛5로 17(1층 113호)
20240702649,"충청남도 아산시 문화공원로 42(501동 1층 101호,2층 202호 온천동, 아산 온천 삼일파라뷰 시그니처)"
20240702709,충청남도 아산시 배방읍 배방로173번길 20-17(1층)
20240702789,충청남도 아산시 번영로 78(1층 102호 온천동)
20240702816,"충청남도 아산시 둔포면 아산밸리북로 48(512동 지하1층 B112,B113호 아산테크노밸리 이지더원 5단지아파트)"
20240702853,"충청남도 아산시 탕정면 한들물빛6로 26(1층 101호, 102호)"
20240702898,"충청남도 아산시 둔포면 아산밸리중앙로 21(1층 111,112,113,114호)"
20240702929,충청남도 아산시 온화로65번길 13-1(1층 온천동)
20240703052,충청남도 아산시 번영로195번길 10-5(1층 모종동)
20240703085,충청남도 아산시 인주면 아산만로 1691(1층)
20240705237,충청남도 서산시 중앙로 245(석림빌딩 1층 4~6호 석림동)
20240705299,충청남도 서산시 쌍연남1로 32(용마빌딩 동문동)
20240705375,충청남도 서산시 예천8로 27(1층 104호 예천동)
20240705378,충청남도 서산시 예천8로 22-3(황금연못 1층 예천동)
20240705398,충청남도 서산시 예천9로 4(1층 예천동)
20240705402,충청남도 서산시 예천8로 22-7(2층 예천동)
20240705432,충청남도 서산시 호수공원9로 7-15(천우홈 1층 예천동)
20240705441,충청남도 서산시 예천8로 27(105호 예천동)
20240705444,충청남도 서산시 고운로 33(1층 104호 읍내동)
20240705449,충청남도 서산시 고북면 신정리 417 독수리회관
20240705605,충청남도 서산시 율지18로 33(1층 동문동)
20240705607,충청남도 서산시 예천8로 27(2층 예천동)
20240705609,충청남도 서산시 고운로 275-5(동문프라자 110호 동문동)
20240707424,충청남도 논산시 연무읍 봉황로 90(선샤인스튜디오)
20240710103,충청남도 계룡시 신도안면 정장리 268
20240712051,충청남도 금산군 금산읍 금산로 1484(2층)
20240714148,충청남도 부여군 규암면 백제문로 387(롯데프리미엄아울렛)
20240716174,충청남도 서천군 비인면 서해안고속도로 169
20240718017,충청남도 청양군 청양읍 칠갑산로2길 9
20240720110,충청남도 홍성군 홍북읍 홍학로 83(명동프라자 101호)
20240720154,충청남도 홍성군 홍북읍 자경로 18(상가동 110호 내포2차대방엘리움더센트럴아파트)
20240720156,충청남도 홍성군 홍북읍 홍학로 87(엘가프라자 201호)
20240720240,충청남도 홍성군 홍북읍 의향로 273(세움펠리피아 201호)
20240722276,충청남도 예산군 대흥면 교촌향교길 109-16(1층)
20240722317,"충청남도 예산군 삽교읍 청사로 225(엔젤스타워2 108,109호)"
20240724186,충청남도 태안군 안면읍 꽃지해안로 204(아일랜드리솜 10동 1층)
20240730147,전북특별자치도 전주시 완산구 현무1길 11-1(1층 경원동3가)
20240730252,전북특별자치도 전주시 완산구 홍산중앙로 20(1층 103호 효자동3가)
20240730278,전북특별자치도 전주시 완산구 팔달로 138(1층 전동)
20240730356,전북특별자치도 전주시 완산구 마전중앙로 16(1층일부층 효자동3가)
20240730488,"전북특별자치도 전주시 완산구 홍산중앙로 47(1층 109호,110호 효자동3가)"
20240730501,전북특별자치도 전주시 완산구 현무1길 10(1층 경원동3가)
20240730502,전북특별자치도 전주시 완산구 현무1길 10(10층 경원동3가)
20240730569,전북특별자치도 전주시 완산구 전주객사5길 89(주건축물제1동 1층 101호일부호 고사동)
20240730571,"전북특별자치도 전주시 완산구 온고을로 124(1층 106호,107호 서신동)"
20240730646,전북특별자치도 전주시 완산구 후곡길 23-3(1층 효자동2가)
20240730744,전북특별자치도 전주시 완산구 온고을로 2(롯데백화점 지하1층 서신동)
20240730807,전북특별자치도 전주시 완산구 전주객사5길 77(1층 고사동)
20240730860,"전북특별자치도 전주시 완산구 팔달로 191(1,2층 고사동)"
20240730926,전북특별자치도 전주시 완산구 온고을로 2(1층 서신동)
20240730965,"전북특별자치도 전주시 완산구 모악로 4680(1층 101,102호 평화동2가)"
20240730987,전북특별자치도 전주시 완산구 중화산로 113(1층 중화산동2가)
20240731000,전북특별자치도 전주시 완산구 효자로 194(1층 104호 효자동3가)
20240731025,"전북특별자치도 전주시 완산구 효자로 167(1-2층 101, 201호 효자동3가)"
20240734231,전북특별자치도 전주시 덕진구 들사평3길 13-2(1층 일부호 덕진동1가)
20240734282,전북특별자치도 전주시 덕진구 세병로 174-19(1동 101호 송천동2가)
20240734574,"전북특별자치도 전주시 덕진구 만성중앙로 54-58(1층 105,106,107호 만성동)"
20240734621,전북특별자치도 전주시 덕진구 가리내6길 10-11(1층 일부호 덕진동2가)
20240734754,전북특별자치도 전주시 덕진구 기지로 72(101호 중동)
20240738122,전북특별자치도 군산시 계산로 51(103호 지곡동)
20240738472,전북특별자치도 군산시 돌끝로 73(106호 내흥동)
20240738525,"전북특별자치도 군산시 하나운로 124(104,105호 나운동)"
20240738600,전북특별자치도 군산시 조촌로 130(롯데몰 군산점 3층 조촌동)
20240738610,"전북특별자치도 군산시 정자로 64(2층 204,205호 내흥동)"
20240738617,"전북특별자치도 군산시 패총4길 1(101,102호 내흥동)"
20240742105,전북특별자치도 익산시 금마면 제석사지로 8(1-2층)
20240742284,전북특별자치도 익산시 무왕로15길 5-14(1층 영등동)
20240742438,전북특별자치도 익산시 배산로 96(102호 모현동1가)
20240742626,전북특별자치도 익산시 평동로21길 3(1층 동산동)
20240742627,전북특별자치도 익산시 평동로21길 3(1층 동산동)
20240742638,전북특별자치도 익산시 고봉로30길 17(제일아파트상가 108동 105호 영등동)
20240742641,전북특별자치도 익산시 배산로 149(1층 102호 모현동1가)
20240742667,전북특별자치도 익산시 서동로6길 1(1층 동산동)
20240746157,전북특별자치도 정읍시 조곡천1길 32(시기동)
20240746289,전북특별자치도 정읍시 초산로 81(수성동)
20240746360,전북특별자치도 정읍시 상신경1길 5(상동)
20240749043,전북특별자치도 남원시 큰들1길 14-6(1층 도통동)
20240749097,전북특별자치도 남원시 주천면 정령치로 210-8(주1동 1층)
20240749110,전북특별자치도 남원시 소리길 100-8(1층 어현동)
20240749223,전북특별자치도 남원시 향단로 64(1층 죽항동)
20240749293,"전북특별자치도 남원시 남문로 281(208동 1층 101호 신정동, 남원2차오투그란데디아트)"
20240749333,전북특별자치도 남원시 남문로 279(주1동 1층 신정동)
20240751196,전북특별자치도 김제시 화동길 6(요촌동)
20240753038,전북특별자치도 완주군 삼례읍 삼봉중앙로 9(107호)
20240753048,"전북특별자치도 완주군 삼례읍 삼봉2로 12(104,105호)"
20240753075,전북특별자치도 완주군 봉동읍 완주산단9로 9
20240753264,"전북특별자치도 완주군 용진읍 운곡4로 20(상가동 B115,116호 모아미래도 센트럴시티 1차 아파트)"
20240753265,"전북특별자치도 완주군 상관면 신리로 97(상가동 120,121호)"
20240765005,전북특별자치도 고창군 고창읍 성산로 47
20240765029,전북특별자치도 고창군 고창읍 보릿골로 135(1층)
20240767056,전북특별자치도 부안군 부안읍 석정로 252(105호호)
20240767088,전북특별자치도 부안군 변산면 격포로 453-8
20240771026,전남광주통합특별시 목포시 하당남부로 70(1층 옥암동)
20240771027,전남광주통합특별시 목포시 영산로59번길 27-4(1층 죽동)
20240771037,전남광주통합특별시 목포시 비파로43번길 31-1(1층 상동)
20240771042,전남광주통합특별시 목포시 용해지구로 85(101호 연산동)
20240771076,전남광주통합특별시 목포시 원산중앙로 7(2층 204호 산정동)
20240771117,전남광주통합특별시 목포시 옥암로 143(2층 상동)
20240771125,"전남광주통합특별시 목포시 복산길6번길 28(1층 101호 옥암동, 거성센트럴뷰)"
20240771182,전남광주통합특별시 목포시 평화로49번길 8(1층 상동)
20240771290,전남광주통합특별시 목포시 교육로 23(1층 상동)
20240771292,전남광주통합특별시 목포시 산정로 214(1층 용당동)
20240771422,전남광주통합특별시 목포시 원형동로 43(1층 102호 상동)
20240771483,"전남광주통합특별시 목포시 청호로219번길 34-15(목포 북항 씨푸드타운 2차 1, 2층 C106, 206호 산정동)"
20240771677,전남광주통합특별시 목포시 남악1로52번나길 31-11(1층 옥암동)
20240771762,전남광주통합특별시 목포시 옥암로124번길 3(1층 옥암동)
20240771765,전남광주통합특별시 목포시 영산로 792(1동 1층 대양동)
20240771789,전남광주통합특별시 목포시 평화로43번길 3(1층 101호 상동)
20240771836,전남광주통합특별시 목포시 영산로 635(1층 103호 석현동)
20240771870,전남광주통합특별시 목포시 양을로 43(1층 산정동)
20240771970,전남광주통합특별시 목포시 원형로 22(1층 상동)
20240775059,전남광주통합특별시 여수시 대학로 32(선경2차아파트 상가동 지하층 3호 미평동)
20240775226,전남광주통합특별시 여수시 소라면 화양로 2013(2층)
20240775415,전남광주통합특별시 여수시 공화남2길 21(공화동)
20240775423,"전남광주통합특별시 여수시 웅천남6로 11(1,2층 웅천동)"
20240775479,전남광주통합특별시 여수시 장성마을길 11(1층 안산동)
20240775584,전남광주통합특별시 여수시 웅천남6로 35(웅천동)
20240775605,전남광주통합특별시 여수시 통제영3길 14-1(교동)
20240775746,전남광주통합특별시 여수시 선소로 126(가1층 신기동)
20240775856,전남광주통합특별시 여수시 만성로 158(미평동)
20240779222,전남광주통합특별시 순천시 왕지1길 15(1층 왕지동)
20240779356,전남광주통합특별시 순천시 왕지로 38(1층 왕지동)
20240779365,전남광주통합특별시 순천시 북문길 152(가동 102호 매곡동)
20240779422,전남광주통합특별시 순천시 우석로 119(1층 남정동)
20240779481,전남광주통합특별시 순천시 중앙3길 11(1층 장천동)
20240779503,전남광주통합특별시 순천시 금곡길 11(1층 행동)
20240779776,전남광주통합특별시 순천시 용당둑길 115(1층 조곡동)
20240783007,전남광주통합특별시 나주시 상야1길 21(킹덤프라자 B동 106호 빛가람동)
20240783196,"전남광주통합특별시 나주시 상야1길 7(1층 113,114호 빛가람동)"
20240783222,전남광주통합특별시 나주시 상야2길 7(중흥s클래스 메가티움 1차 1층 111일부호 빛가람동)
20240783248,전남광주통합특별시 나주시 영나로 2316-9(1~2층 부덕동)
20240783330,"전남광주통합특별시 나주시 상야1길 7(1층 117,118호 빛가람동)"
20240783484,"전남광주통합특별시 나주시 우정로 56(B동 1층 120,121,122호 빛가람동)"
20240783485,전남광주통합특별시 나주시 황동1길 59(1층 빛가람동)
20240783519,"전남광주통합특별시 나주시 배멧2길 41(프라임타워 101,102,103호 빛가람동)"
20240785045,"전남광주통합특별시 광양시 눈소10길 58(129동 102,103호 마동, 광양 동문 디 이스트)"
20240785064,전남광주통합특별시 광양시 발섬6길 8(1층중1층전부 중동)
20240785217,전남광주통합특별시 광양시 광양읍 순광로 466(광양LF스퀘어 1층 C110호)
20240785218,전남광주통합특별시 광양시 광양읍 순광로 466(광양LF스퀘어 1층 C108호)
20240785273,전남광주통합특별시 광양시 무등4길 28-19(4층중1층전부 중동)
20240785282,전남광주통합특별시 광양시 광양읍 용강2길 13-8(1층중1층전부)
20240785329,전남광주통합특별시 광양시 광양읍 서천2길 16(2층중1층전부)
20240785360,전남광주통합특별시 광양시 광양읍 와룡길 20(4층중 1층일부)
20240785368,전남광주통합특별시 광양시 광양읍 예구6길 29(3층중1층일부)
20240785426,전남광주통합특별시 광양시 광양읍 순광로 466(광양LF스퀘어 푸드코트 120호)
20240785441,"전남광주통합특별시 광양시 황금1로 66(상가동 111호 황금동, 더샵 광양베이센트)"
20240785494,전남광주통합특별시 광양시 성황6길 14(1층중 1층일부 성황동)
20240785522,전남광주통합특별시 광양시 광양읍 매천로 739(1층중1층일부)
20240785534,"전남광주통합특별시 광양시 광장로 112-20(109동 112호 중동, 성호1차아파트)"
20240785540,전남광주통합특별시 광양시 광양읍 순광로 466(광양LF스퀘어 5층중 1층일부)
20240785547,전남광주통합특별시 광양시 광양읍 순광로 466(광양LF스퀘어)
20240788110,전남광주통합특별시 담양군 담양읍 담주4길 40(가동 2층 201호)
20240788113,전남광주통합특별시 담양군 담양읍 담주4길 40(나동 2층 206호)
20240790127,전남광주통합특별시 곡성군 입면 입면로 417-5
20240792057,전남광주통합특별시 구례군 구례읍 구례로 453
20240796043,전남광주통합특별시 보성군 복내면 송재로 1838-12(복내시장 사호)
20240796095,전남광주통합특별시 보성군 보성읍 현충로 39
20240798131,전남광주통합특별시 화순군 화순읍 칠충로 121(104호)
20240798141,전남광주통합특별시 화순군 동복면 오지호로 280(1층 일부호)
20240798202,전남광주통합특별시 화순군 화순읍 광덕로 193(광명빌딩)
20240798289,전남광주통합특별시 화순군 화순읍 상주길 32(1층)
20240800047,전남광주통합특별시 장흥군 장흥읍 장흥로 39(202동 108호 아이지센트럴파크2차)
20240802024,전남광주통합특별시 강진군 강진읍 청자로 26(1층)
20240806145,전남광주통합특별시 영암군 군서면 정자등길 17-10(1층 우측)
20240808003,전남광주통합특별시 무안군 일로읍 오룡중앙북로 65(103호)
20240808102,전남광주통합특별시 무안군 삼향읍 대죽서로 25-14(1동 102호)
20240808127,전남광주통합특별시 무안군 삼향읍 대죽동로 23(1층 102호)
20240808138,전남광주통합특별시 무안군 삼향읍 남악2로22번길 30(107호 뉴캐슬주상복합아파트)
20240808151,전남광주통합특별시 무안군 일로읍 오룡번영1로 95(115동 A105호 힐스테이트 오룡1단지)
20240808170,전남광주통합특별시 무안군 삼향읍 남악4로 53(102호)
20240808171,전남광주통합특별시 무안군 삼향읍 남악2로74번길 35(1동 101호)
20240808246,전남광주통합특별시 무안군 일로읍 오룡교육로2길 13(편편집 남악오룡지구점 2층 201-203호)
20240808272,전남광주통합특별시 무안군 삼향읍 남악3로 55(109호 펠리시티3차 주상복합아파트)
20240808285,"전남광주통합특별시 무안군 삼향읍 남악3로82번길 17(태광프라자 108, 109, 110호)"
20240808305,전남광주통합특별시 무안군 삼향읍 남악3로 55(1층 105호 펠리시티3차 주상복합아파트)
20240808312,전남광주통합특별시 무안군 삼향읍 남악5로48번길 12(102호)
20240808318,전남광주통합특별시 무안군 삼향읍 남악4로82번길 13(88빌딩 103호)
20240808322,전남광주통합특별시 무안군 삼향읍 대죽동로 24(101호)
20240810003,전남광주통합특별시 함평군 나산면 나산길 100(나산119지역대)
20240810022,전남광주통합특별시 함평군 함평읍 중앙길 165
20240810032,전남광주통합특별시 함평군 대동면 영수길 368-8
20240810065,전남광주통합특별시 함평군 엄다면 화양길 81
20240810080,전남광주통합특별시 함평군 함평읍 내바람길 42(하나로마트 함평농협본점)
20240810129,전남광주통합특별시 함평군 함평읍 중앙길 154
20240812050,전남광주통합특별시 영광군 영광읍 천년로13길 26-2(1층)
20240812053,전남광주통합특별시 영광군 영광읍 중앙로 21-4(1층)
20240812071,전남광주통합특별시 영광군 영광읍 옥당로 98(1층)
20240812087,"전남광주통합특별시 영광군 영광읍 천년로11길 58(107,108호)"
20240812105,전남광주통합특별시 영광군 영광읍 현암길 45-25(1층)
20240814088,전남광주통합특별시 장성군 장성읍 영천로 177
20240816014,전남광주통합특별시 완도군 완도읍 해변공원로 152(쌍용 더 플래티넘 완도)
20240818038,전남광주통합특별시 진도군 진도읍 동외2길 3(1층 105호)
20240818087,전남광주통합특별시 진도군 진도읍 남동1길 55
20240818110,전남광주통합특별시 진도군 진도읍 쌍정3길 8-9
20240820056,전남광주통합특별시 신안군 비금면 비금북부길 26
20240820118,전남광주통합특별시 신안군 하의면 곰실길 3-23(하의 웅곡 여객선터미널 2층)
20240820132,전남광주통합특별시 신안군 암태면 박달로 362-4(B동)
20240820137,전남광주통합특별시 신안군 지도읍 해제지도로 1205
20240826530,경상북도 포항시 남구 효성로15번길 9-12(1층 효자동)
20240826534,"경상북도 포항시 남구 동해면 연오로79번길 2(코아루블루인시티 상가 401동 1층 105,106호)"
20240829650,경상북도 포항시 북구 흥해읍 이인로77번길 5(1층 101호)
20240829832,경상북도 포항시 북구 흥해읍 초곡지구로58번길 38-14(1층)
20240829839,경상북도 포항시 북구 죽파로 29(1층 죽도동)
20240829841,경상북도 포항시 북구 신덕로 289(1층 장성동)
20240829890,경상북도 포항시 북구 삼호로265번길 1(라한호텔 포항 3층 두호동)
20240832104,경상북도 경주시 안강읍 구부랑길 67-3(A동 105호)
20240832243,경상북도 경주시 진현로2길 54(4동 7호 진현동)
20240832262,경상북도 경주시 황성로64번길 23(황성동)
20240832534,경상북도 경주시 현곡면 용담로 538-17
20240832560,경상북도 경주시 동대로 87(동국대학교 경주병원 복지관동 1층 석장동)
20240832733,경상북도 경주시 용담로92번길 47(1층 황성동)
20240832918,경상북도 경주시 현진앞3길 19(황성동)
20240833079,경상북도 경주시 보문로 529(2층 천군동)
20240836249,경상북도 김천시 강변공원길 10(교동)
20240836273,경상북도 김천시 혁신3로 15(율곡스퀘어 Ⅵ 1층 107호 율곡동)
20240839292,경상북도 안동시 광명로 175-1(1층 옥동)
20240839322,경상북도 안동시 태사2길 42(1층 북문동)
20240839570,경상북도 안동시 풍천면 도청대로 400(안동 스탠포드 호텔 1층)
20240839571,경상북도 안동시 풍천면 도청대로 400(안동 스탠포드 호텔 1층)
20240839664,경상북도 안동시 풍천면 도청대로 400(안동 스탠포드 호텔 2층)
20240839691,경상북도 안동시 서동문로 183-1(1층 삼산동)
20240839794,경상북도 안동시 태사길 29(1층 옥정동)
20240845001,경상북도 구미시 송원동로 28(동아백화점 1층 송정동)
20240845334,경상북도 구미시 1공단로7길 86-5(A동 1층 공단동)
20240845579,경상북도 구미시 선산읍 선산중앙로 56(1층)
20240845593,경상북도 구미시 고아읍 들성로 164(1층)
20240845790,경상북도 구미시 형곡서로 88(1층 형곡동)
20240845861,경상북도 구미시 고아읍 들성로 170(2동 1층)
20240845920,경상북도 구미시 봉곡남로 149(1층 봉곡동)
20240845926,경상북도 구미시 구미중앙로23길 4(1층 가호 원평동)
20240845965,경상북도 구미시 구미중앙로17길 21(1층 원평동)
20240845966,경상북도 구미시 구미중앙로17길 21(1층 원평동)
20240846024,"경상북도 구미시 문장로 135(1층 102호 도량동, 길우상가아파트)"
20240846075,경상북도 구미시 형곡서로 36(1층 형곡동)
20240846114,경상북도 구미시 고아읍 들성로 228(1층)
20240846231,경상북도 구미시 산동읍 신당1로4길 5-4(1동 2층 204호)
20240846239,경상북도 구미시 인동19길 28-9(1층 인의동)
20240846331,경상북도 구미시 고아읍 들성로11길 22(1층)
20240852007,경상북도 영주시 대동로 2-1(세영리첼아파트 상가 301동 1층 104호 가흥동)
20240852128,경상북도 영주시 영주로330번길 48(하망동)
20240856046,경상북도 상주시 경상대로 2913(낙양동)
20240856074,경상북도 상주시 중앙로 177-9(1층 서문동)
20240856120,경상북도 상주시 상산로 337(무양동)
20240856196,경상북도 상주시 공검면 경상대로 4207
20240856231,경상북도 상주시 상산로 207-1(남성동)
20240856314,경상북도 상주시 서곡화개길 15(화개동)
20240856315,경상북도 상주시 문무2길 33-24(무양동)
20240856333,경상북도 상주시 상산새싹길 49(1층 냉림동)
20240859371,경상북도 문경시 당교로 170(1층 모전동)
20240862222,경상북도 경산시 경안로38길 23(중방동)
20240862356,경상북도 경산시 진량읍 다문로 78(1층)
20240862443,경상북도 경산시 경안로67길 2-13(1층 대평동)
20240862463,경상북도 경산시 하양읍 하양로 186(1층)
20240862524,경상북도 경산시 박물관로 19(1층 사동)
20240862853,경상북도 경산시 백자로 67(101호 사동)
20240865109,경상북도 의성군 의성읍 후죽리 486-20 가호
20240867093,경상북도 청송군 진보면 진보로 184
20240871179,경상북도 영덕군 강구면 해상공원길 200(파나크 9층)
20240875002,경상북도 고령군 다산면 상곡3길 12
20240881002,경상북도 예천군 예천읍 충효로 273
20240881066,경상북도 예천군 예천읍 효자로 52
20240881153,경상북도 예천군 예천읍 한천길 60
20240881208,경상북도 예천군 예천읍 시장로 95
20240885068,경상북도 울진군 후포면 후포삼율로 32(나동 1층)
20240885072,경상북도 울진군 북면 덕구온천로 924(덕구온천관광호텔 지하1층)
20240885078,경상북도 울진군 울진읍 울진북로 637-12(1층)
20240885113,경상북도 울진군 죽변면 죽변항길 150(B동 3층 302호)
20240893140,경상남도 창원시 의창구 팔용로 438(팔용종합상가 2층 203호 팔용동)
20240893315,경상남도 창원시 의창구 북면 감계로110번길 54-15(부영빌딩 1층 105호)
20240893417,경상남도 창원시 의창구 남산로115번길 61(지하1층 일부호 서상동)
20240897081,경상남도 창원시 성산구 가양로124번길 21-15(성지코아빌딩 1층 101호 대방동)
20240897170,경상남도 창원시 성산구 창이대로881번길 17(대방대동황토방아파트 상가 12동 2층 206호 대방동)
20240897285,경상남도 창원시 성산구 창이대로881번길 17(대방대동황토방아파트 상가동12동 1층 108호 대방동)
20240897322,"경상남도 창원시 성산구 단정로 25(1층 103호, 2층 202호 상남동)"
20240897392,경상남도 창원시 성산구 중앙대로 124(롯데백화점 창원점 6층 일부호 상남동)
20240897519,"경상남도 창원시 성산구 대원로 79(104호 대원동, 창원 센트럴파크에일린의뜰3단지)"
20240897534,경상남도 창원시 성산구 중앙대로 124(롯데백화점 6층 일부호 상남동)
20240897580,경상남도 창원시 성산구 가양로 90(1층 일부호 남양동)
20240897656,경상남도 창원시 성산구 중앙대로 124(롯데백화점 창원점 6층 일부호 상남동)
20240897811,경상남도 창원시 성산구 중앙대로 124(롯데백화점 창원점 6층 일부호 상남동)
20240901385,경상남도 창원시 마산합포구 가포신항북2길 5-2(1층 가포동)
20240901543,경상남도 창원시 마산합포구 가포본동9길 5(2층 가포동)
20240904236,"경상남도 창원시 마산회원구 석전남8길 40(122동 108호 석전동, 창원 메트로시티 석전)"
20240904333,경상남도 창원시 마산회원구 내서읍 삼계4길 8(삼계오아시스빌딩 203호)
20240904446,"경상남도 창원시 마산회원구 삼호로 80(209동 2층 양덕동, 메트로시티 2단지)"
20240910055,"경상남도 진주시 개양로 100(107동 125호 가좌동, 스카이 시티프라디움)"
20240910085,경상남도 진주시 관문로 4(109호 가좌동)
20240910141,경상남도 진주시 사들로 87(103호 충무공동)
20240910247,경상남도 진주시 충의로 119(아슬란스포츠몰 A103호 충무공동)
20240910325,경상남도 진주시 하대로34번길 19-7(1층 일부 하대동)
20240910329,경상남도 진주시 에나로 83(1층 일부 충무공동)
20240910352,"경상남도 진주시 개양로 100(107동 120호 가좌동, 스카이 시티프라디움)"
20240910383,경상남도 진주시 망경북길 25-2(1층 일부 망경동)
20240910428,경상남도 진주시 진주대로 936(1층 일부 칠암동)
20240910501,"경상남도 진주시 개양로 100(상가 101동 107호 가좌동, 스카이 시티프라디움)"
20240910503,경상남도 진주시 대신로 304(홈플러스 지하1층 일부 상대동)
20240910946,경상남도 진주시 남강로651번길 11(1층 본성동)
20240911003,"경상남도 진주시 에나로175번길 12(상가동 2018호 충무공동, 혁신도시중흥에스-클래스센트럴시티3단지)"
20240911176,경상남도 진주시 초북로 21(1층 초전동)
20240911216,경상남도 진주시 신안들말길 22(1층 신안동)
20240911268,경상남도 진주시 진주대로568번길 10-1(1층 일부 가좌동)
20240914103,"인천광역시 미추홀구 인주대로 5(근린생활시설동 1층 A-102호 숭의동, 힐스테이트 숭의역)"
20240914172,경상남도 통영시 안개4길 18(1층 좌측 무전동)
20240914198,경상남도 통영시 광도면 죽림3로 43(102호)
20240914247,경상남도 통영시 광도면 죽림해안로 134(201호)
20240914312,경상남도 통영시 광도면 죽림2로 71(1층 103-1호)
20240914321,경상남도 통영시 광도면 죽림2로 53(1층)
20240914405,경상남도 통영시 광도면 죽림5로 30(1층)
20240917151,경상남도 사천시 사남면 유천길 244(101호)
20240919202,경상남도 김해시 삼계중앙로 66(1층 102호 삼계동)
20240919300,경상남도 김해시 김해대로2324번길 39(봉황동)
20240919569,경상남도 김해시 인제로51번길 52(1층 삼정동)
20240919696,경상남도 김해시 활천로 29(삼정상가 다동 102호 삼정동)
20240919760,경상남도 김해시 진영읍 장등로19번길 21(1층)
20240919844,경상남도 김해시 율하3로8번길 8-24(1층 율하동)
20240919880,경상남도 김해시 주촌면 천곡로 17(1층 일부)
20240919974,경상남도 김해시 김해대로2324번길 34-7(봉황동)
20240919977,"경상남도 김해시 가야로 178(1층 104호, 105호 일부 삼계동)"
20240920095,경상남도 김해시 진영읍 김해대로407번길 24-18(1층)
20240920096,경상남도 김해시 장유로330번길 1(1층 일부호 신문동)
20240920152,경상남도 김해시 김해대로 2342(부원역 푸르지오 아이스퀘어몰 1층 A105호 부원동)
20240920323,경상남도 김해시 장유로 505(롯데호텔앤리조트 1층 신문동)
20240920325,경상남도 김해시 장유로 505(롯데호텔앤리조트 8층 신문동)
20240920350,"경상남도 김해시 안동길 31(109동 102호 안동, 김해푸르지오하이엔드1단지)"
20240920494,경상남도 김해시 장유로 469(롯데 프리미엄 아울렛 김해점 푸드코트 3층 일부호 신문동)
20240920497,경상남도 김해시 장유로 469(롯데 프리미엄 아울렛 김해점 푸드코트 3층 일부호 신문동)
20240920498,경상남도 김해시 장유로 469(롯데 프리미엄 아울렛 김해점 푸드코트 3층 일부호 신문동)
20240920504,경상남도 김해시 장유로 469(롯데 프리미엄 아울렛 김해점 푸드코트 3층 일부호 신문동)
20240920522,경상남도 김해시 장유로 469(롯데 프리미엄 아울렛 김해점 푸드코트 3층 일부호 신문동)
20240920524,경상남도 김해시 장유로 469(롯데 프리미엄 아울렛 김해점 푸드코트 3층 일부호 신문동)
20240920527,경상남도 김해시 장유로 469(롯데 프리미엄 아울렛 김해점 푸드코트 3층 일부호 신문동)
20240920573,"경상남도 김해시 함박로119번길 21(메리어트빌딩 1층 107,110호 외동)"
20240920617,경상남도 김해시 능동로155번길 10-8(1층 101호 부곡동)
20240920651,경상남도 김해시 장유로 469(롯데 프리미엄 아울렛 김해점 3층 신문동)
20240920721,경상남도 김해시 김해대로 2232(신세계백화점 김해점 2층 외동)
20240920739,경상남도 김해시 계동로23번길 9(1층 106호 관동동)
20240920746,경상남도 김해시 주촌면 천곡로 10(102호)
20240920790,경상남도 김해시 진영읍 장등1로 35(1층 일부)
20240920858,경상남도 김해시 삼안로77번길 24(1층 안동)
20240924032,경상남도 밀양시 하남읍 수산중앙로 97-1(1층)
20240924038,경상남도 밀양시 단장면 관광단지로 78(파머스마켓 2층)
20240926220,경상남도 거제시 서문로 67(종원빌딩 1층 101일부호 고현동)
20240926350,경상남도 거제시 상동1길 39-1(1층 103호 상동동)
20240926594,경상남도 거제시 거제면 두동로 259-91(거제오션 파크자이상가 1층 111호)
20240929546,경상남도 양산시 물금읍 목화로 38(1층)
20240929800,경상남도 양산시 동면 내송큰들로 27(101호)
20240929858,경상남도 양산시 물금읍 백호2길 27-18(1층)
20240929987,경상남도 양산시 물금읍 범구4길 31(1층)
20240930091,경상남도 양산시 물금읍 새실로 159(나래메트로시티 F동 108-1호)
20240930271,경상남도 양산시 동면 금오2길 63(1층)
20240930364,"경상남도 양산시 신명로 74-20(평산종합시장 B동 101,105호 평산동)"
20240930383,경상남도 양산시 평산로 33(유토피아빌딩 1층 102호 평산동)
20240933059,경상남도 의령군 의령읍 의병로9길 5(103호)
20240937150,경상남도 창녕군 창녕읍 우포1대로 1555
20240955181,제주특별자치도 제주시 항골남길 43(1층 이호일동)
20240955235,제주특별자치도 제주시 산지로 5(1층 건입동)
20240955236,제주특별자치도 제주시 산지로 3-1(1층 건입동)
20240955251,제주특별자치도 제주시 서광로 301(1층 이도일동)
20240955423,제주특별자치도 제주시 애월읍 하귀9길 2(1층 108호)
20240955683,제주특별자치도 제주시 칠성로길 37-1(1층 일도일동)
20240955728,제주특별자치도 제주시 구산로 46(1층 아라일동)
20240955740,제주특별자치도 제주시 한림읍 한림상로 155(1층)
20240955769,제주특별자치도 제주시 정존15길 5(제주클리닉 1층 노형동)
20240955794,제주특별자치도 제주시 일주동로 188(지1층 화북일동)
20240955824,제주특별자치도 제주시 연삼로 96(1~2층 오라삼동)
20240955847,제주특별자치도 제주시 연대마을길 76(지1층 외도이동)
20240955909,"제주특별자치도 제주시 연대마을길 66-9(비동 1, 2층 외도이동)"
20240956073,"제주특별자치도 제주시 도령로 30(1, 2층 노형동)"
20240956138,제주특별자치도 제주시 노형14길 14(1층 노형동)
20240956173,제주특별자치도 제주시 원노형남1길 11(211~212호 노형동)
20240956229,제주특별자치도 제주시 한라대학로 83(1층 노형동)
20240956269,제주특별자치도 제주시 은남3길 3(제1동 1층 연동)
20240956358,제주특별자치도 제주시 신설로6길 20(1층 아라이동)
20240956492,제주특별자치도 제주시 구좌읍 구좌로 91(1층)
20240956542,제주특별자치도 제주시 건주로6길 56(1층 도련일동)
20240956548,제주특별자치도 제주시 연동7길 41(1층 연동)
20240956587,제주특별자치도 제주시 성화로9길 10(1층 용담이동)
20240956646,제주특별자치도 제주시 우정로 89(1층 외도일동)
20240956661,제주특별자치도 제주시 신성로7길 20(1층 도남동)
20240956719,"제주특별자치도 제주시 신대로 72(1층 102호 연동, 현일센츄럴파크뷰)"
20240956807,제주특별자치도 제주시 연오로 61-12(1층 101호 오라삼동)
20240956809,제주특별자치도 제주시 월광로 113-1(1~2층 노형동)
20240957119,제주특별자치도 제주시 오광로 118(1층 이호이동)
20240957175,"제주특별자치도 제주시 도남로7길 49(1층, 2층, 3층 도남동)"
20240962068,제주특별자치도 서귀포시 대정읍 글로벌에듀로 390(A동 112호)
20240962110,제주특별자치도 서귀포시 안덕면 신화역사로304번길 38(지하 1층)
20240962254,제주특별자치도 서귀포시 중앙로48번길 15(서귀동)
20240962264,제주특별자치도 서귀포시 하예하동로21번길 32(1층 하예동)
20240962359,제주특별자치도 서귀포시 대정읍 중산간서로 2172
20240962396,제주특별자치도 서귀포시 표선면 민속해안로 537(1층)
20240962397,제주특별자치도 서귀포시 표선면 민속해안로 537
20240962538,제주특별자치도 서귀포시 대포로 174(1층 대포동)
20240962582,제주특별자치도 서귀포시 동홍북로 28(동홍동)
20240962805,제주특별자치도 서귀포시 일주동로 8572(1층 동홍동)
20240962840,제주특별자치도 서귀포시 안덕면 화순로 123(옵데강식당 1층)
20240962876,"제주특별자치도 서귀포시 대청로 41(블루빌딩 101,102호 강정동)"
20240962893,제주특별자치도 서귀포시 대정읍 하모상가로 43
20250040061,"서울특별시 종로구 종로3길 17(D타워 5층 506, 507호 청진동)"
20250040163,서울특별시 종로구 성균관로 40(새주빌딩 1층 명륜1가)
20250040226,서울특별시 종로구 평창문화로 130(귀빈빌딩 1층 평창동)
20250040240,"서울특별시 종로구 새문안로 58(LG광화문빌딩 지하1층 B105-1,3호 신문로2가)"
20250040289,"서울특별시 종로구 창경궁로 88(1,2층 620호 예지동)"
20250040338,서울특별시 종로구 새문안로 105(1층 세종로)
20250040376,"서울특별시 종로구 수표로 91(다비치타워 1층 101호, 102호 관수동)"
20250040398,서울특별시 종로구 대명길 22(1층 명륜2가)
20250040464,서울특별시 종로구 대학로 146(혜화동씨티밸리 1층 102호 혜화동)
20250040468,서울특별시 종로구 종로 74(영안빌딩 1층 종로2가)
20250040509,서울특별시 종로구 세종대로 178(KT 광화문 빌딩 West 1층 101-1호 세종로)
20250040561,서울특별시 종로구 삼봉로 81(두산위브파빌리온 지하1층 130호 수송동)
20250040680,서울특별시 종로구 종로 33(그랑서울 2층 OA-204호 청진동)
20250040687,서울특별시 종로구 대학로12길 13(청민빌딩 지하1층 동숭동)
20250040708,"서울특별시 종로구 세종대로23길 54(세종빌딩, 세종아파트 1층 106호 당주동)"
20250040724,"서울특별시 종로구 종로 33(그랑서울 109,110일부,113,114,115호 청진동)"
20250040737,서울특별시 종로구 종로 33(그랑서울 B1층 B116호 청진동)
20250040743,서울특별시 종로구 종로 33(그랑서울 지하1층 B103호 청진동)
20250040747,서울특별시 종로구 종로 33(스타필드애비뉴 그랑서울타워 타워1 지하1층 B122호 청진동)
20250040748,서울특별시 종로구 종로 33(그랑서울 지하1층 B115호 청진동)
20250040749,"서울특별시 종로구 종로 33(스타필드 애비뉴 그랑서울 지하1층 B124, B125, B126, B127, B128호 청진동)"
20250040752,서울특별시 종로구 종로 33(그랑서울 타워1동 B1층 B120호 청진동)
20250040755,서울특별시 종로구 종로 33(스타필드에비뉴 그랑서울 타워1 OA-202 청진동)
20250040756,서울특별시 종로구 종로 33(스타필드 애비뉴 그랑서울 타워1 지하1층 B119 청진동)
20250040757,서울특별시 종로구 종로 33(스타필드에비뉴 그랑서울 지하1층 B123호 청진동)
20250040758,서울특별시 종로구 종로 33(그랑서울 상업시설동 4층 403호 청진동)
20250040772,서울특별시 종로구 종로 33(그랑서울 2층 OA201호 청진동)
20250040776,"서울특별시 종로구 율곡로 47(걸스카웃회관 1,2층 안국동)"
20250040783,서울특별시 종로구 종로 33(그랑서울 401호 청진동)
20250040818,서울특별시 종로구 종로 33(그랑서울 타워1 상업시설 4층 402호 청진동)
20250040827,서울특별시 종로구 종로 33(그랑서울 2층 OA-203호 청진동)
20250040874,서울특별시 종로구 청계천로 11(청계 한국빌딩 2층 서린동)
20250040881,서울특별시 종로구 인사동3길 4(2층 인사동)
20250040925,"서울특별시 종로구 삼일대로30길 31(지하1층, 지상1층 익선동)"
20250045069,서울특별시 중구 남대문로1길 14-1(브릴란테 덕수궁 2층 201호 북창동)
20250045293,서울특별시 중구 남대문로 125(2층 다동)
20250045326,서울특별시 중구 퇴계로 77(신세계백화점 14층 충무로1가)
20250045336,서울특별시 중구 퇴계로 77(신세계백화점 13층 충무로1가)
20250045345,서울특별시 중구 퇴계로 77(신세계백화점 14층 충무로1가)
20250045358,서울특별시 중구 퇴계로 77(신세계백화점 13층 충무로1가)
20250045369,서울특별시 중구 남대문로 81(롯데백화점 본점 지하1층 소공동)
20250045432,서울특별시 중구 남대문로 81(롯데백화점 본점 지하1층 소공동)
20250045473,서울특별시 중구 남대문로5길 15(SOTETSU HOTELS THE SPLAISIR 1층 북창동)
20250045509,서울특별시 중구 남대문로 81(롯데백화점 본점 지하1층 소공동)
20250045614,서울특별시 중구 다산로42길 96(삼원빌딩 1층 101호 신당동)
20250045661,서울특별시 중구 세종대로9길 41(퍼시픽타워 B1층 B1호 서소문동)
20250045719,"서울특별시 중구 퇴계로 72(2층 201호~207호 회현동1가, 리더스뷰남산)"
20250045764,"서울특별시 중구 서소문로 136(1,2층 태평로2가)"
20250045845,서울특별시 중구 명동3길 12(1층 명동1가)
20250045872,서울특별시 중구 퇴계로 77(신세계백화점 13층 충무로1가)
20250046099,서울특별시 중구 다산로 168(성원빌딩 1층 신당동)
20250046148,서울특별시 중구 세종대로 14(그랜드센트럴GRAND CENTRAL 지하3층 B307호 남대문로5가)
20250046385,서울특별시 중구 마른내로4길 25(1층 인현동1가)
20250046648,서울특별시 중구 을지로 157(대림상가 3층 가377호 산림동)
20250046728,서울특별시 중구 남대문로 81(롯데백화점 본점 지하1층 소공동)
20250046768,"서울특별시 중구 소파로 131(1층 111~115,119호,131호,141호,156호 남산동3가)"
20250046787,서울특별시 중구 퇴계로 414(1층 8호 신당동)
20250046788,서울특별시 중구 남대문로 81(롯데백화점 본점 지하1층 소공동)
20250050010,"서울특별시 용산구 한남대로 91(지하2층 한남동, 나인원 한남)"
20250050290,서울특별시 용산구 이태원로 180(스카이하이 2층 이태원동)
20250050556,서울특별시 용산구 한강대로23길 55(용산역 7층 한강로3가)
20250050562,서울특별시 용산구 이촌로29길 14(삼주빌딩 1층 한강로3가)
20250050646,"서울특별시 용산구 한강대로 69(상가동 1층 104-1호 한강로2가, 용산푸르지오써밋)"
20250050691,서울특별시 용산구 신흥로 89(1층 용산동2가)
20250050779,서울특별시 용산구 한강대로23길 55(용산 아이파크몰 리빙파크 3층 한강로3가)
20250050807,서울특별시 용산구 한강대로23길 55(용산아이파크몰 리빙파크 3층 한강로3가)
20250050812,서울특별시 용산구 청파로 275(2층 청파동3가)
20250050836,서울특별시 용산구 이촌로58길 3(1층 이촌동)
20250050868,"서울특별시 용산구 한남대로 91(지하2층 한남동, 나인원 한남)"
20250050919,서울특별시 용산구 한강대로23길 55(용산아이파크몰 4층 한강로3가)
20250051220,서울특별시 용산구 청파로 378(한국철도공사 3층 213호 동자동)
20250051270,서울특별시 용산구 한강대로23길 55(용산아이파크몰 7층 한강로3가)
20250051296,"서울특별시 용산구 서빙고로 17(몰동 1층 1029, 1030, 1031호 한강로3가)"
20250051361,서울특별시 용산구 청파로 378(3층 216호 동자동)
20250054004,서울특별시 성동구 마조로 11(1층 행당동)
20250054300,"서울특별시 성동구 마장로 137(221동 1층 1144,1145호 상왕십리동, 텐즈힐)"
20250054317,서울특별시 성동구 성덕정길 91(1층 성수동2가)
20250054347,"서울특별시 성동구 천호대로 400(110호 용답동, 신창비바패밀리)"
20250054363,서울특별시 성동구 연무장길 46(B1~2층 성수동2가)
20250054493,서울특별시 성동구 아차산로15길 52(삼환디지털벤처타워 1층 104호 성수동2가)
20250054570,서울특별시 성동구 독서당로 287(2층 금호동4가)
20250054664,서울특별시 성동구 서울숲4길 18-10(지하1층 성수동1가)
20250054683,서울특별시 성동구 성수일로10길 26(하우스디 세종타워 상가동 2층 212호 성수동2가)
20250054970,"서울특별시 성동구 독서당로 187(옥수동극동아파트 상가동 지하1층 18,19호 옥수동)"
20250054997,서울특별시 성동구 고산자로 293(동아맨션 1동 102호 홍익동)
20250055091,서울특별시 성동구 금호산길 68(신금호빌딩 1층 금호동2가)
20250055158,서울특별시 성동구 아차산로17길 48(성수 SK V1 CENTER I 지하1층 RB110~RB114호 성수동2가)
20250055207,서울특별시 성동구 왕십리로 348(1층 도선동)
20250055228,서울특별시 성동구 왕십리로 135(리버포레2차 215동 1층 1126호 성수동1가)
20250055235,서울특별시 성동구 성수일로12길 26(서울숲 코리아IT센터 1층 101호 성수동2가)
20250058005,서울특별시 광진구 자양로18길 91(잔솔빌딩 1층 구의동)
20250058068,서울특별시 광진구 군자로 146(동진빌딩 1층 군자동)
20250058128,서울특별시 광진구 능동로 92(롯데백화점 지하1층 자양동)
20250058165,서울특별시 광진구 자양로 243(1층 구의동)
20250058194,서울특별시 광진구 능동로 127(화양동)
20250058220,서울특별시 광진구 능동로 92(롯데백화점 9층 자양동)
20250058341,서울특별시 광진구 아차산로 402(판매시설 1층 4호 자양동)
20250058368,서울특별시 광진구 아차산로 402(판매시설 2층 자양동)
20250058387,서울특별시 광진구 아차산로 402(판매시설 지하2층 22호 자양동)
20250058404,서울특별시 광진구 아차산로 402(판매시설 2층 14호 자양동)
20250058426,서울특별시 광진구 아차산로 402(판매시설 지하2층 4a호 자양동)
20250058443,서울특별시 광진구 아차산로33길 22(2층 화양동)
20250058452,서울특별시 광진구 능동로 92(롯데백화점 지하1층 자양동)
20250058456,서울특별시 광진구 능동로 92(롯데백화점 지하1층 자양동)
20250058468,서울특별시 광진구 아차산로 410(이스트폴타워 B동 지하1층 자양동)
20250058469,서울특별시 광진구 아차산로 410(이스트폴타워B동 24층 자양동)
20250058472,서울특별시 광진구 능동로 179(2층 화양동)
20250058473,서울특별시 광진구 능동로 179(2층 화양동)
20250058508,서울특별시 광진구 아차산로 402(판매시설 지하1층 3호 자양동)
20250058510,서울특별시 광진구 아차산로 410(이스트폴타워 B동 24층 자양동)
20250058512,서울특별시 광진구 아차산로 402(판매시설 지하2층 3a호 자양동)
20250058513,서울특별시 광진구 아차산로 402(판매시설 지하2층 29호 자양동)
20250058548,서울특별시 광진구 능동로 95(자양동)
20250058564,서울특별시 광진구 자양로18길 14(2층 구의동)
20250058577,서울특별시 광진구 동일로22길 101(2층 화양동)
20250058597,서울특별시 광진구 면목로 4(1층 군자동)
20250058681,서울특별시 광진구 강변북로 2234(1층 자양동)
20250058704,서울특별시 광진구 용마산로1길 31(1층 중곡동)
20250058706,"서울특별시 광진구 아차산로 345(1층 131호 자양동, 래미안프리미어팰리스)"
20250058726,서울특별시 광진구 동일로10길 46(305호 자양동)
20250058824,서울특별시 광진구 자양로 242(1층 구의동)
20250058841,서울특별시 광진구 능동로 92(롯데백화점 10층 자양동)
20250058854,서울특별시 광진구 자양로18길 41(1층 구의동)
20250058912,서울특별시 광진구 아차산로 205(1층 101호 일부호 화양동)
20250058957,서울특별시 광진구 능동로13길 30(1층 화양동)
20250059043,"서울특별시 광진구 아차산로 229(한림타워 1층 104호일부,106,107,108호 화양동)"
20250059056,서울특별시 광진구 자양로 283(1층 구의동)
20250059124,"서울특별시 광진구 광나루로 604(진넥스 베르디엠 1층 106,107호 구의동)"
20250062078,서울특별시 동대문구 회기로28길 8(2층 휘경동)
20250062118,서울특별시 동대문구 장한로5길 50(1층 장안동)
20250062179,서울특별시 동대문구 답십리로 272(1층 장안동)
20250062181,서울특별시 동대문구 답십리로 272(2층 장안동)
20250062248,서울특별시 동대문구 왕산로 214(롯데마트청량리점 4층 전농동)
20250062489,서울특별시 동대문구 장한로26길 55(107호106호옆 장안동)
20250062508,"서울특별시 동대문구 외대역동로 63-12(근린생활시설B동 1층 B107호 휘경동, 이문휘경 지웰에스테이트)"
20250062657,"서울특별시 동대문구 천호대로 26(부속동 1층 126호 신설동, 신설동역자이르네)"
20250062717,서울특별시 동대문구 왕산로 214(커넥트플레이스 청량리역점 3층 323호 전농동)
20250062957,서울특별시 동대문구 답십리로 288(씨젠 메디칼 타워 3층 일부호 장안동)
20250062996,서울특별시 동대문구 답십리로 288(씨젠메디칼타워 3층 장안동)
20250063049,서울특별시 동대문구 장한로 91(현대썬앤빌601 1층 104호 장안동)
20250063203,"서울특별시 동대문구 왕산로 214(청량리역,롯데백화점 7층 전농동)"
20250063204,서울특별시 동대문구 답십리로 305(1층 108호 장안동)
20250063221,"서울특별시 동대문구 고산자로 420(근린생활시설동 1층 123호 용두동, 힐스테이트 청량리 메트로블)"
20250067090,서울특별시 중랑구 면목로 495(이레빌딩 101호 상봉동)
20250067115,"서울특별시 중랑구 망우로 353(B1층 X14, YC호 상봉동, 상봉 프레미어스 엠코)"
20250067128,서울특별시 중랑구 동일로 814(광천빌딩 지하1층 1호 중화동)
20250067129,서울특별시 중랑구 동일로 814(광천빌딩 지하1층 2호 중화동)
20250067130,서울특별시 중랑구 동일로 814(광천빌딩 지하1층 3호 중화동)
20250067272,서울특별시 중랑구 망우로 283(Dice빌딩 상봉동)
20250067309,"서울특별시 중랑구 봉화산로56길 51(상가동 101호 신내동, 우남푸르미아아파트)"
20250067397,서울특별시 중랑구 양원역로14나길 25(103호 망우동)
20250067429,"서울특별시 중랑구 용마산로 670(b131호 망우동, 신내역 프라디움 더 테라스)"
20250067435,"서울특별시 중랑구 동일로 932(201동 1층 107호 묵동, 묵동자이아파트)"
20250067620,서울특별시 중랑구 망우로 305(2층 상봉동)
20250067671,서울특별시 중랑구 중랑역로 51(1층 중화동)
20250067797,서울특별시 중랑구 상봉중앙로9길 2-4(1층 상봉동)
20250072055,서울특별시 성북구 동소문로 304(1층 하월곡동)
20250072205,서울특별시 성북구 종암로28길 72-10(1층 종암동)
20250072248,서울특별시 성북구 동소문로 315(현대백화점미아점 지하1층 길음동)
20250072576,서울특별시 성북구 삼양로 35(지하1층 제213호 길음동)
20250072577,서울특별시 성북구 삼양로 35(지하1층 제214호 길음동)
20250072595,서울특별시 성북구 동소문로8길 15(지상1층 동소문동3가)
20250072647,서울특별시 성북구 삼양로 63(지상1층 길음동)
20250072739,서울특별시 성북구 동소문로 90(1층 동소문동5가)
20250072921,서울특별시 성북구 동소문로 90(1층 동소문동5가)
20250072987,서울특별시 성북구 아리랑로 6(1층 동선동4가)
20250073096,서울특별시 성북구 동소문로 315(현대백화점미아점 지상8층 길음동)
20250073145,서울특별시 성북구 동소문로 120(1층 동선동1가)
20250076079,서울특별시 강북구 도봉로 62(롯데백화점 미아점 지하2층 미아동)
20250076179,서울특별시 강북구 도봉로76길 42(1층 미아동)
20250076215,서울특별시 강북구 오현로6길 83(지층 1호 미아동)
20250076216,서울특별시 강북구 오현로6길 83(지층 2호 미아동)
20250076217,서울특별시 강북구 오현로6길 83(지층 3호 미아동)
20250076330,서울특별시 강북구 도봉로33길 9(미진빌딩 1층 미아동)
20250076616,서울특별시 강북구 월계로 41(미아동)
20250076727,"서울특별시 강북구 노해로 34(1층 102호 수유동, 예도팔라티움)"
20250080066,"서울특별시 도봉구 도봉로150다길 64(여산빌딩 1층 101, 102호 방학동)"
20250080558,서울특별시 도봉구 도봉로150길 8(이안 테라디움 방학역 상가 111호 방학동)
20250080611,서울특별시 도봉구 노해로65길 11(한성빌딩 1층 3호 창동)
20250080766,서울특별시 도봉구 노해로69길 21(103호 창동)
20250080767,"서울특별시 도봉구 도봉로150마길 34(판매시설201동 134,135,136,137호 방학동, 도봉 롯데캐슬 골든파크)"
20250084222,"서울특별시 노원구 동일로 1689(1층 104호 상계동, 하이베라스)"
20250084232,서울특별시 노원구 동일로 1093(1층 공릉동)
20250084396,"서울특별시 노원구 상계로23다길 13-8(101동 1층 147우측호 상계동, 노원 아이파크)"
20250084669,서울특별시 노원구 동일로 1414(롯데백화점 9층 상계동)
20250084721,"서울특별시 노원구 섬밭로 139(상가동 109호 공릉동, 공릉풍림아파트)"
20250084857,서울특별시 노원구 석계로3길 3(한주빌딩 1층 서측첫번째점포호 월계동)
20250084945,서울특별시 노원구 광운로 33(2층 월계동)
20250085086,"서울특별시 노원구 덕릉로 699(1층 106호 중계동, 우암에이스타워)"
20250089011,서울특별시 은평구 통일로 855-20(1층 갈현동)
20250089067,"서울특별시 은평구 통일로 767(제401동 제지1층 제비122호 대조동, 베르디움STAY1)"
20250089074,서울특별시 은평구 진흥로1길 21(2층 1호 역촌동)
20250089075,서울특별시 은평구 진흥로1길 21(2층 2호 역촌동)
20250089077,서울특별시 은평구 진흥로1길 21(2층 3호 역촌동)
20250089197,서울특별시 은평구 불광로 20(NC백화점 지하 1층 대조동)
20250089205,"서울특별시 은평구 진관4로 47(708동 1층 101,102호 진관동, 은평뉴타운상림마을)"
20250089227,서울특별시 은평구 갈현로 73(1층 역촌동)
20250089273,서울특별시 은평구 불광로 20(NC백화점 지하1층 대조동)
20250089289,서울특별시 은평구 불광로 20(NC백화점 지하1층 대조동)
20250089313,서울특별시 은평구 연서로33길 10(1층 불광동)
20250089315,서울특별시 은평구 불광로 20(NC백화점 지하1층 대조동)
20250089533,"서울특별시 은평구 은평로 220(상가비동 119호 응암동, 녹번역e편한세상캐슬)"
20250089627,서울특별시 은평구 연서로29길 4(2층 갈현동)
20250089745,서울특별시 은평구 갈현로 181-19(부성빌딩 1층 갈현동)
20250089750,"서울특별시 은평구 은평터널로 27(1층 101호 수색동, DMC아트포레자이)"
20250089995,서울특별시 은평구 통일로 1050(롯데몰 은평점 1층 진관동)
20250090067,서울특별시 은평구 은평터널로 148(1층 신사동)
20250093020,서울특별시 서대문구 연희로 82(브라운스톤연희 1층 101호 연희동)
20250093029,"서울특별시 서대문구 가재울미래로 2(상가221동 109호 남가좌동, DMC파크뷰자이)"
20250093131,서울특별시 서대문구 성산로17길 39(1층 일부호 연희동)
20250093438,서울특별시 서대문구 거북골로 16(1층 좌측호 홍은동)
20250093442,서울특별시 서대문구 연세로 50(연세대학교 공학원 지하1층 B187B호 신촌동)
20250093539,서울특별시 서대문구 충정로9길 12(1층 충정로2가)
20250093576,"서울특별시 서대문구 수색로 100(3단지 제상가1동 제지1층 1-05호 북가좌동, DMC 래미안 e편한세상)"
20250093602,서울특별시 서대문구 통일로 422(1층 홍제동)
20250093643,서울특별시 서대문구 신촌로 83(현대백화점신촌점 지하2층 창천동)
20250093668,서울특별시 서대문구 연세로12길 10(1층 창천동)
20250093682,서울특별시 서대문구 신촌로 83(현대백화점신촌점 지하1층 일부호 창천동)
20250093687,서울특별시 서대문구 신촌로 109(신촌르메이에르타운5 1층 103-1호 창천동)
20250093783,서울특별시 서대문구 신촌역로 7(신촌푸르지오시티 1층 104호 대현동)
20250093844,서울특별시 서대문구 신촌로 169(1층 대현동)
20250094128,서울특별시 서대문구 연세로 50-1(세브란스병원 암병동 지하1층 신촌동)
20250094139,서울특별시 서대문구 연세로5나길 8(영화빌딩 1층 창천동)
20250097061,"서울특별시 마포구 동교로46길 27(1,2층 연남동)"
20250097244,서울특별시 마포구 마포대로 156(공덕푸르지오시티 제1층 105호 공덕동)
20250097256,서울특별시 마포구 와우산로 75(1층 서교동)
20250097297,서울특별시 마포구 성미산로 5(1층 성산동)
20250097312,서울특별시 마포구 월드컵로23길 4(두성빌딩 1층 망원동)
20250097424,"서울특별시 마포구 성미산로19길 60(1층 103호 연남동, 만민하늘애)"
20250097602,서울특별시 마포구 독막로 279(상장회사회관 1동 1층 101호 대흥동)
20250097840,서울특별시 마포구 마포대로 지하 92(공항철도 공덕역 도화동)
20250098184,"서울특별시 마포구 마포대로 195(상가1동 지4층 115호 아현동, 마포래미안푸르지오)"
20250098520,서울특별시 마포구 월드컵북로 396(누리꿈스퀘어 제지1층 1030호 일부호 상암동)
20250098530,서울특별시 마포구 마포나루길 420(2층 망원동)
20250098601,서울특별시 마포구 동교로 183-12(노호빌딩 1층 동교동)
20250098709,"서울특별시 마포구 마포대로 109(지하1층 B114호 공덕동, 롯데캐슬 프레지던트)"
20250099008,서울특별시 마포구 토정로 196(1층 구수동)
20250099120,서울특별시 마포구 포은로8길 28-6(지1층 망원동)
20250099141,"서울특별시 마포구 양화로 72(1층 114호 서교동, 서교동 효성 해링턴 타워)"
20250104030,서울특별시 양천구 신월로 156(2층 신월동)
20250104046,"서울특별시 양천구 목동중앙본로 107(A동 1층 102호 목동, 대명이튼캐슬)"
20250104209,서울특별시 양천구 목동동로 293(현대41타워 3층 311-A호 목동)
20250104527,서울특별시 양천구 목동서로 285(황금 프라자 1층 109호 신정동)
20250104633,서울특별시 양천구 목동중앙남로11길 3(1층 목동)
20250104643,"서울특별시 양천구 오목로 299(지하1층 목동, 목동트라팰리스)"
20250104645,"서울특별시 양천구 오목로 299(B1200호 목동, 목동트라팰리스)"
20250104824,"서울특별시 양천구 신월로 263(1층 101,102호 신월동, 로즈가든)"
20250105246,"서울특별시 양천구 목동중앙서로6길 20-16(1층 101호 목동, 우리아파트)"
20250108066,서울특별시 강서구 강서로 404(1층 101호 등촌동)
20250108121,"서울특별시 강서구 하늘길 38(김포공항, 롯데몰, 스카이시티 MF층 일부호 방화동)"
20250108236,서울특별시 강서구 마곡중앙로 105-7(B동 지하2층 마곡동)
20250108253,서울특별시 강서구 마곡중앙로 105-7(B동 지하 2층 B204-1호 마곡동)
20250108311,"서울특별시 강서구 마곡중앙로 143(본동 지하 2층 227, 228, 229호 마곡동)"
20250108326,서울특별시 강서구 마곡중앙로 143(르웨스트시티본동 지하2층 C102호 마곡동)
20250108349,서울특별시 강서구 마곡중앙로 143(르웨스트시티 본동 지하2층 214호 마곡동)
20250108383,서울특별시 강서구 마곡중앙로 143(본동 지하2층 221호 마곡동)
20250108417,"서울특별시 강서구 등촌로 19(수남빌딩 1,2층 화곡동)"
20250108447,서울특별시 강서구 강서로 35(비동 1층 화곡동)
20250108530,"서울특별시 강서구 공항대로 219(센테니아 1층 124, 125호 마곡동)"
20250108822,서울특별시 강서구 공항대로 165(A동 지하1층 마곡동)
20250108826,서울특별시 강서구 공항대로 165(지하1층 EB115호 마곡동)
20250108844,서울특별시 강서구 마곡중앙로 59-11(엠비즈타워 1층 107호 마곡동)
20250108872,서울특별시 강서구 공항대로 165(지하1층 EB120호 마곡동)
20250108896,서울특별시 강서구 공항대로 165(원그로브 쇼핑몰 지하1층 EB118호 마곡동)
20250108899,"서울특별시 강서구 마곡중앙8로7길 57(마곡 아이파크 디어반 1층 101,102,103,106,107,108호 마곡동)"
20250108908,"서울특별시 강서구 하늘길 38(김포공항, 롯데몰, 스카이시티 GF층 방화동)"
20250109009,서울특별시 강서구 마곡중앙6로 21(이너매스마곡Ⅰ 1층 128호 마곡동)
20250109197,서울특별시 강서구 강서로56길 17(NC 강서점 9층 일부호 등촌동)
20250109200,서울특별시 강서구 강서로56길 17(NC 강서점 9층 일부호 등촌동)
20250109245,"서울특별시 강서구 하늘길 38(김포공항, 롯데몰, 스카이시티 GF층 일부호 방화동)"
20250109272,서울특별시 강서구 강서로45길 174(수명산씨티 1층 108호 내발산동)
20250109304,서울특별시 강서구 공항대로 165(원그로브 B동 1층 E123~E125호 마곡동)
20250109391,서울특별시 강서구 마곡중앙로 105-7(B동 지하2층 B213 일부호 마곡동)
20250109405,서울특별시 강서구 공항대로 219(센테니아 제1층 제110호 마곡동)
20250109493,서울특별시 강서구 공항대로 165(원그로브몰 2층 E209-210호 마곡동)
20250109508,서울특별시 강서구 공항대로 509(우림보보카운티뷰오피스텔 106-1호 등촌동)
20250109565,서울특별시 강서구 마곡중앙로 165(프라이빗타워타워1차 1층 107~109호 마곡동)
20250109572,서울특별시 강서구 공항대로 228(리더스타워마곡 1층 118호 마곡동)
20250109577,서울특별시 강서구 마곡중앙5로 6(마곡나루역보타닉푸르지오시티 1층 135호 마곡동)
20250109784,서울특별시 강서구 공항대로 165(원그로브쇼핑몰 D동 1층 W104호 마곡동)
20250109809,서울특별시 강서구 송정로4길 1-1(1층 공항동)
20250109812,"서울특별시 강서구 곰달래로31가길 55(1층 101호 화곡동, JE house)"
20250109942,서울특별시 강서구 강서로56길 17(NC 강서점 지하1층 등촌동)
20250109943,서울특별시 강서구 강서로56길 17(NC 강서점 1층 등촌동)
20250109949,"서울특별시 강서구 마곡중앙3로 16(VL 르웨스트 판매시설동 지하2층 B211, 212호 마곡동)"
20250109971,"서울특별시 강서구 마곡중앙로 111(지하판매및기타동 지하2층 B226,B246호 마곡동, 롯데캐슬 르웨스트)"
20250109972,"서울특별시 강서구 마곡중앙4로 10(A동 1층 105, 106호 마곡동)"
20250109996,서울특별시 강서구 강서로48길 6(1층 102-2호 내발산동)
20250110009,서울특별시 강서구 화곡로 416(가양역 더스카이밸리5차 지식산업센터 1층 134-1호 등촌동)
20250110012,서울특별시 강서구 마곡중앙로 161-8(두산더랜드파크 A동 1층 110호 마곡동)
20250113039,서울특별시 구로구 디지털로 306(대륭포스트타워2차 1층 111호 구로동)
20250113305,서울특별시 구로구 구로중앙로28길 73(구로하우비 1층 101호 구로동)
20250113307,서울특별시 구로구 구로중앙로 152(NC백화점 지하1층 구로동)
20250113369,서울특별시 구로구 디지털로26길 38(G-Tower 지하 1층 B133호 2층 211-1호호 구로동)
20250113382,서울특별시 구로구 디지털로27길 69(1층 가리봉동)
20250113482,서울특별시 구로구 오류로8길 50(1층 오류동)
20250113504,서울특별시 구로구 구로중앙로 152(NC백화점 6층 구로동)
20250113577,서울특별시 구로구 구로중앙로28길 73(구로하우비 1층 105호 구로동)
20250113631,서울특별시 구로구 개봉로 25(1층 102호 개봉동)
20250113736,"서울특별시 구로구 서해안로 2070(2층, 3층 항동)"
20250113882,서울특별시 구로구 경인로33길 89(1층 고척동)
20250113959,서울특별시 구로구 디지털로 288(대륭포스트타워1차 1층 101호 구로동)
20250113976,서울특별시 구로구 경인로47길 101(1층 106호 고척동)
20250114008,"서울특별시 구로구 개봉로 55(서서울신용협동조합 1,2층 개봉동)"
20250118023,서울특별시 금천구 가산디지털1로 181(가산 더블유센터 제1층 제112호 가산동)
20250118045,서울특별시 금천구 디지털로 178(B동 1층 M-132-1호 가산동)
20250118190,서울특별시 금천구 시흥대로 336(지하1층 1호 독산동)
20250118191,서울특별시 금천구 시흥대로 336(지하1층 2호 독산동)
20250118192,서울특별시 금천구 시흥대로 336(지하1층 3호 독산동)
20250118217,서울특별시 금천구 벚꽃로 244(벽산디지털밸리5차 제1층 제109-1 일부호 가산동)
20250118266,서울특별시 금천구 금하로24길 25(1층 102호 시흥동)
20250118437,서울특별시 금천구 가산디지털2로 144(102호 가산동)
20250118491,서울특별시 금천구 가산디지털2로 136(승일VentureTower 104호 일부호 가산동)
20250118586,서울특별시 금천구 가산디지털1로 186(제이플라츠 1층 108-1호 가산동)
20250118660,서울특별시 금천구 시흥대로 399(시티렉스 1층 113호 독산동)
20250118677,"서울특별시 금천구 가산디지털1로 136(SK V1가산3차 1층 A101호, 102호 가산동)"
20250118818,서울특별시 금천구 가산디지털2로 101(한라 원앤원타워 108호 가산동)
20250118825,서울특별시 금천구 독산로 247(1층 일부호 독산동)
20250118859,서울특별시 금천구 가산디지털1로 1(더루벤스밸리 1층 106호 가산동)
20250118965,"서울특별시 금천구 시흥대로 291(310동 103호 독산동, 금천롯데캐슬골드파크3차)"
20250121155,서울특별시 영등포구 양평로 지하 40(당산역 지상1층 7호 당산동6가)
20250121165,"서울특별시 영등포구 도신로 59(101호 도림동, 브라보주상아파트)"
20250121204,서울특별시 영등포구 당산로 42(홈플러스 2층 문래동3가)
20250121341,서울특별시 영등포구 영신로 166(영등포 반도아이비밸리 1층 116호 영등포동6가)
20250121433,서울특별시 영등포구 국제금융로6길 33(지하1층 2호 여의도동)
20250121490,서울특별시 영등포구 양평로21길 4(2층 양평동5가)
20250121600,서울특별시 영등포구 국회대로 800(여의도파라곤 1층 101~103호 여의도동)
20250121610,서울특별시 영등포구 선유로53길 10(1층 양평동4가)
20250121643,서울특별시 영등포구 여의대로 56(1층 여의도동)
20250121691,서울특별시 영등포구 의사당대로 38(여의도더샵아일랜드파크 102동 108호 여의도동)
20250121755,서울특별시 영등포구 도영로 23(정남빌딩 1층 좌측호 도림동)
20250121819,서울특별시 영등포구 가마산로71길 5(지하1층 1호 신길동)
20250121820,서울특별시 영등포구 가마산로71길 5(지하1층 2호 신길동)
20250121821,서울특별시 영등포구 가마산로71길 5(지하1층 3호 신길동)
20250121956,"서울특별시 영등포구 국회대로54길 10(5동 1층 1-1호 영등포동7가, 아크로타워 스퀘어)"
20250121986,"서울특별시 영등포구 국회대로66길 11-4(여의도 현대마에스트로 오피스텔 103,104호 여의도동)"
20250122030,서울특별시 영등포구 여의나루로 42(여의도종합상가 117호 여의도동)
20250122163,서울특별시 영등포구 여의동로 338(한강버스 여의도선착장 2층 여의도동)
20250122183,서울특별시 영등포구 양평로21가길 4(지에이치GH 1층 양평동5가)
20250122188,서울특별시 영등포구 여의대로 70(ONE CENTINEL 2층 여의도동)
20250122210,서울특별시 영등포구 여의대로 70(ONE CENTINEL 2층 여의도동)
20250122310,서울특별시 영등포구 당산로31길 33(당산골프클럽 104호 당산동3가)
20250122312,서울특별시 영등포구 선유동2로 74(2층 당산동5가)
20250122348,서울특별시 영등포구 영중로 15(타임스퀘어 지하2층 205-1호 영등포동4가)
20250122356,서울특별시 영등포구 선유로 138(롯데마트 양평점 1층 양평동3가)
20250122423,서울특별시 영등포구 영중로 15(타임스퀘어 9층 영등포동4가)
20250122426,서울특별시 영등포구 여의대로 108(더현대서울 6층 여의도동)
20250122483,서울특별시 영등포구 여의동로 338(한강버스 여의도선착장 3층 여의도동)
20250122514,서울특별시 영등포구 영등포로3길 3(영등포 C-TOWER 1층 105호 양평동2가)
20250122536,서울특별시 영등포구 대림로 192(전국빌딩 1층 04호 대림동)
20250122772,서울특별시 영등포구 대림로 142(개풍빌딩 지하 102호 C-2호 대림동)
20250122802,서울특별시 영등포구 당산로20길 19(1층 당산동1가)
20250122833,"서울특별시 영등포구 신길로28길 9(상가동 110호 신길동, 힐스테이트 클래시안)"
20250122858,서울특별시 영등포구 국제금융로6길 33(7층 10호 여의도동)
20250123096,서울특별시 영등포구 대림로 142(개풍빌딩 지하 102호 C-1호 대림동)
20250123330,서울특별시 영등포구 선유로 70(우리벤처타운2 1층 106호 문래동3가)
20250127022,서울특별시 동작구 노들로2길 7(노량진 드림스퀘어 복합빌딩 C동 1층 111호 노량진동)
20250127048,"서울특별시 동작구 현충로 52(제근린생활시설57-2동 제지3층 제29호 흑석동, 아크로리버하임)"
20250127128,서울특별시 동작구 상도로67길 31(1층 A호 상도동)
20250127145,서울특별시 동작구 노량진로 140(메가스터디타워 1층 114호 노량진동)
20250127150,서울특별시 동작구 동작대로27길 5(지안플라자 A동 2층 사당동)
20250127178,서울특별시 동작구 여의대방로24길 66(1층 신대방동)
20250127315,서울특별시 동작구 성대로6길 27-5(지하1층 상도동)
20250127515,"서울특별시 동작구 장승배기로 70(동작구청 특별임대상가 지하1층 6호, 7호 상도동)"
20250127635,서울특별시 동작구 사당로17길 75(1층 사당동)
20250127673,서울특별시 동작구 상도로61길 48(1층 상도동)
20250127706,서울특별시 동작구 신대방길 116(1층 신대방동)
20250127733,"서울특별시 동작구 동작대로 21(1층, 2층 사당동)"
20250127749,서울특별시 동작구 노량진로 140(메가스터디타워 1층 105호 노량진동)
20250127753,서울특별시 동작구 상도로47길 12(1층 102호 상도동)
20250131020,서울특별시 관악구 봉천로 407(덕운빌딩 지하1층 10호 봉천동)
20250131027,서울특별시 관악구 중앙1가길 1(1층 봉천동)
20250131032,서울특별시 관악구 시흥대로 572(1층 신림동)
20250131129,서울특별시 관악구 신림로48길 6(1층 1호 신림동)
20250131195,서울특별시 관악구 봉천로 209(롯데백화점 지하2층 봉천동)
20250131322,서울특별시 관악구 관악로 271(하늬빌딩 1동 103호 봉천동)
20250131335,서울특별시 관악구 시흥대로 578(1층 103호 신림동)
20250131435,서울특별시 관악구 낙성대역3길 24(1층 102호 봉천동)
20250131447,서울특별시 관악구 남부순환로 1946(2층 봉천동)
20250131459,서울특별시 관악구 난곡로 225(101호 신림동)
20250131488,서울특별시 관악구 양녕로2길 8(1층 봉천동)
20250131665,"서울특별시 관악구 성현로 80(주상가동 1층 113호 봉천동, 관악드림타운아파트)"
20250131827,"서울특별시 관악구 관악로 195(1층 117호 봉천동, 관악위버폴리스)"
20250131830,서울특별시 관악구 남현길 60(1층 남현동)
20250131912,서울특별시 관악구 봉천로17길 4(1층 봉천동)
20250131958,서울특별시 관악구 문성로 214(성부빌딩 102호 신림동)
20250131999,서울특별시 관악구 당곡길 5(1층 봉천동)
20250132019,서울특별시 관악구 쑥고개로11길 37(은중빌딩 1층 봉천동)
20250132187,"서울특별시 관악구 관악로 164(제1층 제108호 봉천동, 대우디오슈페리움1단지)"
20250132209,서울특별시 관악구 남부순환로248길 15(1층 5호 봉천동)
20250136106,서울특별시 서초구 강남대로69길 10(지하1층 서초동)
20250136206,서울특별시 서초구 강남대로 363(1층 서초동)
20250136329,서울특별시 서초구 신반포로 176(신세계백화점 강남점 B1F 반포동)
20250136337,서울특별시 서초구 반포대로 222(지하1층 반포동)
20250136419,서울특별시 서초구 반포대로28길 24(1층 서초동)
20250136613,서울특별시 서초구 서초중앙로2길 38(1층 서초동)
20250136673,서울특별시 서초구 법원로1길 1(지하1층 서초동)
20250136775,서울특별시 서초구 명달로 54(JRC빌딩 1층 서초동)
20250136785,서울특별시 서초구 사임당로17길 68(1층 2호 서초동)
20250137018,서울특별시 서초구 효령로68길 74(1층 서초동)
20250137246,서울특별시 서초구 방배로 162(2층 방배동)
20250137296,서울특별시 서초구 남부순환로 2406(1층 음악광장 내 서초동)
20250137471,서울특별시 서초구 잠원로4길 50(메이플 자이 근린생활시설 지하1층 2-B121호 잠원동)
20250137476,서울특별시 서초구 방배천로4안길 6(1층 방배동)
20250137584,서울특별시 서초구 신반포로 176(신세계백화점 강남점 지하1층 반포동)
20250137780,"서울특별시 서초구 효령로31길 31(101,102호 방배동, 엘루크 방배 서리풀)"
20250138030,서울특별시 서초구 잠원로4길 50(메이플 자이 상가 2서관동 지하1층 119호 잠원동)
20250138196,서울특별시 서초구 논현로 79(지하1층 140~142호 양재동)
20250138352,서울특별시 서초구 방배로13길 19(104호 방배동)
20250138362,서울특별시 서초구 잠원로 51(뉴코아아울렛 지하1층 잠원동)
20250138390,서울특별시 서초구 잠원로 51(지하1층 잠원동)
20250138398,서울특별시 서초구 잠원로 51(뉴코아아울렛 강남점 지하1층 잠원동)
20250138489,"서울특별시 서초구 남부순환로 2567(105호 일부, 106호 일부 서초동)"
20250144023,"서울특별시 강남구 자곡로 101(635동 1층 103호 자곡동, 래미안 강남힐즈)"
20250144032,서울특별시 강남구 선릉로148길 36-3(지상1층 청담동)
20250144081,서울특별시 강남구 도산대로12길 7(지하1층 논현동)
20250144157,서울특별시 강남구 논현로 829(1층 102호 신사동)
20250144235,서울특별시 강남구 테헤란로87길 22(한국도심공항터미널 1층 R005호 삼성동)
20250144261,서울특별시 강남구 강남대로66길 14(강남역 와이즈 플레이스 지상2층 206호 역삼동)
20250144372,서울특별시 강남구 영동대로 513(코엑스 지하1층 I108호 삼성동)
20250144438,서울특별시 강남구 논현로24길 25(1층 우측 일부호 도곡동)
20250144502,서울특별시 강남구 논현로171길 15(카로시티1 지상1층 105호 신사동)
20250144548,서울특별시 강남구 도산대로 445(M빌딩 1층 청담동)
20250144598,서울특별시 강남구 압구정로 165(현대백화점본점 지하1층 압구정동)
20250144635,서울특별시 강남구 봉은사로 139(베스트웨스턴 강남호텔 지상2층 논현동)
20250144636,서울특별시 강남구 논현로111길 49(강남주차빌딩 지상6층 논현동)
20250144652,서울특별시 강남구 테헤란로 231(센터필드 지상2층 E201호 역삼동)
20250144782,서울특별시 강남구 역삼로63길 23(지하1층 대치동)
20250144819,서울특별시 강남구 압구정로79길 59(지상2층 청담동)
20250144840,서울특별시 강남구 삼성로71길 34(지상1층 102호 대치동)
20250144891,"서울특별시 강남구 개포로109길 5(상가동 지하1층 20호 개포동, 대치아파트)"
20250144896,서울특별시 강남구 압구정로 343(갤러리아백화점 지하1층 압구정동)
20250144957,서울특별시 강남구 테헤란로 517(현대백화점 지하1층 일부호 삼성동)
20250144981,서울특별시 강남구 언주로71길 31(지상1층 역삼동)
20250145030,"서울특별시 강남구 밤고개로1길 10(수서현대벤쳐빌 지하2층 비241,비242호 수서동)"
20250145084,서울특별시 강남구 압구정로 343(갤러리아백화점 명품관점 WEST 지하1층 압구정동)
20250145086,서울특별시 강남구 압구정로 343(갤러리아백화점 명품관 WEST동 지하1층 일부호 압구정동)
20250145117,서울특별시 강남구 압구정로 343(갤러리아백화점 WEST B1층 압구정동)
20250145135,서울특별시 강남구 압구정로 343(갤러리아백화점 West 지하1층 압구정동)
20250145277,서울특별시 강남구 선릉로82길 23(지상1층 대치동)
20250145299,"서울특별시 강남구 선릉로155길 23(테라201 1,2층 신사동)"
20250145363,서울특별시 강남구 도산대로 307(지하1층 신사동)
20250145382,서울특별시 강남구 압구정로 343(갤러리아백화점 지하1층 west동 일부호 압구정동)
20250145512,서울특별시 강남구 역삼로 216(타워770 지상1층 역삼동)
20250145522,서울특별시 강남구 테헤란로87길 35(금강타워3 지하1층 삼성동)
20250145606,서울특별시 강남구 테헤란로20길 19(엘지에클라트 지상1층 109호 역삼동)
20250145656,"서울특별시 강남구 언주로30길 21(B동 지상1층 102호, 103호 도곡동, 아카데미스위트)"
20250145774,서울특별시 강남구 논현로24길 25(1층 일부호 도곡동)
20250145895,서울특별시 강남구 역삼로17길 33(지상1층 역삼동)
20250145973,"서울특별시 강남구 논현로26길 30-9(지하1층, 지상1층 도곡동)"
20250145988,서울특별시 강남구 남부순환로 2806(군인공제회관 지상1층 도곡동)
20250145989,서울특별시 강남구 남부순환로 2806(군인공제회관 1층 도곡동)
20250146006,서울특별시 강남구 논현로10길 28(지상1층 개포동)
20250146156,서울특별시 강남구 논현로 645(엘리에나호텔 14층 논현동)
20250146177,서울특별시 강남구 도산대로45길 18-4(지상2층 신사동)
20250146214,서울특별시 강남구 논현로26길 46-6(지상1층 도곡동)
20250146279,서울특별시 강남구 논현로 841(제이비 미소 빌딩 지상1층 116호 신사동)
20250146291,서울특별시 강남구 학동로30길 45(지상1층 102호 논현동)
20250146305,서울특별시 강남구 테헤란로37길 41(지상1층 101호 역삼동)
20250146314,서울특별시 강남구 압구정로30길 51(I.S.A 빌딩 지상2층 201호 신사동)
20250146375,서울특별시 강남구 압구정로 343(갤러리아백화점 압구정점 west B1층 압구정동)
20250146410,서울특별시 강남구 역삼로3길 19(지상1층 역삼동)
20250146426,서울특별시 강남구 논현로 332(계유빌딩 1층 역삼동)
20250146541,서울특별시 강남구 선릉로 752(태성빌딩 지상1층 102호 청담동)
20250146617,서울특별시 강남구 테헤란로84길 12(KR빌딩 지하1층 101호 대치동)
20250146626,서울특별시 강남구 압구정로42길 23(지하1층 신사동)
20250146737,서울특별시 강남구 압구정로54길 14(지하1층 신사동)
20250146809,서울특별시 강남구 역삼로11길 10(1층 01호 역삼동)
20250146904,서울특별시 강남구 강남대로 468(충림빌딩 지상1층 역삼동)
20250147196,서울특별시 강남구 선릉로64길 18(대치 936.15 빌딩 지상2층 대치동)
20250147206,"서울특별시 강남구 선릉로 604(1층 101호 삼성동, 호산프라자)"
20250147228,서울특별시 강남구 영동대로 513(코엑스 1층 B004호 삼성동)
20250147308,서울특별시 강남구 봉은사로 524(웨스틴 서울 파르나스 지하3층 삼성동)
20250147323,서울특별시 강남구 삼성로95길 6(지상1층 삼성동)
20250147340,서울특별시 강남구 테헤란로 231(센터필드 지하2층 WB54호 역삼동)
20250147383,"서울특별시 강남구 언주로148길 35(1,2층 논현동)"
20250147436,서울특별시 강남구 압구정로14길 6(1층 102호 신사동)
20250147463,서울특별시 강남구 압구정로10길 30-8(지하1층 신사동)
20250147519,서울특별시 강남구 봉은사로30길 21(지하1층 역삼동)
20250147523,서울특별시 강남구 도산대로70길 9(지하1층 청담동)
20250147634,"서울특별시 강남구 학동로 133(동암빌딩 4층,5층 논현동)"
20250147659,서울특별시 강남구 언주로 314(강남프라자 지상1층 110호 역삼동)
20250147661,"서울특별시 강남구 삼성로 14(개포자이스퀘어동 1층 118호,119호 개포동, 개포자이 프레지던스)"
20250148000,서울특별시 강남구 강남대로102길 15(지상2층 역삼동)
20250148075,서울특별시 강남구 봉은사로 179(H타워 지하1층 논현동)
20250148090,서울특별시 강남구 삼성로115길 22(1층 102호 삼성동)
20250148315,서울특별시 강남구 논현로 503(송촌빌딩 지상1층 1호 역삼동)
20250148617,서울특별시 강남구 선릉로93길 26(우리빌딩 지상2층 역삼동)
20250148632,"서울특별시 강남구 선릉로4길 19(개포렉스힐 1층 101호,103호 개포동)"
20250148729,"서울특별시 강남구 선릉로 338(지상1층, 지상2층 대치동)"
20250148732,서울특별시 강남구 언주로 615(논현 아이파크 103동 지상1층 113호 논현동)
20250154082,서울특별시 송파구 올림픽로 300(롯데백화점 에비뉴엘 월드타워점 6층 신천동)
20250154168,"서울특별시 송파구 위례광장로 290(상가동 1층 142,143,144호 장지동, 위례중앙푸르지오2단지)"
20250154316,서울특별시 송파구 올림픽로 240(롯데백화점 잠실점 2층 잠실동)
20250154398,서울특별시 송파구 올림픽로 240(롯데월드 어드벤처 1층 잠실동)
20250154459,서울특별시 송파구 충민로 66(가든파이브라이프 NC백화점 영관2층 푸트코트 내 문정동)
20250154468,"서울특별시 송파구 백제고분로41길 5(태원빌딩 1,2층 송파동)"
20250154480,서울특별시 송파구 올림픽로 240(롯데백화점 잠실점 푸드코트 지하1층 잠실동)
20250154514,서울특별시 송파구 백제고분로9길 36(1층 잠실동)
20250154618,"서울특별시 송파구 가락로12길 4(1층 102호 석촌동, 파크팰리스)"
20250154625,서울특별시 송파구 올림픽로 300(롯데월드몰 6층 신천동)
20250154631,서울특별시 송파구 석촌호수로 160(수연빌딩 1층 삼전동)
20250154636,서울특별시 송파구 올림픽로 300(롯데월드몰 6층 신천동)
20250154706,서울특별시 송파구 송파대로37길 26-2(1층 101호 석촌동)
20250154709,서울특별시 송파구 올림픽로 240(롯데월드 지하3층 아이스가든 06호 잠실동)
20250154719,서울특별시 송파구 백제고분로22길 4(갑리빌딩 102호 삼전동)
20250154729,서울특별시 송파구 올림픽로 240(롯데월드 쇼핑몰동 B1층 19호 잠실동)
20250154733,서울특별시 송파구 법원로 114(엠스테이트 E동 지하1층 E-B163호 문정동)
20250154734,서울특별시 송파구 올림픽로 300(롯데월드몰 2층 신천동)
20250154737,서울특별시 송파구 올림픽로32길 57-1(1층 방이동)
20250154867,서울특별시 송파구 오금로 491(윈윈빌딩 1층 거여동)
20250154882,서울특별시 송파구 올림픽로 300(롯데월드타워앤드롯데월드몰 5층 신천동)
20250154918,서울특별시 송파구 올림픽로 240(롯데백화점 잠실점 11층 잠실동)
20250155028,서울특별시 송파구 올림픽로 300(롯데월드타워앤드롯데월드몰 6층 신천동)
20250155033,서울특별시 송파구 충민로 66(NC백화점 송파점 영관 2층 문정동)
20250155047,서울특별시 송파구 올림픽로 300(롯데월드타워앤드롯데월드몰 5층 신천동)
20250155123,서울특별시 송파구 위례성대로12길 9(1층 방이동)
20250155151,서울특별시 송파구 백제고분로 2(한강버스 잠실선착장 2층 잠실동)
20250155164,서울특별시 송파구 송파대로 570(지하1층 112-2호 신천동)
20250155171,서울특별시 송파구 올림픽로 240(롯데백화점 잠실점 11층 잠실동)
20250155190,서울특별시 송파구 충민로 66(NC백화점 송파점 2층 문정동)
20250155229,서울특별시 송파구 올림픽로 240(롯데백화점 잠실점 11층 잠실동)
20250155289,서울특별시 송파구 문정로5길 5(1층 102호 문정동)
20250155326,서울특별시 송파구 올림픽로34길 6(잠실 제니알 1층 101호 방이동)
20250155384,서울특별시 송파구 올림픽로 300(롯데월드타워앤드롯데월드몰 6층 신천동)
20250155390,서울특별시 송파구 법원로4길 10(힐스테이트에코문정 128호 문정동)
20250155607,서울특별시 송파구 올림픽로 300(롯데월드몰 5층 신천동)
20250155636,서울특별시 송파구 올림픽로 300(롯데월드몰 6층 신천동)
20250155692,"서울특별시 송파구 올림픽로 240(롯데월드 쇼핑몰동 3층 5호,7호 잠실동)"
20250155843,"서울특별시 송파구 석촌호수로 262(선일타워 1,2,3층 송파동)"
20250155872,서울특별시 송파구 마천로 28(1층 방이동)
20250155895,서울특별시 송파구 오금로46길 25(일정빌딩 1층 101호 가락동)
20250155933,서울특별시 송파구 송파대로 392(1층 101호 송파동)
20250155980,서울특별시 송파구 올림픽로 424(올림픽공원 만남의광장 편익동 A-3동 A구역호 방이동)
20250156158,"서울특별시 송파구 송이로 239(도은빌딩 1,2층 문정동)"
20250156200,서울특별시 송파구 중대로 118(에이치빌딩 1층 101호 가락동)
20250156206,서울특별시 송파구 충민로 66(NC백화점 송파점 영관 7층 문정동)
20250156242,"서울특별시 송파구 송파대로 345(근린생활시설1A동 1층 1038,1039호 가락동, 헬리오시티)"
20250156278,서울특별시 송파구 중대로 126(1층 102호 가락동)
20250156307,"서울특별시 송파구 위례광장로 230(상가4동 D-101호 장지동, 위례2차아이파크)"
20250156331,"서울특별시 송파구 올림픽로12길 45(1층 101,102호 잠실동, 삼성빌라트)"
20250156444,서울특별시 송파구 올림픽로 300(롯데월드몰 지하1층 신천동)
20250161002,서울특별시 강동구 천호대로 1006(브라운스톤천호 1층 에프102-1호 성내동)
20250161040,서울특별시 강동구 양재대로 1360(스테이션5동 지1층 B124호 둔촌동)
20250161122,서울특별시 강동구 아리수로93나길 26(성산타워 1층 111호 강일동)
20250161239,"서울특별시 강동구 천호대로 1089(지하 1층 B18호 천호동, 강동 헤르셔)"
20250161241,서울특별시 강동구 고덕비즈밸리로 51(4층 고덕동)
20250161245,서울특별시 강동구 성안로 181(104호 천호동)
20250161284,"서울특별시 강동구 진황도로47길 68(1층 3,4호 길동)"
20250161482,서울특별시 강동구 고덕비즈밸리로 51(4층 408호 고덕동)
20250161515,서울특별시 강동구 고덕비즈밸리로 51(3층 301-3호 고덕동)
20250161516,서울특별시 강동구 고덕비즈밸리로 51(3층 311호 고덕동)
20250161518,서울특별시 강동구 고덕로 262(고덕역 효성해링턴 타워 더퍼스트 1층 104호 명일동)
20250161569,서울특별시 강동구 고덕비즈밸리로 26(강동U1센터 1층 A-103호 고덕동)
20250161580,서울특별시 강동구 고덕비즈밸리로 51(강동 아이파크 더리버 4층 404호 고덕동)
20250161675,"서울특별시 강동구 올림픽로 660(1층 110호 천호동, 천호엘크루주상복합)"
20250161782,서울특별시 강동구 양재대로 1371(둔촌빌딩 1층 7호 성내동)
20250161789,"서울특별시 강동구 올림픽로78길 60(지1층 B-101-13호 천호동, 강동 밀레니얼 중흥S-클래스)"
20250162207,서울특별시 강동구 천호대로 1005(현대백화점 지2층 천호동)
20250162212,"서울특별시 강동구 양재대로 1300(스테이션9동 1층 136호 둔촌동, 올림픽파크포레온)"
20250162234,서울특별시 강동구 아리수로64길 39(1층 101호 고덕동)
20250162404,"서울특별시 강동구 양재대로 1499(1층 105,106호 길동)"
20250162437,서울특별시 강동구 풍성로61길 44(1층 둔촌동)
20250162522,서울특별시 강동구 고덕로 100(1층 암사동)
20250162613,서울특별시 강동구 양재대로 1459(대진빌딩 1층 102호 길동)
20250169031,부산광역시 중구 중앙대로 2(롯데백화점광복점 지하1층 중앙동7가)
20250169071,"부산광역시 중구 중앙대로81번길 8-1(지상1,2층 중앙동4가)"
20250169253,부산광역시 중구 중앙대로 2(롯데백화점광복점 본관 10층 중앙동7가)
20250169305,부산광역시 중구 중앙대로 2(롯데백화점광복점 10층 중앙동7가)
20250169471,부산광역시 중구 중앙대로 2(롯데백화점광복점 지상10층 중앙동7가)
20250172020,부산광역시 서구 등대로 9(301동 1층 101호 암남동)
20250172045,"부산광역시 서구 등대로 9(218,219,220호 암남동)"
20250172074,"부산광역시 서구 송도해변로 192(RA 110, 111, 112, 113호 암남동, 송도힐스테이트이진베이시티아파트)"
20250172107,부산광역시 서구 송도해변로 133(4층 암남동)
20250172141,부산광역시 서구 대영로73번길 88(1층 동대신동3가)
20250174017,"부산광역시 동구 범일로90번길 17(1층 상가 107호 범일동, 범일동 삼정그린코아 더시티)"
20250174092,부산광역시 동구 중앙대로 185(2층 초량동)
20250174163,"부산광역시 동구 중앙대로209번길 11(1,2층 초량동)"
20250174196,부산광역시 동구 범일로 125(커넥트현대 지하2층 범일동)
20250174206,부산광역시 동구 범일로 125(커넥트현대 지하2층 범일동)
20250174213,부산광역시 동구 홍곡남로 55(2층 초량동)
20250174225,부산광역시 동구 범일로 125(커넥트현대 지하2층 범일동)
20250176071,부산광역시 영도구 절영로 221(1층 영선동4가)
20250176118,"부산광역시 영도구 동삼오션로 30(106, 107호 동삼동, 부산 오션시티 푸르지오)"
20250176125,부산광역시 영도구 절영로 557(삼창파크맨션 상가 102호 동삼동)
20250176143,부산광역시 영도구 대교로2번길 7(5층 봉래동3가)
20250176195,부산광역시 영도구 청학서로32번길 1(지하 1층 청학동)
20250176200,부산광역시 영도구 해양로195번길 180(2층 동삼동)
20250178137,부산광역시 부산진구 황령대로64번길 12(1층 일부호 전포동)
20250178154,부산광역시 부산진구 서전로46번길 80(현대오토사대흥기계 1층 전포동)
20250178258,부산광역시 부산진구 동천로24번길 4(1층 전포동)
20250178395,부산광역시 부산진구 전포대로300번길 9(1층 일부호 전포동)
20250178402,부산광역시 부산진구 서전로 16(1층 일부호 부전동)
20250178418,부산광역시 부산진구 중앙대로 654(3층 301~314호 부전동)
20250178438,"부산광역시 부산진구 중앙대로 664(1층 101호 부전동, 이랜드 PEER 서면)"
20250178511,부산광역시 부산진구 황령대로 25-12(1-2층 범천동)
20250178553,부산광역시 부산진구 가야공원로38번길 86(1층 일부호 가야동)
20250178622,부산광역시 부산진구 중앙대로 672(삼정타워 8층 부전동)
20250178861,부산광역시 부산진구 가야대로 772(롯데백화점부산본점 지하1층 일부호 부전동)
20250178940,부산광역시 부산진구 전포대로162번가길 23(1층 전포동)
20250179002,부산광역시 부산진구 새싹로 184(연지메디컬센터 1층 연지동)
20250179087,부산광역시 부산진구 가야대로 772(롯데백화점부산본점 지하2층 일부호 부전동)
20250179123,부산광역시 부산진구 가야대로 772(롯데백화점부산본점 지하1층 일부호 부전동)
20250179220,부산광역시 부산진구 가야대로 772(롯데백화점부산본점 지하2층 일부호 부전동)
20250182061,부산광역시 동래구 사직로 45(사직야구장 1층 외부매장호 사직동)
20250182062,부산광역시 동래구 사직로 45(사직야구장 3층 8호 사직동)
20250182063,부산광역시 동래구 사직로 45(사직야구장 2층 B7호 사직동)
20250182064,부산광역시 동래구 사직로 45(사직구장내 2층 4호 사직동)
20250182080,부산광역시 동래구 사직로 45(사직야구장 3층 15-2호 사직동)
20250182087,부산광역시 동래구 사직로 45(사직야구장 3층 B3호 사직동)
20250182101,부산광역시 동래구 사직로 45(사직야구장 2층 B6호 사직동)
20250182118,부산광역시 동래구 반송로 269(1층 일부호 명장동)
20250182278,부산광역시 동래구 우장춘로18번길 32-2(1층 일부호 온천동)
20250182318,"부산광역시 동래구 중앙대로1473번길 24(온천장역삼정그린코아더시티 2층 210,211,212,213호 온천동)"
20250182452,부산광역시 동래구 중앙대로 1393(롯데백화점 지하1층 온천동)
20250182485,부산광역시 동래구 금강로 4(1층 온천동)
20250182519,"부산광역시 동래구 차밭골로21번길 42-16(휴먼스빌 1층 온천동, 휴먼스빌)"
20250186091,부산광역시 남구 문현로 8(대박환경산업 1층 일부호 문현동)
20250186117,"부산광역시 남구 분포로 61(빌리브센트로 A동 1층 123, 124호 용호동)"
20250186198,부산광역시 남구 문현금융로 40(부산국제금융센터 A동 3층 302호 문현동)
20250186213,"부산광역시 남구 유엔로157번가길 118(1층 101호일부호 대연동, 글로리빌라)"
20250186402,부산광역시 남구 신선로 413(1층 용당동)
20250189126,"부산광역시 북구 만덕대로 23(폴라렉스 6층 624~642,646,647,648,650,651호 덕천동)"
20250189334,부산광역시 북구 만덕대로40번길 45(1층 덕천동)
20250192004,부산광역시 해운대구 좌동로10번길 63(1층 중동)
20250192049,부산광역시 해운대구 재반로 156-1(1층 일부호 재송동)
20250192095,부산광역시 해운대구 마린시티3로 23(벽산이오렌지프라자 2층 208호 우동)
20250192132,부산광역시 해운대구 우동1로 58(1층 일부호 우동)
20250192186,"부산광역시 해운대구 센텀중앙로 145(상가2동 111,112호 재송동, 더샵센텀파크1차아파트)"
20250192300,부산광역시 해운대구 선수촌로 157(1층 반여동)
20250192313,"부산광역시 해운대구 좌동순환로433번길 40(B201-3일부호 중동, 해운대 양우내안애팰리스)"
20250192335,"부산광역시 해운대구 좌동로63번길 46(301동 105호 중동, 해운대중동롯데캐슬마스터II)"
20250192368,부산광역시 해운대구 마린시티3로 23(벽산이오렌지프라자 2층 238호 우동)
20250192425,부산광역시 해운대구 해운대해변로298번길 9(4층 중동)
20250192427,부산광역시 해운대구 센텀남대로 59(롯데백화점센텀시티점 지하1층 일부호 우동)
20250192467,부산광역시 해운대구 달맞이길62번길 49(클라우드미포 4층 중동)
20250192478,부산광역시 해운대구 달맞이길62번길 49(클라우드미포 2층 일부호 중동)
20250192480,부산광역시 해운대구 달맞이길62번길 49(클라우드미포 2층 일부호 중동)
20250192481,부산광역시 해운대구 달맞이길62번길 49(클라우드미포 3층 중동)
20250192590,부산광역시 해운대구 해운대해변로 277(다옴빌딩 5층 중동)
20250192797,부산광역시 해운대구 재반로152번길 8-26(2층 일부호 재송동)
20250192879,부산광역시 해운대구 센텀남대로 59(롯데백화점센텀시티점 지하1층 일부호 우동)
20250193217,"부산광역시 해운대구 양운로42번길 14(지오프라자Ⅱ 2층 201,202호 좌동)"
20250193267,"부산광역시 해운대구 좌동로63번길 46(301동 108호 중동, 해운대중동롯데캐슬마스터II)"
20250193307,부산광역시 해운대구 센텀4로 15(신세계센텀시티몰 4층 일부호 우동)
20250193444,"부산광역시 해운대구 중동2로10번길 32-16(1,2층 중동)"
20250193671,부산광역시 해운대구 좌동순환로 511(이마트해운대점 2층 일부호 중동)
20250193802,부산광역시 해운대구 마린시티1로 147(우신골든스위트 102호 우동)
20250193814,부산광역시 해운대구 좌동순환로 511(이마트해운대점 3층 일부호 중동)
20250196012,"부산광역시 사하구 장림번영로 53(109호 장림동, 나산리버빌)"
20250196020,부산광역시 사하구 낙동대로 541(2층 하단동)
20250196138,부산광역시 사하구 낙동남로 1419(1층 하단동)
20250196143,부산광역시 사하구 사하로 159(1층 괴정동)
20250196242,부산광역시 사하구 승학로 72(1층 당리동)
20250196277,부산광역시 사하구 낙동대로 394-3(1층 당리동)
20250196353,부산광역시 사하구 낙동남로1389번길 10-7(1층 하단동)
20250196397,부산광역시 사하구 낙동남로1423번길 2(1층 101호 하단동)
20250196416,부산광역시 사하구 낙동대로 511(1층 하단동)
20250196417,부산광역시 사하구 사하로 190(지하1층 괴정동)
20250196418,부산광역시 사하구 사하로 190(지하1층 괴정동)
20250196419,부산광역시 사하구 사하로 190(지하1층 괴정동)
20250196420,부산광역시 사하구 사하로 190(지하1층 괴정동)
20250196490,"부산광역시 사하구 낙동대로 280(302동 B211호 괴정동, 사하역 비스타 동원)"
20250196565,부산광역시 사하구 다대로 544(진요빌딩 1층 102호 다대동)
20250200034,부산광역시 금정구 금강로446번길 43(1층 구서동)
20250200038,"부산광역시 금정구 청룡로 52(1층 101호 청룡동, 옥성금용아파트)"
20250200125,부산광역시 금정구 부산대학로63번길 2(NC백화점 5층 장전동)
20250200139,"부산광역시 금정구 수림로72번길 21(212동 1층 102호 장전동, 금정산2차쌍용예가아파트)"
20250200169,부산광역시 금정구 부산대학로 52-1(3층 장전동)
20250200190,부산광역시 금정구 부곡로 144(1층 부곡동)
20250200292,부산광역시 금정구 부곡로 186(1층 부곡동)
20250203063,부산광역시 강서구 명지국제6로318번길 34(1층 명지동)
20250203147,부산광역시 강서구 화전산단4로25번길 35(1층 일부 화전동)
20250203342,부산광역시 강서구 명지국제12로29번길 6-2(1층 명지동)
20250203407,부산광역시 강서구 명지국제6로 168(스타필드 시티 명지점 1110호 명지동)
20250203583,"부산광역시 강서구 에코델타1로 24(상가동 106호 강동동, 강서자이 에코델타)"
20250203618,"부산광역시 강서구 에코델타3로 43(근린생활시설 1동 101호 강동동, 에코델타시티 푸르지오 린)"
20250203623,"부산광역시 강서구 명지국제2로 80(비주거시설동 1-62호 명지동, e편한세상 명지)"
20250203681,부산광역시 강서구 에코델타스마트로2길 7(1층 명지동)
20250203706,"부산광역시 강서구 에코델타3로 43(근린생활시설1동 105호 강동동, 에코델타시티 푸르지오 린)"
20250205047,부산광역시 연제구 아시아드대로19번길 6(1층 거제동)
20250205149,"부산광역시 연제구 아시아드대로 7(131동 110호 거제동, 쌍용더플래티넘거제아시아드)"
20250205185,부산광역시 연제구 과정로 307(1층 연산동)
20250205280,부산광역시 연제구 여고로 76(1층 일부호 거제동)
20250205303,부산광역시 연제구 토곡남로 16(1층 연산동)
20250205392,부산광역시 연제구 거제천로 205(더스타빌딩 거제동)
20250205397,"부산광역시 연제구 거제천로 82(1층 119호 연산동, 시청역 삼정그린코아 포레스트)"
20250205520,"부산광역시 연제구 거제천로 82(115,116호 연산동, 시청역 삼정그린코아 포레스트)"
20250208124,부산광역시 수영구 민락수변로 49(101호 민락동)
20250208288,부산광역시 수영구 광안해변로277번길 9(1층 민락동)
20250208303,"부산광역시 수영구 남천바다로10번길 70(1층 106 일부호 남천동, 정원 센텀뷰남천)"
20250208318,"부산광역시 수영구 수영로 377(301동 1층 103호 남천동, 힐스테이트 남천 더퍼스트)"
20250208341,부산광역시 수영구 민락수변로17번길 56(2층 C-4호 민락동)
20250208375,부산광역시 수영구 광안해변로 181(3~4층 광안동)
20250208382,부산광역시 수영구 광안해변로 181(15층 광안동)
20250208400,부산광역시 수영구 광안해변로279번길 22(1층 민락동)
20250211069,"부산광역시 사상구 사상로481번길 21(1층 102호 모라동, 청조빌라2차)"
20250211274,부산광역시 사상구 백양대로 490(주례1차동일아파트 106동 103호 주례동)
20250211281,부산광역시 사상구 사상로 201(서부시외버스터미널 본관동 1층 괘법동)
20250211295,부산광역시 사상구 사상로250번길 11(1층 일부 괘법동)
20250211296,"부산광역시 사상구 가야대로 396(1,2층 주례동)"
20250211336,부산광역시 사상구 학감대로 238-36(1층 감전동)
20250211348,부산광역시 사상구 백양대로 916(우성아파트 상가 1동 104호 모라동)
20250211357,부산광역시 사상구 사상로 201(서부시외버스터미널 본관동 2층 괘법동)
20250211444,부산광역시 사상구 가야대로282번길 8(1층 주례동)
20250214041,부산광역시 기장군 장안읍 정관로 1133(부산 프리미엄 아울렛 1600동 B2층 580호)
20250214142,부산광역시 기장군 기장읍 기장해안로 147(롯데몰 동부산점 3층)
20250214156,부산광역시 기장군 기장읍 기장해안로 267-7(클리퍼B콘도2동 1층)
20250214157,부산광역시 기장군 장안읍 장안로 344
20250214170,부산광역시 기장군 기장읍 동부산관광6로 59(국립부산과학관 1층)
20250214181,부산광역시 기장군 일광읍 해빛2로 24(상가동 116호 일광신도시 비스타 동원1차)
20250214185,부산광역시 기장군 기장읍 기장해안로 147(롯데몰 동부산점 3층 A301호)
20250214352,부산광역시 기장군 정관읍 정관중앙로 55(골든스카이 오피스텔 103호)
20250214431,부산광역시 기장군 기장읍 기장해안로 268-32(앳부산코브 1층)
20250214601,부산광역시 기장군 일광읍 일광로 656(1~3층)
20250214622,부산광역시 기장군 일광읍 해빛로 39-30(1층 102호호)
20250214720,부산광역시 기장군 기장읍 소정안길 68(상가동 2층 201호 내리휴먼시아)
20250219013,대구광역시 중구 달구벌대로 2085(동아쇼핑 지하 1층 덕산동)
20250219028,대구광역시 중구 달구벌대로 2085(동아쇼핑 지하1층 덕산동)
20250219142,"대구광역시 중구 경상감영길 298-11(1층 상가1호 동인동2가, 동인시티빌)"
20250219222,대구광역시 중구 달구벌대로 2085(동아쇼핑 지하1층 덕산동)
20250219331,대구광역시 중구 중앙대로 406-18(사일동)
20250219457,대구광역시 중구 동성로6길 48(2층 공평동)
20250219499,"대구광역시 중구 명덕로 33(상가4동 지하1층 가호 남산동, 남산자이하늘채)"
20250219565,대구광역시 중구 국채보상로 677(1층 동인동2가)
20250219719,대구광역시 중구 동성로2길 83(1층 동성로2가)
20250219809,"대구광역시 중구 태평로 50(상가동 A-106호 도원동, 힐스테이트 도원 센트럴)"
20250219821,대구광역시 중구 경상감영길 145(1층 포정동)
20250219921,"대구광역시 중구 태평로 50(상가동 1층 제A-120,121호 도원동, 힐스테이트 도원 센트럴)"
20250220042,"대구광역시 중구 태평로 50(상가동 1층 B119,120호 도원동, 힐스테이트 도원 센트럴)"
20250220064,"대구광역시 중구 태평로 240(2층 229,230,231호 동인동1가, 힐스테이트 동인 더 스카이)"
20250220193,대구광역시 중구 동성로1길 15(지상2층 동성로3가)
20250222203,대구광역시 동구 신서로22길 22(1층 신서동)
20250222205,대구광역시 동구 경안로 792(1층 103호 각산동)
20250222319,대구광역시 동구 메디밸리로 5-3(2층 202호 대림동)
20250222320,대구광역시 동구 메디밸리로 5-3(2층 201호 대림동)
20250222432,대구광역시 동구 동부로 29(신천역 까사밀라 101동 101호 신천동)
20250222612,대구광역시 동구 동부로 149(신세계동대구복합환승센터 지하1층 신천동)
20250222678,대구광역시 동구 동부로 149(신세계동대구복합환승센터 지하1층 신천동)
20250222692,대구광역시 동구 과학로2길 14(1층 각산동)
20250222783,대구광역시 동구 방천로 34(1층 불로동)
20250222827,대구광역시 동구 동촌로 117(1층 검사동)
20250222881,대구광역시 동구 경대로 46-1(2층 신암동)
20250222926,대구광역시 동구 아양로15길 7(1층 신암동)
20250223006,"대구광역시 동구 동북로75길 13(101동 상가106호 신암동, 동대구 해모로스퀘어 이스트)"
20250223040,대구광역시 동구 효신로 27(1층 신천동)
20250223072,"대구광역시 동구 팔공로51길 23-1(B동 1층 16,17호 봉무동)"
20250223178,대구광역시 동구 안심로22길 60-1(모인프라자 1층 111호 율하동)
20250223183,대구광역시 동구 동부로 149(신세계동대구복합환승센터 지하1층 신천동)
20250223235,"대구광역시 동구 동부로 140(301동 1층 126호 신천동, e편한세상 동대구역 센텀스퀘어)"
20250226028,대구광역시 서구 서대구로3길 60(1층 내당동)
20250226035,대구광역시 서구 국채보상로 275(평리동)
20250226051,"대구광역시 서구 서대구로8길 49(가동 101호 내당동, 내당보성홍실아파트)"
20250226075,"대구광역시 서구 고성로 33(404동 1층 103호 원대동3가, 서대구센트럴자이)"
20250226082,대구광역시 서구 북비산로 78(1층 이현동)
20250226204,대구광역시 서구 국채보상로 168(2층 중리동)
20250226208,"대구광역시 서구 서대구로29길 30(7110동 1층 7,8호 평리동, 서대구역화성파크드림)"
20250226214,대구광역시 서구 서대구로 199(2층 평리동)
20250226230,대구광역시 서구 국채보상로45길 22(1층 평리동)
20250226265,"대구광역시 서구 당산로 446(371동 205호 평리동, 서대구영무예다음)"
20250226309,대구광역시 서구 국채보상로49길 21(1층 평리동)
20250226470,"대구광역시 서구 달구벌대로 1769-7(지하1층 7013호 내당동, 두류역자이)"
20250230023,대구광역시 남구 백의1길 51(1층 대명동)
20250230079,대구광역시 남구 자유길 149(1층 대명동)
20250230082,대구광역시 남구 삼정2길 90(1층 봉덕동)
20250230102,"대구광역시 남구 중앙대로 187(교대역하늘채뉴센트원 303동 B208호 대명동, 교대역하늘채뉴센트원)"
20250230306,대구광역시 남구 영선길 10(1층 대명동)
20250230329,대구광역시 남구 중앙대로22길 26(1층 대명동)
20250233003,"대구광역시 북구 칠곡중앙대로 371(1,2층 태전동)"
20250233118,대구광역시 북구 동북로31길 8(1층 산격동)
20250233293,대구광역시 북구 대학로9길 4(1층 산격동)
20250233539,대구광역시 북구 칠곡중앙대로71길 30-11(지하1층 태전동)
20250233576,대구광역시 북구 고성로34길 72(1층 고성동2가)
20250233629,대구광역시 북구 호암로 51(기숙사 E동 1층 침산동)
20250233644,대구광역시 북구 태평로 161(롯데백화점 대구역 지하2층 칠성동2가)
20250233838,대구광역시 북구 침산로21길 41(MH엘퍼스트 오페라 1층 108호 칠성동2가)
20250234135,대구광역시 북구 고성로 191(1층 107호 고성동3가)
20250234170,대구광역시 북구 대학로 89(1층 산격동)
20250234228,대구광역시 북구 고성로 188(1층 고성동2가)
20250240147,"대구광역시 수성구 달구벌대로522길 17(상가동 지하1층 B112호 만촌동, 만촌역태왕아너스)"
20250240203,대구광역시 수성구 상화로 142(1층 두산동)
20250240234,대구광역시 수성구 달구벌대로489길 88(1층 범어동)
20250240252,대구광역시 수성구 상화로 47(1층 상동)
20250240305,"대구광역시 수성구 용학로 62(지하1, 1층 두산동)"
20250240348,대구광역시 수성구 달구벌대로 3197(가동 1층 매호동)
20250240390,"대구광역시 수성구 청솔로14길 15(상가동 지하1층 B115호 범어동, 범어 에일린의뜰)"
20250240407,대구광역시 수성구 천을로 105-9(1층 매호동)
20250240508,"대구광역시 수성구 알파시티2로 48(503동 지하1층 B106~B108호 시지동, 수성알파시티동화아이위시)"
20250240513,"대구광역시 수성구 범어로18길 22(근린생활시설동 1층 101호 범어동, 힐스테이트 범어)"
20250240564,대구광역시 수성구 달구벌대로 2507(1층 102호 범어동)
20250240691,"대구광역시 수성구 달구벌대로 3122(101동 1층 105호 시지동, 고산역 화성파크드림)"
20250240843,"대구광역시 수성구 수성로 185(201동 1층 106호 중동, 수성 골드클래스 더 센텀)"
20250240870,"대구광역시 수성구 알파시티2로 48(503동 지하1층 B103,B104호 시지동, 수성알파시티동화아이위시)"
20250241049,대구광역시 수성구 상록로 50(1층 범어동)
20250241114,대구광역시 수성구 알파시티2로 27(수성메트로 1층 102호 시지동)
20250241217,대구광역시 수성구 신천동로96길 8(1층 수성동4가)
20250248165,대구광역시 달서구 조암로 40(주건축물제1동 1층 월성동)
20250248393,"대구광역시 달서구 조암남로16길 19(상가1동 1층 108호 월성동, 월성코오롱하늘채아파트 1단지)"
20250248397,대구광역시 달서구 조암로 20(1층 102호 월성동)
20250248399,대구광역시 달서구 진천로 92(이마트월배점 2층 대천동)
20250248434,대구광역시 달서구 대명천로42길 16(1층 본리동)
20250248472,"대구광역시 달서구 조암남로32길 40(403동 1층 102호 대천동, 월배삼정그린코아포레스트)"
20250248481,"대구광역시 달서구 와룡로 169(판매시설동 1층 상가-103호 감삼동, 월드마크웨스트엔드)"
20250248490,대구광역시 달서구 달구벌대로 1666(감삼스퀘어 주건축물제1동 1층 107호 두류동)
20250248508,대구광역시 달서구 이곡동로 23(성서타임스퀘어 2층 201호 이곡동)
20250248534,대구광역시 달서구 장기로 167(성당 래미안 이편한세상 223동 1층 107호 본리동)
20250248645,대구광역시 달서구 조암남로32길 30(1층 대천동)
20250248716,대구광역시 달서구 서당로3길 117-5(1층 신당동)
20250248811,대구광역시 달서구 장산로 55(용산 신우빌딩 1층 106호 용산동)
20250248846,대구광역시 달서구 조암로 89-6(1층 월성동)
20250248944,대구광역시 달서구 월배로33길 98(1층 월성동)
20250248952,대구광역시 달서구 조암로 5(월성수메디컬빌딩 주건축물 제1동 1층 106-1호 월성동)
20250248959,대구광역시 달서구 달구벌대로 1726-8(1층 두류동)
20250248965,대구광역시 달서구 성서서로 363(1층 신당동)
20250248969,대구광역시 달서구 달구벌대로 1551(골든타워 1층 112호 죽전동)
20250248973,대구광역시 달서구 와룡로 256(1층 죽전동)
20250249163,대구광역시 달서구 달구벌대로 1602(1층 감삼동)
20250249314,대구광역시 달서구 도원로 7(1층 도원동)
20250249396,대구광역시 달서구 감삼남2길 123(1층 감삼동)
20250249398,"대구광역시 달서구 달구벌대로 1515(201동 1층 101~107호 용산동, 용산자이)"
20250249429,대구광역시 달서구 진천로 92(이마트월배점 1층 대천동)
20250256021,대구광역시 달성군 구지면 과학마을로5길 37(1층)
20250256313,대구광역시 달성군 다사읍 세천로 128-1(1층)
20250256393,"대구광역시 달성군 가창면 우록길 80(1,2층)"
20250256460,대구광역시 달성군 유가읍 유가1길 19(1층)
20250256554,대구광역시 달성군 논공읍 논공로23길 7-1(1층)
20250256647,대구광역시 달성군 다사읍 세천북로7길 24(1층)
20250256660,대구광역시 달성군 유가읍 테크노북로6길 22(2층 203호)
20250259053,대구광역시 군위군 군위읍 중앙길 56-13
20250259117,대구광역시 군위군 군위읍 중앙길 24
20250263013,인천광역시 영종구 제2터미널대로 446(인천공항제2여객터미널 탑승동 A/S 4층 6-31-28호 운서동)
20250263014,인천광역시 영종구 제2터미널대로 446(인천공항제2여객터미널 탑승동 A/S 4층 6-31-28호 운서동)
20250263015,인천광역시 영종구 제2터미널대로 446(인천공항제2여객터미널 탑승동 A/S 4층 6-31-28호 운서동)
20250263016,인천광역시 영종구 제2터미널대로 446(인천공항제2여객터미널 탑승동 A/S 4층 6-31-28호 운서동)
20250263017,인천광역시 영종구 제2터미널대로 446(인천공항제2여객터미널 탑승동 A/S 4층 6-31-28호 운서동)
20250263018,인천광역시 영종구 제2터미널대로 446(인천공항제2여객터미널 탑승동 A/S 4층 6-31-28호 운서동)
20250263047,인천광역시 영종구 제2터미널대로 446(인천공항제2여객터미널 면세동 A/S 3층 5-55-13호 운서동)
20250263048,인천광역시 영종구 제2터미널대로 446(인천국제공항 제2여객터미널 면세동 3층 5-55-13호 운서동)
20250263070,인천광역시 영종구 공항로 272(인천공항제1여객터미널 지하1층 운서동)
20250263082,인천광역시 영종구 영종대로162번길 20(1층 110호 운서동)
20250263125,인천광역시 영종구 제2터미널대로 446(인천공항제2여객터미널 3층 면세구역 5-97-04 운서동)
20250263197,인천광역시 영종구 제2터미널대로 446(인천공항제2여객터미널 면세구역 4층 운서동)
20250263213,인천광역시 영종구 제2터미널대로 446(인천공항제2여객터미널 4층 AS구역 서편6-41-05 운서동)
20250263261,인천광역시 영종구 공항로 272(인천공항 제1여객터미널 면세동 3층5-84-26 운서동)
20250263264,인천광역시 영종구 공항로 272(인천공항제1여객터미널 일반동 지하1층 운서동)
20250263265,인천광역시 영종구 공항로 272(인천공항제1여객터미널 일반동 지하1층 운서동)
20250263266,인천광역시 영종구 공항로 272(인천공항제1여객터미널 일반동 지하1층 운서동)
20250263282,인천광역시 영종구 공항로 272(인천공항제1터미널 지하1층 5-03-24호 운서동)
20250263312,인천광역시 영종구 흰바위로59번길 26(운서역 1층 US-1F-R-3 운서동)
20250263314,인천광역시 제물포구 월미문화로 81(1층 103호 북성동1가)
20250263359,인천광역시 영종구 햇내로안길 48-8(1층 102호 운서동)
20250263410,인천광역시 영종구 제2터미널대로 446(인천국제공항제2교통센터 지하1층 운서동)
20250263422,인천광역시 영종구 공항로 272(인천국제공항제1터미널 일반동 4층 운서동)
20250263433,인천광역시 영종구 공항로 272(인천국제공항제1여객터미널 일반동 3층 운서동)
20250263436,인천광역시 영종구 공항로 272(인천공항제1여객터미널 면세동 3층 운서동)
20250263438,인천광역시 영종구 공항로 272(인천국제공항제1터미널 일반동 4층 운서동)
20250263447,인천광역시 영종구 제2터미널대로 446(일반동 3층 운서동)
20250263453,인천광역시 영종구 제2터미널대로 446(인천국제공항 제2여객터미널 교통센터 B1층 한식소담길 운서동)
20250263456,인천광역시 제물포구 월미로 222(1층 101~103호 북성동1가)
20250263497,인천광역시 영종구 제2터미널대로 446(인천국제공항 제2여객터미널 교통센터 B1층 한식소담길 운서동)
20250263499,인천광역시 영종구 제2터미널대로 446(인천국제공항 제2여객터미널 교통센터 B1층 한식소담길 운서동)
20250263504,인천광역시 영종구 제2터미널대로 446(인천국제공항제2여객터미널 교통센터 B1층 한식소담길 운서동)
20250263505,인천광역시 영종구 공항로 272(인천국제공항 제1여객터미널 4층 운서동)
20250263508,인천광역시 영종구 제2터미널대로 446(인천국제공항제2여객터미널 교통센터 지하1층 한식소담길 운서동)
20250263510,인천광역시 영종구 제2터미널대로 446(인천국제공항제2여객터미널 교통센터 지하1층 한식소담길 운서동)
20250263511,인천광역시 영종구 제2터미널대로 446(인천국제공항제2여객터미널 교통센터 지하1층 한식소담길 운서동)
20250263519,인천광역시 영종구 공항로 272(인천공항1터미널 일반동 4층 운서동)
20250263522,인천광역시 영종구 공항로 272(인천공항1터미널 일반동 4층 운서동)
20250263550,"인천광역시 영종구 하늘달빛로 90-27(1층 111,112호 중산동)"
20250263649,인천광역시 영종구 공항로 272(인천공항제1터미널 탑승동 3층 운서동)
20250263650,인천광역시 영종구 공항로 272(인천공항제1터미널 탑승동 3층 운서동)
20250263651,인천광역시 영종구 공항로 272(인천공항제1터미널 탑승동 3층 운서동)
20250263652,인천광역시 영종구 공항로 272(인천공항제1터미널 탑승동 3층 운서동)
20250263671,인천광역시 영종구 공항로 272(인천공항1터미널 면세동 3층 운서동)
20250263742,인천광역시 영종구 공항로 272(인천공항제1터미널 면세동 4층 운서동)
20250263743,인천광역시 영종구 공항로 272(인천공항제1터미널 면세동 4층 운서동)
20250263744,인천광역시 영종구 공항로 272(인천공항제1터미널 면세동 4층 운서동)
20250263745,인천광역시 영종구 공항로 272(인천공항제1터미널 면세동 4층 운서동)
20250263746,인천광역시 영종구 공항로 272(인천공항제1터미널 면세동 4층 운서동)
20250263747,인천광역시 영종구 공항로 272(인천공항제1터미널 면세동 4층 운서동)
20250263748,인천광역시 영종구 공항로 272(인천공항제1터미널 면세동 4층 운서동)
20250263754,인천광역시 영종구 제2터미널대로 446(인천공항제2터미널 일반동 3층 운서동)
20250263817,인천광역시 영종구 공항로 272(인천공항제1터미널 일반동 4층 운서동)
20250263854,인천광역시 영종구 공항로 272(인천공항제1터미널 일반동 4층 운서동)
20250263857,인천광역시 영종구 공항로 272(인천공항제1터미널 일반동 4층 운서동)
20250263858,인천광역시 영종구 공항로 272(인천공항제1터미널 일반동 4층 운서동)
20250263884,인천광역시 영종구 공항로 272(인천공항제1터미널 일반동 지하1층 운서동)
20250263908,인천광역시 영종구 하늘중앙로 193(1층 106호 중산동)
20250263919,인천광역시 영종구 공항로 272(인천공항제1터미널 일반동 4층 운서동)
20250263920,인천광역시 영종구 공항로 272(인천공항제1터미널 일반동 4층 운서동)
20250263922,인천광역시 영종구 공항로 272(인천공항제1터미널 일반동 4층 운서동)
20250263955,인천광역시 영종구 공항로 272(인천공항제1터미널 탑승동 A/S 3층 운서동)
20250263994,인천광역시 영종구 영종대로277번길 47-9(120동 1층 104호 운서동)
20250264004,인천광역시 영종구 신도시남로142번길 6(메가스타 영종 1층 167호 운서동)
20250264069,인천광역시 영종구 월촌길 76(1층 104호 중산동)
20250264102,인천광역시 영종구 제2터미널대로 446(인천공항제2터미널A/S 면세동 3층 운서동)
20250264103,인천광역시 영종구 제2터미널대로 446(인천공항제2터미널A/S 면세동 3층 운서동)
20250264105,인천광역시 영종구 제2터미널대로 446(인천공항제2터미널 일반동 1층 운서동)
20250264130,인천광역시 영종구 공항로 272(인천공항제1터미널A/S 탑승동 3층 운서동)
20250264132,인천광역시 영종구 제2터미널대로 446(인천공항제2터미널A/S 면세동 3층 운서동)
20250266042,인천광역시 제물포구 중봉대로 100(중앙산업빌딩 1층 일부호 송현동)
20250268077,인천광역시 미추홀구 주안로 86(주안 메디컬센타 1층 102호 주안동)
20250268114,인천광역시 미추홀구 석정로92번길 159(1층 숭의동)
20250268150,인천광역시 미추홀구 미추로36번길 36(루브루숭의아파트 상가 102호 숭의동)
20250268224,"인천광역시 미추홀구 연남로 35(인천종합터미널,롯데백화점 지하 1층 일부호 관교동)"
20250268225,"인천광역시 미추홀구 연남로 35(인천종합터미널,롯데백화점 지하 1층 일부호 관교동)"
20250268258,"인천광역시 미추홀구 경인로 372(201동 지하1층 B1073호 주안동, 포레나 미추홀)"
20250268270,인천광역시 미추홀구 석바위로 68(주안필프라자 1층 104호 주안동)
20250268490,"인천광역시 미추홀구 연남로 35(인천종합터미널,롯데백화점 지하1층 일부호 관교동)"
20250268518,인천광역시 미추홀구 미추홀대로 661(1층 주안동)
20250268725,인천광역시 미추홀구 연남로 35(롯데백화점 6층 관교동)
20250268875,"인천광역시 미추홀구 연남로 35(인천종합터미널,롯데백화점 지하 1층 일부호 관교동)"
20250268876,"인천광역시 미추홀구 연남로 35(인천종합터미널,롯데백화점 지하1층 일부호 관교동)"
20250268915,"인천광역시 미추홀구 경인로 372(201동 1층 1006호 주안동, 포레나 미추홀)"
20250268934,"인천광역시 미추홀구 연남로 35(인천종합터미널,롯데백화점 6층 일부호 관교동)"
20250269083,인천광역시 미추홀구 숙골로87번길 16(디프라자1 2층 201호 도화동)
20250269086,인천광역시 미추홀구 독정이로 42(용궁빌딩 1층 101호 용현동)
20250269212,인천광역시 미추홀구 토금중로 53(1층 용현동)
20250269264,인천광역시 미추홀구 연남로 35(롯데백화점 지하 1층 일부호 관교동)
20250269338,인천광역시 미추홀구 경인로 306(올레오 1층 105호 도화동)
20250269365,인천광역시 미추홀구 독정이로 82(근린생활시설3동 1층 1호 숭의동)
20250273173,인천광역시 연수구 청능대로 210(스퀘어원 지상2층 일부호 동춘동)
20250273255,"인천광역시 연수구 송도과학로28번길 8(더샵 송도트리플타워 East 119호,120호 송도동)"
20250273276,인천광역시 연수구 청능대로 210(스퀘어원 지상3층 일부호 동춘동)
20250273348,"인천광역시 연수구 하모니로 144(판매시설동 지상1층 A116,A117호 송도동, 송도 지웰 푸르지오시티)"
20250273422,"인천광역시 연수구 하모니로 144(판매시설동 지상2층 A217호 송도동, 송도 지웰 푸르지오시티)"
20250273465,"인천광역시 연수구 넘말로 81(근린생활시설동 지하3층 근린생활시설1,2,3호 선학동, 한화포레나인천연수)"
20250273559,"인천광역시 연수구 센트럴로 232(E동 177호 송도동, 더샵센트럴파크1)"
20250273566,"인천광역시 연수구 센트럴로 160(판매시설동 지상1층 128,129호 송도동, 송도센트럴파크푸르지오)"
20250273620,"인천광역시 연수구 인천타워대로180번길 11(A동 지상3층 301호,302호,303호,304호 송도동, 더샵송도센트럴파크Ⅲ)"
20250273621,인천광역시 연수구 송도과학로16번길 33-1(송도 트리플스트리트 A동 지상4층 일부호 송도동)
20250273719,인천광역시 연수구 센트럴로 313(송도씨워크인테라스한라 지상2층 제B251호 송도동)
20250273757,"인천광역시 연수구 랜드마크로 113(상가B-1동 102호 송도동, e편한세상 송도)"
20250273839,인천광역시 연수구 청능대로 210(스퀘어원 지상5층 일부호 동춘동)
20250273919,"인천광역시 연수구 테크노파크로111번길 12(반도타워 102호,103호 송도동)"
20250273943,"인천광역시 연수구 하모니로 144(판매시설동 B114호 송도동, 송도 지웰 푸르지오시티)"
20250273972,인천광역시 연수구 송도국제대로 123(현대프리미엄 아울렛 송도점 지상3층 일부호 송도동)
20250274021,"인천광역시 연수구 랜드마크로360번길 40(송도자이크리스탈오션 304동 101호 송도동, 송도자이크리스탈오션)"
20250274098,인천광역시 연수구 송도국제대로 123(현대프리미엄 아울렛 송도점 지하1층 일부호 송도동)
20250274146,인천광역시 연수구 송도국제대로 123(현대프리미엄 아울렛 송도점 지하1층 일부테넌트A10호 송도동)
20250274159,"인천광역시 연수구 컨벤시아대로 126(8단지동 지상1층 174호 송도동, 푸르지오월드마크)"
20250274266,인천광역시 연수구 아트센터대로 87(커낼워크D4 WINTER 401동 지상1층 103호 송도동)
20250274277,인천광역시 연수구 먼우금로 194(두손메카 지상1층 101호 연수동)
20250274324,"인천광역시 연수구 센트럴로 194(B동 지상1층 102,103,117호 송도동, 더샵 센트럴파크2)"
20250274422,인천광역시 연수구 송도국제대로 123(현대프리미엄 아울렛 송도점 지하1층 일부델리3-F8호 송도동)
20250274459,"인천광역시 연수구 컨벤시아대로 80(401동 지상1층 120,121호 송도동, 인천송도힐스테이트)"
20250274539,"인천광역시 연수구 송도미래로11번길 27(스마트스퀘어 B동 지상1층 B116,B117호 송도동)"
20250274558,"인천광역시 연수구 컨벤시아대로 116(7단지 지상1층 162,163,164호 송도동, 푸르지오월드마크)"
20250274563,인천광역시 연수구 청능대로 210(스퀘어원 제2동 2층 동춘동)
20250274588,인천광역시 연수구 센트럴로 313(송도씨워크인테라스한라 지상1층 A108호 송도동)
20250274619,인천광역시 연수구 첨단대로 40(에스파이브시티 주건축물제1동 지상1층 B112호 송도동)
20250274677,"인천광역시 연수구 랜드마크로 350(212동 지상1층 8호 송도동, 송도 Luxe Ocean SK VIEW)"
20250274678,"인천광역시 연수구 랜드마크로 68(301동 지상1층 019호 송도동, 랜드마크시티센트럴더샵)"
20250274751,"인천광역시 연수구 센트럴로 281(힐스테이트 송도 스테이에디션 105,106,107,108호 송도동)"
20250274840,"인천광역시 연수구 인천타워대로 257(송도 아트포레 푸르지오 시티 C동 C-220,C-221호 송도동)"
20250279018,인천광역시 남동구 인주대로681번길 19(1층 일부호 구월동)
20250279078,인천광역시 남동구 소래역로 36(102~105호 논현동)
20250279203,인천광역시 남동구 인주대로623번길 26(굿모닝타워 103호 구월동)
20250279236,인천광역시 남동구 남동서로236번길 30(논현2차푸르지오시티 1층 132호 논현동)
20250279249,인천광역시 남동구 논고개로123번길 35(칼리오페 2층 A216호 논현동)
20250279514,인천광역시 남동구 서판로 20(102호 만수동)
20250279524,인천광역시 남동구 논고개로136번길 5-15(101호 논현동)
20250279726,인천광역시 남동구 예술로 126(109호 구월동)
20250279746,인천광역시 남동구 서창남순환로215번길 27(1층 108호 서창동)
20250279989,인천광역시 남동구 인주대로 513(GM빌딩 1층 전체호 구월동)
20250280082,인천광역시 남동구 백범로247번길 36(1층 일부호 구월동)
20250280154,인천광역시 남동구 매소홀로 759(1층 일부1010호 구월동)
20250280280,"인천광역시 남동구 서창남로 40(1층 일부102,103,104호호 서창동)"
20250280370,"인천광역시 남동구 인하로507번길 23-1(뉴욕프라자 3층 301호, 302호 구월동)"
20250283196,인천광역시 부평구 장제로195번길 34(1층 일부 부평동)
20250283198,"인천광역시 부평구 동수로 36(상가3동 125호 부평동, 부평역해링턴플레이스)"
20250283231,인천광역시 부평구 장제로340번길 33(1층 일부 삼산동)
20250283237,인천광역시 부평구 부평대로32번길 11(1층 일부 부평동)
20250283283,"인천광역시 부평구 주부토로 236(인천테크노밸리 U1센터 B동 1층 160호, 161호 갈산동)"
20250283315,"인천광역시 부평구 장제로 88(아레테뷰, 108,109,110,111호 및 연접한 외부장소 부평동)"
20250283361,인천광역시 부평구 부흥로294번길 4(추인타워 1층 102호 부평동)
20250283406,인천광역시 부평구 장제로 214(1층 일부 부평동)
20250283525,"인천광역시 부평구 길주로 659(미라쥬타워 2층 206,207,208,209,210호 삼산동)"
20250283586,인천광역시 부평구 대정로 7(1층 116호 부평동)
20250283827,"인천광역시 부평구 동수천로 132(부개빌딩 1층 101호, 102호, 103호 부개동)"
20250283880,인천광역시 부평구 대정로 7(부평한라비발디 1층 115호 부평동)
20250283992,인천광역시 부평구 시장로 16-1(1층 부평동)
20250287070,인천광역시 계양구 오조산공원로 30(경원 빌딩 2층 용종동)
20250287085,인천광역시 계양구 계양산로 190(1층 일부호 임학동)
20250287133,인천광역시 계양구 주부토로583번길 2(1층 계산동)
20250287186,인천광역시 계양구 오조산공원로 26(주골드프라자 1층 103호 용종동)
20250287433,인천광역시 계양구 오조산로 51(1층 계산동)
20250287462,인천광역시 계양구 오조산로 51(2층 계산동)
20250287616,인천광역시 계양구 계양대로 27(HOME PLUS 작전점 2층 일부호 작전동)
20250291052,인천광역시 검단구 이음5로 34(제일프라자 2층 206호 원당동)
20250291180,인천광역시 서해구 가정로 451(벨라미2차 106호 가정동)
20250291185,인천광역시 서해구 염곡로498번안길 5-15(1층 일부호 가정동)
20250291311,인천광역시 검단구 검단로768번길 17(불로동금호어울림아파트 상가 110호 불로동)
20250291427,인천광역시 검단구 봉화로 52(？엘빌딩 1동 1층 일부호 오류동)
20250291680,"인천광역시 검단구 발산로 27(선우프라자 104, 105호 원당동)"
20250291783,"인천광역시 서해구 가정로 437(308동 177호 가정동, 루원시티 SK Leaders' VIEW)"
20250291810,인천광역시 서해구 율도로77번길 41(1층 일부호 신현동)
20250292240,"인천광역시 검단구 고산후로 305(119호 불로동, 신검단중앙역풍경채어바니티2차)"
20250292385,인천광역시 서해구 청라커낼로233번길 16(1층 일부호 청라동)
20250292386,인천광역시 검단구 이음대로 378(로뎀타워 112호 원당동)
20250292399,인천광역시 서해구 길주로 98(1층 일부호 석남동)
20250292452,"인천광역시 서해구 가정로 437(지2층 B207, B208, B209호 가정동, 루원시티 SK Leaders' VIEW)"
20250292467,인천광역시 서해구 가정로151번길 4(가좌 코오롱 하늘채 메트로 103동 104호 가좌동)
20250292694,"인천광역시 서해구 봉오대로 270(302동 B212호 가정동, 루원시티2차 SK Leaders' VIEW)"
20250292739,인천광역시 서해구 염곡로498번안길 20-1(엠에스프라자 1층 일부104호호 가정동)
20250292840,인천광역시 서해구 청라라임로122번길 19-4(1층 일부호 청라동)
20250292891,"인천광역시 서해구 서곶로 45(제근린생활시설동 제지1층 제비051호 가정동, 루원 린스트라우스 더 린시티)"
20250292935,인천광역시 검단구 원당대로 938(2층 222호 당하동)
20250293003,인천광역시 서해구 청라라임로 71(진영메디피아 117호 청라동)
20250297172,인천광역시 강화군 삼산면 어류정길177번길 17(C동 2층)
20250297256,인천광역시 강화군 선원면 중앙로 218(1층)
20250299002,인천광역시 옹진군 영흥면 영흥로144번길 4(1층 일부호)
20250299065,인천광역시 옹진군 영흥면 영흥남로293번길 4(1층 101호)
20250303015,전남광주통합특별시 동구 필문대로287번길 19-1(1층 지산동)
20250303072,전남광주통합특별시 동구 제봉로110번길 7(1층 장동)
20250303079,전남광주통합특별시 동구 남문로 664(1-2층 학동)
20250303127,전남광주통합특별시 동구 독립로 268(롯데백화점 광주점 지하1층 대인동)
20250303136,전남광주통합특별시 동구 중흥로 201(1층 계림동)
20250303214,"전남광주통합특별시 동구 경양로 234(상가116동 606호 계림동, 그랜드센트럴)"
20250303221,"전남광주통합특별시 동구 동계로 38(상가122동 16호 산수동, 무등산 그린웰로제비앙)"
20250303295,전남광주통합특별시 동구 동명로 27(1층 동명동)
20250303332,전남광주통합특별시 동구 학소로 100(1층 소태동)
20250303336,전남광주통합특별시 동구 동명로67번길 1(1층 지산동)
20250303496,전남광주통합특별시 동구 중앙로 173(1층 충장로4가)
20250303544,"전남광주통합특별시 동구 경양로 234(그랜드센트럴 119동 1층 813호 계림동, 그랜드센트럴)"
20250306005,전남광주통합특별시 서구 상무중앙로34번길 6(1층 치평동)
20250306008,전남광주통합특별시 서구 화정로138번길 27(1층 화정동)
20250306083,전남광주통합특별시 서구 치평로 80(골든타운 1층 109호 치평동)
20250306093,전남광주통합특별시 서구 상무민주로64번길 11(1층 쌍촌동)
20250306121,전남광주통합특별시 서구 상무오월로 13(1층 쌍촌동)
20250306128,전남광주통합특별시 서구 금호운천길 102(103호 쌍촌동)
20250306165,전남광주통합특별시 서구 운천로 15(거성빌딩 1층 금호동)
20250306182,전남광주통합특별시 서구 상무화원로32번길 24(재영빌딩 1층 치평동)
20250306200,전남광주통합특별시 서구 월드컵4강로197번길 9(1층 쌍촌동)
20250306232,전남광주통합특별시 서구 상무대로695번길 1(1층 마륵동)
20250306246,전남광주통합특별시 서구 운천로 247(스타타워 지하1층 102호 치평동)
20250306249,전남광주통합특별시 서구 무진대로 904(유스퀘어광천터미널 2층 광천동)
20250306357,"전남광주통합특별시 서구 상무민주로32번길 10(상무센트럴자이 근린생활시설동 지하2층 2동1호 쌍촌동, 상무센트럴자이)"
20250306383,전남광주통합특별시 서구 금호만호길 45-1(2층 금호동)
20250306451,전남광주통합특별시 서구 상무중앙로78번길 6(지우빌딩 1층 치평동)
20250306453,전남광주통합특별시 서구 운천로 184(1층 쌍촌동)
20250306479,"전남광주통합특별시 서구 운천로 261(근린생활시설동 134,135호 치평동, 광주 상무 퍼스티넘 스위첸)"
20250306504,전남광주통합특별시 서구 무진대로 932(신세계백화점 광주점 지하1층 광천동)
20250306524,전남광주통합특별시 서구 북촌길 41(1층 마륵동)
20250306552,전남광주통합특별시 서구 죽봉대로 36(1층 농성동)
20250306560,전남광주통합특별시 서구 상무시민로 96(종산타워 1층 103호 치평동)
20250306606,전남광주통합특별시 서구 상무누리로 18(1층 치평동)
20250306625,전남광주통합특별시 서구 마륵복개로 78-36(1층 마륵동)
20250306656,전남광주통합특별시 서구 상일로 56(1층 쌍촌동)
20250306677,"전남광주통합특별시 서구 운천로 261(2층 238호 치평동, 광주 상무 퍼스티넘 스위첸)"
20250306716,전남광주통합특별시 서구 풍암신흥로 29(1층 풍암동)
20250306727,"전남광주통합특별시 서구 운천로 261(근린생활시설동 1층 120,121,122,123호 치평동, 광주 상무 퍼스티넘 스위첸)"
20250306743,전남광주통합특별시 서구 풍암2로 2(롯데슈퍼센터 1층 풍암동)
20250306824,전남광주통합특별시 서구 금화로 14(2층 금호동)
20250306885,"전남광주통합특별시 서구 상무연하로 75(1층 104, 105호 일부호 치평동)"
20250306889,전남광주통합특별시 서구 마륵복개로 68-10(1층 마륵동)
20250310035,"전남광주통합특별시 남구 서문대로 745(빅스포 가동 1층 106,107호 주월동)"
20250310052,전남광주통합특별시 남구 봉선중앙로131번길 3(1층 봉선동)
20250310078,전남광주통합특별시 남구 서문대로 745(빅스포 가동 1층 주월동)
20250310094,전남광주통합특별시 남구 봉선로 157(1층 106호 봉선동)
20250310117,전남광주통합특별시 남구 대남대로203번길 11-1(1층 봉선동)
20250310131,전남광주통합특별시 남구 봉선2로 49(1층 봉선동)
20250310310,"전남광주통합특별시 남구 대남대로223번길 10(111동 1층 107호 주월동, 양우 내안애 프레스티지)"
20250310321,전남광주통합특별시 남구 서문대로 700(1층 105-2호 진월동)
20250310382,전남광주통합특별시 남구 용대로183번길 21(한국아델리움 108상가동 지하1층 B01호 방림동)
20250310408,전남광주통합특별시 남구 봉선로 169(A동 1층 108호 봉선동)
20250310458,"전남광주통합특별시 남구 서동로 39(102동 1층 113호 월산동, 남구 진아리채 리센츠)"
20250313001,전남광주통합특별시 북구 동운로 208(1층 운암동)
20250313053,"전남광주통합특별시 북구 군왕로 311(301동 2-2호 각화동, 휴먼파크 서희스타힐스)"
20250313098,전남광주통합특별시 북구 동문대로 206(연합홍문외과 1층 각화동)
20250313111,전남광주통합특별시 북구 설죽로202번길 68(1층 용봉동)
20250313113,전남광주통합특별시 북구 북문대로169번길 16(나산아파트 상가동 1층 108호 운암동)
20250313147,전남광주통합특별시 북구 경양로183번길 8-7(1층 중흥동)
20250313154,전남광주통합특별시 북구 향토문화로12번길 27(2층 중흥동)
20250313172,전남광주통합특별시 북구 금호로 5(1층 운암동)
20250313190,전남광주통합특별시 북구 복룡길 77(1~3층 신용동)
20250313331,"전남광주통합특별시 북구 군왕로 46(2층 206-2호 두암동, 기산로얄타운)"
20250313373,전남광주통합특별시 북구 서강로131번길 5-8(1층 운암동)
20250313374,전남광주통합특별시 북구 서강로131번길 5-8(1층 운암동)
20250313400,전남광주통합특별시 북구 탁영로 14(1층 두암동)
20250313403,전남광주통합특별시 북구 호동로 16(1층 중흥동)
20250313408,전남광주통합특별시 북구 청계로 48(1층 용봉동)
20250313428,전남광주통합특별시 북구 중가로 113(1층 중흥동)
20250313443,"전남광주통합특별시 북구 북문대로 88(1층 103호 운암동, 운암2차 남양휴튼)"
20250313472,"전남광주통합특별시 북구 빛고을대로 526(1,2층 연제동)"
20250313533,전남광주통합특별시 북구 설죽로 215(1층 용봉동)
20250313547,전남광주통합특별시 북구 첨단연신로91번길 32-10(107호 신용동)
20250313650,"전남광주통합특별시 북구 하서로 384(3층 304, 305호 양산동)"
20250313673,전남광주통합특별시 북구 우치로 80(1층 103호 용봉동)
20250313725,전남광주통합특별시 북구 하백로29번길 38(라데사어반 주1동 1층 1~4호 매곡동)
20250313732,전남광주통합특별시 북구 청계로 54(1층 용봉동)
20250313737,전남광주통합특별시 북구 연양로67번길 18(2동 1층 양산동)
20250313746,전남광주통합특별시 북구 용봉택지로 46(1층 용봉동)
20250313797,전남광주통합특별시 북구 서암대로 155(1층 신안동)
20250313922,전남광주통합특별시 북구 필문대로11번길 4(1층 풍향동)
20250320035,전남광주통합특별시 광산구 수완로74번길 11-1(1층 수완동)
20250320049,"전남광주통합특별시 광산구 임방울대로 154-24(102호 운남동, 우방아이유쉘)"
20250320156,전남광주통합특별시 광산구 사암로 214(1층 우산동)
20250320289,전남광주통합특별시 광산구 목련로273번길 77(2층 운남동)
20250320343,"전남광주통합특별시 광산구 어등대로653번길 20(상가동 1층 101,102호 소촌동, 송광3차아파트)"
20250320344,"전남광주통합특별시 광산구 어등대로653번길 20(상가동 1층 101,102호 소촌동, 송광3차아파트)"
20250320379,"전남광주통합특별시 광산구 선운중앙로 43(211동 지하1층 B110호 선암동, 광주 선운지구 EG the1 2단지)"
20250320470,"전남광주통합특별시 광산구 장덕로95번길 15(107동 지하1층 103호 장덕동, 수완지구 영무 예다음)"
20250320497,전남광주통합특별시 광산구 목련로153번길 85(1층 운남동)
20250320528,전남광주통합특별시 광산구 손재로 170(1층 하남동)
20250320529,전남광주통합특별시 광산구 풍영로200번길 21(2층 장덕동)
20250320635,전남광주통합특별시 광산구 용아로400번길 30(TERRACE56 PICNICMALL 1층 1071호 하남동)
20250320637,전남광주통합특별시 광산구 송도로 250(1층 송정동)
20250320689,전남광주통합특별시 광산구 수완로 102(1층 수완동)
20250320743,전남광주통합특별시 광산구 풍영로101번안길 16(1층 흑석동)
20250320832,전남광주통합특별시 광산구 임방울대로 330(1층 112호 수완동)
20250320866,전남광주통합특별시 광산구 선운로 1(1층 선암동)
20250320959,전남광주통합특별시 광산구 임방울대로826번길 69(다명빌딩 1층 쌍암동)
20250320973,"전남광주통합특별시 광산구 임방울대로332번길 9-12(1층 101일부호, 102일부호 수완동)"
20250326092,대전광역시 동구 동서대로1695번길 22(1층 용전동)
20250326367,대전광역시 동구 동서대로1695번길 30(대전복합터미널동관 CE110호 용전동)
20250326434,대전광역시 동구 대전로542번길 80-99(102호 천동)
20250326917,대전광역시 동구 산내로1305번길 6(1층 낭월동)
20250329056,"대전광역시 중구 대종로582번길 36(232,233호 선화동, 대전 한신더휴 리저브)"
20250329111,대전광역시 중구 대종로 373(베이스볼드림파크 1층 1루게이트1 앞호 부사동)
20250329112,대전광역시 중구 대종로 373(베이스볼드림파크 1층 3루 3-1게이트앞 117블럭호 부사동)
20250329113,대전광역시 중구 대종로 373(베이스볼드림파크 1층 메인게이트 앞 왼쪽호 부사동)
20250329114,대전광역시 중구 대종로 373(베이스볼드림파크 1층 1루 출입구호 부사동)
20250329116,대전광역시 중구 대종로 373(베이스볼드림파크 1층 100B블록호 부사동)
20250329117,대전광역시 중구 대종로 373(베이스볼드림파크 1층 1루 108블럭호 부사동)
20250329118,대전광역시 중구 대종로 373(베이스볼드림파크 1층 107블록 뒤호 부사동)
20250329119,대전광역시 중구 대종로 373(베이스볼드림파크 2층 215번 블록호 부사동)
20250329120,대전광역시 중구 대종로 373(베이스볼드림파크 1층 1번 100B블럭호 부사동)
20250329122,대전광역시 중구 대종로 373(베이스볼드림파크 1층 1루 출입구 오른쪽호 부사동)
20250329132,대전광역시 중구 대종로 373(베이스볼드림파크 4층 3루호 부사동)
20250329159,대전광역시 중구 대종로 373(베이스볼드림파크 2층 3루내야끝호 부사동)
20250329160,대전광역시 중구 대종로 373(베이스볼드림파크 1층 3루외부호 부사동)
20250329162,대전광역시 중구 대종로 373(베이스볼드림파크 1층 1루우측호 부사동)
20250329163,대전광역시 중구 대종로 373(베이스볼드림파크 1층 메인호 부사동)
20250329164,대전광역시 중구 대종로 373(베이스볼드림파크 2층 1루호 부사동)
20250329171,대전광역시 중구 대종로 373(베이스볼드림파크 2층 1루 끝호 부사동)
20250329186,"대전광역시 중구 목동로22번길 45(B110호 목동, 대전 목동 모아엘가 그랑데)"
20250329187,대전광역시 중구 대종로 373(베이스볼드림파크 1층 1루 104블럭호 부사동)
20250329190,대전광역시 중구 대종로 373(베이스볼드림파크 1층 3루 120블럭호 부사동)
20250329197,대전광역시 중구 대종로 373(베이스볼드림파크 1층 1번 100B블럭 앞호 부사동)
20250329198,대전광역시 중구 대종로 373(베이스볼드림파크 2층 203번 블록옆호 부사동)
20250329199,대전광역시 중구 대종로 373(베이스볼드림파크 1층 100A블록 옆호 부사동)
20250329200,대전광역시 중구 대종로 373(베이스볼드림파크 2층 203블록 옆호 부사동)
20250329201,대전광역시 중구 대종로 373(베이스볼드림파크 1층 107블록호 부사동)
20250329203,대전광역시 중구 대종로 373(베이스볼드림파크 1층 100블럭호 부사동)
20250329204,대전광역시 중구 대종로 373(베이스볼드림파크 1층 100A블럭호 부사동)
20250329206,대전광역시 중구 대종로 373(베이스볼드림파크 2층 3루 218블록호 부사동)
20250329207,대전광역시 중구 대종로 373(베이스볼드림파크 1층 3루 100C 블록 옆호 부사동)
20250329239,대전광역시 중구 중앙로 120(1층 대흥동)
20250329257,대전광역시 중구 대종로 373(베이스볼드림파크 1층 103블럭호 부사동)
20250329263,대전광역시 중구 대종로 373(베이스볼드림파크 1층 100B호 부사동)
20250329597,"대전광역시 중구 대종로594번길 52(129호 선화동, 하늘채스카이앤2차)"
20250329600,"대전광역시 중구 대종로582번길 36(1110동 121호 선화동, 대전 한신더휴 리저브)"
20250329693,"대전광역시 중구 대종로594번길 51(302동 122호 선화동, 하늘채스카이앤1차)"
20250329708,"대전광역시 중구 대종로594번길 52(근린생활시설-3동 115호 선화동, 하늘채스카이앤2차)"
20250329718,"대전광역시 중구 당디로 45(1차상가동 103호 산성동, 우성아파트)"
20250329765,대전광역시 중구 태평로 83(삼부스포렉스 1층 태평동)
20250333313,대전광역시 서구 괴정로 30(1층 103호 괴정동)
20250333332,대전광역시 서구 갈마역로25번길 17-15(1층 갈마동)
20250333406,"대전광역시 서구 둔산로 130(대덕프라자 1층 112,113호 둔산동)"
20250333412,대전광역시 서구 계룡로 586(1층 103호 괴정동)
20250333426,대전광역시 서구 계룡로 598(롯데백화점 지하1층 일부호 괴정동)
20250333427,대전광역시 서구 계룡로 598(롯데백화점 지하1층 일부호 괴정동)
20250333553,대전광역시 서구 계룡로491번길 28(1층 일부호 둔산동)
20250333825,대전광역시 서구 둔산로31번길 72(1층 101일부호 둔산동)
20250334002,대전광역시 서구 계룡로620번길 46(1층 괴정동)
20250334125,대전광역시 서구 대덕대로 211(갤러리아타임월드백화점 11층 일부호 둔산동)
20250334237,대전광역시 서구 탄방로 110(1층 일부호 용문동)
20250334342,"대전광역시 서구 도안동로 234(3동 지하1층 3호 도안동, 트리풀시티 레이크포레)"
20250334447,대전광역시 서구 한밭대로570번길 40-6(1층 일부호 월평동)
20250334535,대전광역시 서구 계룡로 598(롯데백화점 지하1층 일부호 괴정동)
20250334540,대전광역시 서구 괴정로 29(1층 일부호 갈마동)
20250334580,대전광역시 서구 둔산로 130(대덕프라자 1층 102호 둔산동)
20250334629,대전광역시 서구 도솔로 279(1층 일부호 내동)
20250338040,대전광역시 유성구 반석동로 38(반석코아 지상1층 101호 반석동)
20250338053,대전광역시 유성구 노은동로240번길 75(지상2층 지족동)
20250338143,대전광역시 유성구 배울1로 126(호반써밋프라자 Ⅱ 지상 1층 106호 용산동)
20250338184,대전광역시 유성구 배울1로 122(호반써밋프라자 Ⅰ 지상 1층 102호 용산동)
20250338295,대전광역시 유성구 지족북로6번길 1(지상 1층 지족동)
20250338672,대전광역시 유성구 엑스포로 1(지상 7층 A74-1호 도룡동)
20250338773,"대전광역시 유성구 용성로 21(지상 1층 201호 용산동, 호반써밋그랜드파크 2BL)"
20250338894,대전광역시 유성구 도안북로 81(지상 1층 일부호 용계동)
20250339109,대전광역시 유성구 학하서로20번길 6-15(지상 1층 계산동)
20250339168,"대전광역시 유성구 온천로 60(지상1층 101,102,105호 봉명동, 사이언스타운 주상복합)"
20250339169,대전광역시 유성구 한밭대로 414(지상1층 궁동)
20250339359,"대전광역시 유성구 엑스포로123번길 34(지상1층 114,117호 도룡동, 도룡코아루스마트리치오피스텔)"
20250339433,대전광역시 유성구 자운로97번길 290(자운레스텔 지상2층 신봉동)
20250339860,대전광역시 유성구 배울1로 132(용산써밋프라자 Ⅰ 지상1층 107호 용산동)
20250339916,대전광역시 유성구 유성대로 871(지상1층 104호 죽동)
20250342381,대전광역시 대덕구 중리동로 36-1(1층 중리동)
20250347069,울산광역시 중구 성안로 139(1층 성안동)
20250347102,울산광역시 중구 태화로 216(1층 태화동)
20250347124,울산광역시 중구 함월로 119(1층 성안동)
20250347157,울산광역시 중구 번영로 475(홈플러스울산점 2층 복산동)
20250347219,울산광역시 중구 동천4길 32(1층 서동)
20250347306,울산광역시 중구 종가8길 47(2층 복산동)
20250347316,"울산광역시 중구 신기길 19(1층 105호 태화동, 대정빌라)"
20250347474,울산광역시 중구 성안7길 3(1층 성안동)
20250347484,"울산광역시 중구 남외3길 4(101, 102호 남외동)"
20250347488,울산광역시 중구 화합로 426(1층 102호 반구동)
20250347696,울산광역시 중구 신기1길 58(지하1~3층 태화동)
20250350145,울산광역시 남구 돋질로140번길 18(102호 달동)
20250350158,울산광역시 남구 삼산로 288(롯데백화점 지하1층 삼산동)
20250350159,울산광역시 남구 삼산로 288(롯데백화점 지하1층 삼산동)
20250350169,"울산광역시 남구 삼산로 288(롯데백화점, 울산고속버스터미널 지하1층 삼산동)"
20250350263,울산광역시 남구 대암로 117(1층 야음동)
20250350401,"울산광역시 남구 정동로 106(1,2층 삼산동)"
20250350491,울산광역시 남구 왕생로 97(1층 달동)
20250350552,울산광역시 남구 삼산중로131번길 40(1층 삼산동)
20250350711,울산광역시 남구 신복로21번길 14(1층 무거동)
20250351281,울산광역시 남구 삼산로 288(롯데백화점 지하1층 삼산동)
20250351324,울산광역시 남구 삼산로 288(롯데백화점 8층 삼산동)
20250356018,"울산광역시 동구 봉수로 250(302동 101호 전하동, 울산전하푸르지오)"
20250356134,"울산광역시 동구 방어진순환도로 865(2층 211호 전하동, 스위첸 웰츠타워 2단지)"
20250356208,울산광역시 동구 대학길 184(184빌딩 2층 화정동)
20250356229,"울산광역시 동구 서부로 51(1동 B203호 서부동, 신영 울산 지웰시티 자이 2단지)"
20250356257,울산광역시 동구 번덕8길 18(1층 일산동)
20250356326,울산광역시 동구 방어진순환도로 899(현대백화점 5층 서부동)
20250356402,"울산광역시 동구 방어진순환도로 865(2층 218호 전하동, 스위첸 웰츠타워 2단지)"
20250359013,울산광역시 북구 신답로 40(지팝프라자 지상1층 106호 상안동)
20250359117,울산광역시 북구 괴정1길 110(지상1층 매곡동)
20250359149,울산광역시 북구 박상진9로 26(지상1층 송정동)
20250359160,울산광역시 북구 동대로 57-2(2동 지상1층 호계동)
20250359182,울산광역시 북구 호계로 222(지상1층 호계동)
20250362032,울산광역시 울주군 웅촌면 곡천동문길 25(1층)
20250362088,울산광역시 울주군 삼남읍 강당로 118(1층)
20250362179,울산광역시 울주군 온산읍 덕망로 28(1층)
20250362200,울산광역시 울주군 언양읍 북문8길 5(1층)
20250362322,울산광역시 울주군 온양읍 온양로 239(1층)
20250362351,울산광역시 울주군 온양읍 터실2길 4(1층)
20250362401,울산광역시 울주군 서생면 나사해안길 33(101-C호)
20250362486,울산광역시 울주군 삼남읍 작괘들길 79(1층)
20250362532,울산광역시 울주군 범서읍 천상1길 20-5(2층)
20250362595,울산광역시 울주군 온산읍 온덕1길 7(1층)
20250365013,세종특별자치시 한누리대로 2003(펠리체타워3 2층 207호 소담동)
20250365179,세종특별자치시 한누리대로 2003(펠리체타워3 1층 107호 소담동)
20250365297,세종특별자치시 시청대로 167(세종드림빌딩 1층 116-1호 보람동)
20250365311,세종특별자치시 한누리대로 2165(호려울마을7단지 근린생활시설 752동 1층 B-140호 보람동)
20250365371,"세종특별자치시 해밀3로 32(근린생활시설동 지1층 137호 해밀동, 해밀마을1단지)"
20250365393,세종특별자치시 전의면 운주산로 1402-6(1층)
20250365412,"세종특별자치시 산울7로 11(근생E711동하부동 2층 202,203호 산울동, 산울마을7단지)"
20250365632,세종특별자치시 한누리대로 234(르네상스 1층 105호 나성동)
20250365867,"세종특별자치시 해밀3로 85(근린생활시설동 1층 105호 해밀동, 해밀마을 행복주택)"
20250365896,세종특별자치시 조치원읍 세종로 2511(고려대학교세종캠퍼스 2층)
20250366085,세종특별자치시 시청대로 127(강남프라자 1층 112호 보람동)
20250366098,"세종특별자치시 고운서길 13(에이스프라자 101,102호 고운동)"
20250366140,세종특별자치시 새롬중앙로 47(세움빌딩 1층 101호 새롬동)
20250366171,세종특별자치시 아름서1길 23(세종조이1 1동 1층 107호 아름동)
20250366226,"세종특별자치시 가름로 143(KT&G세종타워B 지상 1층 2~5호,6일부호 어진동)"
20250378016,"경기도 수원시 팔달구 인계로124번길 36(1층 103호,104호 인계동)"
20250378102,경기도 수원시 팔달구 덕영대로 924(AK플라자 3층 매산로1가)
20250378113,경기도 수원시 팔달구 향교로 9-2(2층 매산로1가)
20250378145,경기도 수원시 팔달구 덕영대로 924(AK플라자 6층 일부호 매산로1가)
20250378160,경기도 수원시 팔달구 인계로 154(동수원뉴코아아울렛 지하1층 인계동)
20250378189,경기도 수원시 팔달구 경수대로642번길 55(1층 우만동)
20250378212,경기도 수원시 팔달구 매산로 17-6(1층 매산로1가)
20250378218,"경기도 수원시 팔달구 인계로 20(근린생활시설1동 지1층 B102호 매교동, 매교역푸르지오SK VIEW)"
20250378222,"경기도 수원시 팔달구 고매로 1(1층 108호 고등동, 엘리시아)"
20250378233,경기도 수원시 팔달구 덕영대로 924(AK플라자 6층 매산로1가)
20250378296,경기도 수원시 팔달구 덕영대로 924(AK플라자 6층 매산로1가)
20250378317,경기도 수원시 팔달구 매산로 116(1층 교동)
20250378327,경기도 수원시 팔달구 인계로 154(동수원뉴코아아울렛 8층 인계동)
20250378328,경기도 수원시 팔달구 인계로 154(동수원뉴코아아울렛 8층 인계동)
20250378333,경기도 수원시 팔달구 덕영대로 924(AK플라자 6층 매산로1가)
20250378334,경기도 수원시 팔달구 인계로166번길 48-21(인계샤르망오피스텔 119호 인계동)
20250378355,"경기도 수원시 팔달구 정조로 697(1층 104,105호 매교동)"
20250378357,경기도 수원시 팔달구 덕영대로 924(AK플라자 지하1층 매산로1가)
20250378358,경기도 수원시 팔달구 덕영대로 924(AK플라자 지하1층 매산로1가)
20250378359,경기도 수원시 팔달구 덕영대로 924(AK플라자 지하1층 매산로1가)
20250378360,경기도 수원시 팔달구 덕영대로 924(AK플라자 지하1층 매산로1가)
20250378365,경기도 수원시 팔달구 인계로 154(동수원뉴코아아울렛 8층 인계동)
20250378367,경기도 수원시 팔달구 효원로265번길 54(1층 110호 인계동)
20250378481,경기도 수원시 팔달구 인계로 154(동수원뉴코아아울렛 지하1층 일부호 인계동)
20250378532,경기도 수원시 팔달구 권광로207번길 39(1층 104호 인계동)
20250378541,경기도 수원시 팔달구 정조로 761(1층 팔달로3가)
20250378574,경기도 수원시 팔달구 인계로 65(1층 인계동)
20250378588,경기도 수원시 팔달구 덕영대로 924(AK플라자 지하1층 매산로1가)
20250381144,경기도 수원시 영통구 봉영로 1623(드림피아빌딩 1층 122호 영통동)
20250381177,경기도 수원시 영통구 매원로 16(1층 매탄동)
20250381182,경기도 수원시 영통구 청명남로28번길 2(아이텐텐빌딩 1층 103호 영통동)
20250381189,"경기도 수원시 영통구 광교호수공원로 20(B1층 B1-23호 원천동, 더샵 광교레이크시티)"
20250381231,"경기도 수원시 영통구 도청로66번길 6(1층 135-1호 이의동, 힐스테이트광교중앙역퍼스트)"
20250381233,경기도 수원시 영통구 권선로803번길 36(1층 7호 매탄동)
20250381237,경기도 수원시 영통구 광교중앙로 124(갤러리아 광교 9층 하동)
20250381260,경기도 수원시 영통구 광교중앙로 124(갤러리아 광교 지하1층 하동)
20250381267,경기도 수원시 영통구 대학1로58번길 16(1층 이의동)
20250381268,경기도 수원시 영통구 광교중앙로 124(갤러리아 광교 지1층 하동)
20250381398,경기도 수원시 영통구 센트럴파크로127번길 122(1층 이의동)
20250381404,경기도 수원시 영통구 반달로 114(2층 영통동)
20250381406,경기도 수원시 영통구 도청로 10(롯데몰 광교점 3층 이의동)
20250381513,경기도 수원시 영통구 매영로345번길 7(영통트리플렉스 제1층 제121호 영통동)
20250381523,경기도 수원시 영통구 청명남로 21(아셈프라자 1층 105호 영통동)
20250381527,경기도 수원시 영통구 덕영대로1499번길 79(타운빌딩 1층 105호 망포동)
20250381557,경기도 수원시 영통구 도청로 10(롯데몰 광교점 3층 이의동)
20250381567,"경기도 수원시 영통구 센트럴타운로 106(센트럴프라자 1층 123, 124, 125호 이의동)"
20250381640,경기도 수원시 영통구 봉영로 1612(보보스프라자 1층 122호 영통동)
20250381648,경기도 수원시 영통구 봉영로 1623(드림피아빌딩 1층 111호 영통동)
20250381667,경기도 수원시 영통구 광교중앙로 124(갤러리아 광교 지하1층 하동)
20250381715,경기도 수원시 영통구 도청로17번길 34(에듀메디컬 106호 이의동)
20250381727,"경기도 수원시 영통구 센트럴타운로 107(204동 지하1층 B-36호 이의동, 광교푸르지오 월드마크, 월드스퀘어)"
20250381734,경기도 수원시 영통구 태장로 62(신영통동원프라자 1층 108호 망포동)
20250381783,경기도 수원시 영통구 센트럴타운로 106(센트럴프라자 2층 203호 이의동)
20250381797,경기도 수원시 영통구 인계로 260(우영프라자 1층 109호 매탄동)
20250381808,경기도 수원시 영통구 덕영대로1556번길 16(디지털엠파이어빌딩 1층 103호 영통동)
20250384166,경기도 수원시 장안구 율전로 107(1층 일부호 율전동)
20250384234,경기도 수원시 장안구 정조로922번길 1(한도체육사 1층 일부호 영화동)
20250384256,경기도 수원시 장안구 대평로 128(파크프라자 1층 103호 정자동)
20250384260,"경기도 수원시 장안구 덕영대로535번길 28(1층 104,105호 천천동)"
20250384267,경기도 수원시 장안구 영화로72번길 3(광일빌딩 1층 일부호 정자동)
20250384323,"경기도 수원시 장안구 경수대로 935(1층 101, 102호 송죽동, 동양파라곤)"
20250384372,경기도 수원시 장안구 정조로1088번길 24(1층 일부호 송죽동)
20250384388,경기도 수원시 장안구 정자로 132-9(1층 일부호 정자동)
20250387015,경기도 수원시 권선구 서부로 1822-55(1층 일부호 탑동)
20250387017,경기도 수원시 권선구 세화로 134(타임빌라스 수원 3층 일부호 서둔동)
20250387071,경기도 수원시 권선구 매실로7번길 3(1층 호매실동)
20250387090,경기도 수원시 권선구 세화로 134(타임빌라스 수원 7층 서둔동)
20250387145,경기도 수원시 권선구 세화로 134(타임빌라스 수원 7층 서둔동)
20250387206,경기도 수원시 권선구 세화로 134(타임빌라스 수원 3층 서둔동)
20250387256,경기도 수원시 권선구 경수대로 270(수원이마트점 1층 푸드코트호 권선동)
20250387297,경기도 수원시 권선구 입북로 41(101호 입북동)
20250387301,경기도 수원시 권선구 세화로 134(타임빌라스 수원 7층 서둔동)
20250387302,경기도 수원시 권선구 세화로 134(타임빌라스 수원 3층 서둔동)
20250387318,경기도 수원시 권선구 정조로565번길 12(1층 일부호 세류동)
20250387389,경기도 수원시 권선구 세화로 134(타임빌라스 수원 3층 푸드코트 일부호 서둔동)
20250387434,경기도 수원시 권선구 금곡로 204(세종타운721 1층 111호 금곡동)
20250387444,경기도 수원시 권선구 금곡로212번길 25(광일프라자 1층 102호 금곡동)
20250387574,경기도 수원시 권선구 금곡로102번길 37(102호 금곡동)
20250387587,경기도 수원시 권선구 세화로154번길 10(1층 일부호 서둔동)
20250387589,경기도 수원시 권선구 매송고색로 720-1(1층 일부호 고색동)
20250387593,경기도 수원시 권선구 권광로123번길 30(1층 권선동)
20250387597,경기도 수원시 권선구 서부로1670번길 33(수원금호리첸시아퍼스티지 1단지 B동 1층 117호 고색동)
20250387610,경기도 수원시 권선구 금곡로102번길 30(107호 금곡동)
20250387633,경기도 수원시 권선구 금곡로 213(103~104호 금곡동)
20250387640,경기도 수원시 권선구 세화로 134(타임빌라스 수원 3층 서둔동)
20250387668,경기도 수원시 권선구 세화로 134(타임빌라스 수원 3층 일부호 서둔동)
20250393004,"경기도 성남시 수정구 금토로80번길 55(GT센트럴판교 1층 101호,102호 금토동)"
20250393035,경기도 성남시 수정구 창업로 17(판교아이스퀘어 F동 지1층 B102호 시흥동)
20250393043,경기도 성남시 수정구 신촌남로 1(1층 101호 신촌동)
20250393146,경기도 성남시 수정구 수정로 267(성창빌딩 1층 102일부호 신흥동)
20250393273,경기도 성남시 수정구 수정북로 116(지하1층 태평동)
20250393314,경기도 성남시 수정구 수정로 267(성창빌딩 1층 102일부호 신흥동)
20250393400,경기도 성남시 수정구 수정로 106(수진동 SR프라자 1층 114호 수진동)
20250393412,경기도 성남시 수정구 위례광장로 310(우성트램타워 주건축물제1동 1층 B-118호 창곡동)
20250393437,경기도 성남시 수정구 사송로 48(지1층 사송동)
20250393491,경기도 성남시 수정구 수정로 154(한성빌딩 1층 일부호 신흥동)
20250396055,경기도 성남시 중원구 광명로 367(1층 일부호 금광동)
20250396065,경기도 성남시 중원구 광명로 369(1층 일부호 금광동)
20250396146,"경기도 성남시 중원구 성남대로997번길 25-3(지하1층,1층 여수동)"
20250396221,"경기도 성남시 중원구 금상로 32(지층,1층 상대원동)"
20250399089,경기도 성남시 분당구 판교역로146번길 20(현대백화점 판교점 지하1층 일부 백현동)
20250399209,경기도 성남시 분당구 판교역로 235(에이치스퀘어 엔동 1층 116호 삼평동)
20250399210,경기도 성남시 분당구 돌마로 68(분당프라자 1층 124호 구미동)
20250399245,"경기도 성남시 분당구 정자일로 240(월드프라자 110, 111호 정자동)"
20250399271,경기도 성남시 분당구 야탑로65번길 8(나인투빌딩 101호 일부 야탑동)
20250399382,경기도 성남시 분당구 판교대장로7길 8(1층 대장동)
20250399455,"경기도 성남시 분당구 탄천상로151번길 20(월드쇼핑CGV Square C동 301,302호 구미동)"
20250399488,경기도 성남시 분당구 판교역로146번길 20(현대백화점 판교점 지하1층 일부 백현동)
20250399553,경기도 성남시 분당구 운중로 140(메트로골드 1층 104호 운중동)
20250399592,경기도 성남시 분당구 야탑로81번길 11(NC백화점 7층 일부 야탑동)
20250399740,경기도 성남시 분당구 장미로48번길 14(엔즈빌오피스텔 101호 야탑동)
20250399803,경기도 성남시 분당구 판교역로146번길 20(현대백화점 판교점 지하1층 일부 백현동)
20250399847,경기도 성남시 분당구 매화로48번길 8(1층 일부 야탑동)
20250399850,"경기도 성남시 분당구 운중로 135(더원스퀘어 103,104호 운중동)"
20250399867,"경기도 성남시 분당구 대왕판교로 660(유스페이스1 지하1층 104,105호 삼평동)"
20250399993,경기도 성남시 분당구 대왕판교로606번길 39(럭스타워 107호 삼평동)
20250400289,경기도 성남시 분당구 돌마로366번길 42(동한프라자 1층 일부 수내동)
20250400311,"경기도 성남시 분당구 정자일로 230(1층 117호 정자동, 동양정자파라곤)"
20250400395,"경기도 성남시 분당구 분당로53번길 19(피아자코코빌딩 104-1, 104-2호 서현동)"
20250400582,"경기도 성남시 분당구 정자일로 120(1층 115, 116호 정자동, 삼성아데나루체)"
20250404008,경기도 의정부시 하금로25번길 5(지상1층 금오동)
20250404030,"경기도 의정부시 오목로225번길 173(거택프라자 지상1층 103, 104호 민락동)"
20250404031,경기도 의정부시 장곡로596번길 19(골드타워 104호 신곡동)
20250404089,경기도 의정부시 회룡로192번길 39(지상1층 장암동)
20250404109,"경기도 의정부시 시민로 145(지상1층 114,115호 의정부동, 이안 더 센트로 의정부)"
20250404110,경기도 의정부시 금신로 376(지상1층 금오동)
20250404203,"경기도 의정부시 평화로 196(지상1층 118호 호원동, 신일엘리시움)"
20250404353,경기도 의정부시 능곡로 46(지상1층 신곡동)
20250404355,경기도 의정부시 송현로82번길 95(지상1층 민락동)
20250404356,경기도 의정부시 평화로 525(신세계백화점 의정부점 지상2층 의정부동)
20250404359,경기도 의정부시 평화로 525(신세계백화점 의정부점 지상2층 의정부동)
20250404558,경기도 의정부시 평화로 525(신세계백화점 의정부점 지상9층 의정부동)
20250404598,경기도 의정부시 진등로11번길 3(삼전오피스텔 지상1층 녹양동)
20250404600,경기도 의정부시 장곡로 22(아일랜드캐슬 A동 지하2층 B203-2호 장암동)
20250404601,경기도 의정부시 장곡로 22(아일랜드캐슬 A동 지상1층 120호 장암동)
20250404640,경기도 의정부시 장곡로 22(아일랜드캐슬 A동 지하2층 B203-1호 장암동)
20250404693,경기도 의정부시 서광로 135(센타프라자 지상1층 118호 산곡동)
20250404961,경기도 의정부시 오목로225번길 6-18(지상1층 민락동)
20250405035,경기도 의정부시 시민로131번길 62(지상1층 의정부동)
20250405051,경기도 의정부시 민락로 210(이마트 지상2층 민락동)
20250405143,경기도 의정부시 문화로 66(지상1층 108호 산곡동)
20250405316,"경기도 의정부시 태평로 48(지상1층 103, 104호 의정부동)"
20250405326,경기도 의정부시 평화로 525(의정부신세계백화점 지상2층 의정부동)
20250405387,경기도 의정부시 발곡로 13(지상1층 신곡동)
20250405402,경기도 의정부시 민락로 210(이마트 의정부점 지상2층 민락동)
20250405424,경기도 의정부시 발곡로 24(지상1층 102호 신곡동)
20250405449,경기도 의정부시 평화로 197(지상2층 호원동)
20250411176,경기도 안양시 만안구 안양로304번길 12(세진빌딩 A동 1층 안양동)
20250411183,경기도 안양시 만안구 장내로 81(1층 일부호 안양동)
20250411213,경기도 안양시 만안구 박달로 524(1층 일부호 박달동)
20250414161,경기도 안양시 동안구 동안로 119(범계뉴코아 지하2층 호계동)
20250414163,경기도 안양시 동안구 관악대로434번길 37(1층 일부호 관양동)
20250414260,경기도 안양시 동안구 시민대로 252(평촌푸르지오센트럴파크 1층 101호 관양동)
20250414276,경기도 안양시 동안구 평촌대로223번길 31(동안상가 5층 501호 호계동)
20250414282,경기도 안양시 동안구 부림로 164(1층 일부호 관양동)
20250414330,"경기도 안양시 동안구 엘에스로 136(금정역2차 SK V1 tower 1층 120호, 121호 호계동)"
20250414365,경기도 안양시 동안구 흥안대로145번길 31(1층 전체호 호계동)
20250414368,경기도 안양시 동안구 관평로 76(꿈마을한신아파트 한신상가동 지하1층 8호 평촌동)
20250414376,"경기도 안양시 동안구 시민대로 180(G.SQURE, 롯데백화점 평촌점 8층 일부호 호계동)"
20250414380,"경기도 안양시 동안구 시민대로 180(G.SQURE, 롯데백화점 평촌점 7층 일부호 호계동)"
20250414407,"경기도 안양시 동안구 흥안대로427번길 16(평촌디지털엠파이어 1층 104호,105호 관양동)"
20250427023,"경기도 부천시 원미구 송내대로 239(소풍부천터미널1F01, 1F01-1, 1F01-2, 1F01-3, 1F01-4, 1F01-5호 상동)"
20250427083,"경기도 부천시 원미구 중동로262번길 40(세진빌딩 101,102,104,105호 중동)"
20250427115,"경기도 부천시 원미구 길주로77번길 55-9(태평양프라자 1층 109, 110호 상동)"
20250427121,경기도 부천시 원미구 소향로 149(필레오트윈파크2동 1층 109호 중동)
20250427194,경기도 부천시 원미구 길주로 115(시그마타워 106호 상동)
20250427202,경기도 부천시 원미구 상동로 69(새롬프라자15차 101호 상동)
20250427227,경기도 부천시 원미구 길주로 300(LOTTE백화점 10층 일부 중동)
20250427297,경기도 부천시 원미구 송내대로 239(소풍 5층 5396호 상동)
20250427300,경기도 부천시 원미구 조마루로 2(부천체육문화센타 스포츠센타동 1층 106호 상동)
20250427334,경기도 부천시 원미구 소향로 248(금강5차프라자 1층 103호 중동)
20250427385,경기도 부천시 원미구 길주로 111(센타프라자 108호 상동)
20250427386,경기도 부천시 원미구 길주로 307(로얄프라자 101A호 중동)
20250427418,경기도 부천시 원미구 소향로 139(대우마이빌 센트럴파크 1층 107호 중동)
20250427526,경기도 부천시 원미구 상일로 155-1(1층 상동)
20250427571,경기도 부천시 원미구 길주로 307(로얄프라자 1층 116호 중동)
20250427581,경기도 부천시 원미구 부천로 81(보림빌딩 1층 일부 심곡동)
20250427594,경기도 부천시 원미구 부흥로303번길 62(그린프라자 105호 중동)
20250427656,"경기도 부천시 원미구 도약로189번길 14-19(101호 약대동, 스타파크리움)"
20250427662,경기도 부천시 원미구 신흥로 40(디오스빌 105호 심곡동)
20250427704,경기도 부천시 원미구 부천로 158(1층 춘의동)
20250427746,"경기도 부천시 원미구 길주로 234(203동 1034,1035호 중동, 힐스테이트 중동)"
20250427778,경기도 부천시 원미구 조마루로291번길 25(센타프라자 109호 중동)
20250437124,경기도 부천시 소사구 부광로 220(우성테크노파크Ⅰ 1층 137호 옥길동)
20250437158,경기도 부천시 소사구 소사동로 205(Bmansion 2층 괴안동)
20250437227,"경기도 부천시 소사구 경인로 505(1층 103호 및 119호 괴안동, 역곡하이뷰)"
20250437253,경기도 부천시 소사구 소사로 153(1층 일부호 소사본동)
20250447029,"경기도 부천시 오정구 고리울로52번길 24(1층 109-110호 고강동, 테라 탑 팰리스)"
20250447051,경기도 부천시 오정구 소사로 818(유림빌딩 1층 일부호 원종동)
20250457139,경기도 광명시 광명로 915(제1층 일부호 광명동)
20250457144,경기도 광명시 신기로 7(골드스타빌딩 제1층 제110호 일직동)
20250457297,경기도 광명시 하안로 298(현대빌딩 2층 202호 일부호 하안동)
20250457299,경기도 광명시 하안로 298(현대빌딩 2층 202호 일부호 하안동)
20250457482,"경기도 광명시 소하로 94(1층 107호, 108호 소하동)"
20250457520,경기도 광명시 오리로995번길 6(1층 일부호 광명동)
20250457596,경기도 광명시 일직로 17(롯데아울렛 5층 일부호 일직동)
20250457629,"경기도 광명시 소하로 94(105, 106호 소하동)"
20250457688,경기도 광명시 양지로 11(유-플래닛 광명역 유-스트리트몰 에이-1동 지1층 에이142호 일직동)
20250457730,경기도 광명시 일직로 17(롯데몰 5층 일부호 일직동)
20250460227,경기도 평택시 경기대로 279(뉴코아 아울렛 백화점 1층 일부호 비전동)
20250460539,경기도 평택시 비전5로 15(강일타운 110호 비전동)
20250460602,경기도 평택시 영신2길 19(1층 101~102호 세교동)
20250460628,경기도 평택시 비전6길 20-2(1층 102호 비전동)
20250460722,경기도 평택시 동삭1로22번길 19-22(케이앤비빌딩 1층 102호 일부호 동삭동)
20250460898,경기도 평택시 용죽2로 50(101호 용이동)
20250460986,경기도 평택시 서재10길 30(1동 1층 동삭동)
20250463089,경기도 평택시 고덕로 250(에듀스카이 1층 110호 고덕동)
20250463337,경기도 평택시 고덕국제2로 45(판매시설동 132호 고덕동)
20250463649,경기도 평택시 장안외길 142(1동 1층 장안동)
20250463729,"경기도 평택시 고덕국제대로 77(지1층 비1121호 고덕동, 힐스테이트 고덕 센트럴)"
20250463758,"경기도 평택시 고덕국제대로 77(301동 지1층 비1118호 고덕동, 힐스테이트 고덕 센트럴)"
20250463789,경기도 평택시 함박산3길 35(유현하우스 1층 고덕동)
20250463862,경기도 평택시 고덕갈평5길 26(118호 고덕동)
20250466009,경기도 평택시 안중읍 안현로서8길 57(104호)
20250466370,경기도 평택시 안중읍 덕우로 39(근린생활시설동 102호 안중 지엔하임 스테이)
20250466374,경기도 평택시 안중읍 안중로 6(1층)
20250468039,"경기도 동두천시 지행로 60(효원월드타워 1, 2층 101, 201호 지행동)"
20250468041,경기도 동두천시 생골로 24(105호 생연동)
20250468187,경기도 동두천시 평화로2349번길 15(제2동 1층 생연동)
20250468255,경기도 동두천시 평화로2313번길 8-35(생연동)
20250468276,경기도 동두천시 동두천로 119(지행역프라자 1층 104호 지행동)
20250470153,경기도 안산시 단원구 구봉길 240(라동 1층 대부북동)
20250470405,경기도 안산시 단원구 구봉길 150(1층 대부북동)
20250473036,경기도 안산시 상록구 해양1로 15(안산고잔6차푸르지오 상가1동 104호 사동)
20250473043,경기도 안산시 상록구 송호3길 18(1층 일부 이동)
20250473068,경기도 안산시 상록구 광덕산안길 14(베스코아트빌 105호 월피동)
20250473127,경기도 안산시 상록구 해양3로 15(219호 사동)
20250473183,"경기도 안산시 상록구 예술광장1로 94(105,106,111호 성포동)"
20250477111,경기도 안산시 단원구 원포공원1로 35(제일프라자 110호 초지동)
20250477134,"경기도 안산시 단원구 엠티브이17로 35(라군 센트럴 스테이 110,111호 성곡동)"
20250477190,"경기도 안산시 단원구 광덕대로 206(골든빌 116호,117호 고잔동)"
20250477241,경기도 안산시 단원구 중앙대로 873(롯데백화점 안산점 신관 지하1층일부 고잔동)
20250477261,"경기도 안산시 단원구 광덕3로 145-7(한솔프라자 103,104호 고잔동)"
20250477264,경기도 안산시 단원구 원포공원1로 46(안산 고잔 E-MART 3층일부 초지동)
20250477309,"경기도 안산시 단원구 산단로 325(리드 스마트스퀘어 지식산업센터 CA-114호일부,CA-115호일부 신길동)"
20250477346,"경기도 안산시 단원구 광덕동로 67(신명빌딩 101,102호 고잔동)"
20250477366,경기도 안산시 단원구 광덕서로 48(양지주차빌딩 1층 113호 고잔동)
20250477406,경기도 안산시 단원구 예술대학로 17(안산중앙노블레스 112호 고잔동)
20250477470,경기도 안산시 단원구 엠티브이1로 52(1층 104호 성곡동)
20250477496,경기도 안산시 단원구 고잔로 57-11(센터하임오피스텔 104호 고잔동)
20250489047,경기도 고양시 덕양구 고양대로 1955(스타필드 고양 3일부층 동산동)
20250489086,경기도 고양시 덕양구 고양대로 1955(스타필드 고양 3층 일부호 동산동)
20250489141,경기도 고양시 덕양구 향기로 101(113호 향동동)
20250489156,경기도 고양시 덕양구 대덕산2길 48(1층 덕은동)
20250489161,경기도 고양시 덕양구 동축로 70(현대프리미어캠퍼스 지축역 지식산업센터 에이-씨-01-18호~에이-씨-01-25호 동산동)
20250489244,"경기도 고양시 덕양구 고양대로 1415(CIC 창조혁신캠퍼스 성사 C209호, C210호 성사동)"
20250489269,"경기도 고양시 덕양구 고양대로 1415(CIC 창조혁신캠퍼스 성사 B115호, B116호 성사동)"
20250489279,경기도 고양시 덕양구 충장로 20(1일부층 행신동)
20250489377,경기도 고양시 덕양구 안진6길 12(한울주택 1일부층 지축동)
20250489466,경기도 고양시 덕양구 화중로 154(은빛마을 종합상가동 1층 101호 화정동)
20250489472,경기도 고양시 덕양구 향동로 217(DMC 플렉스 데시앙 RB126호 향동동)
20250489510,경기도 고양시 덕양구 무원로54번길 15-16(1층 전체호 행신동)
20250489527,경기도 고양시 덕양구 고양대로 1955(스타필드 고양 지하1층 일부호 동산동)
20250489590,경기도 고양시 덕양구 권율대로 420(이케아 고양점 1층 일부호 도내동)
20250489666,경기도 고양시 덕양구 유산길 12(1층 일부호 내유동)
20250489726,경기도 고양시 덕양구 향동로 217(1층 R142호 향동동)
20250492099,"경기도 고양시 일산동구 숲속마을로 18(웰빙타운 109호,110호 풍동)"
20250492107,"경기도 고양시 일산동구 강송로 33(지하1층 일부A-B119-2호 백석동, 일산 요진 와이시티)"
20250492131,경기도 고양시 일산동구 정발산로 38(장항동이스턴시티 113호 장항동)
20250492242,경기도 고양시 일산동구 숲속마을로 18(웰빙타운 108호 풍동)
20250492269,경기도 고양시 일산동구 중앙로 1206(뉴코아백화점일산점 1층 101일부호 마두동)
20250492279,"경기도 고양시 일산동구 강송로 33(1층 일부내부B-1101호 백석동, 일산 요진 와이시티)"
20250492280,경기도 고양시 일산동구 일산로 227(1층 일부호 마두동)
20250492292,경기도 고양시 일산동구 정발산로 31-21(맥클린21 2층 201전체호 장항동)
20250492301,"경기도 고양시 일산동구 정발산로 24(웨스턴돔1 A201,202호 장항동)"
20250492304,경기도 고양시 일산동구 고봉로 703(가동 1층 일부호 설문동)
20250492305,경기도 고양시 일산동구 백마로213번길 12(한솔프레미낭 102일부호 장항동)
20250492328,경기도 고양시 일산동구 중앙로 1283(롯데백화점일산점 10층 일부호 장항동)
20250492386,"경기도 고양시 일산동구 무궁화로 37(노블리제 107, 107-1호 장항동)"
20250492412,경기도 고양시 일산동구 중앙로 1206(뉴코아백화점일산점 지하1층 일부호 마두동)
20250492439,"경기도 고양시 일산동구 태극로 11(일산 한류월드 유보라 더 스마트 근린생활시설상가동 116,117호 장항동)"
20250492474,"경기도 고양시 일산동구 원중1길 56(유니온스퀘어 104,105,106호 식사동)"
20250492523,경기도 고양시 일산동구 중앙로1275번길 60-30(라페스타B 1층 112전체호 장항동)
20250492524,"경기도 고양시 일산동구 위시티로 55(캄포스퀘어 B05일부호, B06전체호 식사동)"
20250492535,경기도 고양시 일산동구 산두로 269-1(1층 일부호 정발산동)
20250492592,경기도 고양시 일산동구 일산로358번길 52(1층 일부호 정발산동)
20250492617,경기도 고양시 일산동구 일산로 227(1층 일부호 마두동)
20250492619,경기도 고양시 일산동구 중앙로 1206(뉴코아백화점일산점 지하1층 일부호 마두동)
20250495036,"경기도 고양시 일산서구 주엽로 150(자유프라자 102일부,103일부,104,105호 주엽동)"
20250495066,경기도 고양시 일산서구 하이파크1로 77(하이파크스퀘어 1층 109호 덕이동)
20250495191,경기도 고양시 일산서구 호수로 817(현대백화점 킨텍스점 지하1층 일부호 대화동)
20250495219,경기도 고양시 일산서구 호수로 817(현대백화점 킨텍스점 지하1층 일부호 대화동)
20250495329,"경기도 고양시 일산서구 탄현로 136(상가동 1층 107호 탄현동, 일산에듀포레푸르지오)"
20250495354,경기도 고양시 일산서구 주엽로 80(일산 호수공원 가로수길 A118호 대화동)
20250495431,"경기도 고양시 일산서구 중앙로 1456(서현프라자 1층 120,121호 주엽동)"
20250495443,경기도 고양시 일산서구 킨텍스로 171(스타필드마켓 킨텍스점 2층 일부호 대화동)
20250495457,경기도 고양시 일산서구 킨텍스로 171(일산 킨텍스복합개발스타필드마켓킨텍스점 2층 일부 ※내부호수 2204호 대화동)
20250495614,"경기도 고양시 일산서구 일현로 97-11(B113호일부, B113-1호, B113-2호 탄현동, 일산 위브더제니스)"
20250495774,경기도 고양시 일산서구 킨텍스로 217-60(킨텍스 제1전시장 1층 일부호 대화동)
20250498060,경기도 과천시 과천대로2길 54(ground V B1층 갈현동)
20250498105,경기도 과천시 별양상가3로 14(e편한세상 시티 과천 1층 109호 별양동)
20250498156,경기도 과천시 별양상가1로 31(제일상가 2층 204호 별양동)
20250498179,경기도 과천시 관문로 92(힐스테이트 과천중앙 에이동 118호 중앙동)
20250498195,경기도 과천시 과천대로7길 20(과천 스마트케이 업무시설 B동 166호 갈현동)
20250498219,경기도 과천시 관문로 92(힐스테이트 과천중앙 B동 지하1층 B-B119호 중앙동)
20250498233,경기도 과천시 과천대로2길 6(과천 테라스 원 211호 갈현동)
20250498260,경기도 과천시 별양상가3로 14(e편한세상 시티 과천 1동 106호 별양동)
20250500106,"경기도 구리시 갈매중앙로 201-6(202동 125,126호 갈매동)"
20250500193,경기도 구리시 갈매순환로 188(힐스테이트 갈매역 스칸센A그룹 제알토 현대클러스터동 제1층 제AC-0016호 갈매동)
20250500280,경기도 구리시 건원대로99번길 83(101호 인창동)
20250500379,경기도 구리시 경춘로 261(롯데백화점 구리점 8층 인창동)
20250500401,경기도 구리시 이문안로 80(1층 가운데호 수택동)
20250500491,"경기도 구리시 건원대로 36(화성골드프라자 1층 104, 105호 인창동)"
20250500622,경기도 구리시 동구릉로85번길 45(현산빌딩 1층 103호 인창동)
20250503172,경기도 남양주시 별내중앙로 53(은가비 102호 별내동)
20250503483,경기도 남양주시 진접읍 내각1로 80(1층 일부호)
20250503657,경기도 남양주시 다산순환로 50(현대프리미엄아울렛 SPACE1 3층 일부호 다산동)
20250503713,경기도 남양주시 수동면 비룡로 859(1층 일부호)
20250503787,경기도 남양주시 다산순환로 50(현대프리미엄아울렛 SPACE1 3층 일부호 다산동)
20250503853,경기도 남양주시 평내로29번길 49(평내엠투프라자 1층 101호 평내동)
20250503908,경기도 남양주시 다산순환로 424(다산진건지구 근생3-1-3 1층 106호 다산동)
20250504098,경기도 남양주시 평내로 167(늘봄프라자 110호 평내동)
20250504123,경기도 남양주시 진접읍 해밀예당1로235번길 5-8(1층 일부호)
20250504355,경기도 남양주시 오남읍 양지로290번길 25-5(1층 일부호)
20250504374,경기도 남양주시 화도읍 마석로 108(용준빌딩 1층 일부호)
20250504453,경기도 남양주시 늘을2로 27(남양주 호평이마트 3층 일부호 호평동)
20250504527,경기도 남양주시 다산중앙로172번길 42(101호 다산동)
20250504549,경기도 남양주시 오남읍 진건오남로898번길 9-15(1층 일부호)
20250504552,"경기도 남양주시 진건읍 진건우회로 75(1,2층)"
20250504571,경기도 남양주시 오남읍 진건오남로 558(1층 일부호)
20250504578,경기도 남양주시 퇴계원읍 퇴계원로 21(1층 일부호)
20250504594,경기도 남양주시 다산지금로 127(보람프라자 주건축물제1동 1층 108호 다산동)
20250504604,경기도 남양주시 오남읍 진건오남로 523(1층 일부호)
20250504638,경기도 남양주시 경춘로 832(1~2층 일패동)
20250504741,경기도 남양주시 다산중앙로123번길 22-80(신해메디컬타워 214호 다산동)
20250504757,경기도 남양주시 별내면 청학로68번길 13(1층 일부호)
20250504808,경기도 남양주시 와부읍 덕소로 269(동성프라자 1층 일부호)
20250504944,경기도 남양주시 와부읍 덕소로116번길 17-1(1층)
20250504949,경기도 남양주시 의안로 129-3(동부프라자 109호 평내동)
20250504951,경기도 남양주시 다산중앙로123번길 22-8(리더스퀘어 105호 다산동)
20250504989,경기도 남양주시 진접읍 해밀예당3로 126(101호)
20250505094,경기도 남양주시 호평로46번길 14(ZENEW빌딩 1층 126호 호평동)
20250505246,"경기도 남양주시 화도읍 창현로 65(주1동 1,2층)"
20250510060,"경기도 오산시 궐리사로 8(1층 113호 궐동, 센트하임)"
20250510073,경기도 오산시 세남로 28-9(1층 일부호 양산동)
20250510078,경기도 오산시 경기대로 174(다모아프라자 1층 108호 원동)
20250510137,경기도 오산시 내삼미로79번길 19(광장프라자 1층 107호 수청동)
20250510141,"경기도 오산시 궐리사로 8(1층 114호 궐동, 센트하임)"
20250510167,경기도 오산시 수목원로468번길 6-18(1층 일부호 금암동)
20250510203,경기도 오산시 대원로 59(랜드빌프라자 2층 201호 원동)
20250510364,"경기도 오산시 수목원로 590(세마역아피체더봄 1층 108,109호 세교동)"
20250510388,경기도 오산시 수목원로 618(세마엠시티 1층 102호 세교동)
20250510453,경기도 오산시 죽담3로 12(주건축물제1동 1층 111호 궐동)
20250510531,경기도 오산시 궐리사로29번길 6(1층 일부호 궐동)
20250510539,"경기도 오산시 부산중앙로 42(상가동 지하4층 105호 부산동, 오산시티자이2차)"
20250510545,"경기도 오산시 초평중앙로 10(1층 107호 탑동, 오산세교 한신더휴)"
20250510650,경기도 오산시 죽담안로 38-15(금영프라자 1층 105호 궐동)
20250510735,경기도 오산시 죽담안로 38-15(금영프라자 1층 106호 궐동)
20250510813,경기도 오산시 수청로8번길 31(1층 수청동)
20250513097,"경기도 시흥시 은계번영길 7(단디프라자 1층 104,105,106호 은행동)"
20250513119,경기도 시흥시 정왕대로 230(제일프라자 101-5호 정왕동)
20250513330,경기도 시흥시 수인로3247번길 5(2층 은행동)
20250513436,경기도 시흥시 남왕길 48-15(1층 일부호 목감동)
20250513490,경기도 시흥시 수풀안길 14-23(메트로타워-2 108호 조남동)
20250513587,"경기도 시흥시 은계남로 12(제1층 150호 은행동, 시흥은계 호반 써밋플레이스)"
20250513697,"경기도 시흥시 마유로418번길 10(롯데시네마 시화점 1층 117호, 118호 정왕동)"
20250514174,경기도 시흥시 마유로418번길 24(1층 101호 정왕동)
20250514204,경기도 시흥시 거북섬2길 25(퍼스트에비뉴2차 1층 108호 정왕동)
20250514229,"경기도 시흥시 서울대학로278번길 19-13(107동 A-140호 배곧동, 시흥배곧 C1 호반 써밋플레이스)"
20250514279,경기도 시흥시 서해안로 699(시흥 프리미엄 아울렛 1층 일부호 배곧동)
20250514401,경기도 시흥시 수인로 3366(삼영아트빌 1층 일부호 신천동)
20250514476,"경기도 시흥시 수인로3312번길 16(T동 지2층 T232호 대야동, 시흥 센트럴 푸르지오)"
20250514819,경기도 시흥시 함송로 24(세종프라자 116호 정왕동)
20250520277,경기도 군포시 대야1로 17(건양타워2차아파트 상가 1층 101호 대야미동)
20250520359,경기도 군포시 번영로 485(롯데 피트인 산본 7층 일부호 산본동)
20250520440,경기도 군포시 번영로 485(롯데 피트인 산본점 7층 일부호 산본동)
20250520449,경기도 군포시 번영로 485(롯데 피트인 산본점 7층 일부호 산본동)
20250520475,경기도 군포시 산본로 378(산본사이버텔 1층 105호 산본동)
20250520585,경기도 군포시 고산로 705-2(1층 산본동)
20250520620,경기도 군포시 산본로 382(진달래각 1층 일부호 산본동)
20250523083,경기도 의왕시 안양판교로 99(스마일타워 205호 포일동)
20250523094,경기도 의왕시 바라산로 1(롯데프리미엄아울렛의왕점 3층 학의동)
20250523205,경기도 의왕시 바라산로 1(롯데프리미엄아울렛의왕점 1층 학의동)
20250523231,"경기도 의왕시 부곡중앙로 36-3(101,102호 삼동)"
20250523233,경기도 의왕시 바라산로 1(롯데프리미엄아울렛의왕점 3층 학의동)
20250523258,경기도 의왕시 부곡중앙남7길 8-6(102호 삼동)
20250523302,경기도 의왕시 바라산로 1(롯데프리미엄아울렛의왕점 2층 일부호 학의동)
20250523326,경기도 의왕시 계원대학로 7(롯데마트 1층 내손동)
20250525047,경기도 하남시 미사강변한강로334번길 19-1(1층 일부호 망월동)
20250525194,경기도 하남시 미사강변중앙로 200(e편한세상 시티 미사 1층 117호 망월동)
20250525201,경기도 하남시 미사대로 750(스타필드 하남 2층 일부호 신장동)
20250525276,경기도 하남시 미사강변동로 73(미사강변 노블레스 1층 116호 망월동)
20250525281,경기도 하남시 미사강변남로 99(더 오페라2 1층 112~114호 망월동)
20250525456,"경기도 하남시 미사대로 540(현대지식산업센터 한강미사2차26BL 1층 BC01-020, 021호 덕풍동)"
20250525511,경기도 하남시 미사강변동로 95(힐스테이트 미사역 그랑파사쥬12-1BL 1층 1025호 망월동)
20250525519,경기도 하남시 미사강변중앙로 208(부강타워 1층 101호~106호 망월동)
20250525624,경기도 하남시 미사강변동로 95(힐스테이트 미사역 그랑파사쥬12-1BL 1층 1026호 망월동)
20250525821,"경기도 하남시 위례학암로14번길 11(위례 메디프라자 1층 103,104,105호 학암동)"
20250525980,경기도 하남시 미사강변중앙로 180(힐스테이트 미사역 그랑파사쥬11-1BL 1층 1049호 망월동)
20250526004,경기도 하남시 미사강변동로 100-1(미사역 파라곤 스퀘어 1층 1113~1118호 망월동)
20250526063,"경기도 하남시 미사대로 472(SR광장프라자 1층 112,113호 망월동)"
20250526110,경기도 하남시 미사강변동로 72(에스비비즈타워 1층 104호 망월동)
20250526152,"경기도 하남시 미사강변대로 84(미사탑프라자 1층 104, 105호 풍산동)"
20250526233,경기도 하남시 미사강변북로30번길 22(1층 일부호 망월동)
20250526264,경기도 하남시 미사강변대로34번길 100(미사타워 1층 110호 풍산동)
20250526272,경기도 하남시 미사강변중앙로 174(해링턴타워 레이크파크 1층 121호 망월동)
20250532073,경기도 용인시 처인구 금령로71번길 7-1(2층 김량장동)
20250532332,경기도 용인시 처인구 주북로94번길 30-1(가동 1층 일부 고림동)
20250532416,경기도 용인시 처인구 중부대로1331번길 7(1층 일부 역북동)
20250532744,경기도 용인시 처인구 한터로 114(1층 일부102호 고림동)
20250532854,경기도 용인시 처인구 모현읍 백옥대로 2438(1층 일부104호)
20250532908,경기도 용인시 처인구 양지면 남평로 49(1층 일부103호)
20250533043,경기도 용인시 처인구 명지로 31(103호 역북동)
20250535007,"경기도 용인시 기흥구 보정로 109(현대프라자 105,106호 보정동)"
20250535121,경기도 용인시 기흥구 평촌2로1번길 5(101호 동백동)
20250535163,경기도 용인시 기흥구 사은로 142(1층 보라동)
20250535225,경기도 용인시 기흥구 신구로54번길 1(국일빌딩 103호 구갈동)
20250535303,경기도 용인시 기흥구 동백죽전대로 444(쥬네브 지하1층 B006호 중동)
20250535380,경기도 용인시 기흥구 신갈로124번길 23-1(1층 전체호 신갈동)
20250535385,"경기도 용인시 기흥구 중부대로 563(사훈프라자 지하층 101,102호 구갈동)"
20250535386,경기도 용인시 기흥구 죽전로 15(벤포스타2 1층 102호 보정동)
20250535501,"경기도 용인시 기흥구 흥덕1로 5-14(1,2층 영덕동)"
20250535607,경기도 용인시 기흥구 한보라1로 14(베스트프라자 1층 103호 보라동)
20250535819,경기도 용인시 기흥구 강남로 13(칼리지포인트 1층 113~115호 구갈동)
20250536011,경기도 용인시 기흥구 동백중앙로 193(동창프라자 103호 중동)
20250536314,경기도 용인시 기흥구 예현로 23(1층 일부호 서천동)
20250539237,경기도 용인시 수지구 포은대로 536(주신세계 사우스시티 9층 일부호 죽전동)
20250539243,경기도 용인시 수지구 포은대로 536(주신세계 사우스시티 9층 일부호 죽전동)
20250539345,경기도 용인시 수지구 포은대로 536(주신세계 사우스시티 지하2층 일부호 죽전동)
20250539426,경기도 용인시 수지구 성복2로 38(롯데몰수지점 지하1층 일부호 성복동)
20250539479,경기도 용인시 수지구 상현로 126(1층 103호 상현동)
20250539721,경기도 용인시 수지구 수풍로 65(지하1층 B106호 풍덕천동)
20250539723,경기도 용인시 수지구 포은대로 536(주신세계 사우스시티 7층 일부호 죽전동)
20250539951,경기도 용인시 수지구 광교중앙로 305(광교2차 푸르지오시티 C동 1층 102호 상현동)
20250542043,"경기도 파주시 초롱꽃로 79(상가동 106호 동패동, 초롱꽃마을5단지 우미린 파크힐스)"
20250542130,경기도 파주시 금빛로 18(드림타운 1층 101호 금촌동)
20250542335,"경기도 파주시 양지로 127(대방프라자 102,103호 동패동)"
20250542377,경기도 파주시 청암로17번길 55(센트럴프라자 101호 목동동)
20250542427,"경기도 파주시 법원읍 술이홀로 919(2,3층 전체)"
20250542492,경기도 파주시 문산읍 문향로 78(1층 전체)
20250542521,경기도 파주시 회동길 480(아트팩토리엔제이에프 에이동 121호 문발동)
20250542571,경기도 파주시 산내로7번길 25-5(1층 일부 목동동)
20250542614,경기도 파주시 해올1길 31(이타워2 2층 201호 다율동)
20250543006,경기도 파주시 문발로 302(롯데프리미엄아울렛 럭셔리빌 3층 일부 문발동)
20250543077,경기도 파주시 문산읍 방촌로 1719-10(와우시티에이동 101호)
20250543217,경기도 파주시 경의로1240번길 14-11(월드로데오 204호 와동동)
20250543242,경기도 파주시 문발로 302(롯데프리미엄아울렛 럭셔리빌3층 일부호 문발동)
20250543403,경기도 파주시 탄현면 필승로 200(파주프리미엄아울렛 푸드코트 내 817호)
20250543410,경기도 파주시 미래로 610(운정메디컬프라자 102호 와동동)
20250543788,경기도 파주시 문산읍 문향로 58(2층 일부호)
20250543851,경기도 파주시 금릉역로 84(청원센트럴타워 107호 금촌동)
20250543857,"경기도 파주시 와석순환로515번길 70(P1동 4층 C430호 일부호 와동동, 힐스테이트 더 운정)"
20250543895,경기도 파주시 경의로 1016(117호 일부 야당동)
20250543912,"경기도 파주시 와석순환로515번길 70(P1동 1층 C107호 와동동, 힐스테이트 더 운정)"
20250543992,"경기도 파주시 와석순환로515번길 70(P1동 4층 C401호 와동동, 힐스테이트 더 운정)"
20250544018,경기도 파주시 탄현면 필승로 200(파주프리미엄아울렛 지하1층 115호)
20250544050,경기도 파주시 청석로 256(교하일번가빌딩 203호 동패동)
20250548012,경기도 이천시 애련정로125번길 33(1층 창전동)
20250548043,경기도 이천시 대월면 대산로208번길 93-12(1층 119호 휴먼빌 에듀파크시티)
20250548197,경기도 이천시 남천로 22(1층 중리동)
20250548240,경기도 이천시 부발읍 무촌로 150(1층 101호)
20250548276,경기도 이천시 마장면 덕이로154번길 287-76(덕평휴게소)
20250548297,경기도 이천시 호법면 프리미엄아울렛로 177-119(롯데프리미엄아울렛 청자동 1층)
20250548325,경기도 이천시 이섭대천로 1403(A동 1층 증포동)
20250548432,경기도 이천시 호법면 프리미엄아울렛로 177-74(롯데 프리미엄 아울렛 3층)
20250548638,경기도 이천시 중리천로82번길 26(중리빌딩 102호 중리동)
20250548764,경기도 이천시 어재연로37번길 27(1층 창전동)
20250548931,"경기도 이천시 장호원읍 서동대로 8908-41(201동 1층 106,107호 이천 진암지구 우방아이유쉘 메가하이브)"
20250548996,경기도 이천시 서희로48번길 10-2(1층 중리동)
20250551152,경기도 안성시 공도읍 공도4로 3(우성메디컬프라자 1층 112호)
20250551176,경기도 안성시 공도읍 양기길 26(102호)
20250551322,"경기도 안성시 고수2로 19(지1층 107호 당왕동, 안성청사복합)"
20250551323,"경기도 안성시 고수2로 19(지1층 108호 당왕동, 안성청사복합)"
20250551733,경기도 안성시 아양1길 49(수미니하우스 1층 일부호 석정동)
20250551746,경기도 안성시 알미산로 100(옥산동)
20250554060,경기도 김포시 풍무로 20(1층 107호 일부호 풍무동)
20250554061,경기도 김포시 풍무로 20(1층 107호 일부호 풍무동)
20250554189,경기도 김포시 김포한강8로 416(102호 구래동)
20250554194,경기도 김포시 김포한강7로 93(월드에비뉴주차빌딩 155호 구래동)
20250554343,경기도 김포시 김포한강4로 531(101~105호 구래동)
20250554545,"경기도 김포시 솔터로 22(301동 163호 구래동, 메트로타워 예미지)"
20250554899,"경기도 김포시 김포한강9로 121(105,106,107,108호 구래동)"
20250554922,"경기도 김포시 김포한강11로255번길 15(지1층 103호 운양동, 김포한강 이랜드 타운힐스)"
20250555037,경기도 김포시 초당로61번길 20-4(1층 장기동)
20250555074,경기도 김포시 김포한강1로78번길 32-38(1층 장기동)
20250555143,경기도 김포시 김포한강1로 250(제123호 운양동)
20250555164,경기도 김포시 고촌읍 인향로24번길 68(가동 1층)
20250555180,경기도 김포시 김포한강3로 432(110호 마산동)
20250555198,경기도 김포시 김포한강9로76번길 63(이스타프라자 108호 구래동)
20250555214,경기도 김포시 양촌읍 황금로109번길 1(111호)
20250555287,경기도 김포시 풍무2로 11(103호 풍무동)
20250555303,경기도 김포시 봉화로167번길 10(1층 감정동)
20250555337,"경기도 김포시 김포한강8로 416(채움메디컬 109,110호 구래동)"
20250555354,경기도 김포시 고촌읍 아라육로152번길 100(현대프리미엄아울렛 3층 504호)
20250555509,경기도 김포시 사우중로 51(메가라인 105호 사우동)
20250555526,경기도 김포시 김포한강2로24번길 78-69(101호 장기동)
20250555555,경기도 김포시 고촌읍 아라육로152번길 100(현대프리미엄아울렛 EAST동 지상 1층)
20250555569,"경기도 김포시 솔터로 22(301동 108호 구래동, 메트로타워 예미지)"
20250555592,경기도 김포시 김포한강9로 95(106호 구래동)
20250555747,경기도 김포시 김포한강9로 95(센터프라자 117호 구래동)
20250555751,경기도 김포시 김포한강9로 73(김포센트럴프라자 1동 1층 105호 구래동)
20250555758,경기도 김포시 김포한강1로78번길 7(장기음식주차타운 125~127호 장기동)
20250555808,경기도 김포시 김포한강8로162번길 7(104호 마산동)
20250555819,경기도 김포시 통진읍 마송1로84번길 42(1층 104호)
20250555868,경기도 김포시 풍무2로 57(1층 102호 풍무동)
20250555896,경기도 김포시 김포한강7로22번길 174-17(102-2호 마산동)
20250555979,"경기도 김포시 솔터로 22(메트로타워 예미지 301동 137호 구래동, 메트로타워 예미지)"
20250556011,경기도 김포시 김포한강2로24번길 116-21(102호 장기동)
20250561057,경기도 화성시 동탄구 동탄역로 160(롯데백화점 동탄점 지하1층 일부호 오산동)
20250561188,경기도 화성시 동탄구 왕배산3길 22(1층 일부102호 목동)
20250561398,"경기도 화성시 효행구 비봉면 간곡6길 6-8(106,107호)"
20250561438,경기도 화성시 동탄구 동탄순환대로14길 14(주건축물제1동 1층 전체호 산척동)
20250561584,경기도 화성시 병점구 효행로614번길 9-2(E동 1층 안녕동)
20250561671,경기도 화성시 만세구 남양읍 시청로 12(1층 101호)
20250561845,경기도 화성시 동탄구 동탄역로 160(동탄역 롯데캐슬 롯데백화점 동탄점동 지하1층 일부호 오산동)
20250561881,경기도 화성시 효행구 봉담읍 상리3길 51-9(유니크센트럴 108호)
20250561955,경기도 화성시 병점구 병점2로 94(정든마을 신창2차 비바패밀리 상가1주상가동 1층 104호 병점동)
20250561961,경기도 화성시 동탄구 큰재봉길 7(한림대학교동탄성심병원 본관 4층 일부호 석우동)
20250562048,"경기도 화성시 동탄구 동탄신리천로4길 47(지하1층 B105,B106호 신동, 힐스테이트 동탄포레)"
20250562066,"경기도 화성시 만세구 남양읍 화성시 만세구청역로 36(헤르메스몰 106,107,108,109호)"
20250562139,"경기도 화성시 동탄구 동탄중앙로 200(상가타임테라스 B동 1층 102호 반송동, 메타폴리스)"
20250562328,경기도 화성시 동탄구 동탄반석로 193(동탄시범한빛마을 동탄아이파크 상가동 지1층 110호 반송동)
20250562349,경기도 화성시 동탄구 동탄솔빛로 64(가희프라자2 1층 101호 반송동)
20250562632,"경기도 화성시 동탄구 동탄역로 196(지하1층 L1-B103호 오산동, 동탄역 예미지 시그너스)"
20250562797,경기도 화성시 동탄구 동탄반송길 30-1(1층 일부102호 반송동)
20250562815,경기도 화성시 동탄구 동탄오산로 29(동탄2신도시 동탄역 디에트르퍼스티지판매시설 1층 C-115호 오산동)
20250563022,경기도 화성시 동탄구 동탄대로 537(라스플로레스 1층 1038호 오산동)
20250563041,경기도 화성시 만세구 수노을중앙로 118(센텀프라자 1동 109호 새솔동)
20250563340,경기도 화성시 만세구 남양읍 역골로50번길 16-6
20250563385,"경기도 화성시 동탄구 동탄역로 150(분양상가-B동 1층 B111호,B112호,B113호 오산동, 동탄역 롯데캐슬)"
20250563628,경기도 화성시 동탄구 동탄중앙로 376(화성 동탄 이마트 지하1층 일부호 석우동)
20250563631,"경기도 화성시 동탄구 동탄순환대로10길 88(3627동 지1층 B141호 산척동, 레이크힐 반도유보라 아이비파크 10.2)"
20250563801,경기도 화성시 병점구 병점노을4로 5(병점노블레스 2층 207호 병점동)
20250563902,경기도 화성시 효행구 비봉면 새비봉동로 37(상가동 101호 화성비봉LH1단지아파트)
20250563937,"경기도 화성시 효행구 비봉면 새비봉남로 6-32(103, 104호)"
20250564032,경기도 화성시 만세구 수노을중앙로 136(115호 새솔동)
20250564218,경기도 화성시 만세구 향남읍 행정중앙1로 14(제이에스플라자 113호)
20250564245,"경기도 화성시 동탄구 동탄중앙로 220(상가동동 1층 B블럭107호 반송동, 메타폴리스)"
20250564260,경기도 화성시 동탄구 동탄역로 160(롯데백화점 동탄점 지하1층 일부호 오산동)
20250564278,경기도 화성시 만세구 남양읍 역골로49번길 21(1층 일부호)
20250564300,"경기도 화성시 동탄구 동탄광역환승로 73(207동 지1층 E027호 오산동, 동탄역 반도유보라 아이비파크 8.0)"
20250564302,경기도 화성시 동탄구 동탄오산로 29(동탄2신도시 동탄역 디에트르 퍼스티지 판매시설 1층 A-115호 오산동)
20250564525,"경기도 화성시 동탄구 동탄오산로 29(판매시설동 1층 B119호 일부, B124,B125호 일부호 여울동, 동탄2신도시 동탄역 디에트르 퍼스티지)"
20250564650,경기도 화성시 동탄구 동탄역로 160(롯데백화점 동탄점 지1층 일부호 오산동)
20250564749,경기도 화성시 병점구 효행로 755(1층 일부호102호 안녕동)
20250564758,"경기도 화성시 병점구 효행로 1051(메인프라자 1층 109호, 110호 진안동)"
20250565100,경기도 화성시 만세구 꽃내음1길 11(송산센트럴파크 1동 101호 새솔동)
20250565286,경기도 화성시 효행구 봉담읍 동화역말길 124(1층 일부106호)
20250565393,경기도 화성시 병점구 병점1로 66-12(하이코아 1층 102호 병점동)
20250569043,"경기도 광주시 태봉로 225(106호 고산동, 더샵오포센트리체)"
20250569208,경기도 광주시 문형산길 144(1층 신현동)
20250569337,경기도 광주시 초월읍 경충대로 1314(3층)
20250569511,"경기도 광주시 경안로41번길 6(1층 D126호 경안동, 경기광주역 금호리첸시아)"
20250569581,경기도 광주시 고불로78번길 5(1층 태전동)
20250569741,"경기도 광주시 순암로36번길 4(105,106호 장지동)"
20250569799,경기도 광주시 신현로 51(1층 102호 신현동)
20250569906,경기도 광주시 경안로 18(2층 경안동)
20250569957,경기도 광주시 중앙로145번길 7(태영빌딩 1층 일부호 경안동)
20250570104,경기도 광주시 중앙로 118(지1층~1층 경안동)
20250570172,경기도 광주시 송정2길 27-5(송정동)
20250570193,경기도 광주시 경안로 114(1층 경안동)
20250570222,경기도 광주시 문형산길 41(다동 1층 신현동)
20250570274,경기도 광주시 송정6길 12(2층 송정동)
20250574007,경기도 양주시 옥정동로7길 40(206호 옥정동)
20250574034,경기도 양주시 평화로 1713(이마트 1층 일부 회정동)
20250574123,경기도 양주시 백석읍 양주산성로 564-1(1층 일부호)
20250574146,경기도 양주시 백석읍 부흥로1036번길 4(1층)
20250574171,경기도 양주시 고암길 36(1층 일부 고암동)
20250574241,경기도 양주시 옥정동로5바길 7-7(1층 일부 옥정동)
20250574278,경기도 양주시 옥정동로5마길 15(1층일부 옥정동)
20250574435,경기도 양주시 덕계로5길 77(주1동 2층일부 덕계동)
20250574439,경기도 양주시 옥정동로5가길 8(1층 전체 옥정동)
20250574700,경기도 양주시 평화로 1593(LF스퀘어 양주점 4층 일부 회정동)
20250574872,경기도 양주시 옥정동로 195(대명빌딩 1층 일부 옥정동)
20250575003,경기도 양주시 삼숭로58번길 67(가동 1층일부 삼숭동)
20250575008,"경기도 양주시 옥정로6길 8(103,104,105호 옥정동)"
20250575011,경기도 양주시 옥정동로7가길 18(퍼스트프라자 109호 옥정동)
20250575058,경기도 양주시 옥정동로7다길 54(폴리프라자Ⅲ 2층 203호 옥정동)
20250575059,경기도 양주시 덕계로 140(진산메디프라자 203호 덕계동)
20250575119,경기도 양주시 회천중앙로 248(스타프라자 114호 덕계동)
20250577075,경기도 포천시 소흘읍 송우로 63(1층 104호)
20250577184,경기도 포천시 소흘읍 광릉수목원로 656(가동 3층)
20250577268,경기도 포천시 군내면 용정경제로 71(가동 1층 102호)
20250577320,경기도 포천시 중앙로 70(1층 신읍동)
20250577567,경기도 포천시 소흘읍 호국로 297(나동 1층)
20250577794,경기도 포천시 일동면 화동로 1062-1(1층)
20250580061,경기도 여주시 명품로 370(여주프리미엄아울렛 WEST동 1층 642호 상거동)
20250580100,경기도 여주시 세종대왕면 중부대로 2689(1동 1층)
20250580411,경기도 여주시 현암3길 30(1층 현암동)
20250580672,경기도 여주시 명품로 360(푸드코트 1층 138호 상거동)
20250580689,경기도 여주시 명품로 360(여주프리미엄아울렛 테이스트빌리지 상거동)
20250580717,경기도 여주시 세종로 397-7(점봉동)
20250584223,경기도 가평군 가평읍 문화로 13-33(1층)
20250586193,경기도 양평군 서종면 문호길 3(문 1층)
20250586444,경기도 양평군 양평읍 양평시장길 24-2
20250590033,강원특별자치도 춘천시 후석로 120(1층 107-1호 석사동)
20250590037,"강원특별자치도 춘천시 백령로 215(상가3동 1층 104호 후평동, 춘천일성트루엘더퍼스트아파트)"
20250590185,"강원특별자치도 춘천시 동내면 고은길 168(1,2층)"
20250590311,강원특별자치도 춘천시 동면 춘천순환로 508(1층)
20250590502,강원특별자치도 춘천시 금강로 25(1층 우측호 소양로3가)
20250590534,강원특별자치도 춘천시 금강로 68-9(미도파아파트 지하1층 조양동)
20250591164,강원특별자치도 춘천시 충혼길44번길 22-1(1층 온의동)
20250591230,강원특별자치도 춘천시 퇴계로 211(1층 석사동)
20250594021,강원특별자치도 원주시 원문로 170-1(1층 단계동)
20250594143,"강원특별자치도 원주시 천사로 189(상가동 1층 104호 일산동, 두진하트리움시티)"
20250594261,강원특별자치도 원주시 현충로 15(1층 태장동)
20250594386,강원특별자치도 원주시 현충로322번길 11(1층 태장동)
20250594387,강원특별자치도 원주시 무실로 250(1층 단계동)
20250594390,강원특별자치도 원주시 능라동길 74(1층 101호 무실동)
20250594447,강원특별자치도 원주시 문막읍 건등로 10-1(1층)
20250594671,강원특별자치도 원주시 일산초교길 79(1층 일산동)
20250594677,강원특별자치도 원주시 지정면 신지정로 199-5(1층)
20250594738,강원특별자치도 원주시 지정면 신지정로 322(2층 207호)
20250594745,강원특별자치도 원주시 지정면 무릉로 39-1(J SQUARE A 1층 102호)
20250594778,강원특별자치도 원주시 상지대길 54(1층 우산동)
20250594812,강원특별자치도 원주시 흥업면 남원로 64(1층)
20250595124,강원특별자치도 원주시 영랑길 14-1(1층 101호 행구동)
20250595191,강원특별자치도 원주시 지정면 오크밸리2길 250(퍼블릭클럽하우스 1층)
20250595268,강원특별자치도 원주시 한지공원길 10(1층 명륜동)
20250595455,강원특별자치도 원주시 무실로 106(1동 1층 일산동)
20250598276,강원특별자치도 강릉시 연곡면 영진3길 26-4(1층)
20250599256,강원특별자치도 강릉시 솔올로 34(1층 교동)
20250602042,"강원특별자치도 동해시 한섬로 133-3(1층 101,102,103,104,105호 천곡동)"
20250602043,"강원특별자치도 동해시 동굴4길 12(1층 103호 천곡동, 삼성골드맨션)"
20250602067,"강원특별자치도 동해시 효가리본길 3(1층 효가동, 동백원룸)"
20250602236,"강원특별자치도 동해시 일출로 92-2(1,2,3층 묵호진동)"
20250602283,강원특별자치도 동해시 전천로 260-7(1층 북평동)
20250607108,강원특별자치도 속초시 미시령로2983번길 88(설악워터피아 야외동 장사동)
20250611042,강원특별자치도 홍천군 홍천읍 산림공원2길 16(1층)
20250613064,강원특별자치도 횡성군 횡성읍 앞들서1로 56(104호)
20250613101,강원특별자치도 횡성군 안흥면 영동고속도로 153(횡성인천방향휴게소)
20250615035,강원특별자치도 영월군 영월읍 단종로16번길 47(1층)
20250617040,강원특별자치도 평창군 평창읍 백오로 24(효성타운 108호)
20250617111,강원특별자치도 평창군 대관령면 올림픽로 715(그린피아콘도 2층)
20250617112,강원특별자치도 평창군 봉평면 안흥동2길 8-12
20250619047,강원특별자치도 정선군 사북읍 하이원길 265(강원랜드 5층)
20250619121,강원특별자치도 정선군 고한읍 고한6길 1(1층)
20250619138,강원특별자치도 정선군 고한읍 물한리길 28
20250619172,강원특별자치도 정선군 고한읍 고한로 47(202호)
20250621100,강원특별자치도 철원군 동송읍 이평1로 5-2(1층)
20250627148,강원특별자치도 인제군 북면 원통로 174-1
20250629002,강원특별자치도 고성군 간성읍 간성로 57
20250629183,강원특별자치도 고성군 토성면 천진7길 29-1
20250631121,강원특별자치도 양양군 양양읍 미륵길 33(1층)
20250638297,"충청북도 청주시 상당구 용담로 7(1층 118,119호 문화동, 쁘띠칸타빌)"
20250638393,충청북도 청주시 상당구 용암북로168번길 5(1층 102호 용암동)
20250638629,충청북도 청주시 상당구 남사로 95(1층 서문동)
20250638697,충청북도 청주시 상당구 중고개로141번길 22-23(1층 용암동)
20250638719,충청북도 청주시 상당구 동남로83번길 2(1층 용암동)
20250638738,충청북도 청주시 상당구 중고개로141번길 13-21(2층 201-204호 용암동)
20250643359,충청북도 청주시 서원구 구룡산로51번나길 9(1층 성화동)
20250648002,충청북도 청주시 흥덕구 서부로 1303(파워플러스 1층 112호 가경동)
20250648076,충청북도 청주시 흥덕구 덕암로6번길 104(1층 102호 봉명동)
20250648100,충청북도 청주시 흥덕구 2순환로 629(1층 송절동)
20250648224,충청북도 청주시 흥덕구 직지대로 308(현대백화점 지하1층 일부호 복대동)
20250648253,충청북도 청주시 흥덕구 직지대로 308(현대백화점충청점 지하1층 일부호 복대동)
20250648273,충청북도 청주시 흥덕구 직지대로 308(현대백화점 지하1층 복대동)
20250648274,충청북도 청주시 흥덕구 오송읍 오송생명로 200(주예스 오피스텔 1층 101호)
20250648282,충청북도 청주시 흥덕구 송화로108번길 80(1층 102호 송절동)
20250648345,충청북도 청주시 흥덕구 2순환로 1004(롯데아울렛 청주점 2층 일부호 비하동)
20250648347,충청북도 청주시 흥덕구 2순환로 1004(롯데아울렛 청주점 2층 비하동)
20250648360,"충청북도 청주시 흥덕구 유성로29번길 32(1,2층 수의동)"
20250648368,충청북도 청주시 흥덕구 2순환로 1004(롯데아울렛 청주점 2층 일부호 비하동)
20250648379,충청북도 청주시 흥덕구 2순환로 1004(롯데아울렛 청주점 2층 일부호 비하동)
20250648392,충청북도 청주시 흥덕구 2순환로 1004(롯데아울렛 청주점 2층 일부호 비하동)
20250648394,충청북도 청주시 흥덕구 2순환로 1004(롯데아울렛 청주점 2층 일부호 비하동)
20250648401,충청북도 청주시 흥덕구 2순환로 1004(롯데아울렛 청주점 2층 일부호 비하동)
20250648474,충청북도 청주시 흥덕구 2순환로 1004(롯데아울렛 청주점 2층 일부호 비하동)
20250648596,충청북도 청주시 흥덕구 2순환로 1233(드림플러스 지하1층 일부호 가경동)
20250648631,충청북도 청주시 흥덕구 2순환로 1225(청주센트럴시티터미널복합 1층 일부호 가경동)
20250648632,충청북도 청주시 흥덕구 2순환로 1225(청주센트럴시티터미널복합 1층 일부호 가경동)
20250648633,충청북도 청주시 흥덕구 2순환로 1225(청주센트럴시티터미널복합 1층 일부호 가경동)
20250648634,충청북도 청주시 흥덕구 2순환로 1225(청주센트럴시티터미널복합 1층 일부호 가경동)
20250648657,충청북도 청주시 흥덕구 2순환로 1225(청주센트럴시티터미널복합 5층 일부호 가경동)
20250648717,"충청북도 청주시 흥덕구 대농로 58(1층 104,105호 복대동)"
20250648719,충청북도 청주시 흥덕구 송화로166번길 3(1층 103호 송절동)
20250648733,충청북도 청주시 흥덕구 오송읍 오송생명13로 39(1층 일부호)
20250649088,충청북도 청주시 흥덕구 오송읍 오송생명7로 118(근린생활시설3동 101호 오송역파라곤센트럴시티3차)
20250649121,충청북도 청주시 흥덕구 오송읍 봉산리 1012 주1동 101호
20250649130,"충청북도 청주시 흥덕구 봉명로205번길 39(1층 102호 봉명동, 다세대주택)"
20250649374,충청북도 청주시 흥덕구 서현로 32(가경 자이 프라자 1층 103호 가경동)
20250649408,충청북도 청주시 흥덕구 진재로47번길 18-10(1층 102호 복대동)
20250649480,충청북도 청주시 흥덕구 풍산로 27(1층 일부호 가경동)
20250653037,충청북도 청주시 청원구 오창읍 양청송대길 5(오렌지카운티 1층)
20250653084,충청북도 청주시 청원구 율량로 170(1층 율량동)
20250653199,충청북도 청주시 청원구 율량로 96(율량센터프라자 1층 107호 주성동)
20250653399,충청북도 청주시 청원구 율량로202번길 36(1층 율량동)
20250653411,충청북도 청주시 청원구 공항로 126(우양메디타워 1층 108호 율량동)
20250653435,충청북도 청주시 청원구 중앙로 166(영준빌딩 가동 1층 우암동)
20250653635,충청북도 청주시 청원구 오창읍 중심상업로 52-5(1층 101호)
20250653656,충청북도 청주시 청원구 오창읍 과학산업5로 118-2(103호)
20250653668,충청북도 청주시 청원구 오창읍 중심상업로 32-13(엔젤프리존 1층 115호)
20250658700,충청북도 충주시 호암수청7길 1(1층 호암동)
20250658713,"충청북도 충주시 호암수청2로 10(1층 108,109호 호암동)"
20250658866,충청북도 충주시 대가미1길 12(칠금동)
20250659069,충청북도 충주시 호암수청1로 53(102호 호암동)
20250661166,충청북도 제천시 하소로 74(하소동재래시장상가 A동 108.119호 하소동)
20250661172,충청북도 제천시 백운면 금봉로 365(클럽하우스동 3층 12호)
20250661180,충청북도 제천시 백운면 금봉로 365(클럽하우스동 지하2층)
20250661664,충청북도 제천시 백운면 금봉로 365(리솜포레스트 클럽하우스동 1층 24호)
20250661678,충청북도 제천시 죽하로 80(A동 101호 장락동)
20250666171,충청북도 옥천군 이원면 신흥길 14
20250668001,충청북도 영동군 영동읍 계산로 41-1
20250676286,충청북도 음성군 대소읍 오태로 155(현호빌딩 101호)
20250676339,충청북도 음성군 대소읍 성본상가로 53(105호)
20250676463,충청북도 음성군 금왕읍 무극로244번길 19(102호)
20250688001,충청남도 천안시 동남구 청당2길 99(1층 103호 청당동)
20250688013,"충청남도 천안시 동남구 청수14로 60(서미법조타워 1층 101,102일부호 청당동)"
20250688021,충청남도 천안시 동남구 풍세면 풍세산단로 283(태백빌딩 1층 115호)
20250688351,충청남도 천안시 동남구 풍세로 712(2층 218~223호 구룡동)
20250688358,충청남도 천안시 동남구 만남로 43(신세계백화점천안아산점 본관2동 7층 신부동)
20250688451,충청남도 천안시 동남구 청수14로 102(1층 107호 청당동)
20250688453,충청남도 천안시 동남구 목천읍 충절로 874(상가동 1층 101호 천안목천 협성엠파이어 아파트)
20250688569,충청남도 천안시 동남구 일봉로 84(1층 용곡동)
20250688570,충청남도 천안시 동남구 풍세면 풍세산단로 267(1층 103호)
20250688588,충청남도 천안시 동남구 먹거리10길 13(2층 신부동)
20250691125,충청남도 천안시 서북구 공원로 227(갤러리아 센터시티 지1층 불당동)
20250691198,"충청남도 천안시 서북구 불당21로 67-18(1층 115호,116호 불당동)"
20250691504,충청남도 천안시 서북구 월봉1길 16(오성빌딩 1층 105호 쌍용동)
20250691530,충청남도 천안시 서북구 성성6로 47-8(주건축물제1동 1층 성성동)
20250691578,충청남도 천안시 서북구 성환읍 성환12길 27(1층)
20250691598,충청남도 천안시 서북구 공원로 227(갤러리아 센터시티 지하1층 불당동)
20250691663,충청남도 천안시 서북구 봉정로 380(1층 두정동)
20250691744,충청남도 천안시 서북구 두정로 187(1층 103호 두정동)
20250691750,"충청남도 천안시 서북구 공원로 196(Mall B동 2층 불당동, 펜타포트)"
20250691759,"충청남도 천안시 서북구 불당25로 152(DM타워 1층 107,108호 불당동)"
20250691796,충청남도 천안시 서북구 성정공원3길 14(1층 112일부호 성정동)
20250691885,충청남도 천안시 서북구 불당24로 45-13(주1동 1층 불당동)
20250694119,충청남도 당진시 송산면 참샘물길 79-44
20250694424,충청남도 당진시 송산면 유곡6길 23(1층 106호)
20250694449,충청남도 당진시 수청2로 48(109호 수청동)
20250694456,충청남도 당진시 당진중앙2로 87(1층 읍내동)
20250694656,충청남도 당진시 시장중앙길 21(1층 3호 채운동)
20250697066,충청남도 공주시 무령로 586(109호 월송동)
20250697074,충청남도 공주시 번영1로 97-12(6호 신관동)
20250697138,충청남도 공주시 웅진로 119-1(1층 중학동)
20250697158,충청남도 공주시 무령로 599-9(1층 금흥동)
20250697176,충청남도 공주시 관골1길 63(1동 1층 신관동)
20250697194,충청남도 공주시 중뫼2길 3-9(1층 금흥동)
20250697379,충청남도 공주시 번영1로 97-12(6호 신관동)
20250699050,충청남도 보령시 작은오랏2길 16-4(동대동)
20250699109,충청남도 보령시 한내로 36(101호 동대동)
20250699150,"충청남도 보령시 명천로4길 23(106, 107, 108호 명천동)"
20250699167,충청남도 보령시 머드광장로 14(1층 신흑동)
20250699240,충청남도 보령시 동현로 19(동대동)
20250699246,충청남도 보령시 작은오랏2길 16-4(2층 동대동)
20250699273,충청남도 보령시 대해로 99(궁촌동)
20250699286,충청남도 보령시 주공로 16(주1동 1층 명천동)
20250699301,충청남도 보령시 한내로 37(1층 동대동)
20250702032,충청남도 아산시 배방읍 장재로24번길 3-19(1층 101호)
20250702047,충청남도 아산시 신창면 순천향로133번길 6-11(1층)
20250702089,충청남도 아산시 음봉면 산동로 190-1(1층)
20250702144,충청남도 아산시 배방읍 북수동로 3(2층)
20250702162,충청남도 아산시 신창면 남성길 196(1층)
20250702239,"충청남도 아산시 둔포면 아산밸리중앙로 80-20(1동 1층 104,105,106호)"
20250702396,"충청남도 아산시 음봉면 산동희망2길 6(1층 103,104호)"
20250702462,충청남도 아산시 모종샛들3길 37(M타워 101호 모종동)
20250702464,충청남도 아산시 모종샛들3길 37(M타워 101호 모종동)
20250702546,"충청남도 아산시 탕정면 매곡한들1길 20-5(1층 105,106호)"
20250702597,충청남도 아산시 탕정면 탕정면로 54-3(1층 105호)
20250702610,충청남도 아산시 배방읍 월천4길 7-5(1층 일부)
20250702729,충청남도 아산시 배방읍 월천1길 45(1층 101호)
20250702812,충청남도 아산시 배방읍 호서로 460-2(1층 102호)
20250702916,충청남도 아산시 배방읍 동방로 114(근린생활시설-2동 1층 10호 아산배방 엘에이치15단지)
20250705015,충청남도 서산시 대지제1길 11(1층 102호 읍내동)
20250705095,충청남도 서산시 안견로 110(1층 동문동)
20250705135,충청남도 서산시 해미면 남문2로 136(102호)
20250705167,충청남도 서산시 해미면 남문2로 121(1층 106호)
20250705176,충청남도 서산시 동서1로 233(1층 예천동)
20250705200,충청남도 서산시 예천4로 21-7(1층 101호 예천동)
20250705214,충청남도 서산시 대산읍 정자동2로 40(1층)
20250705321,충청남도 서산시 성연면 성연2로 28(1층)
20250705357,충청남도 서산시 석림1로 68(102호 석림동)
20250707250,충청남도 논산시 시민로 159(1층 내동)
20250710002,충청남도 계룡시 금암로 139(1층 금암동)
20250710100,"충청남도 계룡시 서금암로 10(109호 금암동, 계룡한양아이클래스)"
20250710111,충청남도 계룡시 엄사면 번영로 52(나동 101호)
20250710227,충청남도 계룡시 엄사면 번영로 84(102호)
20250710234,충청남도 계룡시 계룡대로 339(1층 103호 금암동)
20250710256,충청남도 계룡시 엄사면 번영로 10(101호)
20250720025,충청남도 홍성군 홍북읍 청사로48번길 4(아이프라자 111호)
20250720026,충청남도 홍성군 홍북읍 의향로 283(골든타워 114호)
20250720095,충청남도 홍성군 홍북읍 신대로 86(202동 145호 내포신도시 반도유보라 마크에디션)
20250720107,충청남도 홍성군 홍북읍 신대로 86(202동 149호 내포신도시 반도유보라 마크에디션)
20250720137,충청남도 홍성군 홍북읍 홍학로 81(모아빌딩 108호)
20250720355,충청남도 홍성군 홍북읍 청사로174번길 21(W타워 1동 105호)
20250720434,충청남도 홍성군 홍북읍 충남대로 50(국제아르페온2차 133호)
20250722006,충청남도 예산군 예산읍 벚꽃로 80(1층)
20250722009,"충청남도 예산군 예산읍 관양산길 36-31(1, 2층)"
20250722074,충청남도 예산군 예산읍 예산로 208-1(1층)
20250722136,충청남도 예산군 예산읍 임성로 13(1층)
20250722156,"충청남도 예산군 덕산면 온천단지3로 45-7(스플라스 리솜 B1106, B1102호)"
20250722201,충청남도 예산군 예산읍 신흥길35번길 9(1층)
20250722210,충청남도 예산군 응봉면 예당관광로 159-22(팜센터)
20250722213,충청남도 예산군 응봉면 예당관광로 159-22
20250722216,충청남도 예산군 응봉면 예당관광로 159-22(예당호 전망대 1층)
20250722233,충청남도 예산군 예산읍 역전로 116(솔로몬빌딩 1층 1호)
20250722286,충청남도 예산군 신암면 추사로 137
20250722325,충청남도 예산군 예산읍 금오대로 45(엠타워)
20250730055,전북특별자치도 전주시 완산구 홍산중앙로 20(101호 효자동3가)
20250730122,전북특별자치도 전주시 완산구 소태정3길 20(1층 효자동2가)
20250730238,"전북특별자치도 전주시 완산구 거마평로 189-27(효자성원맨션 상가동 105,106호 효자동1가)"
20250730243,전북특별자치도 전주시 완산구 장승배기로 188(1층 103호 평화동1가)
20250730389,전북특별자치도 전주시 완산구 효자천변1길 25-6(1층 104호 효자동1가)
20250730409,전북특별자치도 전주시 완산구 팔달로 187-1(2층일부 경원동1가)
20250730751,전북특별자치도 전주시 완산구 유연로 5(E동 1층 효자동3가)
20250730839,전북특별자치도 전주시 완산구 온고을로 2(지하1층 서신동)
20250734002,전북특별자치도 전주시 덕진구 세병남로 39(청동빌딩 1층 101호 송천동2가)
20250734012,전북특별자치도 전주시 덕진구 솔내로 139(1층 103호 송천동1가)
20250734035,전북특별자치도 전주시 덕진구 안덕원로 275(3층 일부호 인후동1가)
20250734127,전북특별자치도 전주시 덕진구 기린대로 400-3(2층 금암동)
20250734293,전북특별자치도 전주시 덕진구 중동로 104-14(2층 장동)
20250734302,전북특별자치도 전주시 덕진구 견훤로 198(1층 인후동1가)
20250734356,전북특별자치도 전주시 덕진구 명륜4길 25(1층 덕진동1가)
20250734362,"전북특별자치도 전주시 덕진구 우아로 31(우아한시티 상가 1층 104호,105호 우아동3가)"
20250738056,"전북특별자치도 군산시 조촌로 131(107,108호 조촌동)"
20250738065,전북특별자치도 군산시 역전로 19(103호 내흥동)
20250738077,전북특별자치도 군산시 백릉로 122-3(조촌동)
20250738088,전북특별자치도 군산시 신금길 18(414호 신영동)
20250738124,전북특별자치도 군산시 해망로 146-24(1층 2호 금암동)
20250738444,전북특별자치도 군산시 수송로 185(롯데마트 1층 수송동)
20250738625,"전북특별자치도 군산시 역전1길 4(1층 103,104호 내흥동)"
20250738627,전북특별자치도 군산시 미장남로 36(101호 미장동)
20250738689,전북특별자치도 군산시 궁포3로 13(1층 105호 조촌동)
20250739071,전북특별자치도 군산시 계산로 51(1층 111호 지곡동)
20250742052,전북특별자치도 익산시 선화로1길 113-2(1층 모현동2가)
20250742064,전북특별자치도 익산시 약촌로 162(1층 103호 영등동)
20250742337,전북특별자치도 익산시 인북로3길 46(1-2층 중앙동1가)
20250742533,전북특별자치도 익산시 중앙로 12-27(1층 중앙동1가)
20250742536,전북특별자치도 익산시 중앙로 12-27(1층 중앙동1가)
20250742619,"전북특별자치도 익산시 선화1로 76(근린생활시설동 지하 3층 107호 마동, 익산자이 그랜드파크)"
20250742726,전북특별자치도 익산시 하나로11길 32-8(1층 영등동)
20250742777,전북특별자치도 익산시 서동로 102-7(제일아파트 상가1동 107호 동산동)
20250742948,전북특별자치도 익산시 황등면 황등로 91(1층)
20250742949,전북특별자치도 익산시 황등면 황등로 91(1층)
20250746141,전북특별자치도 정읍시 조곡천1길 58(시기동)
20250746151,전북특별자치도 정읍시 상신경2길 1(상동)
20250746174,전북특별자치도 정읍시 내장휴양1로 16(용산동)
20250746275,전북특별자치도 정읍시 샘골로 74(수성동)
20250746349,전북특별자치도 정읍시 정읍남로 1391(시기동)
20250749016,전북특별자치도 남원시 향단로 102(1층 동충동)
20250749219,전북특별자치도 남원시 금동로 56(주1동 1층 금동)
20250749282,전북특별자치도 남원시 용성로 197-15(주1동 1층 도통동)
20250753030,전북특별자치도 완주군 봉동읍 봉동로 148(동창햇살창조센터 1층)
20250753156,전북특별자치도 완주군 용진읍 운곡4로 20(B105호 모아미래도 센트럴시티 1차 아파트)
20250753226,전북특별자치도 완주군 이서면 이서로 90-7(1층)
20250755008,전북특별자치도 진안군 진안읍 진무로 1178(1층)
20250759011,전북특별자치도 장수군 장수읍 시장로 8-13
20250761025,전북특별자치도 임실군 임실읍 중동로 31(1층)
20250763004,전북특별자치도 순창군 금과면 담순로 594
20250765034,전북특별자치도 고창군 고창읍 성산6길 13
20250767010,전북특별자치도 부안군 계화면 염소로 483(파란곳간)
20250767036,전북특별자치도 부안군 부안읍 시장1길 5-8
20250767093,전북특별자치도 부안군 부안읍 석정로 223(온기곤안과)
20250767128,전북특별자치도 부안군 부안읍 수정길 13(디저트카페)
20250767134,전북특별자치도 부안군 부안읍 부풍로 69(1층)
20250767142,전북특별자치도 부안군 변산면 변산해변로 39
20250771002,"전남광주통합특별시 목포시 자유로 87(112호 산정동, 근화삼학베아채아파트)"
20250771028,전남광주통합특별시 목포시 죽교천로 80(1층 산정동)
20250771079,전남광주통합특별시 목포시 만호로29번길 18(1층 중앙동1가)
20250771097,"전남광주통합특별시 목포시 수강로4번길 29(1,2층 보광동2가)"
20250771177,"전남광주통합특별시 목포시 옥암로 174(상가동 101호 석현동, 케이디빌리앙뜨)"
20250771203,전남광주통합특별시 목포시 용당로331번길 13(1층 용해동)
20250771242,전남광주통합특별시 목포시 비파로 73(B동 1층 상동)
20250771247,전남광주통합특별시 목포시 고하대로 698(1층 산정동)
20250771285,"전남광주통합특별시 목포시 원형서로 46-1(112호 상동, 양우비치팰리스)"
20250771353,전남광주통합특별시 목포시 원산로69번길 32(1층 산정동)
20250771368,"전남광주통합특별시 목포시 옥암로 174(1층 102호 석현동, 케이디빌리앙뜨)"
20250771411,전남광주통합특별시 목포시 통일대로 60(1층 상동)
20250771443,전남광주통합특별시 목포시 연산백련로21번길 8-12(1층 연산동)
20250771551,"전남광주통합특별시 목포시 원형동로 41(5층 501호 상동, 평화광장 미래엔스위트)"
20250771554,전남광주통합특별시 목포시 영산로 54(1층 복만동)
20250771588,전남광주통합특별시 목포시 통일대로37번길 30-1(1층 상동)
20250771601,전남광주통합특별시 목포시 원형동로 10(1층 1-1호 상동)
20250771618,"전남광주통합특별시 목포시 남악로 22-22(1층 101,103호 옥암동)"
20250771619,"전남광주통합특별시 목포시 남악1로52번길 23-5(1층 105,106호 옥암동)"
20250771633,전남광주통합특별시 목포시 백년대로375번길 23-1(1층 옥암동)
20250771662,전남광주통합특별시 목포시 원형서로 42(초원오피스텔 1층 102호 상동)
20250771795,전남광주통합특별시 목포시 통일대로 66(1층 상동)
20250771817,전남광주통합특별시 목포시 유동로36번길 7(1층 중동2가)
20250771832,전남광주통합특별시 목포시 평화로107번길 27(1층 상동)
20250771931,전남광주통합특별시 목포시 텃골로 47(2층 202호 석현동)
20250771932,전남광주통합특별시 목포시 원형동로 14(1층 상동)
20250771937,전남광주통합특별시 목포시 만세로2번길 5-1(1층 남교동)
20250775017,전남광주통합특별시 여수시 여문2로 167(1층 여서동)
20250775240,전남광주통합특별시 여수시 주동로 122(1층 주삼동)
20250775469,전남광주통합특별시 여수시 여수산단1로 198-1(1층 화치동)
20250775471,전남광주통합특별시 여수시 웅천로 19-35(1층 웅천동)
20250775732,전남광주통합특별시 여수시 문수북6길 15(1층 문수동)
20250775792,전남광주통합특별시 여수시 소호6길 7-5(1층 소호동)
20250779063,전남광주통합특별시 순천시 팔마4길 23(1층 연향동)
20250779168,전남광주통합특별시 순천시 남산로 137-1(1층 풍덕동)
20250779225,전남광주통합특별시 순천시 장선배기길 16(1층 조례동)
20250779258,전남광주통합특별시 순천시 원가곡길 23(1층 가곡동)
20250779285,전남광주통합특별시 순천시 서면 서월산길 2(1층)
20250779359,"전남광주통합특별시 순천시 왕조로 55(129동 지3층 110,111호 조례동, 트리마제 순천 1단지)"
20250779531,전남광주통합특별시 순천시 팔마1길 2(1층 연향동)
20250779826,전남광주통합특별시 순천시 원가곡3길 24-20(2층 가곡동)
20250779879,전남광주통합특별시 순천시 해룡면 상대석길 48(1층)
20250783021,전남광주통합특별시 나주시 남평읍 강변1길 70(2층)
20250783303,"전남광주통합특별시 나주시 빛가람로 679(1층 108,109호 빛가람동)"
20250785032,전남광주통합특별시 광양시 성황8길 7(1층중 1층전부 성황동)
20250785044,전남광주통합특별시 광양시 성황8길 19(1층중 1층일부 성황동)
20250785050,전남광주통합특별시 광양시 성황6길 8(1층중 1층전부 성황동)
20250785058,전남광주통합특별시 광양시 광양읍 매천로 764(1층중 1층일부)
20250785152,전남광주통합특별시 광양시 광양읍 인덕로 964-1(3층중 1층일부)
20250785226,전남광주통합특별시 광양시 금곡6길 23(1층중 1층전부 황금동)
20250785233,전남광주통합특별시 광양시 항만13로 27-8(2층중 1층일부 중동)
20250785242,전남광주통합특별시 광양시 성황8길 19(1층중 1층일부 성황동)
20250785255,전남광주통합특별시 광양시 광양읍 예구4길 20-1(2층중 2층전부)
20250785264,전남광주통합특별시 광양시 항만13로 34(2층중 1층전부 중동)
20250785348,전남광주통합특별시 광양시 발섬6길 32-1(2층중 1층전부 중동)
20250785465,전남광주통합특별시 광양시 중마중앙로 217(2층중 1층전부 중동)
20250788007,전남광주통합특별시 담양군 수북면 용구동2길 33-8(주3동)
20250788017,전남광주통합특별시 담양군 담양읍 삼거리길 45(101호)
20250788031,전남광주통합특별시 담양군 고서면 가사문학로 330
20250788048,전남광주통합특별시 담양군 담양읍 중앙로 24
20250788314,전남광주통합특별시 담양군 담양읍 죽향문화로 431-12(1층)
20250788321,전남광주통합특별시 담양군 담양읍 죽녹원로 33(1층)
20250790055,전남광주통합특별시 곡성군 곡성읍 군청로 37
20250794001,전남광주통합특별시 고흥군 고흥읍 고흥로 1731-1
20250794146,전남광주통합특별시 고흥군 도양읍 비봉로 154(2층)
20250800009,전남광주통합특별시 장흥군 장흥읍 장흥로 39(201동 1층 4호 아이지센트럴파크2차)
20250802111,전남광주통합특별시 강진군 강진읍 중앙로 103(CJ빌딩 1층 101호)
20250804124,전남광주통합특별시 해남군 해남읍 군청길 11(1층)
20250808020,전남광주통합특별시 무안군 청계면 승달산길 7-1(1층 일부호)
20250808030,전남광주통합특별시 무안군 삼향읍 대죽동로 24(102호)
20250808041,전남광주통합특별시 무안군 일로읍 오룡남로 128(1층)
20250808071,"전남광주통합특별시 무안군 삼향읍 대죽서로16번길 2(107호, 108호일부)"
20250808086,전남광주통합특별시 무안군 삼향읍 남악3로 74(유풍프라자 109호)
20250808174,전남광주통합특별시 무안군 삼향읍 남악2로74번길 29(대양프라자 1동 107호)
20250808187,"전남광주통합특별시 무안군 일로읍 오룡교육로5길 10(1층 101,102호)"
20250808228,전남광주통합특별시 무안군 삼향읍 대죽동로 24(1층 103호)
20250808334,"전남광주통합특별시 무안군 삼향읍 오룡3길 41-6(1층,2층)"
20250808348,전남광주통합특별시 무안군 삼향읍 남악3로 74(105호 일부)
20250810026,전남광주통합특별시 함평군 함평읍 중앙길 54-27
20250810052,전남광주통합특별시 함평군 함평읍 중앙길 154(청년임대상가)
20250810075,전남광주통합특별시 함평군 함평읍 영수길 40-7
20250812017,전남광주통합특별시 영광군 영광읍 물무로 7(숲안에 아파트 5차 상가동 3층)
20250812023,전남광주통합특별시 영광군 영광읍 중앙로 183
20250812030,전남광주통합특별시 영광군 법성면 연우로 9(1층)
20250814016,전남광주통합특별시 장성군 남면 나노산단5로 15
20250816021,전남광주통합특별시 완도군 노화읍 이포길 27
20250820012,전남광주통합특별시 신안군 지도읍 해제지도로 1391(2동)
20250820133,전남광주통합특별시 신안군 비금면 읍동길 30-3(102호)
20250826341,경상북도 포항시 남구 오천읍 냉천로302번길 62(1층)
20250826460,경상북도 포항시 남구 포스코대로377번길 6-1(가동 1층 대도동)
20250826509,경상북도 포항시 남구 오천읍 해병로489번길 9(401동 1층 103호 신문덕코아루 아파트)
20250826522,경상북도 포항시 남구 연일읍 유강길9번길 45(1층 103호)
20250826532,경상북도 포항시 남구 대이로143번길 12-10(2층 이동)
20250826535,경상북도 포항시 남구 상공로 58(교차로빌딩 1층 상도동)
20250826544,경상북도 포항시 남구 오천읍 하원로 58(1층 104호)
20250829074,경상북도 포항시 북구 두호로 46(1층 두호동)
20250829113,경상북도 포항시 북구 삼호로217번길 13-3(1층 두호동)
20250829207,경상북도 포항시 북구 장량로18번길 61(1층 장성동)
20250829245,경상북도 포항시 북구 두호로 22(두호동)
20250829286,경상북도 포항시 북구 학산로 62(롯데백화점 9층 학산동)
20250829348,경상북도 포항시 북구 법원로 1(1층 101호 장성동)
20250829383,경상북도 포항시 북구 학산로 62(롯데백화점 포항점 지하1층 학산동)
20250829444,경상북도 포항시 북구 흥해읍 이인로77번길 6(1층)
20250829488,경상북도 포항시 북구 장량로 181(1동 1층 102호 양덕동)
20250829490,경상북도 포항시 북구 장량로 181(1층 101호 양덕동)
20250829589,경상북도 포항시 북구 학산로 62(롯데백화점 1층 학산동)
20250829592,경상북도 포항시 북구 흥해읍 초곡지구로58번길 14-10(1층)
20250829806,경상북도 포항시 북구 흥해읍 이인로116번길 24(1층)
20250829971,경상북도 포항시 북구 중흥로172번길 14-1(1층 죽도동)
20250829974,경상북도 포항시 북구 새천년대로1249번길 10-6(1층 장성동)
20250832093,경상북도 경주시 숲머리길 163(1층 보문동)
20250832268,경상북도 경주시 건천읍 경주역세권1로 75(천년가 센텀스카이 301동 1-B105호)
20250832381,경상북도 경주시 광중3길 56-17(1층 용강동)
20250832505,경상북도 경주시 보문로 544(경주월드 A-38동 1층 천군동)
20250832511,경상북도 경주시 보문로 544(경주월드 캘리포니아비치 내 A동 40호 천군동)
20250832532,경상북도 경주시 건천읍 경주역세권3로 5(주1동 1층)
20250832715,경상북도 경주시 용황로 6-7(용황 이집엔 B-101호 황성동)
20250832925,경상북도 경주시 건천읍 경주역세권1로 75(301동 1-B109호 천년가 센텀스카이)
20250833222,경상북도 경주시 보문로 544(경주월드/서라벌청소년수련관 B동 1층 95호 천군동)
20250836254,경상북도 김천시 혁신6로 22(대성빌딩 102호 율곡동)
20250839015,경상북도 안동시 경동로 671(2층 남부동)
20250839038,경상북도 안동시 풍천면 천년숲서로 29(122-123호)
20250839070,경상북도 안동시 태사2길 60(1층 북문동)
20250839129,경상북도 안동시 풍산읍 장터3길 13
20250839150,경상북도 안동시 북후면 북평로 851
20250839346,경상북도 안동시 충효로 4365(1층 정상동)
20250845106,경상북도 구미시 봉곡서로 19(1층 봉곡동)
20250845606,경상북도 구미시 구미대로 174(홈플러스 구미광평점 1층 광평동)
20250845753,경상북도 구미시 송원서로 72(1층 원평동)
20250845800,경상북도 구미시 신비로 137(제2동 1층 비산동)
20250845836,경상북도 구미시 인동가산로 479(1층 신동)
20250845874,경상북도 구미시 산호대로32길 11(1층 옥계동)
20250846256,경상북도 구미시 고아읍 들성로 243(1층)
20250846412,경상북도 구미시 산동읍 신당1로3길 17-6(1동 1층 105호)
20250846518,경상북도 구미시 상사서로 173-3(1층 사곡동)
20250854326,경상북도 영천시 시장로 106(108호 완산동)
20250856047,경상북도 상주시 경상대로 3241-10(만산동)
20250856208,경상북도 상주시 중앙로 149(남성동)
20250856272,경상북도 상주시 경상대로 3144(2층 만산동)
20250856284,경상북도 상주시 동수4길 38-16(무양동)
20250856310,경상북도 상주시 서성로 5(서성동)
20250856448,경상북도 상주시 동수4길 42-7(101호 무양동)
20250856466,경상북도 상주시 상산로 156(신봉동)
20250859273,경상북도 문경시 당교2길 25(102호 모전동)
20250859283,경상북도 문경시 가은읍 가은5길 7(주11동 2호)
20250859365,"경상북도 문경시 당교12길 5-12(102,103호 모전동)"
20250862111,경상북도 경산시 경청로219길 1-4(1층 백천동)
20250862152,경상북도 경산시 강변서로 237-2(정평동)
20250862153,경상북도 경산시 삼성현로 54(A동 옥산동)
20250862156,경상북도 경산시 하양읍 서사도리4로 4(1층)
20250862423,경상북도 경산시 하양읍 하양로33길 6-1(하양1차청구아파트 상가동 1층 105호)
20250862539,경상북도 경산시 옥산로 227(경산이마트 2층 중산동)
20250862550,경상북도 경산시 옥산로 227(2층 중산동)
20250862723,경상북도 경산시 경청로219길 4-7(1층 백천동)
20250862768,경상북도 경산시 경산로44길 11(1층 옥산동)
20250865116,경상북도 의성군 사곡면 치선오상길 539
20250873177,경상북도 청도군 청도읍 한재로 347
20250881036,경상북도 예천군 예천읍 맛고을길 83-1
20250881221,경상북도 예천군 호명읍 양지1길 30-2(1층)
20250881222,경상북도 예천군 호명읍 새움3로 14(JM팰렉스 116호)
20250893230,경상남도 창원시 의창구 중동중앙로 47(어반브릭스 STUDIO STREET MALL 1층 1092호 중동)
20250893383,경상남도 창원시 의창구 동읍 주남로71번길 7-5(1층)
20250893509,"경상남도 창원시 의창구 천주로12번길 43(1층 전체, 2층 일부 중동)"
20250893510,"경상남도 창원시 의창구 천주로12번길 45(1층 전체, 2층 일부 중동)"
20250893564,"경상남도 창원시 의창구 북면 감계로187번길 9(근린생활시설동 지하1층 106,107호 창원 포레힐스 데시앙)"
20250897136,경상남도 창원시 성산구 중앙대로 55(현대오피스텔 1층 123-1호 중앙동)
20250897277,경상남도 창원시 성산구 가양로124번길 13(X-mall 2층 207호 대방동)
20250897589,경상남도 창원시 성산구 중앙대로 124(롯데백화점 지하1층 일부호 상남동)
20250897616,경상남도 창원시 성산구 중앙대로 124(롯데백화점 지하1층 일부호 상남동)
20250897685,경상남도 창원시 성산구 신사로45번길 33(제2동 1층 일부호 신월동)
20250901052,경상남도 창원시 마산합포구 구산면 로봇랜드로 250(식음카트-4호)
20250901310,"경상남도 창원시 마산합포구 회원천북길 491(1층 102호 산호동, 산호 베스티움)"
20250907158,경상남도 창원시 진해구 용원서로31번길 20(1층 용원동)
20250907166,"경상남도 창원시 진해구 신항동로 115(C동 1층 118,119,120호 용원동)"
20250910068,경상남도 진주시 돗골로 118(1층 일부 상대동)
20250910128,경상남도 진주시 정촌면 화개천로 132-6(104호)
20250910245,경상남도 진주시 진주대로 548(1층일부 가좌동)
20250910547,경상남도 진주시 동진로 440(롯데아울렛 진주점 4층 일부 충무공동)
20250910629,경상남도 진주시 강변길10번길 36(1층 호탄동)
20250910772,경상남도 진주시 돗골로 118(1층일부 상대동)
20250911297,경상남도 진주시 새들말로22번길 10-2(1층 평거동)
20250914066,경상남도 통영시 광도면 죽림4로 41-11(101-3호)
20250914114,경상남도 통영시 용남면 용남해안로 364(1층)
20250914199,경상남도 통영시 무전4길 47(태민빌딩 1층 2호 북신동)
20250914355,경상남도 통영시 광도면 죽림5로 65(103호)
20250914558,경상남도 통영시 광도면 죽림5로 31-5(1층 101호)
20250914563,경상남도 통영시 무전대로 21(1층 101호 무전동)
20250914572,경상남도 통영시 통영해안로 347(1층 중앙동)
20250917021,경상남도 사천시 사남면 조동길 38-2(101호)
20250917056,경상남도 사천시 정동면 정동중앙로 1
20250917124,경상남도 사천시 사천읍 읍내1길 48-11(1층)
20250919012,경상남도 김해시 진영읍 장등1로 57(1층 일부호)
20250919033,경상남도 김해시 김해대로2315번길 32(1층 봉황동)
20250919233,경상남도 김해시 내외중앙로 69(에스제이테라스파크 1층 107호 내동)
20250919356,"경상남도 김해시 무계로 56(1층 133호, 134호 무계동)"
20250919603,경상남도 김해시 식만로 379(1층 불암동)
20250919888,경상남도 김해시 활천로 42(1층 삼정동)
20250919983,경상남도 김해시 관동로27번길 142(1층 관동동)
20250920095,경상남도 김해시 김해대로 2232(신세계백화점 1층 외동)
20250920198,경상남도 김해시 번화2로 4(1층 101호 삼문동)
20250920212,경상남도 김해시 장유로 469(롯데 프리미엄 아울렛 김해점 3층 일부호 신문동)
20250920381,"경상남도 김해시 장유로 270(107호, 108호, 109호, 110호 부곡동)"
20250920559,경상남도 김해시 내외중앙로 27(오로라 107일부호 외동)
20250920647,경상남도 김해시 진영읍 장등로 42(1층 일부호)
20250924343,경상남도 밀양시 약산로 12-4(1층 내이동)
20250924362,경상남도 밀양시 밀양대로 1770(1층 삼문동)
20250926133,경상남도 거제시 두모길 21(1층 두모동)
20250926164,경상남도 거제시 국산1길 1(1층 옥포동)
20250926253,경상남도 거제시 중곡로3길 48(주1동 1층 고현동)
20250926609,경상남도 거제시 서문로 79(나동 1층 고현동)
20250929162,경상남도 양산시 상북면 석계로 4(지하1층 B103호)
20250929221,"경상남도 양산시 동면 금오로 253(803,804일부호)"
20250929271,경상남도 양산시 동면 금오로 255(106호)
20250929286,경상남도 양산시 물금읍 버들2길 7-10(1층)
20250929295,경상남도 양산시 동면 사송1길 25(1층)
20250929591,경상남도 양산시 평산남로 66(1층 평산동)
20250929866,경상남도 양산시 물금읍 범어로 76(네오코아 105호)
20250929959,경상남도 양산시 양주4길 4(1층 102호 중부동)
20250930242,경상남도 양산시 물금읍 황산로 527(1층 일부호)
20250937029,경상남도 창녕군 이방면 안리내동길 16-1
20250937030,경상남도 창녕군 이방면 안리내동길 20
20250937031,경상남도 창녕군 이방면 안리내동길 22
20250941069,경상남도 남해군 미조면 쏠비치길 21(쏠비치 리조트)
20250941070,경상남도 남해군 미조면 쏠비치길 21(쏠비치 리조트)
20250941071,경상남도 남해군 미조면 쏠비치길 21(쏠비치 리조트)
20250941074,경상남도 남해군 미조면 쏠비치길 21(쏠비치 리조트)
20250941076,경상남도 남해군 미조면 쏠비치길 21(쏠비치 리조트)
20250941077,경상남도 남해군 미조면 쏠비치길 22(1층)
20250941093,경상남도 남해군 미조면 쏠비치길 21(쏠비치 리조트)
20250941133,경상남도 남해군 미조면 미조로 28(1층)
20250943133,경상남도 하동군 하동읍 경서대로 141
20250947039,경상남도 함양군 함양읍 필봉산길 108(1층)
20250947136,경상남도 함양군 함양읍 고운로 80(1층)
20250949014,경상남도 거창군 위천면 송계로 355-7
20250949051,경상남도 거창군 거창읍 공수들4길 41(1층 102호)
20250949170,경상남도 거창군 거창읍 상동7길 93
20250955004,제주특별자치도 제주시 원노형6길 12-1(1층 노형동)
20250955132,제주특별자치도 제주시 애월읍 애월로15길 24(1층)
20250955136,제주특별자치도 제주시 오복1길 23(1층 이도이동)
20250955324,제주특별자치도 제주시 원당로5길 25(1층 삼양일동)
20250955525,제주특별자치도 제주시 한림읍 월령3길 19(1층)
20250955709,제주특별자치도 제주시 오복1길 23(1층 이도이동)
20250955729,제주특별자치도 제주시 연동4길 2(1층 연동)
20250955747,제주특별자치도 제주시 월랑로 47(주립빌딩 1층 노형동)
20250955796,제주특별자치도 제주시 첨단로 199(지하1층 비103호 영평동)
20250955817,제주특별자치도 제주시 원노형5길 19(에코휴리움 오피스 1층 101호 노형동)
20250955905,제주특별자치도 제주시 화삼북로 139(1층 삼양이동)
20250956030,제주특별자치도 제주시 연북로 207(비동 1층 오라이동)
20250956087,제주특별자치도 제주시 용담로19길 6(1층 용담일동)
20250956155,제주특별자치도 제주시 연동4길 2(5층 연동)
20250956631,"제주특별자치도 제주시 연동1길 40(1층 연동, 이화주택)"
20250956806,제주특별자치도 제주시 곤을길 23(1층 화북일동)
20250956836,제주특별자치도 제주시 신대로 155(1층 연동)
20250957094,제주특별자치도 제주시 서광로 154(오라동위락시설 1층 오라일동)
20250957190,제주특별자치도 제주시 구남동4길 3(1층 이도이동)
20250957254,제주특별자치도 제주시 서해안로 578(1층 용담삼동)
20250957363,제주특별자치도 제주시 한림읍 한림중앙로 254(1층)
20250962147,제주특별자치도 서귀포시 대정읍 글로벌에듀로 390(A동 112호)
20250962265,제주특별자치도 서귀포시 홍중로 47(1층 서홍동)
20250962289,제주특별자치도 서귀포시 중정로62번길 4(서귀동)
20250962290,"제주특별자치도 서귀포시 안덕면 사계북로 192(몬트마레 105,106호)"
20250962835,제주특별자치도 서귀포시 성산읍 성산등용로 2(1층)
20260045030,서울특별시 중구 통일로 10(연세대학교 세브란스빌딩 지하1층 남대문로5가)
20260045131,서울특별시 중구 남대문로 81(롯데백화점 본점 지하1층 소공동)
20260045291,서울특별시 중구 마른내로 27(지하1층 105호 초동)
20260050021,서울특별시 용산구 한강대로23길 55(용산아이파크몰 더센터 6층 한강로3가)
20260058147,서울특별시 광진구 동일로20길 106(1동 2층 자양동)
20260058189,서울특별시 광진구 아차산로 471(CS PLAZA 1층 106호 구의동)
20260058297,서울특별시 광진구 자양로 147(서원빌딩 1층 자양동)
20260062158,"서울특별시 동대문구 이문로 150(이문아이파크자이 근린생활시설2동 1층 107호,108호 이문동)"
20260062191,서울특별시 동대문구 서울시립대로 84(102호 전농동)
20260067010,서울특별시 중랑구 신내역로 213(신내우디안프라자 1층 102호 신내동)
20260076058,서울특별시 강북구 삼양로54길 7(1층 미아동)
20260080001,서울특별시 도봉구 노해로69길 15(세정빌딩 105호 창동)
20260084013,서울특별시 노원구 공릉로46길 6(현대프라자 1층 103호 공릉동)
20260084024,서울특별시 노원구 동일로204가길 46(2001아울렛 1층 일부호 중계동)
20260084037,서울특별시 노원구 동일로241가길 5(1층 102호 상계동)
20260084110,서울특별시 노원구 상계로 308(2층 상계동)
20260084164,서울특별시 노원구 동일로 1419(디와이홀딩스주빌딩 1층 상계동)
20260089019,서울특별시 은평구 통일로 805(1층 대조동)
20260089044,서울특별시 은평구 은평로 230(1층 응암동)
20260089047,서울특별시 은평구 은평로 102(1층 응암동)
20260093021,서울특별시 서대문구 연세로 50-1(B1-2호 신촌동)
20260093048,서울특별시 서대문구 연세로 50-1(연세세브란스병원 암병동 아케이드 B1층 B1-1호 신촌동)
20260093054,서울특별시 서대문구 거북골로 33(2층 남가좌동)
20260093073,서울특별시 서대문구 연세로9길 10-1(2층 창천동)
20260093107,서울특별시 서대문구 연세로9길 16(1층 창천동)
20260093198,서울특별시 서대문구 연희로 81-21(정암빌딩 2층 연희동)
20260097026,"서울특별시 마포구 월드컵북로 396(누리꿈스퀘어 지1층 B1057-1일부,26,27,28,29,30,31,32호 상암동)"
20260097098,서울특별시 마포구 서강로 135(JK빌딩 1층 일부호 노고산동)
20260104074,"서울특별시 양천구 목동동로12길 22(104호 신정동, 프리우스아파트)"
20260108053,서울특별시 강서구 화곡로44길 12(1층 101호 화곡동)
20260108291,서울특별시 강서구 까치산로4나길 2(1층 105호 화곡동)
20260113076,서울특별시 구로구 새말로 97(신도림테크노마트 10층 16호 구로동)
20260113111,서울특별시 구로구 새말로 60(제중요양병원 지하1층 구로동)
20260118034,서울특별시 금천구 독산로 112(1층 시흥동)
20260121082,서울특별시 영등포구 여의대방로 137(2층 신길동)
20260121143,서울특별시 영등포구 선유로 138(롯데마트 양평점 2층 양평동3가)
20260121428,서울특별시 영등포구 영중로 15(타임스퀘어 패션관 지하1층 영등포동4가)
20260121471,서울특별시 영등포구 문래로 79-4(태양프라자 1층 103-1호 문래동3가)
20260131003,서울특별시 관악구 남부순환로 1677(1층 봉천동)
20260131099,서울특별시 관악구 신림로 356(2층 201호 신림동)
20260136008,서울특별시 서초구 방배로 269(삼호상가 1층 115호 방배동)
20260136062,"서울특별시 서초구 강남대로 321(2층 213호 서초동, 서초동 대우디오빌프라임)"
20260144063,"서울특별시 강남구 압구정로50길 28(101동 1층 156호,157호 신사동, 로데오현대아파트)"
20260144293,서울특별시 강남구 학동로25길 11(씨플레이스 지하1층 103호 논현동)
20260144301,서울특별시 강남구 남부순환로363길 12-29(102호 도곡동)
20260144330,서울특별시 강남구 선릉로93길 8(2층 역삼동)
20260144473,서울특별시 강남구 선릉로157길 23(지상2층 신사동)
20260144644,서울특별시 강남구 테헤란로22길 32(1층 102호 역삼동)
20260144892,서울특별시 강남구 테헤란로 521(지하1층 파르나스몰 R-36호 삼성동)
20260154164,서울특별시 송파구 오금로11길 24(2층 방이동)
20260154196,서울특별시 송파구 거마로 62(효명빌딩 1층 101호 마천동)
20260161012,서울특별시 강동구 올림픽로 816(1층 106호 암사동)
20260161049,서울특별시 강동구 양재대로 1499(에이동 104일부호 길동)
20260161053,"서울특별시 강동구 올림픽로 610(1층 A-9,11,13호 성내동, 천호역 효성해링턴타워)"
20260161258,서울특별시 강동구 양재대로112길 8(수다빌딩 2층 201호 길동)
20260169058,부산광역시 중구 중앙대로 2(롯데백화점광복점 아쿠아몰 지상4층 중앙동7가)
20260178060,부산광역시 부산진구 가야대로784번길 21(1층 일부호 부전동)
20260178159,부산광역시 부산진구 신천대로162번길 19(1층 일부호 부전동)
20260178345,부산광역시 부산진구 서면로68번길 15(1층 일부호 부전동)
20260186109,"부산광역시 남구 분포로 145(더블유 스퀘어동 1층 1075호 용호동, 더블유)"
20260192253,부산광역시 해운대구 양운로42번길 18(에이원웨이 2층 201호 좌동)
20260192483,부산광역시 해운대구 재반로118번길 4(1층 재송동)
20260203055,"부산광역시 강서구 에코델타1로 66(상가동 101호 강동동, 에코델타시티푸르지오센터파크)"
20260203091,"부산광역시 강서구 에코델타5로 60(119동 110호 강동동, 에코델타 더 베르힐)"
20260203097,부산광역시 강서구 명지국제8로 243(미주프라자 108호 명지동)
20260203176,"부산광역시 강서구 에코델타3로 43(근린생활시설 2-2동 106호 강동동, 에코델타시티 푸르지오 린)"
20260205113,"부산광역시 연제구 중앙대로1124번길 15(1-3호 연산동, 연산동 에스케이 뷰)"
20260208014,"부산광역시 수영구 수영로652번길 6(108호 광안동, 정원센텀뷰)"
20260208028,부산광역시 수영구 연수로263번길 12-36(1층 망미동)
20260211103,부산광역시 사상구 엄궁북로 40(엄궁롯데캐슬리버 상가 103호 엄궁동)
20260219004,"대구광역시 중구 중앙대로 400(1,2층 남일동)"
20260219066,"대구광역시 중구 서성로 99(제판매시설동 1층 137호 수창동, 대구역센트럴자이)"
20260219103,"대구광역시 중구 달구벌대로 2082(근린생활시설동 101,102,104호 남산동, 반월당역 반도유보라)"
20260222035,대구광역시 동구 율하서로 32(1층 103호 율하동)
20260240017,대구광역시 수성구 신매로 5-1(1층 신매동)
20260240042,대구광역시 수성구 동원로 6(1층 만촌동)
20260248032,대구광역시 달서구 대명천로 93(1층 성당동)
20260256033,대구광역시 달성군 다사읍 다사로 71(202동 지하1층 B101호 다사역 금호어울림 센트럴)
20260256043,대구광역시 달성군 현풍읍 테크노상업로 50(1층 105호)
20260263019,인천광역시 영종구 공항로 272(인천공항제1터미널 일반동 4층 운서동)
20260263022,인천광역시 영종구 제2터미널대로 446(인천공항제2터미널A/S 면세동 4층 운서동)
20260263023,인천광역시 영종구 제2터미널대로 446(인천공항제2터미널A/S 면세동 4층 운서동)
20260263024,인천광역시 영종구 제2터미널대로 446(인천공항제2터미널A/S 면세동 4층 운서동)
20260263025,인천광역시 영종구 제2터미널대로 446(인천공항제2터미널A/S 면세동 4층 운서동)
20260263026,인천광역시 영종구 제2터미널대로 446(인천공항제2터미널A/S 면세동 4층 운서동)
20260263027,인천광역시 영종구 제2터미널대로 446(인천공항제2터미널A/S 면세동 4층 운서동)
20260263028,인천광역시 영종구 제2터미널대로 446(인천공항제2터미널A/S 면세동 4층 운서동)
20260263034,인천광역시 영종구 공항로 272(인천공항제1터미널 일반동 4층 운서동)
20260263064,인천광역시 영종구 운중로 144(1층 중산동)
20260263071,"인천광역시 영종구 영종대로277번길 47-9(영종유승한내들스카이2차 120동 1층 101,102호 운서동)"
20260268107,"인천광역시 미추홀구 주안로213번길 15(간석역프라자 1층 104,105호 주안동)"
20260268144,"인천광역시 미추홀구 숙골로87번길 5(204동 1층 32,33호 도화동, 더샵 인천스카이타워 2단지)"
20260273028,"인천광역시 연수구 아카데미로312번길 31(힐스테이트 레이크 송도 4차 438동 112호 송도동, 힐스테이트 레이크 송도 4차)"
20260273036,인천광역시 연수구 인천타워대로 301(송도센텀하이브 지상1층 1015호 송도동)
20260279057,인천광역시 남동구 미래로 15(1층 102호 구월동)
20260279115,인천광역시 남동구 석산로228번길 32(1층 일부호 구월동)
20260279165,인천광역시 남동구 에코중앙로150번길 12-5(희진프라자주건축물제1동 101호 논현동)
20260283051,인천광역시 부평구 길주로647번길 20(삼성프라자 2층 201호 삼산동)
20260283171,인천광역시 부평구 부평대로 90(여산빌딩 A동 103호 부평동)
20260291001,"인천광역시 검단구 서곶로 788(홀리랜드 105,106호 당하동)"
20260291029,"인천광역시 서해구 가정로 437(306동 1층 151호 가정동, 루원시티 SK Leaders' VIEW)"
20260291044,인천광역시 서해구 청라커낼로288번길 36(청라 더리브 티아모 까사 101호~121호 청라동)
20260291201,"인천광역시 서해구 청라에메랄드로 79(커낼에비뉴 지하1층 A28,A29,A30호 청라동)"
20260291257,인천광역시 검단구 이음5로 66(서영아너시티1차 1동 101호 원당동)
20260291268,인천광역시 검단구 이음5로 70(새샘프라자 104호 원당동)
20260314085,전남광주통합특별시 남구 봉선1로 49(스카이사우나. 헬스 1층 103호 봉선동)
20260317113,전남광주통합특별시 북구 서강로 78(골든프라자 1층 105호 운암동)
20260324161,전남광주통합특별시 광산구 장신로20번길 14-4(1층 장덕동)
20260333115,대전광역시 중구 대종로 373(베이스볼드림파크 1층 부사동)
20260333209,대전광역시 중구 대종로 373(베이스볼드림파크 4층 홈루호 부사동)
20260333210,대전광역시 중구 대종로 373(베이스볼드림파크 4층 1루호 부사동)
20260337006,"대전광역시 서구 도마로 2(지하1층일부,1층 일부호 도마동)"
20260342004,대전광역시 유성구 궁동로18번길 47(지상1층 궁동)
20260342029,"대전광역시 유성구 상대복용로29번길 9-5(대전도안센트럴아이파크2단지오피스텔 지상1층 114,115호 상대동)"
20260342127,대전광역시 유성구 자운로97번길 410(지상1층 신봉동)
20260342281,대전광역시 유성구 과학도움2길 28-11(지상1층 구룡동)
20260342529,대전광역시 유성구 테크노중앙로 50(지상1층 A104호 관평동)
20260346029,대전광역시 대덕구 계족산로81번길 101(선우빌딩 1층 송촌동)
20260351008,울산광역시 중구 평산로 55(2층 약사동)
20260354228,울산광역시 남구 돋질로113번길 6(1층 신정동)
20260360006,"울산광역시 동구 서부로 50(신영 울산 지웰시티 자이 1단지 상가1동 1층 320호 서부동, 신영 울산 지웰시티 자이 1단지)"
20260363083,울산광역시 북구 염포로 473(지상1층 양정동)
20260363135,울산광역시 북구 진장17길 10(신선도원몰 지상1층 진장동)
20260366029,"울산광역시 울주군 온양읍 솔밭1길 12(111동 101,102호 울산온양대우아파트)"
20260369022,세종특별자치시 조치원읍 조치원3길 2(1층)
20260369056,세종특별자치시 세종로 1229(스타플레이스 4층 403호 고운동)
20260369121,세종특별자치시 한누리대로 2165(호려울마을7단지 근린생활시설 752동 1층 C-104호 보람동)
20260382022,경기도 수원시 팔달구 효원로 193(1층 103호 인계동)
20260382069,"경기도 수원시 팔달구 효원로55번길 49(1층 107,108호 매교동)"
20260382106,경기도 수원시 팔달구 아주로47번길 7(2층 우만동)
20260385060,경기도 수원시 영통구 아주로 38(아카데미빌딩 2층 202호 원천동)
20260391025,경기도 수원시 권선구 금곡로212번길 14(거성빌딩 106호 금곡동)
20260391042,경기도 수원시 권선구 곡반정로 160(라퍼스트 1층 129호 곡반정동)
20260391045,경기도 수원시 권선구 금호로 135-1(승우빌딩 1층 구운동)
20260391084,경기도 수원시 권선구 동수원로146번길 42(1층 101호 곡반정동)
20260397021,경기도 성남시 수정구 위례광장로 21-6(정프라자 1층 가-102호 창곡동)
20260403034,경기도 성남시 분당구 야탑로81번길 11(NC백화점 8층 일부 야탑동)
20260403050,경기도 성남시 분당구 야탑로81번길 11(NC백화점 8층 일부 야탑동)
20260431009,경기도 부천시 원미구 장말로 162(1층 일부호 상동)
20260431041,경기도 부천시 원미구 부흥로315번길 62(필-그린타워 206호 중동)
20260431067,경기도 부천시 원미구 상동로 90(메가플러스 106호 상동)
20260461013,경기도 광명시 오리로 887(1층 101호 철산동)
20260461040,경기도 광명시 일직로 17(롯데아울렛 5층 일부호 일직동)
20260467006,"경기도 평택시 정암로 31(101,102,103호 이충동, 평택 고덕 코아루 더블루시티)"
20260470008,경기도 평택시 포승읍 여술로 7(1층 109호 스마트빌듀오2차)
20260472014,경기도 동두천시 중앙로 132(이담프라자빌딩 1층 105호 지행동)
20260472017,경기도 동두천시 동두천로 115(중앙프라자 1층 103호 지행동)
20260477010,경기도 안산시 상록구 해양4로 26(314~315호 사동)
20260477022,경기도 안산시 상록구 해양4로 26(자이센터프라자 206호 사동)
20260514079,경기도 오산시 청학로 119(1층 일부호 궐동)
20260517054,경기도 시흥시 은계번영길 7(단디프라자 1층 107호 은행동)
20260517092,경기도 시흥시 서해안로 699(시흥 프리미엄 아울렛 3층 일부호 배곧동)
20260517167,경기도 시흥시 대야로23번길 12(1층 일부호 대야동)
20260529002,경기도 하남시 미사강변한강로220번길 32(1층 일부호 망월동)
20260529071,경기도 하남시 하남대로 792(동진빌딩 1층 일부호 신장동)
20260529093,경기도 하남시 미사강변동로 85(힐스테이트 에코 미사 1층 121호 망월동)
20260539005,경기도 용인시 기흥구 동백죽전대로 444(쥬네브 지1층 B62호 중동)
20260539047,"경기도 용인시 기흥구 중부대로 375(판매시설동 롯데캐슬스카이몰7호 신갈동, 기흥역 롯데캐슬스카이)"
20260543004,경기도 용인시 수지구 풍덕천로 122(하나로프라자 2층 204-1호 풍덕천동)
20260543210,경기도 용인시 수지구 풍덕천로190번길 3-7(1층 일부호 풍덕천동)
20260543312,경기도 용인시 수지구 포은대로 536(주신세계 사우스시티 지하2층 일부호 죽전동)
20260546051,경기도 파주시 경의로 1070(1층 101호 야당동)
20260546055,경기도 파주시 쇠재로 122(1층 103호 금릉동)
20260552019,"경기도 이천시 장호원읍 장감로 73-1(1,2층)"
20260558206,"경기도 김포시 솔터로 22(상가동 107호 구래동, 메트로타워 예미지)"
20260558259,경기도 김포시 사우중로 89(명승플라자 104호 북변동)
20260558300,경기도 김포시 김포한강11로 288-27(한강프라자 1층 103호 운양동)
20260558346,경기도 김포시 양촌읍 김포한강4로 230(2층 전체호)
20260565006,경기도 화성시 효행구 봉담읍 장등2길 5-28(허브하우스 1동 1층 전체)
20260565009,"경기도 화성시 동탄구 동탄신리천로3길 71(상가동 지1층 108호 신동, 동탄 숨마 데시앙)"
20260565014,경기도 화성시 동탄구 동탄반송3길 8(동탄타워 1층 129호 반송동)
20260565318,경기도 화성시 만세구 남양읍 역골동로 124(스마트프라자 1층102호)
20260573096,경기도 화성시 만세구 향남읍 행정서로3길 18-20(1층 전체호)
20260582147,경기도 화성시 동탄구 동탄지성로 125(토마토프라자 1층 103호 반송동)
20260582165,경기도 화성시 동탄구 동탄대로 637(삼성어반타워 1층 109호 영천동)
20260582201,경기도 화성시 동탄구 10용사3길 21(1층 일부102호호 반송동)
20260585073,경기도 광주시 이배재로 175(목현동)
20260585087,경기도 광주시 곤지암읍 벌열미길 14(1층)
20260590143,경기도 양주시 송랑로 23(1층 일부 만송동)
20260590221,경기도 양주시 덕계로4길 4(케이타워 114호 덕계동)
20260631029,강원특별자치도 영월군 영월읍 제방안길 16-1(중앙시장 109호)
20260654115,충청북도 청주시 상당구 상당로81번길 17(박치과의원 2층 북문로1가)
20260664115,충청북도 청주시 흥덕구 2순환로 1225(청주센트럴시티터미널복합 7층 일부호 가경동)
20260674028,충청북도 충주시 형설로 151(1층 성남동)
20260674153,충청북도 충주시 주덕읍 화개3길 40(1층)
20260692033,충청북도 음성군 대소읍 성본산단4로 41(108호 음성푸르지오 더퍼스트)
20260704052,충청남도 천안시 동남구 만남로 36(1층 신부동)
20260707022,"충청남도 천안시 서북구 천안대로 980-17(210동 지하1층 1-7호 두정동, 한화 포레나 천안두정)"
20260707033,충청남도 천안시 서북구 공원로 227(갤러리아 센터시티 8층 불당동)
20260707057,충청남도 천안시 서북구 공원로 227(8층 불당동)
20260707071,충청남도 천안시 서북구 공원로 227(8층 불당동)
20260718216,충청남도 아산시 탕정면 한들물빛도시로 70(B동 1층 119호 한들물빛도시지웰시티센트럴푸르지오2단지)
20260726003,충청남도 계룡시 엄사면 전원로 5-4(1층)
20260734002,충청남도 청양군 청양읍 중앙로 130(1층)
20260738018,충청남도 예산군 삽교읍 예학로 162(118동 116호 학재마을 도나우에듀파크2차)
20260738040,충청남도 예산군 삽교읍 예학로 81(SS프라자 103호)
20260750075,전북특별자치도 전주시 덕진구 세병로 178-8(1층 일부호 송천동2가)
20260754024,전북특별자치도 군산시 신지길 74(102호 지곡동)
20260754056,전북특별자치도 군산시 조촌로 130(롯데몰 군산점 3층 조촌동)
20260754087,전북특별자치도 군산시 조촌로 130(롯데몰 군산점 3층 조촌동)
20260754161,전북특별자치도 군산시 조촌로 130(롯데몰 군산점 3층 조촌동)
20260773004,전북특별자치도 무주군 설천면 구천동로 1102(1층 101호)
20260787037,전남광주통합특별시 목포시 백년대로375번길 23(1층 옥암동)
20260787133,전남광주통합특별시 목포시 당가두로 36(1층 101호 옥암동)
20260795082,전남광주통합특별시 순천시 오천6길 24(G-Place 오천 2층 208호 오천동)
20260799034,전남광주통합특별시 나주시 배멧3길 5-8(103호 빛가람동)
20260801003,전남광주통합특별시 광양시 중마청룡길 7(4층중 1층일부 중동)
20260801149,전남광주통합특별시 광양시 광양읍 대림오성로 125(2층중 1층일부)
20260804010,전남광주통합특별시 담양군 담양읍 중앙로 53
20260814004,전남광주통합특별시 화순군 화순읍 칠충로 121(1층 103호)
20260824004,전남광주통합특별시 무안군 삼향읍 남악3로82번길 7(제일파킹프라자 107호)
20260824043,전남광주통합특별시 무안군 삼향읍 남악3로82번길 7(제일파킹프라자 119호)
20260870022,경상북도 영천시 망정로 60(1층 망정동)
20260878004,경상북도 경산시 대학로 291(1층 대동)
20260878024,경상북도 경산시 펜타힐즈2로 59(102호 중산동)
20260909082,경상남도 창원시 의창구 퇴촌로 31(일성빌딩 1층 일부호 사림동)
20260913209,경상남도 창원시 성산구 창이대로901번길 30(대방그린빌아파트 상가동 지하14호 대방동)
20260913239,경상남도 창원시 성산구 중앙대로 124(롯데백화점 6층 일부호 상남동)
20260917119,경상남도 창원시 마산합포구 월영남로 3(104호 해운동)
20260920047,경상남도 창원시 마산회원구 합성옛길 137-1(2층 합성동)
20260926045,경상남도 진주시 진주대로 1071(1층 대안동)
20260926138,"경상남도 진주시 개양로 100(스카이 시티프라디움 상가동 104동 104호 가좌동, 스카이 시티프라디움)"
20260935137,경상남도 김해시 관동로12번길 19-12(1층 일부호 관동동)
20260935138,경상남도 김해시 관동로12번길 19-12(1층 일부호 관동동)
20260935202,"경상남도 김해시 장유로 500(301동 D211호 신문동, 더스카이시티 제니스앤프라우)"
20260935232,경상남도 김해시 진영읍 본산로 27-7(1층 일부)
20260942113,경상남도 거제시 중곡로 40(덕산베스트타운 20동 121호 고현동)
20260971092,제주특별자치도 제주시 조천읍 함덕16길 4(에덴빌딩 1층)
